ListID,Presented Word,Present Position,Recalled Word,Recall Position,Reaction Time,Hit,Participant ID,Participant Group
0,MASA,1,masa,1.0,4.486726999981329,1,9,soc
0,CAM,2,cam,3.0,1.8186922000022605,1,9,soc
0,SU,3,su,2.0,2.2662458999548107,1,9,soc
0,İYİLİK,4,iyilik,4.0,2.599360199994408,1,9,soc
0,TÜTÜN,5,tütün,5.0,2.284987400053069,1,9,soc
0,KELİME,6,,,,0,9,soc
1,KALEM,1,kalem,3.0,2.1465763999149203,1,9,soc
1,ÖLÇEK,2,ölçek,5.0,27.77229850005824,2,9,soc
1,ÇANTA,3,,,,0,9,soc
1,AĞAÇ,4,ağaç,4.0,13.227289899950849,1,9,soc
1,PARK,5,,,,0,9,soc
1,SARI,6,sarı,6.0,21.95050959999208,2,9,soc
1,ŞİŞE,7,,,,0,9,soc
1,BEYİN,8,,,,0,9,soc
1,BARDAK,9,,,,0,9,soc
1,MASA,10,masa,1.0,4.486726999981329,2,9,soc
1,YAZI,11,yazı,5.0,28.015475200023506,1,9,soc
1,KAĞIT,12,,,,0,9,soc
1,BİNA,13,,,,0,9,soc
1,KOLAY,14,,,,0,9,soc
1,RAKAM,15,,,,0,9,soc
1,KÖPEK,16,köpek,4.0,44.1066628000699,2,9,soc
1,EKRAN,17,,,,0,9,soc
1,KALE,18,,,,0,9,soc
2,TABAK,1,,,,0,9,soc
2,TERLİK,2,,,,0,9,soc
2,ŞİŞE,3,,,,0,9,soc
2,KEDİ,4,kedi,2.0,2.052089400007389,1,9,soc
2,CÜZDAN,5,,,,0,9,soc
2,KAPI,6,,,,0,9,soc
2,GRUP,7,,,,0,9,soc
2,BÜYÜK,8,büyük,6.0,7.905280299950391,2,9,soc
2,DEFTER,9,defter,3.0,3.837076000054367,1,9,soc
2,SPOR,10,,,,0,9,soc
2,TOPLU,11,,,,0,9,soc
2,ELMA,12,,,,0,9,soc
2,KAŞIK,13,,,,0,9,soc
2,SEHPA,14,sehpa,7.0,19.138365700026043,1,9,soc
2,KISA,15,kısa,4.0,9.60623110004235,1,9,soc
2,İLAÇ,16,ilaç,1.0,3.1822641000617296,1,9,soc
2,KOLTUK,17,,,,0,9,soc
3,PARKUR,1,,,,0,9,soc
3,TOPRAK,2,,,,0,9,soc
3,KALAS,3,,,,0,9,soc
3,DOLAP,4,dolap,7.0,20.981921200058423,1,9,soc
3,KİTAP,5,kitap,5.0,2.082741499994881,1,9,soc
3,ODA,6,,,,0,9,soc
3,HALI,7,halı,2.0,34.86415739997756,2,9,soc
3,KÜÇÜK,8,,,,0,9,soc
3,DUVAR,9,,,,0,9,soc
3,SALÇA,10,,,,0,9,soc
3,CAM,11,cam,3.0,1.8186922000022605,2,9,soc
3,ÇİÇEK,12,çiçek,3.0,2.141333399922587,1,9,soc
3,YATAK,13,,,,0,9,soc
3,LAMBA,14,lamba,4.0,1.5768296000314876,1,9,soc
3,DÜĞME,15,düğme,2.0,3.4596127999247983,1,9,soc
3,KOKU,16,,,,0,9,soc
3,FIRIN,17,fırın,1.0,3.1609508999390528,1,9,soc
4,TAHTA,1,tahta,3.0,5.016130500007421,1,9,soc
4,MARKET,2,,,,0,9,soc
4,MEKTUP,3,,,,0,9,soc
4,KASA,4,,,,0,9,soc
4,HARİTA,5,,,,0,9,soc
4,DERGİ,6,,,,0,9,soc
4,PARA,7,,,,0,9,soc
4,ZEMİN,8,,,,0,9,soc
4,HALKA,9,,,,0,9,soc
4,TERAS,10,,,,0,9,soc
4,SIRA,11,,,,0,9,soc
4,FIRIN,12,fırın,1.0,3.1609508999390528,2,9,soc
4,KUTU,13,,,,0,9,soc
4,BAHÇE,14,,,,0,9,soc
4,SİLGİ,15,,,,0,9,soc
4,KALIP,16,,,,0,9,soc
4,ÇORAP,17,çorap,1.0,4.024443800095469,1,9,soc
0,MASA,1,masa,1.0,2.4669733999762684,1,9,eng
0,CAM,2,cam,2.0,1.415649100090377,1,9,eng
0,SU,3,su,3.0,1.3799089000094682,1,9,eng
0,İYİLİK,4,iyilik,5.0,1.2361754999728871,1,9,eng
0,TÜTÜN,5,tütün,4.0,1.1164973999839276,1,9,eng
0,KELİME,6,,,,0,9,eng
1,RAKAM,1,rakam,3.0,1.8270760999294,1,9,eng
1,KOLAY,2,,,,0,9,eng
1,KALEM,3,,,,0,9,eng
1,SARI,4,sarı,1.0,2.902217800030485,1,9,eng
1,KABLO,5,kablo,2.0,1.6239621000131592,1,9,eng
1,BEYİN,6,,,,0,9,eng
1,EKRAN,7,,,,0,9,eng
1,PARK,8,,,,0,9,eng
1,BİNA,9,,,,0,9,eng
1,KAĞIT,10,,,,0,9,eng
1,KALE,11,,,,0,9,eng
1,ÖLÇEK,12,,,,0,9,eng
1,KÖPEK,13,,,,0,9,eng
1,AĞAÇ,14,,,,0,9,eng
1,ŞİŞE,15,,,,0,9,eng
1,ÇANTA,16,,,,0,9,eng
1,YAZI,17,,,,0,9,eng
1,BARDAK,18,,,,0,9,eng
2,SPOR,1,,,,0,9,eng
2,GRUP,2,,,,0,9,eng
2,DEFTER,3,,,,0,9,eng
2,TERLİK,4,,,,0,9,eng
2,CÜZDAN,5,,,,0,9,eng
2,ELMA,6,,,,0,9,eng
2,SEHPA,7,,,,0,9,eng
2,KISA,8,,,,0,9,eng
2,KAPI,9,,,,0,9,eng
2,TOPLU,10,,,,0,9,eng
2,TAŞLIK,11,,,,0,9,eng
2,TABAK,12,,,,0,9,eng
2,KEDİ,13,,,,0,9,eng
2,KOLTUK,14,,,,0,9,eng
2,BÜYÜK,15,,,,0,9,eng
2,İLAÇ,16,,,,0,9,eng
2,KAŞIK,17,kaşık,1.0,1.6518956000218168,1,9,eng
3,KÜÇÜK,1,küçük,1.0,2.9873879000078887,1,9,eng
3,DOLAP,2,dolap,2.0,1.193961000069976,1,9,eng
3,DÜĞME,3,düğme,5.0,5.653775200014934,1,9,eng
3,PARKUR,4,parkur,4.0,3.751992700039409,1,9,eng
3,YATAK,5,,,,0,9,eng
3,KİTAP,6,,,,0,9,eng
3,TOPRAK,7,,,,0,9,eng
3,SALÇA,8,,,,0,9,eng
3,DUVAR,9,,,,0,9,eng
3,LAMBA,10,,,,0,9,eng
3,HALI,11,halı,3.0,1.6170208000112325,1,9,eng
3,FIRIN,12,,,,0,9,eng
3,KOKU,13,,,,0,9,eng
3,KALAS,14,,,,0,9,eng
3,KOLA,15,,,,0,9,eng
3,ODA,16,,,,0,9,eng
3,ÇİÇEK,17,,,,0,9,eng
4,KALIP,1,,,,0,9,eng
4,MARKET,2,,,,0,9,eng
4,TERAS,3,,,,0,9,eng
4,TAHTA,4,tahta,5.0,9.614648399990983,1,9,eng
4,KASA,5,,,,0,9,eng
4,ÇORAP,6,,,,0,9,eng
4,BAHÇE,7,,,,0,9,eng
4,KUTU,8,,,,0,9,eng
4,MEKTUP,9,,,,0,9,eng
4,SULUK,10,,,,0,9,eng
4,SIRA,11,sıra,2.0,2.901619000011124,1,9,eng
4,ZEMİN,12,,,,0,9,eng
4,HARİTA,13,harita,4.0,1.6181763999629766,1,9,eng
4,SİLGİ,14,silgi,3.0,1.7867582000326363,1,9,eng
4,DERGİ,15,,,,0,9,eng
4,HALKA,16,,,,0,9,eng
4,PARA,17,,,,0,9,eng
0,MASA,1,masa,3.0,1.04826489998959,1,8,soc
0,CAM,2,,,,0,8,soc
0,SU,3,su,5.0,1.778125099954195,2,8,soc
0,İYİLİK,4,,,,0,8,soc
0,TÜTÜN,5,tütün,2.0,2.403249899973161,1,8,soc
0,KELİME,6,kelime,1.0,4.949003999936394,1,8,soc
1,EKRAN,1,,,,0,8,soc
1,BİNA,2,,,,0,8,soc
1,SARI,3,,,,0,8,soc
1,KAĞIT,4,,,,0,8,soc
1,ÇANTA,5,,,,0,8,soc
1,KALE,6,,,,0,8,soc
1,KÖPEK,7,,,,0,8,soc
1,ÖLÇEK,8,,,,0,8,soc
1,RAKAM,9,,,,0,8,soc
1,ŞİŞE,10,,,,0,8,soc
1,KOLAY,11,,,,0,8,soc
1,YAZI,12,,,,0,8,soc
1,BEYİN,13,,,,0,8,soc
1,PARK,14,park,3.0,1.5962543999776244,1,8,soc
1,AĞAÇ,15,ağaç,4.0,3.5289933000458404,1,8,soc
1,BARDAK,16,,,,0,8,soc
1,KALEM,17,kalem,2.0,1.6029590000398457,1,8,soc
1,MASA,18,masa,3.0,1.04826489998959,2,8,soc
2,CÜZDAN,1,,,,0,8,soc
2,TOPLU,2,,,,0,8,soc
2,KOLTUK,3,,,,0,8,soc
2,ŞİŞE,4,,,,0,8,soc
2,DEFTER,5,,,,0,8,soc
2,TABAK,6,,,,0,8,soc
2,ELMA,7,,,,0,8,soc
2,TERLİK,8,,,,0,8,soc
2,SEHPA,9,,,,0,8,soc
2,GRUP,10,,,,0,8,soc
2,İLAÇ,11,,,,0,8,soc
2,KAPI,12,,,,0,8,soc
2,KAŞIK,13,,,,0,8,soc
2,SPOR,14,,,,0,8,soc
2,KISA,15,,,,0,8,soc
2,KEDİ,16,,,,0,8,soc
2,BÜYÜK,17,büyük,1.0,3.893755899975076,1,8,soc
3,KALAS,1,kalas,1.0,2.362677299999632,1,8,soc
3,FIRIN,2,fırın,3.0,0.930034099961631,1,8,soc
3,CAM,3,,,,0,8,soc
3,DUVAR,4,,,,0,8,soc
3,KÜÇÜK,5,,,,0,8,soc
3,PARKUR,6,,,,0,8,soc
3,TOPRAK,7,,,,0,8,soc
3,LAMBA,8,,,,0,8,soc
3,YATAK,9,,,,0,8,soc
3,SALÇA,10,,,,0,8,soc
3,HALI,11,,,,0,8,soc
3,KOKU,12,,,,0,8,soc
3,ÇİÇEK,13,,,,0,8,soc
3,ODA,14,,,,0,8,soc
3,DÜĞME,15,düğme,4.0,3.5806406000629067,1,8,soc
3,DOLAP,16,,,,0,8,soc
3,KİTAP,17,kitap,2.0,1.3664210999850184,1,8,soc
4,TAHTA,1,tahta,3.0,2.1763792000710964,1,8,soc
4,ÇORAP,2,çorap,4.0,4.7876474999357015,1,8,soc
4,PARA,3,,,,0,8,soc
4,HALKA,4,,,,0,8,soc
4,SİLGİ,5,,,,0,8,soc
4,ZEMİN,6,,,,0,8,soc
4,SIRA,7,,,,0,8,soc
4,KASA,8,,,,0,8,soc
4,TERAS,9,,,,0,8,soc
4,MARKET,10,,,,0,8,soc
4,HARİTA,11,,,,0,8,soc
4,MEKTUP,12,,,,0,8,soc
4,KUTU,13,,,,0,8,soc
4,BAHÇE,14,,,,0,8,soc
4,KALIP,15,,,,0,8,soc
4,FIRIN,16,fırın,3.0,0.930034099961631,2,8,soc
4,DERGİ,17,dergi,1.0,2.519937500008382,1,8,soc
0,MASA,1,MASA,1.0,0.9031899999972666,1,8,eng
0,CAM,2,CAM,2.0,0.7216746999911265,1,8,eng
0,SU,3,SU,3.0,0.9158244999998716,1,8,eng
0,İYİLİK,4,İYİLİK,4.0,1.078238699992653,1,8,eng
0,TÜTÜN,5,TÜTÜN,5.0,2.2899425999930827,1,8,eng
0,KELİME,6,KELİME,6.0,0.8377310000068974,1,8,eng
1,KAĞIT,1,KAĞIT,3.0,0.8812174999911804,1,8,eng
1,BİNA,2,,,,0,8,eng
1,AĞAÇ,3,AĞAÇ,7.0,1.9816138000023784,1,8,eng
1,PARK,4,PARK,6.0,2.481664200007799,1,8,eng
1,KALEM,5,KALEM,4.0,0.8774941000010585,1,8,eng
1,SARI,6,,,,0,8,eng
1,EKRAN,7,,,,0,8,eng
1,ŞİŞE,8,,,,0,8,eng
1,KÖPEK,9,,,,0,8,eng
1,ÖLÇEK,10,,,,0,8,eng
1,BARDAK,11,,,,0,8,eng
1,RAKAM,12,,,,0,8,eng
1,YAZI,13,YAZI,5.0,0.7776688000012655,1,8,eng
1,KOLAY,14,,,,0,8,eng
1,ÇANTA,15,,,,0,8,eng
1,KABLO,16,,,,0,8,eng
1,BEYİN,17,BEYİN,2.0,0.9696326999983284,1,8,eng
1,KALE,18,KALE,1.0,1.5111268000036944,1,8,eng
2,SPOR,1,,,,0,8,eng
2,KISA,2,,,,0,8,eng
2,BÜYÜK,3,BÜYÜK,7.0,5.3621784999995725,1,8,eng
2,KAPI,4,KAPI,8.0,1.1470211999985622,1,8,eng
2,KEDİ,5,KEDİ,6.0,3.478678599989508,1,8,eng
2,KAŞIK,6,,,,0,8,eng
2,İLAÇ,7,,,,0,8,eng
2,CÜZDAN,8,,,,0,8,eng
2,TAŞLIK,9,,,,0,8,eng
2,TOPLU,10,TOPLU,2.0,1.2442180000070948,1,8,eng
2,ELMA,11,,,,0,8,eng
2,SEHPA,12,SEHPA,4.0,1.0735416999959853,1,8,eng
2,KOLTUK,13,,,,0,8,eng
2,TABAK,14,TABAK,3.0,0.9773534999985714,1,8,eng
2,TERLİK,15,TERLİK,5.0,1.1576969000016106,1,8,eng
2,GRUP,16,,,,0,8,eng
2,DEFTER,17,DEFTER,1.0,1.2478449000045655,1,8,eng
3,TOPRAK,1,,,,0,8,eng
3,DOLAP,2,,,,0,8,eng
3,DUVAR,3,DUVAR,7.0,1.3669955000077607,1,8,eng
3,KİTAP,4,,,,0,8,eng
3,ODA,5,ODA,6.0,0.7173989000002621,1,8,eng
3,KÜÇÜK,6,KÜÇÜK,5.0,2.130389899990405,1,8,eng
3,LAMBA,7,LAMBA,8.0,1.5354329000110738,1,8,eng
3,FIRIN,8,,,,0,8,eng
3,HALI,9,HALI,9.0,1.4074457999959122,1,8,eng
3,YATAK,10,,,,0,8,eng
3,PARKUR,11,,,,0,8,eng
3,SALÇA,12,,,,0,8,eng
3,KOKU,13,KOKU,2.0,1.4440979000064544,1,8,eng
3,DÜĞME,14,DÜĞME,3.0,2.168545200009248,1,8,eng
3,KALAS,15,KALAS,4.0,1.1287213999894448,1,8,eng
3,ÇİÇEK,16,,,,0,8,eng
3,KOLA,17,KOLA,1.0,1.4130981000052998,1,8,eng
4,SİLGİ,1,,,,0,8,eng
4,KUTU,2,,,,0,8,eng
4,HARİTA,3,,,,0,8,eng
4,SULUK,4,,,,0,8,eng
4,TERAS,5,,,,0,8,eng
4,KALIP,6,,,,0,8,eng
4,MEKTUP,7,,,,0,8,eng
4,TAHTA,8,,,,0,8,eng
4,BAHÇE,9,,,,0,8,eng
4,DERGİ,10,,,,0,8,eng
4,SIRA,11,,,,0,8,eng
4,KASA,12,,,,0,8,eng
4,ZEMİN,13,,,,0,8,eng
4,PARA,14,PARA,3.0,1.1764227000094252,1,8,eng
4,MARKET,15,MARKET,4.0,5.792100600010599,1,8,eng
4,ÇORAP,16,ÇORAP,2.0,1.5101191999856385,1,8,eng
4,HALKA,17,HALKA,1.0,1.2740516000048956,1,8,eng
0,MASA,1,masa,2.0,2.008739299955778,1,7,soc
0,CAM,2,cam,4.0,1.5279838999267668,1,7,soc
0,SU,3,su,3.0,1.506001599947922,1,7,soc
0,İYİLİK,4,iyilik,6.0,4.038217700086534,1,7,soc
0,TÜTÜN,5,tütün,5.0,2.580814099987037,1,7,soc
0,KELİME,6,kelime,1.0,10.69395570002962,1,7,soc
1,KOLAY,1,kolay,14.0,2.2092722000088543,1,7,soc
1,YAZI,2,yazı,13.0,3.038353699957952,1,7,soc
1,KAĞIT,3,kağıt,4.0,4.850830700015649,1,7,soc
1,BARDAK,4,,,,0,7,soc
1,MASA,5,masa,2.0,2.008739299955778,2,7,soc
1,ÇANTA,6,,,,0,7,soc
1,BEYİN,7,,,,0,7,soc
1,KALE,8,kale,6.0,1.7445850999793038,1,7,soc
1,ÖLÇEK,9,ölçek,5.0,2.4289441999280825,1,7,soc
1,SARI,10,sarı,7.0,2.792520000017248,1,7,soc
1,PARK,11,park,10.0,1.899407499935478,1,7,soc
1,KALEM,12,kalem,3.0,2.0978174000047147,1,7,soc
1,KÖPEK,13,köpek,9.0,1.76192760001868,1,7,soc
1,RAKAM,14,,,,0,7,soc
1,AĞAÇ,15,ağaç,11.0,1.3561896999599412,1,7,soc
1,EKRAN,16,ekran,8.0,2.0366828999249265,1,7,soc
1,ŞİŞE,17,şişe,2.0,2.943279800005257,1,7,soc
1,BİNA,18,bina,1.0,4.075731400051154,1,7,soc
2,SPOR,1,,,,0,7,soc
2,ELMA,2,elma,3.0,1.6995680999243632,1,7,soc
2,ŞİŞE,3,şişe,2.0,2.943279800005257,2,7,soc
2,KISA,4,,,,0,7,soc
2,TOPLU,5,,,,0,7,soc
2,GRUP,6,,,,0,7,soc
2,İLAÇ,7,,,,0,7,soc
2,KAPI,8,,,,0,7,soc
2,BÜYÜK,9,,,,0,7,soc
2,KOLTUK,10,,,,0,7,soc
2,TABAK,11,,,,0,7,soc
2,SEHPA,12,,,,0,7,soc
2,TERLİK,13,,,,0,7,soc
2,DEFTER,14,,,,0,7,soc
2,KAŞIK,15,,,,0,7,soc
2,CÜZDAN,16,,,,0,7,soc
2,KEDİ,17,,,,0,7,soc
3,DOLAP,1,,,,0,7,soc
3,PARKUR,2,,,,0,7,soc
3,DUVAR,3,,,,0,7,soc
3,SALÇA,4,,,,0,7,soc
3,FIRIN,5,,,,0,7,soc
3,LAMBA,6,,,,0,7,soc
3,HALI,7,,,,0,7,soc
3,KİTAP,8,,,,0,7,soc
3,CAM,9,cam,4.0,1.5279838999267668,2,7,soc
3,TOPRAK,10,toprak,3.0,4.817747100023553,1,7,soc
3,YATAK,11,,,,0,7,soc
3,KÜÇÜK,12,küçük,5.0,1.974981200066395,1,7,soc
3,ODA,13,oda,4.0,1.1337564999703318,1,7,soc
3,KOKU,14,,,,0,7,soc
3,KALAS,15,kalas,2.0,1.6832236999180168,1,7,soc
3,DÜĞME,16,,,,0,7,soc
3,ÇİÇEK,17,çiçek,1.0,2.782243800000288,1,7,soc
4,KASA,1,kasa,2.0,0.943361600046046,1,7,soc
4,MARKET,2,market,4.0,2.027316199964844,1,7,soc
4,BAHÇE,3,,,,0,7,soc
4,ZEMİN,4,,,,0,7,soc
4,DERGİ,5,dergi,5.0,4.535245400038548,1,7,soc
4,MEKTUP,6,mektup,6.0,3.067706400062889,1,7,soc
4,ÇORAP,7,çorap,7.0,3.0855773999355733,1,7,soc
4,HALKA,8,,,,0,7,soc
4,SİLGİ,9,,,,0,7,soc
4,KUTU,10,,,,0,7,soc
4,FIRIN,11,,,,0,7,soc
4,TAHTA,12,,,,0,7,soc
4,HARİTA,13,,,,0,7,soc
4,TERAS,14,teras,3.0,1.7651987000135705,1,7,soc
4,KALIP,15,,,,0,7,soc
4,PARA,16,para,1.0,2.1186503999633715,1,7,soc
4,SIRA,17,sıra,9.0,1.497533299960196,1,7,soc
0,MASA,1,MASA,3.0,1.3892667000181973,1,7,eng
0,CAM,2,CAM,4.0,1.3420255000237375,1,7,eng
0,SU,3,SU,5.0,0.9466416999930516,1,7,eng
0,İYİLİK,4,İYİLİK,6.0,2.210191300022416,1,7,eng
0,TÜTÜN,5,TÜTÜN,2.0,1.6370760999852791,1,7,eng
0,KELİME,6,KELİME,1.0,6.422440599999391,1,7,eng
1,ÇANTA,1,,,,0,7,eng
1,YAZI,2,,,,0,7,eng
1,EKRAN,3,,,,0,7,eng
1,KÖPEK,4,,,,0,7,eng
1,PARK,5,,,,0,7,eng
1,BİNA,6,,,,0,7,eng
1,KAĞIT,7,,,,0,7,eng
1,BARDAK,8,,,,0,7,eng
1,KOLAY,9,,,,0,7,eng
1,AĞAÇ,10,AĞAÇ,5.0,4.219527899986133,1,7,eng
1,KALEM,11,KALEM,2.0,1.5147557999007404,1,7,eng
1,ÖLÇEK,12,,,,0,7,eng
1,BEYİN,13,BEYİN,4.0,2.6765482000773773,1,7,eng
1,ŞİŞE,14,,,,0,7,eng
1,RAKAM,15,,,,0,7,eng
1,KABLO,16,KABLO,3.0,2.24021509999875,1,7,eng
1,KALE,17,,,,0,7,eng
1,SARI,18,SARI,1.0,2.5823055000510067,1,7,eng
2,KAPI,1,KAPI,7.0,4.934172899927944,1,7,eng
2,CÜZDAN,2,,,,0,7,eng
2,İLAÇ,3,,,,0,7,eng
2,DEFTER,4,,,,0,7,eng
2,GRUP,5,,,,0,7,eng
2,KEDİ,6,KEDİ,2.0,1.08156120008789,1,7,eng
2,TOPLU,7,,,,0,7,eng
2,TABAK,8,,,,0,7,eng
2,KISA,9,,,,0,7,eng
2,ELMA,10,,,,0,7,eng
2,SEHPA,11,,,,0,7,eng
2,SPOR,12,,,,0,7,eng
2,BÜYÜK,13,BÜYÜK,6.0,6.424921900033951,1,7,eng
2,KAŞIK,14,KAŞIK,5.0,1.7939202000852674,1,7,eng
2,TAŞLIK,15,,,,0,7,eng
2,KOLTUK,16,KOLTUK,1.0,2.763006899971515,1,7,eng
2,TERLİK,17,TERLİK,4.0,1.795952699962072,1,7,eng
3,DÜĞME,1,,,,0,7,eng
3,SALÇA,2,,,,0,7,eng
3,HALI,3,,,,0,7,eng
3,ÇİÇEK,4,ÇİÇEK,4.0,2.546786700026132,1,7,eng
3,KOLA,5,KOLA,7.0,0.9445711999433116,1,7,eng
3,KOKU,6,KOKU,3.0,2.367974300053902,1,7,eng
3,KÜÇÜK,7,KÜÇÜK,8.0,2.422732300008647,1,7,eng
3,KİTAP,8,KİTAP,9.0,1.4919250999810174,1,7,eng
3,DUVAR,9,DUVAR,6.0,1.135600500041619,1,7,eng
3,KALAS,10,,,,0,7,eng
3,TOPRAK,11,,,,0,7,eng
3,LAMBA,12,,,,0,7,eng
3,DOLAP,13,,,,0,7,eng
3,PARKUR,14,,,,0,7,eng
3,FIRIN,15,,,,0,7,eng
3,YATAK,16,YATAK,1.0,2.576902100001462,1,7,eng
3,ODA,17,ODA,2.0,0.9607021999545396,1,7,eng
4,HALKA,1,,,,0,7,eng
4,SULUK,2,,,,0,7,eng
4,TAHTA,3,,,,0,7,eng
4,KALIP,4,,,,0,7,eng
4,MEKTUP,5,,,,0,7,eng
4,ZEMİN,6,,,,0,7,eng
4,ÇORAP,7,ÇORAP,2.0,1.439730399986729,1,7,eng
4,SİLGİ,8,,,,0,7,eng
4,HARİTA,9,,,,0,7,eng
4,PARA,10,,,,0,7,eng
4,KASA,11,,,,0,7,eng
4,DERGİ,12,,,,0,7,eng
4,MARKET,13,,,,0,7,eng
4,TERAS,14,,,,0,7,eng
4,SIRA,15,SIRA,4.0,5.009702499955893,1,7,eng
4,KUTU,16,,,,0,7,eng
4,BAHÇE,17,BAHÇE,1.0,2.373180099995807,1,7,eng
0,MASA,1,masa,1.0,2.876774800000021,1,6,soc
0,CAM,2,,,,0,6,soc
0,SU,3,su,2.0,2.4829608999998527,1,6,soc
0,İYİLİK,4,iyilik,3.0,4.6401967000001605,1,6,soc
0,TÜTÜN,5,tütün,4.0,2.8340260999998463,1,6,soc
0,KELİME,6,,,,0,6,soc
1,KALEM,1,kalem,1.0,5.887630700000045,1,6,soc
1,EKRAN,2,,,,0,6,soc
1,YAZI,3,yazı,2.0,4.912443499999881,1,6,soc
1,ŞİŞE,4,,,,0,6,soc
1,SARI,5,,,,0,6,soc
1,KABLO,6,,,,0,6,soc
1,KÖPEK,7,köpek,3.0,13.108466000000137,1,6,soc
1,BARDAK,8,,,,0,6,soc
1,PARK,9,,,,0,6,soc
1,ÖLÇEK,10,,,,0,6,soc
1,BİNA,11,bina,4.0,3.9818445000000793,1,6,soc
1,KOLAY,12,,,,0,6,soc
1,BEYİN,13,beyin,5.0,4.106865399999606,1,6,soc
1,KALE,14,kale,6.0,2.527183900000182,1,6,soc
1,ÇANTA,15,çanta,7.0,2.5357374000000164,1,6,soc
1,RAKAM,16,,,,0,6,soc
1,AĞAÇ,17,,,,0,6,soc
1,KAĞIT,18,,,,0,6,soc
2,BÜYÜK,1,büyük,1.0,5.0538259999998445,1,6,soc
2,KAPI,2,kapı,2.0,1.988818600000286,1,6,soc
2,TAŞLIK,3,taşlık,3.0,3.73125170000003,1,6,soc
2,KAŞIK,4,kaşık,4.0,3.254295600000205,1,6,soc
2,SEHPA,5,sehpa,5.0,2.6489896999996745,1,6,soc
2,SPOR,6,spor,6.0,1.5052158999997118,1,6,soc
2,KEDİ,7,kedi,7.0,4.228777399999672,1,6,soc
2,TOPLU,8,,,,0,6,soc
2,İLAÇ,9,,,,0,6,soc
2,CÜZDAN,10,,,,0,6,soc
2,GRUP,11,,,,0,6,soc
2,KOLTUK,12,,,,0,6,soc
2,KISA,13,,,,0,6,soc
2,TERLİK,14,,,,0,6,soc
2,ELMA,15,,,,0,6,soc
2,DEFTER,16,,,,0,6,soc
2,TABAK,17,,,,0,6,soc
3,DÜĞME,1,,,,0,6,soc
3,HALI,2,,,,0,6,soc
3,ODA,3,,,,0,6,soc
3,KALAS,4,,,,0,6,soc
3,TOPRAK,5,,,,0,6,soc
3,LAMBA,6,,,,0,6,soc
3,ÇİÇEK,7,,,,0,6,soc
3,KOLA,8,,,,0,6,soc
3,DOLAP,9,,,,0,6,soc
3,DUVAR,10,,,,0,6,soc
3,KOKU,11,koku,3.0,1.8357669000001808,1,6,soc
3,YATAK,12,yatak,2.0,3.8065565000001698,1,6,soc
3,KİTAP,13,kitap,4.0,2.218934699999864,1,6,soc
3,SALÇA,14,salça,5.0,11.189847999999984,1,6,soc
3,KÜÇÜK,15,küçük,1.0,8.429612099999758,1,6,soc
3,PARKUR,16,,,,0,6,soc
3,FIRIN,17,,,,0,6,soc
4,TAHTA,1,tahta,1.0,6.054767099999936,1,6,soc
4,KALIP,2,,,,0,6,soc
4,HALKA,3,,,,0,6,soc
4,KASA,4,,,,0,6,soc
4,SULUK,5,,,,0,6,soc
4,SİLGİ,6,,,,0,6,soc
4,ÇORAP,7,,,,0,6,soc
4,DERGİ,8,,,,0,6,soc
4,PARA,9,,,,0,6,soc
4,ZEMİN,10,zemin,4.0,11.70452720000003,1,6,soc
4,BAHÇE,11,,,,0,6,soc
4,HARİTA,12,,,,0,6,soc
4,TERAS,13,teras,5.0,1.772667299999739,1,6,soc
4,MEKTUP,14,mektup,6.0,2.1601339999997435,1,6,soc
4,KUTU,15,kutu,7.0,10.733324999999695,1,6,soc
4,SIRA,16,sıra,8.0,1.3751853999997363,1,6,soc
4,MARKET,17,market,9.0,1.7131324000001769,1,6,soc
0,MASA,1,MASA,1.0,0.8263238000072306,1,6,eng
0,CAM,2,CAM,2.0,1.1846790999989023,1,6,eng
0,SU,3,SU,3.0,0.6800522999983514,1,6,eng
0,İYİLİK,4,İYİLİK,4.0,1.4431307000049856,1,6,eng
0,TÜTÜN,5,TÜTÜN,5.0,3.121520899992902,1,6,eng
0,KELİME,6,KELİME,6.0,0.8990829999966081,1,6,eng
1,BARDAK,1,,,,0,6,eng
1,KOLAY,2,,,,0,6,eng
1,RAKAM,3,,,,0,6,eng
1,ÖLÇEK,4,,,,0,6,eng
1,KALEM,5,,,,0,6,eng
1,PARK,6,,,,0,6,eng
1,KAĞIT,7,,,,0,6,eng
1,KABLO,8,,,,0,6,eng
1,BİNA,9,BİNA,4.0,0.9004184000077657,1,6,eng
1,AĞAÇ,10,AĞAÇ,5.0,0.9754104000021472,1,6,eng
1,ÇANTA,11,ÇANTA,6.0,1.335243099994841,1,6,eng
1,EKRAN,12,,,,0,6,eng
1,YAZI,13,,,,0,6,eng
1,BEYİN,14,,,,0,6,eng
1,ŞİŞE,15,,,,0,6,eng
1,KÖPEK,16,KÖPEK,1.0,2.546038200001931,1,6,eng
1,SARI,17,SARI,2.0,0.7794086000067182,1,6,eng
1,KALE,18,KALE,3.0,0.7397693999955663,1,6,eng
2,TOPLU,1,,,,0,6,eng
2,İLAÇ,2,,,,0,6,eng
2,KEDİ,3,,,,0,6,eng
2,TAŞLIK,4,,,,0,6,eng
2,DEFTER,5,,,,0,6,eng
2,KAPI,6,,,,0,6,eng
2,TERLİK,7,,,,0,6,eng
2,CÜZDAN,8,,,,0,6,eng
2,ELMA,9,,,,0,6,eng
2,TABAK,10,,,,0,6,eng
2,KOLTUK,11,KOLTUK,1.0,1.479140199997346,1,6,eng
2,KAŞIK,12,KAŞIK,2.0,1.170296700001927,1,6,eng
2,GRUP,13,,,,0,6,eng
2,KISA,14,,,,0,6,eng
2,BÜYÜK,15,BÜYÜK,4.0,1.318775799998548,1,6,eng
2,SEHPA,16,SEHPA,3.0,2.6831301000056555,1,6,eng
2,SPOR,17,,,,0,6,eng
3,DÜĞME,1,,,,0,6,eng
3,YATAK,2,,,,0,6,eng
3,KİTAP,3,,,,0,6,eng
3,KÜÇÜK,4,,,,0,6,eng
3,SALÇA,5,,,,0,6,eng
3,KALAS,6,,,,0,6,eng
3,FIRIN,7,,,,0,6,eng
3,HALI,8,HALI,5.0,0.957967299997108,1,6,eng
3,KOKU,9,,,,0,6,eng
3,LAMBA,10,,,,0,6,eng
3,TOPRAK,11,TOPRAK,7.0,1.247042999995756,1,6,eng
3,ÇİÇEK,12,ÇİÇEK,6.0,1.750640199999907,1,6,eng
3,ODA,13,ODA,2.0,0.6709295000036946,1,6,eng
3,PARKUR,14,,,,0,6,eng
3,DOLAP,15,,,,0,6,eng
3,DUVAR,16,DUVAR,3.0,0.9388519000058296,1,6,eng
3,KOLA,17,KOLA,1.0,2.5324175999994623,1,6,eng
4,ÇORAP,1,,,,0,6,eng
4,TERAS,2,,,,0,6,eng
4,TAHTA,3,TAHTA,5.0,7.304765599998063,2,6,eng
4,DERGİ,4,,,,0,6,eng
4,PARA,5,,,,0,6,eng
4,MARKET,6,,,,0,6,eng
4,SULUK,7,,,,0,6,eng
4,BAHÇE,8,BAHÇE,3.0,1.1215849999862255,1,6,eng
4,KALIP,9,,,,0,6,eng
4,SİLGİ,10,,,,0,6,eng
4,SIRA,11,,,,0,6,eng
4,ZEMİN,12,,,,0,6,eng
4,KUTU,13,,,,0,6,eng
4,HALKA,14,,,,0,6,eng
4,HARİTA,15,,,,0,6,eng
4,KASA,16,KASA,1.0,1.18938860000344,1,6,eng
4,MEKTUP,17,MEKTUP,2.0,1.2519877999875462,1,6,eng
0,MASA,1,masa,1.0,7.1198459999995976,1,5,soc
0,CAM,2,cam,2.0,7.1198459999995976,1,5,soc
0,SU,3,su,3.0,7.1198459999995976,1,5,soc
0,İYİLİK,4,iyilik,4.0,7.1198459999995976,1,5,soc
0,TÜTÜN,5,,,,0,5,soc
0,KELİME,6,kelime,5.0,7.1198459999995976,1,5,soc
1,BİNA,1,,,,0,5,soc
1,BEYİN,2,beyin,5.0,2.222555199999988,1,5,soc
1,BARDAK,3,bardak,6.0,2.1656026999999085,1,5,soc
1,KÖPEK,4,köpek,3.0,1.179813899999317,1,5,soc
1,KALEM,5,,,,0,5,soc
1,ÇANTA,6,,,,0,5,soc
1,ÖLÇEK,7,,,,0,5,soc
1,YAZI,8,,,,0,5,soc
1,KABLO,9,,,,0,5,soc
1,SARI,10,,,,0,5,soc
1,ŞİŞE,11,şişe,7.0,1.5372416999998677,1,5,soc
1,RAKAM,12,,,,0,5,soc
1,PARK,13,,,,0,5,soc
1,KAĞIT,14,,,,0,5,soc
1,KOLAY,15,kolay,4.0,1.6139070999997784,1,5,soc
1,EKRAN,16,,,,0,5,soc
1,KALE,17,kale,2.0,1.4354808999996749,1,5,soc
1,AĞAÇ,18,ağaç,1.0,3.737978000000112,1,5,soc
2,İLAÇ,1,,,,0,5,soc
2,TERLİK,2,,,,0,5,soc
2,KAPI,3,kapı,6.0,6.115023600000313,2,5,soc
2,KOLTUK,4,koltuk,11.0,2.747925500000747,2,5,soc
2,TOPLU,5,,,,0,5,soc
2,DEFTER,6,,,,0,5,soc
2,KEDİ,7,,,,0,5,soc
2,SPOR,8,,,,0,5,soc
2,BÜYÜK,9,,,,0,5,soc
2,TAŞLIK,10,,,,0,5,soc
2,KISA,11,,,,0,5,soc
2,KAŞIK,12,,,,0,5,soc
2,SEHPA,13,sehpa,1.0,2.336385900000096,1,5,soc
2,ELMA,14,elma,2.0,1.4030417999993006,1,5,soc
2,GRUP,15,grup,5.0,31.134659499999543,1,5,soc
2,TABAK,16,,,,0,5,soc
2,CÜZDAN,17,,,,0,5,soc
3,LAMBA,1,lamba,2.0,1.8407824999994773,1,5,soc
3,KÜÇÜK,2,küçük,1.0,3.524742399999923,1,5,soc
3,PARKUR,3,parkur,3.0,1.857677099999819,1,5,soc
3,KOKU,4,koku,4.0,1.3693891000002625,1,5,soc
3,KALAS,5,,,,0,5,soc
3,KOLA,6,kola,10.0,6.331980899999508,2,5,soc
3,ÇİÇEK,7,,,,0,5,soc
3,ODA,8,,,,0,5,soc
3,KİTAP,9,,,,0,5,soc
3,YATAK,10,,,,0,5,soc
3,SALÇA,11,,,,0,5,soc
3,TOPRAK,12,,,,0,5,soc
3,DOLAP,13,dolap,8.0,20.30963350000001,1,5,soc
3,HALI,14,,,,0,5,soc
3,FIRIN,15,,,,0,5,soc
3,DUVAR,16,,,,0,5,soc
3,DÜĞME,17,düğme,5.0,9.445615999999973,1,5,soc
4,MARKET,1,market,1.0,1.731837700000142,1,5,soc
4,KUTU,2,kutu,3.0,1.3403074999996534,1,5,soc
4,TERAS,3,teras,4.0,1.191273999999794,1,5,soc
4,SİLGİ,4,silgi,5.0,2.3419506000000183,1,5,soc
4,KALIP,5,,,,0,5,soc
4,KASA,6,kasa,9.0,4.937026700000388,1,5,soc
4,ÇORAP,7,,,,0,5,soc
4,DERGİ,8,,,,0,5,soc
4,HALKA,9,,,,0,5,soc
4,PARA,10,para,2.0,1.6963901000008264,1,5,soc
4,BAHÇE,11,,,,0,5,soc
4,SIRA,12,,,,0,5,soc
4,MEKTUP,13,,,,0,5,soc
4,SULUK,14,,,,0,5,soc
4,ZEMİN,15,zemin,7.0,1.9839460000002875,1,5,soc
4,TAHTA,16,,,,0,5,soc
4,HARİTA,17,harita,6.0,1.865269200000512,1,5,soc
0,MASA,1,Masa,1.0,1.9287632999476043,1,5,eng
0,CAM,2,Cam,2.0,3.520744699984789,1,5,eng
0,SU,3,,,,0,5,eng
0,İYİLİK,4,İyilik,4.0,1.803736299974844,1,5,eng
0,TÜTÜN,5,Tütün,3.0,1.7277318999404088,1,5,eng
0,KELİME,6,Kelime,5.0,1.440033399965614,1,5,eng
1,KABLO,1,Kablo,2.0,1.373725299956277,1,5,eng
1,BARDAK,2,Bardak,6.0,4.063239900046028,1,5,eng
1,KALEM,3,Kalem,3.0,1.3097062999149784,1,5,eng
1,ÖLÇEK,4,,,,0,5,eng
1,SARI,5,Sarı,4.0,1.232903299969621,1,5,eng
1,YAZI,6,,,,0,5,eng
1,PARK,7,Park,5.0,1.221588299958967,1,5,eng
1,AĞAÇ,8,,,,0,5,eng
1,KALE,9,,,,0,5,eng
1,ŞİŞE,10,,,,0,5,eng
1,EKRAN,11,Ekran,7.0,1.4974207000341266,1,5,eng
1,RAKAM,12,,,,0,5,eng
1,ÇANTA,13,Çanta,8.0,3.890879499958828,1,5,eng
1,KOLAY,14,,,,0,5,eng
1,BEYİN,15,Beyin,11.0,1.3590520999860018,1,5,eng
1,KAĞIT,16,Kağıt,10.0,1.6777841000584883,1,5,eng
1,BİNA,17,Bina,9.0,4.05048150010407,1,5,eng
1,KÖPEK,18,Köpek,1.0,16.485391800059006,1,5,eng
2,SPOR,1,Spor,6.0,1.158437900012359,1,5,eng
2,DEFTER,2,Defter,7.0,1.622723300009966,1,5,eng
2,SEHPA,3,Sehpa,8.0,1.6659103999845684,1,5,eng
2,TABAK,4,,,,0,5,eng
2,KAPI,5,,,,0,5,eng
2,ELMA,6,,,,0,5,eng
2,KOLTUK,7,Koltuk,9.0,1.879047899972648,1,5,eng
2,TAŞLIK,8,Taşlık,3.0,1.3967551999958232,1,5,eng
2,KISA,9,,,,0,5,eng
2,KAŞIK,10,,,,0,5,eng
2,BÜYÜK,11,Büyük,5.0,1.2401727000251412,1,5,eng
2,TERLİK,12,,,,0,5,eng
2,GRUP,13,Grup,2.0,1.440655400045216,1,5,eng
2,İLAÇ,14,,,,0,5,eng
2,TOPLU,15,Toplu,1.0,1.913428399944678,1,5,eng
2,CÜZDAN,16,,,,0,5,eng
2,KEDİ,17,Kedi,4.0,1.1406340000685304,1,5,eng
3,TOPRAK,1,Toprak,6.0,1.1252277999883518,1,5,eng
3,KÜÇÜK,2,Küçük,5.0,1.6238072999985889,1,5,eng
3,DÜĞME,3,,,,0,5,eng
3,DUVAR,4,,,,0,5,eng
3,KOLA,5,,,,0,5,eng
3,YATAK,6,Yatak,7.0,1.325955200009048,1,5,eng
3,KİTAP,7,Kitap,8.0,2.06044919998385,1,5,eng
3,DOLAP,8,,,,0,5,eng
3,KOKU,9,,,,0,5,eng
3,ODA,10,,,,0,5,eng
3,SALÇA,11,Salça,4.0,1.1619569000322372,1,5,eng
3,HALI,12,,,,0,5,eng
3,KALAS,13,Kalas,1.0,2.1883709999965504,1,5,eng
3,LAMBA,14,Lamba,2.0,1.1238736999221146,1,5,eng
3,PARKUR,15,Parkur,3.0,1.4574864000314849,1,5,eng
3,FIRIN,16,,,,0,5,eng
3,ÇİÇEK,17,,,,0,5,eng
4,TAHTA,1,Tahta,12.0,1.2354705000761896,1,5,eng
4,DERGİ,2,Dergi,11.0,3.0699881999753416,1,5,eng
4,MEKTUP,3,,,,0,5,eng
4,TERAS,4,,,,0,5,eng
4,MARKET,5,,,,0,5,eng
4,BAHÇE,6,Bahçe,10.0,1.3165423000464216,1,5,eng
4,ÇORAP,7,Çorap,9.0,1.459906900068745,1,5,eng
4,SİLGİ,8,,,,0,5,eng
4,HALKA,9,Halka,7.0,1.1968390999827534,1,5,eng
4,KASA,10,Kasa,6.0,2.604109900072217,1,5,eng
4,SIRA,11,,,,0,5,eng
4,ZEMİN,12,Zemin,8.0,1.3936498999828473,1,5,eng
4,HARİTA,13,Harita,3.0,1.471934099914506,1,5,eng
4,KUTU,14,Kutu,4.0,1.3087990999920294,1,5,eng
4,SULUK,15,Suluk,5.0,1.891583500080742,1,5,eng
4,KALIP,16,Kalıp,2.0,2.776065399986692,1,5,eng
4,PARA,17,,,,0,5,eng
0,MASA,1,Masa,1.0,0.0,1,4,soc
0,CAM,2,cam,2.0,0.0,1,4,soc
0,SU,3,Su,3.0,0.0,1,4,soc
0,İYİLİK,4,İyilik,4.0,0.0,1,4,soc
0,TÜTÜN,5,Tütün,5.0,0.0,1,4,soc
0,KELİME,6,,,,0,4,soc
1,KABLO,1,Kablo,1.0,0.0,1,4,soc
1,KALE,2,Kale,2.0,0.0,1,4,soc
1,PARK,3,,,,0,4,soc
1,ŞİŞE,4,,,,0,4,soc
1,ÖLÇEK,5,,,,0,4,soc
1,KAĞIT,6,,,,0,4,soc
1,KÖPEK,7,Köpek,3.0,0.0,1,4,soc
1,KALEM,8,,,,0,4,soc
1,KOLAY,9,Kolay,5.0,0.0,1,4,soc
1,ÇANTA,10,,,,0,4,soc
1,AĞAÇ,11,,,,0,4,soc
1,EKRAN,12,Ekran,7.0,0.0,1,4,soc
1,BEYİN,13,,,,0,4,soc
1,YAZI,14,,,,0,4,soc
1,BİNA,15,Bina,4.0,0.0,1,4,soc
1,BARDAK,16,,,,0,4,soc
1,RAKAM,17,,,,0,4,soc
1,SARI,18,,,,0,4,soc
2,GRUP,1,,,,0,4,soc
2,TAŞLIK,2,,,,0,4,soc
2,BÜYÜK,3,,,,0,4,soc
2,SEHPA,4,,,,0,4,soc
2,KAŞIK,5,,,,0,4,soc
2,KAPI,6,,,,0,4,soc
2,KISA,7,,,,0,4,soc
2,KOLTUK,8,,,,0,4,soc
2,ELMA,9,,,,0,4,soc
2,CÜZDAN,10,,,,0,4,soc
2,KEDİ,11,,,,0,4,soc
2,İLAÇ,12,,,,0,4,soc
2,DEFTER,13,,,,0,4,soc
2,TERLİK,14,,,,0,4,soc
2,TOPLU,15,,,,0,4,soc
2,SPOR,16,,,,0,4,soc
2,TABAK,17,,,,0,4,soc
3,KOLA,1,KOLA,2.0,0.0,1,4,soc
3,YATAK,2,,,,0,4,soc
3,SALÇA,3,,,,0,4,soc
3,KALAS,4,,,,0,4,soc
3,ÇİÇEK,5,,,,0,4,soc
3,DÜĞME,6,,,,0,4,soc
3,ODA,7,,,,0,4,soc
3,PARKUR,8,,,,0,4,soc
3,TOPRAK,9,,,,0,4,soc
3,DUVAR,10,,,,0,4,soc
3,HALI,11,,,,0,4,soc
3,KÜÇÜK,12,,,,0,4,soc
3,DOLAP,13,,,,0,4,soc
3,LAMBA,14,,,,0,4,soc
3,KOKU,15,,,,0,4,soc
3,FIRIN,16,,,,0,4,soc
3,KİTAP,17,KİTAP,1.0,0.0,1,4,soc
4,ÇORAP,1,ÇORAP,3.0,0.0,1,4,soc
4,KALIP,2,KALIP,4.0,0.0,1,4,soc
4,SIRA,3,SIRA,2.0,0.0,1,4,soc
4,HARİTA,4,HARİTA,5.0,0.0,1,4,soc
4,MARKET,5,,,,0,4,soc
4,BAHÇE,6,,,,0,4,soc
4,HALKA,7,,,,0,4,soc
4,KUTU,8,,,,0,4,soc
4,TERAS,9,,,,0,4,soc
4,SİLGİ,10,,,,0,4,soc
4,MEKTUP,11,,,,0,4,soc
4,SULUK,12,,,,0,4,soc
4,PARA,13,,,,0,4,soc
4,KASA,14,KASA,1.0,0.0,1,4,soc
4,ZEMİN,15,,,,0,4,soc
4,DERGİ,16,,,,0,4,soc
4,TAHTA,17,,,,0,4,soc
0,MASA,1,MASA,1.0,1.218642899999395,1,4,eng
0,CAM,2,CAM,2.0,0.38963639999929,1,4,eng
0,SU,3,SU,3.0,1.3061361000000034,1,4,eng
0,İYİLİK,4,İYİLİK,4.0,1.0602539999999865,1,4,eng
0,TÜTÜN,5,TÜTÜN,5.0,0.7522274000002653,1,4,eng
0,KELİME,6,KELİME,6.0,1.6106918000004953,1,4,eng
1,KAĞIT,1,KAĞIT,1.0,1.7824307000009867,1,4,eng
1,ÇANTA,2,ÇANTA,2.0,1.2963176000012029,1,4,eng
1,KOLAY,3,KOLAY,3.0,0.7789650000013353,1,4,eng
1,AĞAÇ,4,AĞAÇ,4.0,1.3826398999990488,1,4,eng
1,YAZI,5,,,,0,4,eng
1,KÖPEK,6,KÖPEK,7.0,6.799678199997288,1,4,eng
1,KABLO,7,KABLO,5.0,1.3497975999998744,1,4,eng
1,EKRAN,8,EKRAN,6.0,1.0999616000008243,1,4,eng
1,ÖLÇEK,9,,,,0,4,eng
1,BİNA,10,,,,0,4,eng
1,RAKAM,11,,,,0,4,eng
1,KALEM,12,KALEM,5.0,3.865947800000868,2,4,eng
1,ŞİŞE,13,,,,0,4,eng
1,SARI,14,,,,0,4,eng
1,BEYİN,15,,,,0,4,eng
1,KALE,16,,,,0,4,eng
1,PARK,17,,,,0,4,eng
1,BARDAK,18,,,,0,4,eng
2,GRUP,1,GRUP,2.0,0.7893843000019842,1,4,eng
2,KOLTUK,2,KOLTUK,1.0,3.337520500001119,1,4,eng
2,TOPLU,3,TOPLU,3.0,0.8642408999985491,1,4,eng
2,DEFTER,4,,,,0,4,eng
2,TABAK,5,,,,0,4,eng
2,KAPI,6,,,,0,4,eng
2,TERLİK,7,TERLİK,4.0,1.9483221000009507,1,4,eng
2,SEHPA,8,,,,0,4,eng
2,KAŞIK,9,KAŞIK,5.0,0.9041552999988198,1,4,eng
2,KEDİ,10,,,,0,4,eng
2,BÜYÜK,11,,,,0,4,eng
2,SPOR,12,,,,0,4,eng
2,ELMA,13,,,,0,4,eng
2,İLAÇ,14,,,,0,4,eng
2,CÜZDAN,15,,,,0,4,eng
2,TAŞLIK,16,TAŞLIK,6.0,6.54265149999992,1,4,eng
2,KISA,17,,,,0,4,eng
3,ÇİÇEK,1,,,,0,4,eng
3,KİTAP,2,,,,0,4,eng
3,SALÇA,3,SALÇA,6.0,0.7674475999992865,2,4,eng
3,YATAK,4,,,,0,4,eng
3,TOPRAK,5,,,,0,4,eng
3,KOLA,6,,,,0,4,eng
3,LAMBA,7,,,,0,4,eng
3,FIRIN,8,,,,0,4,eng
3,KALAS,9,,,,0,4,eng
3,DOLAP,10,,,,0,4,eng
3,KÜÇÜK,11,KÜÇÜK,4.0,2.251708600000711,1,4,eng
3,DÜĞME,12,,,,0,4,eng
3,KOKU,13,,,,0,4,eng
3,DUVAR,14,,,,0,4,eng
3,HALI,15,HALI,3.0,0.7999755999990157,1,4,eng
3,PARKUR,16,PARKUR,2.0,1.0060220000013942,1,4,eng
3,ODA,17,ODA,1.0,2.101674500001536,1,4,eng
4,KASA,1,,,,0,4,eng
4,MEKTUP,2,MEKTUP,1.0,1.2683415999999852,1,4,eng
4,DERGİ,3,DERGİ,4.0,1.5544995999989624,1,4,eng
4,MARKET,4,,,,0,4,eng
4,SULUK,5,,,,0,4,eng
4,BAHÇE,6,,,,0,4,eng
4,SIRA,7,,,,0,4,eng
4,KALIP,8,,,,0,4,eng
4,TERAS,9,TERAS,2.0,1.7737481000003754,1,4,eng
4,ÇORAP,10,,,,0,4,eng
4,HARİTA,11,,,,0,4,eng
4,PARA,12,,,,0,4,eng
4,SİLGİ,13,,,,0,4,eng
4,KUTU,14,KUTU,3.0,1.0918428000004496,1,4,eng
4,TAHTA,15,,,,0,4,eng
4,ZEMİN,16,,,,0,4,eng
4,HALKA,17,,,,0,4,eng
0,MASA,1,masa,1.0,3.0448852999998053,1,3,soc
0,CAM,2,cam,2.0,1.4093148000010842,1,3,soc
0,SU,3,su,3.0,1.3718079999998736,1,3,soc
0,İYİLİK,4,iyilik,4.0,2.9631690999995044,1,3,soc
0,TÜTÜN,5,tütün,5.0,2.2651967000001605,1,3,soc
0,KELİME,6,,,,0,3,soc
1,KÖPEK,1,köpek,1.0,5.174968799999988,1,3,soc
1,PARK,2,park,3.0,1.4074075000007724,1,3,soc
1,BARDAK,3,bardak,2.0,6.0264952999987145,1,3,soc
1,RAKAM,4,,,,0,3,soc
1,ÇANTA,5,,,,0,3,soc
1,YAZI,6,,,,0,3,soc
1,KOLAY,7,kolay,4.0,1.7999214000010395,1,3,soc
1,SARI,8,,,,0,3,soc
1,KALEM,9,kalem,8.0,0.9789526000004116,2,3,soc
1,EKRAN,10,,,,0,3,soc
1,KALE,11,,,,0,3,soc
1,AĞAÇ,12,,,,0,3,soc
1,ÖLÇEK,13,,,,0,3,soc
1,KAĞIT,14,,,,0,3,soc
1,BİNA,15,,,,0,3,soc
1,KABLO,16,,,,0,3,soc
1,BEYİN,17,,,,0,3,soc
1,ŞİŞE,18,,,,0,3,soc
2,DEFTER,1,defter,1.0,4.728907900000195,1,3,soc
2,SPOR,2,spor,2.0,1.6315623999998934,1,3,soc
2,KISA,3,kısa,3.0,1.9193576999987272,1,3,soc
2,TOPLU,4,,,,0,3,soc
2,KAPI,5,,,,0,3,soc
2,BÜYÜK,6,,,,0,3,soc
2,GRUP,7,,,,0,3,soc
2,İLAÇ,8,,,,0,3,soc
2,KEDİ,9,,,,0,3,soc
2,ELMA,10,,,,0,3,soc
2,TERLİK,11,terlik,55.0,2.497824199999741,2,3,soc
2,CÜZDAN,12,cüzdan,12.0,9.470957999999882,2,3,soc
2,TABAK,13,,,,0,3,soc
2,SEHPA,14,sehpa,10.0,2.435562699998627,1,3,soc
2,TAŞLIK,15,taşlık,5.0,3.890533800000412,1,3,soc
2,KOLTUK,16,,,,0,3,soc
2,KAŞIK,17,,,,0,3,soc
3,DÜĞME,1,düğme,1.0,2.512306599999647,1,3,soc
3,DUVAR,2,duvar,2.0,1.4320632999988447,1,3,soc
3,ÇİÇEK,3,çiçek,4.0,2.041027500001292,1,3,soc
3,ODA,4,oda,3.0,1.4457286999986536,1,3,soc
3,DOLAP,5,,,,0,3,soc
3,KALAS,6,,,,0,3,soc
3,FIRIN,7,,,,0,3,soc
3,KİTAP,8,kitap,18.0,4.438164299999698,2,3,soc
3,KOKU,9,,,,0,3,soc
3,KOLA,10,kola,11.0,1.3146909999995842,1,3,soc
3,KÜÇÜK,11,,,,0,3,soc
3,SALÇA,12,,,,0,3,soc
3,HALI,13,halı,10.0,4.033671699999104,1,3,soc
3,TOPRAK,14,,,,0,3,soc
3,LAMBA,15,lamba,12.0,1.6699559000007866,2,3,soc
3,YATAK,16,yatak,6.0,1.776467800000319,1,3,soc
3,PARKUR,17,,,,0,3,soc
4,TERAS,1,teras,1.0,4.633391599998504,1,3,soc
4,HARİTA,2,harita,2.0,1.4792132000002312,1,3,soc
4,SULUK,3,,,,0,3,soc
4,SIRA,4,,,,0,3,soc
4,MEKTUP,5,,,,0,3,soc
4,BAHÇE,6,,,,0,3,soc
4,ÇORAP,7,,,,0,3,soc
4,ZEMİN,8,,,,0,3,soc
4,TAHTA,9,,,,0,3,soc
4,KASA,10,,,,0,3,soc
4,HALKA,11,,,,0,3,soc
4,PARA,12,para,13.0,6.424798899999587,2,3,soc
4,MARKET,13,,,,0,3,soc
4,DERGİ,14,,,,0,3,soc
4,KUTU,15,,,,0,3,soc
4,SİLGİ,16,,,,0,3,soc
4,KALIP,17,kalıp,63.0,3.2271501000013814,1,3,soc
0,MASA,1,MASA,1.0,0.9197807000018656,1,3,eng
0,CAM,2,CAM,2.0,0.8425405000016326,1,3,eng
0,SU,3,SU,3.0,0.5116018999979133,1,3,eng
0,İYİLİK,4,İYİLİK,4.0,1.2023085999971954,1,3,eng
0,TÜTÜN,5,TÜTÜN,5.0,1.4331857000070158,1,3,eng
0,KELİME,6,KELİME,6.0,0.9750801999907708,1,3,eng
1,AĞAÇ,1,AĞAÇ,6.0,3.508689200010849,1,3,eng
1,ÇANTA,2,,,,0,3,eng
1,YAZI,3,,,,0,3,eng
1,KALE,4,,,,0,3,eng
1,EKRAN,5,,,,0,3,eng
1,KAĞIT,6,,,,0,3,eng
1,KÖPEK,7,,,,0,3,eng
1,BİNA,8,,,,0,3,eng
1,RAKAM,9,,,,0,3,eng
1,PARK,10,,,,0,3,eng
1,SARI,11,SARI,8.0,4.386616200004937,2,3,eng
1,KALEM,12,,,,0,3,eng
1,ŞİŞE,13,,,,0,3,eng
1,ÖLÇEK,14,ÖLÇEK,2.0,1.0007985999982338,1,3,eng
1,KABLO,15,KABLO,3.0,0.9515738999907626,1,3,eng
1,BARDAK,16,BARDAK,4.0,1.184681399987312,1,3,eng
1,KOLAY,17,KOLAY,5.0,1.0395190000126604,1,3,eng
1,BEYİN,18,BEYİN,1.0,1.819444100008696,1,3,eng
2,KISA,1,,,,0,3,eng
2,TAŞLIK,2,,,,0,3,eng
2,KEDİ,3,,,,0,3,eng
2,SPOR,4,,,,0,3,eng
2,KAŞIK,5,,,,0,3,eng
2,GRUP,6,,,,0,3,eng
2,İLAÇ,7,,,,0,3,eng
2,SEHPA,8,,,,0,3,eng
2,BÜYÜK,9,,,,0,3,eng
2,ELMA,10,,,,0,3,eng
2,CÜZDAN,11,CÜZDAN,5.0,4.368115699995542,1,3,eng
2,TABAK,12,,,,0,3,eng
2,DEFTER,13,DEFTER,2.0,1.3233860000036657,1,3,eng
2,TOPLU,14,TOPLU,3.0,1.4694616999913706,1,3,eng
2,KOLTUK,15,KOLTUK,4.0,1.2095772000029683,1,3,eng
2,TERLİK,16,,,,0,3,eng
2,KAPI,17,KAPI,1.0,1.338520499994047,1,3,eng
3,YATAK,1,,,,0,3,eng
3,DÜĞME,2,,,,0,3,eng
3,ÇİÇEK,3,ÇİÇEK,5.0,2.3569016000110423,1,3,eng
3,DOLAP,4,DOLAP,6.0,1.14199770000414,1,3,eng
3,HALI,5,HALI,7.0,1.7117624999955297,1,3,eng
3,SALÇA,6,,,,0,3,eng
3,KALAS,7,,,,0,3,eng
3,TOPRAK,8,,,,0,3,eng
3,PARKUR,9,,,,0,3,eng
3,KİTAP,10,,,,0,3,eng
3,DUVAR,11,,,,0,3,eng
3,KOKU,12,,,,0,3,eng
3,KOLA,13,,,,0,3,eng
3,ODA,14,ODA,2.0,0.484603299992159,1,3,eng
3,KÜÇÜK,15,KÜÇÜK,1.0,1.989012599995476,1,3,eng
3,FIRIN,16,FIRIN,3.0,0.7908303000003798,1,3,eng
3,LAMBA,17,LAMBA,4.0,1.206161299996893,1,3,eng
4,SIRA,1,,,,0,3,eng
4,PARA,2,,,,0,3,eng
4,ÇORAP,3,,,,0,3,eng
4,TERAS,4,,,,0,3,eng
4,TAHTA,5,TAHTA,6.0,3.1924922000034712,2,3,eng
4,DERGİ,6,DERGİ,5.0,2.4019663000071887,1,3,eng
4,MARKET,7,,,,0,3,eng
4,KASA,8,,,,0,3,eng
4,SİLGİ,9,,,,0,3,eng
4,BAHÇE,10,,,,0,3,eng
4,MEKTUP,11,,,,0,3,eng
4,HARİTA,12,,,,0,3,eng
4,ZEMİN,13,,,,0,3,eng
4,KUTU,14,KUTU,3.0,0.6752913999953307,1,3,eng
4,SULUK,15,SULUK,4.0,0.9112876999861328,1,3,eng
4,KALIP,16,KALIP,2.0,0.8807327000104124,1,3,eng
4,HALKA,17,HALKA,1.0,1.2008465000108115,1,3,eng
0,MASA,1,masa,1.0,2.332915100036189,1,25,eng
0,CAM,2,cam,2.0,1.4696949000936002,1,25,eng
0,SU,3,su,3.0,1.4712243999820205,1,25,eng
0,İYİLİK,4,iyilik,4.0,3.3008236000314355,1,25,eng
0,TÜTÜN,5,tütün,5.0,2.3471673000603914,1,25,eng
0,KELİME,6,kelime,2.0,4.100018400000408,2,25,eng
1,YAZI,1,yazı,1.0,4.700885300058872,1,25,eng
1,KALE,2,,,,0,25,eng
1,EKRAN,3,ekran,3.0,1.8849313999526205,1,25,eng
1,KALEM,4,,,,0,25,eng
1,KÖPEK,5,köpek,4.0,4.287133599864319,1,25,eng
1,BEYİN,6,,,,0,25,eng
1,ÖLÇEK,7,,,,0,25,eng
1,BİNA,8,,,,0,25,eng
1,ÇANTA,9,,,,0,25,eng
1,MASA,10,masa,1.0,2.332915100036189,2,25,eng
1,PARK,11,,,,0,25,eng
1,AĞAÇ,12,,,,0,25,eng
1,KOLAY,13,,,,0,25,eng
1,ŞİŞE,14,şişe,2.0,3.6348216999322176,2,25,eng
1,SARI,15,,,,0,25,eng
1,KAĞIT,16,,,,0,25,eng
1,RAKAM,17,,,,0,25,eng
1,BARDAK,18,,,,0,25,eng
2,KISA,1,,,,0,25,eng
2,ELMA,2,,,,0,25,eng
2,BÜYÜK,3,büyük,8.0,7.932056099874899,2,25,eng
2,GRUP,4,,,,0,25,eng
2,SEHPA,5,,,,0,25,eng
2,DEFTER,6,,,,0,25,eng
2,KAŞIK,7,,,,0,25,eng
2,KOLTUK,8,,,,0,25,eng
2,TOPLU,9,,,,0,25,eng
2,KEDİ,10,,,,0,25,eng
2,TABAK,11,,,,0,25,eng
2,TERLİK,12,terlik,1.0,3.530639900127426,1,25,eng
2,ŞİŞE,13,şişe,2.0,3.6348216999322176,1,25,eng
2,İLAÇ,14,,,,0,25,eng
2,CÜZDAN,15,cüzdan,6.0,1.996891399845481,1,25,eng
2,SPOR,16,,,,0,25,eng
2,KAPI,17,,,,0,25,eng
3,DUVAR,1,duvar,1.0,3.821641100104898,1,25,eng
3,ODA,2,oda,7.0,4.946682299952954,1,25,eng
3,PARKUR,3,,,,0,25,eng
3,CAM,4,cam,2.0,1.4696949000936002,2,25,eng
3,DÜĞME,5,,,,0,25,eng
3,KİTAP,6,kitap,3.0,2.063600599998608,1,25,eng
3,YATAK,7,,,,0,25,eng
3,TOPRAK,8,toprak,5.0,2.16607359983027,1,25,eng
3,HALI,9,,,,0,25,eng
3,ÇİÇEK,10,,,,0,25,eng
3,KOKU,11,,,,0,25,eng
3,KALAS,12,,,,0,25,eng
3,DOLAP,13,,,,0,25,eng
3,FIRIN,14,,,,0,25,eng
3,KÜÇÜK,15,,,,0,25,eng
3,SALÇA,16,,,,0,25,eng
3,LAMBA,17,lamba,2.0,2.310515900142491,1,25,eng
4,HARİTA,1,harita,2.0,3.283395500155166,1,25,eng
4,FIRIN,2,,,,0,25,eng
4,TAHTA,3,,,,0,25,eng
4,DERGİ,4,,,,0,25,eng
4,KALIP,5,,,,0,25,eng
4,HALKA,6,,,,0,25,eng
4,SIRA,7,,,,0,25,eng
4,ÇORAP,8,,,,0,25,eng
4,MEKTUP,9,mektup,5.0,28.58412259980105,1,25,eng
4,KASA,10,,,,0,25,eng
4,ZEMİN,11,,,,0,25,eng
4,BAHÇE,12,,,,0,25,eng
4,KUTU,13,,,,0,25,eng
4,MARKET,14,,,,0,25,eng
4,SİLGİ,15,silgi,4.0,16.575037200003862,1,25,eng
4,TERAS,16,,,,0,25,eng
4,PARA,17,para,3.0,1.170894999988377,1,25,eng
0,MASA,1,masa,1.0,3.014468000037596,1,24,eng
0,CAM,2,cam,2.0,2.141370600089431,1,24,eng
0,SU,3,,,,0,24,eng
0,İYİLİK,4,iyilik,5.0,3.0879665999673307,1,24,eng
0,TÜTÜN,5,tütün,3.0,2.936113100033253,1,24,eng
0,KELİME,6,,,,0,24,eng
1,ÖLÇEK,1,ölçek,1.0,4.322813299950212,1,24,eng
1,RAKAM,2,rakam,5.0,1.24588040006347,1,24,eng
1,BARDAK,3,bardak,2.0,3.832555199973285,1,24,eng
1,ÇANTA,4,,,,0,24,eng
1,YAZI,5,,,,0,24,eng
1,ŞİŞE,6,,,,0,24,eng
1,PARK,7,,,,0,24,eng
1,BİNA,8,,,,0,24,eng
1,MASA,9,masa,1.0,3.014468000037596,2,24,eng
1,KAĞIT,10,,,,0,24,eng
1,KALE,11,,,,0,24,eng
1,KOLAY,12,kolay,4.0,1.6805777999106797,1,24,eng
1,KALEM,13,kalem,3.0,1.7440841998904943,1,24,eng
1,EKRAN,14,,,,0,24,eng
1,KÖPEK,15,,,,0,24,eng
1,AĞAÇ,16,,,,0,24,eng
1,SARI,17,,,,0,24,eng
1,BEYİN,18,,,,0,24,eng
2,TABAK,1,,,,0,24,eng
2,TERLİK,2,,,,0,24,eng
2,İLAÇ,3,,,,0,24,eng
2,CÜZDAN,4,,,,0,24,eng
2,KAŞIK,5,,,,0,24,eng
2,BÜYÜK,6,,,,0,24,eng
2,SPOR,7,,,,0,24,eng
2,SEHPA,8,,,,0,24,eng
2,GRUP,9,,,,0,24,eng
2,KAPI,10,kapı,2.0,12.924209399847314,1,24,eng
2,KEDİ,11,,,,0,24,eng
2,KISA,12,,,,0,24,eng
2,DEFTER,13,,,,0,24,eng
2,ŞİŞE,14,,,,0,24,eng
2,ELMA,15,,,,0,24,eng
2,TOPLU,16,,,,0,24,eng
2,KOLTUK,17,koltuk,6.0,2.796024299925193,2,24,eng
3,YATAK,1,,,,0,24,eng
3,ÇİÇEK,2,çiçek,4.0,1.7656421000137923,1,24,eng
3,PARKUR,3,,,,0,24,eng
3,KOKU,4,,,,0,24,eng
3,SALÇA,5,,,,0,24,eng
3,ODA,6,,,,0,24,eng
3,KÜÇÜK,7,,,,0,24,eng
3,KİTAP,8,,,,0,24,eng
3,CAM,9,cam,2.0,2.141370600089431,2,24,eng
3,TOPRAK,10,toprak,8.0,9.49649990000762,1,24,eng
3,DÜĞME,11,,,,0,24,eng
3,LAMBA,12,,,,0,24,eng
3,KALAS,13,,,,0,24,eng
3,HALI,14,,,,0,24,eng
3,DOLAP,15,,,,0,24,eng
3,DUVAR,16,duvar,1.0,2.989944600034505,1,24,eng
3,FIRIN,17,fırın,2.0,1.3635372000280768,1,24,eng
4,PARA,1,para,2.0,4.682589299976826,1,24,eng
4,SİLGİ,2,,,,0,24,eng
4,MARKET,3,,,,0,24,eng
4,MEKTUP,4,,,,0,24,eng
4,DERGİ,5,,,,0,24,eng
4,HALKA,6,,,,0,24,eng
4,ZEMİN,7,,,,0,24,eng
4,KUTU,8,,,,0,24,eng
4,TAHTA,9,,,,0,24,eng
4,BAHÇE,10,,,,0,24,eng
4,TERAS,11,,,,0,24,eng
4,HARİTA,12,,,,0,24,eng
4,KALIP,13,,,,0,24,eng
4,ÇORAP,14,,,,0,24,eng
4,SIRA,15,,,,0,24,eng
4,FIRIN,16,fırın,2.0,1.3635372000280768,2,24,eng
4,KASA,17,,,,0,24,eng
0,MASA,1,masa,1.0,3.4367148999590427,1,23,eng
0,CAM,2,cam,2.0,1.30589980003424,1,23,eng
0,SU,3,su,3.0,1.024620900163427,1,23,eng
0,İYİLİK,4,iyilik,4.0,4.581055499846116,1,23,eng
0,TÜTÜN,5,tütün,5.0,2.338853299850598,1,23,eng
0,KELİME,6,kelime,10.0,26.07889640005305,2,23,eng
1,BİNA,1,bina,1.0,3.075730500044301,1,23,eng
1,YAZI,2,yazı,2.0,1.7706929000560194,1,23,eng
1,KAĞIT,3,,,,0,23,eng
1,RAKAM,4,rakam,3.0,2.7254724998492748,1,23,eng
1,KALEM,5,,,,0,23,eng
1,PARK,6,,,,0,23,eng
1,SARI,7,,,,0,23,eng
1,MASA,8,masa,1.0,3.4367148999590427,2,23,eng
1,BARDAK,9,bardak,7.0,2.665622300002724,1,23,eng
1,ÇANTA,10,,,,0,23,eng
1,AĞAÇ,11,,,,0,23,eng
1,BEYİN,12,,,,0,23,eng
1,ŞİŞE,13,,,,0,23,eng
1,ÖLÇEK,14,ölçek,8.0,6.385122299892828,1,23,eng
1,KALE,15,,,,0,23,eng
1,EKRAN,16,,,,0,23,eng
1,KOLAY,17,,,,0,23,eng
1,KÖPEK,18,köpek,5.0,2.2915539999958128,1,23,eng
2,DEFTER,1,defter,1.0,3.459076300030574,1,23,eng
2,KISA,2,kısa,2.0,1.3336209999397397,1,23,eng
2,TOPLU,3,toplu,3.0,1.6679177000187335,1,23,eng
2,SPOR,4,,,,0,23,eng
2,BÜYÜK,5,büyük,4.0,1.826496999943629,1,23,eng
2,KOLTUK,6,,,,0,23,eng
2,ELMA,7,,,,0,23,eng
2,İLAÇ,8,ilaç,8.0,56.85973759996705,1,23,eng
2,TERLİK,9,,,,0,23,eng
2,KAŞIK,10,,,,0,23,eng
2,KEDİ,11,kedi,5.0,1.5624214000999928,1,23,eng
2,CÜZDAN,12,cüzdan,11.0,14.2569542999845,2,23,eng
2,ŞİŞE,13,,,,0,23,eng
2,TABAK,14,,,,0,23,eng
2,GRUP,15,,,,0,23,eng
2,KAPI,16,kapı,5.0,8.180797799956053,2,23,eng
2,SEHPA,17,sehpa,6.0,2.7623048999812454,1,23,eng
3,KÜÇÜK,1,,,,0,23,eng
3,KOKU,2,,,,0,23,eng
3,TOPRAK,3,,,,0,23,eng
3,DÜĞME,4,,,,0,23,eng
3,FIRIN,5,fırın,3.0,3.2624830999411643,2,23,eng
3,HALI,6,halı,1.0,3.6148634999990463,1,23,eng
3,LAMBA,7,lamba,7.0,25.93195670004934,1,23,eng
3,DOLAP,8,,,,0,23,eng
3,PARKUR,9,,,,0,23,eng
3,KİTAP,10,,,,0,23,eng
3,YATAK,11,yatak,3.0,1.685293799964711,1,23,eng
3,ÇİÇEK,12,,,,0,23,eng
3,ODA,13,,,,0,23,eng
3,CAM,14,cam,2.0,1.30589980003424,2,23,eng
3,DUVAR,15,duvar,2.0,4.193827700102702,1,23,eng
3,KALAS,16,,,,0,23,eng
3,SALÇA,17,,,,0,23,eng
4,HALKA,1,halka,1.0,3.130174499936402,1,23,eng
4,KALIP,2,kalıp,2.0,2.9920304999686778,1,23,eng
4,DERGİ,3,,,,0,23,eng
4,TERAS,4,,,,0,23,eng
4,TAHTA,5,,,,0,23,eng
4,HARİTA,6,harita,4.0,3.555683800019324,1,23,eng
4,FIRIN,7,fırın,3.0,3.2624830999411643,1,23,eng
4,SİLGİ,8,silgi,7.0,21.4532139999792,1,23,eng
4,MEKTUP,9,,,,0,23,eng
4,PARA,10,para,12.0,3.212278000079096,1,23,eng
4,KUTU,11,,,,0,23,eng
4,ZEMİN,12,,,,0,23,eng
4,KASA,13,,,,0,23,eng
4,ÇORAP,14,çorap,9.0,1.977403500117361,1,23,eng
4,BAHÇE,15,,,,0,23,eng
4,MARKET,16,market,8.0,1.849405100103468,1,23,eng
4,SIRA,17,sıra,7.0,36.80926530016586,2,23,eng
0,MASA,1,masa,1.0,7.310079700080678,1,22,eng
0,CAM,2,,,,0,22,eng
0,SU,3,,,,0,22,eng
0,İYİLİK,4,iyilik,4.0,2.168852200033143,1,22,eng
0,TÜTÜN,5,tütün,5.0,3.2166632001753896,1,22,eng
0,KELİME,6,,,,0,22,eng
1,ŞİŞE,1,şişe,3.0,1.6568648000247777,1,22,eng
1,SARI,2,sarı,2.0,1.6003537001088262,1,22,eng
1,AĞAÇ,3,,,,0,22,eng
1,KALEM,4,,,,0,22,eng
1,KÖPEK,5,,,,0,22,eng
1,BARDAK,6,,,,0,22,eng
1,ÇANTA,7,çanta,4.0,1.7961269000079485,1,22,eng
1,KAĞIT,8,,,,0,22,eng
1,MASA,9,masa,1.0,7.310079700080678,2,22,eng
1,ÖLÇEK,10,,,,0,22,eng
1,EKRAN,11,,,,0,22,eng
1,PARK,12,,,,0,22,eng
1,BEYİN,13,beyin,6.0,13.343571899924427,1,22,eng
1,KALE,14,,,,0,22,eng
1,RAKAM,15,,,,0,22,eng
1,YAZI,16,,,,0,22,eng
1,BİNA,17,,,,0,22,eng
1,KOLAY,18,,,,0,22,eng
2,KISA,1,,,,0,22,eng
2,KAŞIK,2,kaşık,6.0,1.6156673999503255,1,22,eng
2,KEDİ,3,kedi,4.0,4.093023200053722,1,22,eng
2,TERLİK,4,,,,0,22,eng
2,ELMA,5,,,,0,22,eng
2,KOLTUK,6,koltuk,7.0,3.001173699973151,2,22,eng
2,TABAK,7,,,,0,22,eng
2,CÜZDAN,8,,,,0,22,eng
2,BÜYÜK,9,,,,0,22,eng
2,KAPI,10,,,,0,22,eng
2,GRUP,11,,,,0,22,eng
2,DEFTER,12,,,,0,22,eng
2,SPOR,13,,,,0,22,eng
2,TOPLU,14,,,,0,22,eng
2,SEHPA,15,,,,0,22,eng
2,ŞİŞE,16,şişe,3.0,1.6568648000247777,2,22,eng
2,İLAÇ,17,,,,0,22,eng
3,ÇİÇEK,1,çiçek,2.0,1.4109414000995455,1,22,eng
3,TOPRAK,2,toprak,3.0,1.4479354000650346,1,22,eng
3,FIRIN,3,fırın,4.0,2.843374100048095,1,22,eng
3,HALI,4,,,,0,22,eng
3,YATAK,5,,,,0,22,eng
3,KÜÇÜK,6,küçük,5.0,4.595458300085738,2,22,eng
3,LAMBA,7,,,,0,22,eng
3,DÜĞME,8,,,,0,22,eng
3,CAM,9,,,,0,22,eng
3,KALAS,10,,,,0,22,eng
3,DUVAR,11,,,,0,22,eng
3,SALÇA,12,,,,0,22,eng
3,KOKU,13,,,,0,22,eng
3,PARKUR,14,,,,0,22,eng
3,ODA,15,oda,5.0,1.7153827999718487,1,22,eng
3,DOLAP,16,dolap,8.0,3.4751858001109213,1,22,eng
3,KİTAP,17,kitap,1.0,3.790101099992171,1,22,eng
4,SİLGİ,1,silgi,6.0,4.583027800079435,1,22,eng
4,SIRA,2,,,,0,22,eng
4,ZEMİN,3,zemin,5.0,5.146616300102323,1,22,eng
4,PARA,4,,,,0,22,eng
4,FIRIN,5,fırın,4.0,2.843374100048095,2,22,eng
4,KALIP,6,,,,0,22,eng
4,BAHÇE,7,bahçe,3.0,1.981780200032517,1,22,eng
4,KUTU,8,,,,0,22,eng
4,HALKA,9,,,,0,22,eng
4,ÇORAP,10,,,,0,22,eng
4,MEKTUP,11,,,,0,22,eng
4,HARİTA,12,,,,0,22,eng
4,DERGİ,13,dergi,10.0,4.888128099963069,1,22,eng
4,TAHTA,14,tahta,9.0,2.0416979000438005,1,22,eng
4,TERAS,15,,,,0,22,eng
4,KASA,16,,,,0,22,eng
4,MARKET,17,,,,0,22,eng
0,MASA,1,masa,1.0,2.900956599973142,1,21,eng
0,CAM,2,cam,2.0,1.3677878000307828,1,21,eng
0,SU,3,,,,0,21,eng
0,İYİLİK,4,,,,0,21,eng
0,TÜTÜN,5,tütün,3.0,5.561040000058711,1,21,eng
0,KELİME,6,,,,0,21,eng
1,ÇANTA,1,çanta,1.0,3.4676618999801576,1,21,eng
1,KALE,2,kale,2.0,1.0882165001239628,1,21,eng
1,KAĞIT,3,kağıt,3.0,1.8114593999926,1,21,eng
1,AĞAÇ,4,ağaç,7.0,3.0100400999654084,1,21,eng
1,ÖLÇEK,5,,,,0,21,eng
1,MASA,6,masa,1.0,2.900956599973142,2,21,eng
1,BARDAK,7,,,,0,21,eng
1,BEYİN,8,,,,0,21,eng
1,RAKAM,9,,,,0,21,eng
1,BİNA,10,,,,0,21,eng
1,EKRAN,11,ekran,5.0,1.4526268001645803,1,21,eng
1,YAZI,12,yazı,6.0,1.2495122998952866,1,21,eng
1,KÖPEK,13,,,,0,21,eng
1,PARK,14,,,,0,21,eng
1,KOLAY,15,,,,0,21,eng
1,ŞİŞE,16,,,,0,21,eng
1,SARI,17,,,,0,21,eng
1,KALEM,18,,,,0,21,eng
2,DEFTER,1,,,,0,21,eng
2,BÜYÜK,2,büyük,6.0,2.809451000066474,1,21,eng
2,KAŞIK,3,,,,0,21,eng
2,ŞİŞE,4,,,,0,21,eng
2,KAPI,5,,,,0,21,eng
2,ELMA,6,,,,0,21,eng
2,TABAK,7,,,,0,21,eng
2,KISA,8,kısa,3.0,2.232554499991238,2,21,eng
2,KEDİ,9,kedi,8.0,0.9374886997975408,1,21,eng
2,TOPLU,10,,,,0,21,eng
2,SPOR,11,,,,0,21,eng
2,SEHPA,12,sehpa,2.0,3.3524136999621987,1,21,eng
2,TERLİK,13,,,,0,21,eng
2,GRUP,14,,,,0,21,eng
2,KOLTUK,15,koltuk,5.0,2.156345499912277,1,21,eng
2,İLAÇ,16,ilaç,7.0,1.0802775998599827,1,21,eng
2,CÜZDAN,17,,,,0,21,eng
3,HALI,1,,,,0,21,eng
3,DÜĞME,2,,,,0,21,eng
3,ODA,3,,,,0,21,eng
3,TOPRAK,4,,,,0,21,eng
3,ÇİÇEK,5,çiçek,5.0,2.9761083000339568,1,21,eng
3,DOLAP,6,,,,0,21,eng
3,YATAK,7,,,,0,21,eng
3,FIRIN,8,,,,0,21,eng
3,LAMBA,9,,,,0,21,eng
3,SALÇA,10,,,,0,21,eng
3,PARKUR,11,,,,0,21,eng
3,DUVAR,12,,,,0,21,eng
3,KİTAP,13,,,,0,21,eng
3,CAM,14,cam,2.0,1.3677878000307828,2,21,eng
3,KALAS,15,kalas,2.0,1.3974974998272955,1,21,eng
3,KÜÇÜK,16,küçük,3.0,1.940640500048176,1,21,eng
3,KOKU,17,,,,0,21,eng
4,HARİTA,1,,,,0,21,eng
4,TERAS,2,,,,0,21,eng
4,SIRA,3,,,,0,21,eng
4,MEKTUP,4,,,,0,21,eng
4,ÇORAP,5,,,,0,21,eng
4,ZEMİN,6,,,,0,21,eng
4,FIRIN,7,,,,0,21,eng
4,HALKA,8,,,,0,21,eng
4,KASA,9,,,,0,21,eng
4,PARA,10,,,,0,21,eng
4,TAHTA,11,,,,0,21,eng
4,SİLGİ,12,,,,0,21,eng
4,KUTU,13,,,,0,21,eng
4,MARKET,14,,,,0,21,eng
4,BAHÇE,15,,,,0,21,eng
4,DERGİ,16,,,,0,21,eng
4,KALIP,17,,,,0,21,eng
0,MASA,1,MASA,1.0,2.8963673999533057,1,20,soc
0,CAM,2,CAM,2.0,1.7793320999480784,1,20,soc
0,SU,3,,,,0,20,soc
0,İYİLİK,4,İYİLİK,4.0,2.489274299936369,1,20,soc
0,TÜTÜN,5,TÜTÜN,3.0,2.167289200006053,1,20,soc
0,KELİME,6,KELİME,5.0,2.7118212000932544,1,20,soc
1,PARK,1,PARK,1.0,2.723249000031501,1,20,soc
1,EKRAN,2,EKRAN,2.0,2.547367300023325,1,20,soc
1,BARDAK,3,,,,0,20,soc
1,YAZI,4,YAZI,5.0,1.8733161999844008,1,20,soc
1,KÖPEK,5,,,,0,20,soc
1,RAKAM,6,,,,0,20,soc
1,KAĞIT,7,,,,0,20,soc
1,ÖLÇEK,8,,,,0,20,soc
1,ÇANTA,9,,,,0,20,soc
1,KALEM,10,KALEM,4.0,2.298321899957955,1,20,soc
1,BEYİN,11,,,,0,20,soc
1,KOLAY,12,,,,0,20,soc
1,BİNA,13,,,,0,20,soc
1,AĞAÇ,14,,,,0,20,soc
1,ŞİŞE,15,ŞİŞE,3.0,2.0231194000225514,1,20,soc
1,KABLO,16,,,,0,20,soc
1,KALE,17,,,,0,20,soc
1,SARI,18,,,,0,20,soc
2,TAŞLIK,1,,,,0,20,soc
2,CÜZDAN,2,,,,0,20,soc
2,BÜYÜK,3,,,,0,20,soc
2,ELMA,4,,,,0,20,soc
2,GRUP,5,,,,0,20,soc
2,KOLTUK,6,,,,0,20,soc
2,TABAK,7,,,,0,20,soc
2,SPOR,8,,,,0,20,soc
2,TOPLU,9,,,,0,20,soc
2,İLAÇ,10,,,,0,20,soc
2,KAŞIK,11,,,,0,20,soc
2,TERLİK,12,TERLİK,2.0,6.0973976999521255,1,20,soc
2,DEFTER,13,,,,0,20,soc
2,SEHPA,14,,,,0,20,soc
2,KEDİ,15,,,,0,20,soc
2,KISA,16,,,,0,20,soc
2,KAPI,17,KAPI,1.0,3.5985947999870405,1,20,soc
3,YATAK,1,YATAK,4.0,8.187084599980153,1,20,soc
3,SALÇA,2,,,,0,20,soc
3,ÇİÇEK,3,,,,0,20,soc
3,DOLAP,4,,,,0,20,soc
3,DUVAR,5,,,,0,20,soc
3,DÜĞME,6,,,,0,20,soc
3,TOPRAK,7,,,,0,20,soc
3,KALAS,8,,,,0,20,soc
3,KİTAP,9,,,,0,20,soc
3,LAMBA,10,,,,0,20,soc
3,ODA,11,,,,0,20,soc
3,PARKUR,12,,,,0,20,soc
3,KÜÇÜK,13,KÜÇÜK,3.0,4.7395683999639004,1,20,soc
3,KOLA,14,,,,0,20,soc
3,HALI,15,,,,0,20,soc
3,KOKU,16,KOKU,2.0,1.833400100003928,1,20,soc
3,FIRIN,17,FIRIN,1.0,3.3352096000453457,1,20,soc
4,DERGİ,1,,,,0,20,soc
4,KUTU,2,,,,0,20,soc
4,HALKA,3,,,,0,20,soc
4,ZEMİN,4,,,,0,20,soc
4,BAHÇE,5,,,,0,20,soc
4,SIRA,6,,,,0,20,soc
4,MEKTUP,7,,,,0,20,soc
4,TERAS,8,,,,0,20,soc
4,MARKET,9,,,,0,20,soc
4,TAHTA,10,,,,0,20,soc
4,KASA,11,,,,0,20,soc
4,ÇORAP,12,,,,0,20,soc
4,KALIP,13,,,,0,20,soc
4,HARİTA,14,HARİTA,4.0,2.799602900049649,1,20,soc
4,SULUK,15,SULUK,3.0,3.8168576000025496,1,20,soc
4,PARA,16,PARA,2.0,2.069633499952033,1,20,soc
4,SİLGİ,17,,,,0,20,soc
0,MASA,1,masa,1.0,14.474465199979022,1,20,eng
0,CAM,2,cam,2.0,14.474465199979022,1,20,eng
0,SU,3,su,3.0,14.474465199979022,1,20,eng
0,İYİLİK,4,iyilik,4.0,14.474465199979022,1,20,eng
0,TÜTÜN,5,tütün,5.0,14.474465199979022,1,20,eng
0,KELİME,6,kelime,10.0,3.921776100061834,1,20,eng
1,KÖPEK,1,köpek,2.0,1.5325261999387294,1,20,eng
1,PARK,2,park,3.0,1.4671816998161376,1,20,eng
1,YAZI,3,yazı,5.0,1.9314319998957217,1,20,eng
1,RAKAM,4,,,,0,20,eng
1,BİNA,5,bina,4.0,2.4130514999851584,1,20,eng
1,KOLAY,6,kolay,8.0,7.672040000092238,2,20,eng
1,MASA,7,masa,1.0,14.474465199979022,2,20,eng
1,BARDAK,8,,,,0,20,eng
1,ÖLÇEK,9,,,,0,20,eng
1,SARI,10,,,,0,20,eng
1,AĞAÇ,11,,,,0,20,eng
1,BEYİN,12,,,,0,20,eng
1,ŞİŞE,13,şişe,9.0,1.1909940999466926,1,20,eng
1,KALEM,14,kalem,6.0,1.6580549001228064,1,20,eng
1,KAĞIT,15,kağıt,7.0,1.5288464000914246,1,20,eng
1,KALE,16,,,,0,20,eng
1,EKRAN,17,,,,0,20,eng
1,ÇANTA,18,çanta,1.0,3.577482599997893,1,20,eng
2,TERLİK,1,terlik,2.0,2.7002125999424607,1,20,eng
2,CÜZDAN,2,,,,0,20,eng
2,BÜYÜK,3,,,,0,20,eng
2,SPOR,4,,,,0,20,eng
2,DEFTER,5,,,,0,20,eng
2,TABAK,6,,,,0,20,eng
2,ELMA,7,,,,0,20,eng
2,ŞİŞE,8,şişe,9.0,1.1909940999466926,2,20,eng
2,KISA,9,kısa,6.0,5.808601099997759,1,20,eng
2,KAPI,10,kapı,4.0,1.0045558998826891,1,20,eng
2,İLAÇ,11,,,,0,20,eng
2,TOPLU,12,,,,0,20,eng
2,GRUP,13,,,,0,20,eng
2,KOLTUK,14,,,,0,20,eng
2,KEDİ,15,kedi,5.0,1.580501499818638,1,20,eng
2,KAŞIK,16,kaşık,3.0,1.2005960999522358,1,20,eng
2,SEHPA,17,sehpa,1.0,3.1802460998296738,1,20,eng
3,FIRIN,1,fırın,2.0,1.4730122000910342,1,20,eng
3,ODA,2,oda,3.0,0.6205707001499832,1,20,eng
3,YATAK,3,yatak,4.0,1.2894351999275386,1,20,eng
3,CAM,4,cam,2.0,14.474465199979022,2,20,eng
3,LAMBA,5,,,,0,20,eng
3,TOPRAK,6,,,,0,20,eng
3,KALAS,7,kalas,7.0,7.541462399996817,1,20,eng
3,KÜÇÜK,8,,,,0,20,eng
3,ÇİÇEK,9,çiçek,7.0,3.5290933998767287,2,20,eng
3,PARKUR,10,,,,0,20,eng
3,DOLAP,11,dolap,8.0,1.5398516999557614,1,20,eng
3,DUVAR,12,duvar,6.0,1.8859717000741512,1,20,eng
3,HALI,13,,,,0,20,eng
3,SALÇA,14,,,,0,20,eng
3,KOKU,15,,,,0,20,eng
3,KİTAP,16,,,,0,20,eng
3,DÜĞME,17,düğme,1.0,2.412976500112564,1,20,eng
4,MEKTUP,1,,,,0,20,eng
4,TERAS,2,,,,0,20,eng
4,PARA,3,,,,0,20,eng
4,SIRA,4,,,,0,20,eng
4,HALKA,5,,,,0,20,eng
4,KUTU,6,,,,0,20,eng
4,ÇORAP,7,,,,0,20,eng
4,KASA,8,,,,0,20,eng
4,TAHTA,9,,,,0,20,eng
4,DERGİ,10,dergi,5.0,1.41941410000436,1,20,eng
4,SİLGİ,11,silgi,4.0,26.08821419999004,1,20,eng
4,KALIP,12,,,,0,20,eng
4,HARİTA,13,,,,0,20,eng
4,MARKET,14,,,,0,20,eng
4,BAHÇE,15,,,,0,20,eng
4,ZEMİN,16,zemin,2.0,1.4014206998981535,1,20,eng
4,FIRIN,17,fırın,2.0,1.4730122000910342,2,20,eng
0,MASA,1,masa,1.0,2.5304135999999744,1,2,soc
0,CAM,2,cam,2.0,1.0530555000000277,1,2,soc
0,SU,3,su,3.0,0.7830256000000873,1,2,soc
0,İYİLİK,4,iyilik,4.0,3.0435502999999926,1,2,soc
0,TÜTÜN,5,tütün,5.0,1.9255878000000168,1,2,soc
0,KELİME,6,kelime,6.0,2.736174599999913,1,2,soc
1,YAZI,1,yazı,1.0,2.631607499999973,1,2,soc
1,AĞAÇ,2,ağaç,2.0,1.463895999999977,1,2,soc
1,ÇANTA,3,,,,0,2,soc
1,RAKAM,4,,,,0,2,soc
1,BİNA,5,,,,0,2,soc
1,KALEM,6,kalem,3.0,0.8199983000001794,1,2,soc
1,ŞİŞE,7,,,,0,2,soc
1,PARK,8,,,,0,2,soc
1,SARI,9,,,,0,2,soc
1,KABLO,10,,,,0,2,soc
1,KALE,11,kale,4.0,1.887013100000104,1,2,soc
1,BARDAK,12,bardak,5.0,1.2511879999999564,1,2,soc
1,BEYİN,13,,,,0,2,soc
1,KAĞIT,14,kağıt,8.0,10.99753970000006,1,2,soc
1,EKRAN,15,,,,0,2,soc
1,ÖLÇEK,16,,,,0,2,soc
1,KÖPEK,17,,,,0,2,soc
1,KOLAY,18,,,,0,2,soc
2,SPOR,1,spor,8.0,5.196129100000007,1,2,soc
2,TAŞLIK,2,taşlık,6.0,1.092528899999934,1,2,soc
2,GRUP,3,,,,0,2,soc
2,İLAÇ,4,,,,0,2,soc
2,ELMA,5,,,,0,2,soc
2,TOPLU,6,,,,0,2,soc
2,TABAK,7,,,,0,2,soc
2,KISA,8,,,,0,2,soc
2,KOLTUK,9,koltuk,5.0,1.2683514999998806,1,2,soc
2,KAŞIK,10,,,,0,2,soc
2,DEFTER,11,,,,0,2,soc
2,CÜZDAN,12,,,,0,2,soc
2,KAPI,13,kapı,1.0,2.0621960999999374,1,2,soc
2,TERLİK,14,terlik,2.0,1.2684392999999543,1,2,soc
2,SEHPA,15,sehpa,3.0,0.8815037000001666,1,2,soc
2,BÜYÜK,16,,,,0,2,soc
2,KEDİ,17,kedi,4.0,0.6474561999998514,1,2,soc
3,TOPRAK,1,,,,0,2,soc
3,DUVAR,2,duvar,4.0,10.254380899999887,1,2,soc
3,PARKUR,3,,,,0,2,soc
3,KOLA,4,kola,5.0,11.961759100000108,1,2,soc
3,KÜÇÜK,5,küçük,3.0,2.682825099999945,1,2,soc
3,SALÇA,6,,,,0,2,soc
3,HALI,7,halı,4.0,1.2842891000000236,2,2,soc
3,LAMBA,8,,,,0,2,soc
3,KOKU,9,,,,0,2,soc
3,ÇİÇEK,10,,,,0,2,soc
3,DOLAP,11,,,,0,2,soc
3,DÜĞME,12,,,,0,2,soc
3,FIRIN,13,,,,0,2,soc
3,KİTAP,14,,,,0,2,soc
3,KALAS,15,kalas,2.0,0.7164559000000281,1,2,soc
3,ODA,16,oda,1.0,1.3914062999999717,1,2,soc
3,YATAK,17,,,,0,2,soc
4,HARİTA,1,harita,5.0,6.0628589000000375,1,2,soc
4,SULUK,2,,,,0,2,soc
4,HALKA,3,,,,0,2,soc
4,MARKET,4,,,,0,2,soc
4,SİLGİ,5,,,,0,2,soc
4,TAHTA,6,,,,0,2,soc
4,PARA,7,,,,0,2,soc
4,DERGİ,8,,,,0,2,soc
4,TERAS,9,,,,0,2,soc
4,BAHÇE,10,,,,0,2,soc
4,SIRA,11,,,,0,2,soc
4,ÇORAP,12,,,,0,2,soc
4,ZEMİN,13,zemin,1.0,1.1565648999999212,1,2,soc
4,KALIP,14,kalıp,2.0,1.2626707000001716,1,2,soc
4,KASA,15,,,,0,2,soc
4,KUTU,16,,,,0,2,soc
4,MEKTUP,17,,,,0,2,soc
0,MASA,1,masa,1.0,1.4656227000014042,1,2,eng
0,CAM,2,CAM,2.0,0.9647969999969064,1,2,eng
0,SU,3,SU,3.0,0.8651683999996749,1,2,eng
0,İYİLİK,4,İYİLİK,4.0,1.2695094999980938,1,2,eng
0,TÜTÜN,5,,,,0,2,eng
0,KELİME,6,KELİME,5.0,1.2460945999991964,1,2,eng
1,KÖPEK,1,KÖPEK,1.0,6.998158200000034,1,2,eng
1,KOLAY,2,KOLAY,2.0,7.99468319999869,1,2,eng
1,BARDAK,3,BARDAK,3.0,1.491296100000909,1,2,eng
1,BİNA,4,BİNA,4.0,2.7216195999972115,1,2,eng
1,RAKAM,5,RAKAM,5.0,3.315142999999807,1,2,eng
1,YAZI,6,YAZI,6.0,3.3150830999984464,1,2,eng
1,EKRAN,7,EKRAN,7.0,3.303676200001064,1,2,eng
1,ÖLÇEK,8,ÖLÇEK,8.0,1.6617291999973531,1,2,eng
1,BEYİN,9,BEYİN,9.0,1.3204170999997586,1,2,eng
1,KABLO,10,KABLO,11.0,2.020612400003301,1,2,eng
1,KAĞIT,11,KAĞIT,12.0,2.2290581000015663,1,2,eng
1,ŞİŞE,12,ŞİŞE,13.0,1.7100136000008206,1,2,eng
1,AĞAÇ,13,AĞAÇ,14.0,4.340029899998626,1,2,eng
1,ÇANTA,14,ÇANTA,15.0,1.562490299998899,1,2,eng
1,KALE,15,KALE,16.0,1.0711524999969697,1,2,eng
1,SARI,16,SARI,17.0,0.782403000001068,1,2,eng
1,KALEM,17,KALEM,18.0,1.2957829000006311,1,2,eng
1,PARK,18,,,,0,2,eng
2,CÜZDAN,1,,,,0,2,eng
2,GRUP,2,GRUP,1.0,14.883900800003175,1,2,eng
2,TABAK,3,TABAK,2.0,1.3691446999982873,1,2,eng
2,BÜYÜK,4,BÜYÜK,3.0,3.614844699997775,1,2,eng
2,İLAÇ,5,İLAÇ,4.0,1.777950299998338,1,2,eng
2,DEFTER,6,DEFTER,5.0,1.4732350999984192,1,2,eng
2,TOPLU,7,TOPLU,6.0,1.5213234000002558,1,2,eng
2,SPOR,8,SPOR,7.0,1.785615200002212,1,2,eng
2,ELMA,9,,,,0,2,eng
2,KAPI,10,KAPI,8.0,4.533091400000558,1,2,eng
2,TERLİK,11,TERLİK,9.0,1.1442704999972193,1,2,eng
2,SEHPA,12,SEHPA,11.0,3.9964639999998326,1,2,eng
2,TAŞLIK,13,TAŞLIK,10.0,1.7365097000001697,1,2,eng
2,KOLTUK,14,KOLTUK,15.0,4.76985589999822,1,2,eng
2,KISA,15,KISA,12.0,1.4260828000005858,1,2,eng
2,KAŞIK,16,KAŞIK,13.0,7.036442099997657,1,2,eng
2,KEDİ,17,KEDİ,14.0,1.081272899999021,1,2,eng
3,DOLAP,1,DOLAP,1.0,11.662924300002487,1,2,eng
3,FIRIN,2,FIRIN,2.0,3.426885900000343,1,2,eng
3,DUVAR,3,DUVAR,3.0,1.0996132000000216,1,2,eng
3,LAMBA,4,LAMBA,4.0,1.0786207999990438,1,2,eng
3,KALAS,5,KALAS,5.0,0.898451599998225,1,2,eng
3,KİTAP,6,KİTAP,6.0,0.8235291999990295,1,2,eng
3,KÜÇÜK,7,KÜÇÜK,7.0,3.3499948999997287,1,2,eng
3,SALÇA,8,SALÇA,8.0,1.5076482000004034,1,2,eng
3,KOLA,9,KOLA,9.0,0.8309397000011813,1,2,eng
3,DÜĞME,10,DÜĞME,10.0,1.2395144000001892,1,2,eng
3,TOPRAK,11,TOPRAK,11.0,2.386630900000455,1,2,eng
3,ODA,12,ODA,12.0,0.6505730999997468,1,2,eng
3,HALI,13,HALI,13.0,2.059607999999571,1,2,eng
3,KOKU,14,KOKU,14.0,0.9043009000015444,1,2,eng
3,YATAK,15,YATAK,15.0,2.18391949999932,1,2,eng
3,ÇİÇEK,16,ÇİÇEK,16.0,1.4696005999976478,1,2,eng
3,PARKUR,17,PARKUR,17.0,1.1204816999998002,1,2,eng
4,HARİTA,1,HARİTA,1.0,4.14935880000121,1,2,eng
4,MARKET,2,MARKET,2.0,2.9170209000003524,1,2,eng
4,DERGİ,3,DERGİ,3.0,2.459803900001134,1,2,eng
4,ZEMİN,4,ZEMİN,4.0,0.966877900002146,1,2,eng
4,SULUK,5,SULUK,5.0,1.2737252000006265,1,2,eng
4,ÇORAP,6,ÇORAP,6.0,0.9152883999995538,1,2,eng
4,SIRA,7,SIRA,7.0,0.7111719999993511,1,2,eng
4,KASA,8,KASA,8.0,0.8965454999997746,1,2,eng
4,SİLGİ,9,SİLGİ,9.0,0.8959127000016451,1,2,eng
4,KALIP,10,KALIP,10.0,0.8224972000025446,1,2,eng
4,TAHTA,11,TAHTA,11.0,0.8526278999997885,1,2,eng
4,BAHÇE,12,BAHÇE,12.0,0.8534004000030109,1,2,eng
4,PARA,13,PARA,13.0,2.390046199998324,1,2,eng
4,HALKA,14,HALKA,14.0,1.103745599997637,1,2,eng
4,MEKTUP,15,MEKTUP,15.0,4.0480311999999685,1,2,eng
4,TERAS,16,TERAS,16.0,2.5883228999991843,1,2,eng
4,KUTU,17,KUTU,17.0,0.9480961000008392,1,2,eng
0,MASA,1,masa,1.0,20.097143900000447,1,19,soc
0,CAM,2,cam,2.0,20.097143900000447,1,19,soc
0,SU,3,su,3.0,20.097143900000447,1,19,soc
0,İYİLİK,4,iyilik,4.0,20.097143900000447,1,19,soc
0,TÜTÜN,5,tütün,5.0,20.097143900000447,1,19,soc
0,KELİME,6,,,,0,19,soc
1,KALE,1,kale,1.0,26.10920249999981,1,19,soc
1,KALEM,2,kalem,2.0,26.10920249999981,1,19,soc
1,RAKAM,3,,,,0,19,soc
1,SARI,4,,,,0,19,soc
1,KAĞIT,5,,,,0,19,soc
1,ŞİŞE,6,,,,0,19,soc
1,ÖLÇEK,7,,,,0,19,soc
1,BARDAK,8,,,,0,19,soc
1,YAZI,9,,,,0,19,soc
1,AĞAÇ,10,,,,0,19,soc
1,ÇANTA,11,çanta,6.0,26.10920249999981,1,19,soc
1,BEYİN,12,,,,0,19,soc
1,KÖPEK,13,köpek,3.0,26.10920249999981,1,19,soc
1,PARK,14,,,,0,19,soc
1,BİNA,15,bina,4.0,26.10920249999981,1,19,soc
1,EKRAN,16,,,,0,19,soc
1,KOLAY,17,kolay,5.0,26.10920249999981,1,19,soc
1,KABLO,18,,,,0,19,soc
2,CÜZDAN,1,cüzdan,2.0,45.94370640000034,1,19,soc
2,KISA,2,kısa,3.0,45.94370640000034,1,19,soc
2,GRUP,3,,,,0,19,soc
2,SEHPA,4,,,,0,19,soc
2,BÜYÜK,5,,,,0,19,soc
2,ELMA,6,,,,0,19,soc
2,TABAK,7,,,,0,19,soc
2,TOPLU,8,,,,0,19,soc
2,KOLTUK,9,,,,0,19,soc
2,DEFTER,10,,,,0,19,soc
2,KEDİ,11,kedi,5.0,45.94370640000034,1,19,soc
2,KAPI,12,,,,0,19,soc
2,KAŞIK,13,,,,0,19,soc
2,TERLİK,14,,,,0,19,soc
2,İLAÇ,15,ilaç,1.0,45.94370640000034,1,19,soc
2,TAŞLIK,16,taşlık,4.0,45.94370640000034,1,19,soc
2,SPOR,17,,,,0,19,soc
3,KOLA,1,kola,4.0,23.46891869999945,1,19,soc
3,SALÇA,2,,,,0,19,soc
3,LAMBA,3,,,,0,19,soc
3,KİTAP,4,,,,0,19,soc
3,TOPRAK,5,,,,0,19,soc
3,ÇİÇEK,6,,,,0,19,soc
3,PARKUR,7,,,,0,19,soc
3,KÜÇÜK,8,,,,0,19,soc
3,KALAS,9,,,,0,19,soc
3,KOKU,10,,,,0,19,soc
3,FIRIN,11,,,,0,19,soc
3,DUVAR,12,,,,0,19,soc
3,DÜĞME,13,,,,0,19,soc
3,YATAK,14,yatak,2.0,23.46891869999945,1,19,soc
3,HALI,15,halı,3.0,23.46891869999945,1,19,soc
3,DOLAP,16,,,,0,19,soc
3,ODA,17,oda,1.0,23.46891869999945,1,19,soc
4,SULUK,1,,,,0,19,soc
4,TAHTA,2,,,,0,19,soc
4,MEKTUP,3,mektup,4.0,24.322858300000007,1,19,soc
4,BAHÇE,4,,,,0,19,soc
4,MARKET,5,,,,0,19,soc
4,SIRA,6,,,,0,19,soc
4,HALKA,7,,,,0,19,soc
4,KASA,8,,,,0,19,soc
4,ÇORAP,9,,,,0,19,soc
4,KALIP,10,,,,0,19,soc
4,DERGİ,11,,,,0,19,soc
4,ZEMİN,12,zemin,3.0,24.322858300000007,1,19,soc
4,KUTU,13,,,,0,19,soc
4,SİLGİ,14,,,,0,19,soc
4,HARİTA,15,harita,1.0,24.322858300000007,1,19,soc
4,PARA,16,para,2.0,24.322858300000007,1,19,soc
4,TERAS,17,,,,0,19,soc
0,MASA,1,masa,1.0,2.308480100007728,1,19,eng
0,CAM,2,cam,2.0,1.126283699995838,1,19,eng
0,SU,3,su,3.0,0.9637481000972912,1,19,eng
0,İYİLİK,4,iyilik,4.0,1.772802099934779,1,19,eng
0,TÜTÜN,5,,,,0,19,eng
0,KELİME,6,kelime,6.0,1.5366812000283971,1,19,eng
1,PARK,1,,,,0,19,eng
1,ÖLÇEK,2,ölçek,2.0,1.4396693999879062,1,19,eng
1,YAZI,3,,,,0,19,eng
1,BEYİN,4,,,,0,19,eng
1,AĞAÇ,5,ağaç,5.0,2.1750383999897167,1,19,eng
1,KAĞIT,6,kağıt,3.0,2.0433386999648064,1,19,eng
1,KÖPEK,7,,,,0,19,eng
1,SARI,8,,,,0,19,eng
1,ŞİŞE,9,,,,0,19,eng
1,KALEM,10,kalem,4.0,1.370937499916181,1,19,eng
1,EKRAN,11,,,,0,19,eng
1,ÇANTA,12,,,,0,19,eng
1,KALE,13,,,,0,19,eng
1,BARDAK,14,bardak,6.0,2.532045800006017,1,19,eng
1,RAKAM,15,,,,0,19,eng
1,KOLAY,16,,,,0,19,eng
1,KABLO,17,,,,0,19,eng
1,BİNA,18,,,,0,19,eng
2,KEDİ,1,kedi,1.0,4.544190299930051,1,19,eng
2,BÜYÜK,2,büyük,2.0,2.559104699990712,1,19,eng
2,SEHPA,3,sehpa,3.0,1.8416456999257207,1,19,eng
2,TAŞLIK,4,taşlık,4.0,2.2601176999742165,1,19,eng
2,TABAK,5,,,,0,19,eng
2,KISA,6,,,,0,19,eng
2,GRUP,7,,,,0,19,eng
2,ELMA,8,,,,0,19,eng
2,KOLTUK,9,,,,0,19,eng
2,TOPLU,10,,,,0,19,eng
2,SPOR,11,,,,0,19,eng
2,İLAÇ,12,,,,0,19,eng
2,CÜZDAN,13,,,,0,19,eng
2,TERLİK,14,,,,0,19,eng
2,KAŞIK,15,,,,0,19,eng
2,KAPI,16,,,,0,19,eng
2,DEFTER,17,,,,0,19,eng
3,HALI,1,,,,0,19,eng
3,DUVAR,2,,,,0,19,eng
3,KALAS,3,,,,0,19,eng
3,FIRIN,4,,,,0,19,eng
3,DÜĞME,5,,,,0,19,eng
3,YATAK,6,,,,0,19,eng
3,KOKU,7,,,,0,19,eng
3,KOLA,8,,,,0,19,eng
3,ÇİÇEK,9,,,,0,19,eng
3,LAMBA,10,,,,0,19,eng
3,ODA,11,oda,3.0,16.330695600016043,1,19,eng
3,DOLAP,12,dolap,3.0,9.23521419998724,2,19,eng
3,PARKUR,13,,,,0,19,eng
3,SALÇA,14,salça,5.0,10.61630170000717,1,19,eng
3,TOPRAK,15,toprak,4.0,8.534659700002521,1,19,eng
3,KİTAP,16,kitap,2.0,2.2489499000366777,1,19,eng
3,KÜÇÜK,17,küçük,1.0,4.425478599965572,1,19,eng
4,DERGİ,1,,,,0,19,eng
4,HALKA,2,,,,0,19,eng
4,TAHTA,3,,,,0,19,eng
4,MEKTUP,4,,,,0,19,eng
4,ZEMİN,5,,,,0,19,eng
4,SULUK,6,,,,0,19,eng
4,SIRA,7,,,,0,19,eng
4,KUTU,8,,,,0,19,eng
4,KALIP,9,,,,0,19,eng
4,HARİTA,10,,,,0,19,eng
4,PARA,11,,,,0,19,eng
4,ÇORAP,12,,,,0,19,eng
4,MARKET,13,,,,0,19,eng
4,TERAS,14,,,,0,19,eng
4,SİLGİ,15,,,,0,19,eng
4,KASA,16,,,,0,19,eng
4,BAHÇE,17,bahçe,1.0,5.688611599965952,1,19,eng
0,MASA,1,masa,1.0,2.9172135000007984,1,18,soc
0,CAM,2,cam,2.0,1.0282795999992231,1,18,soc
0,SU,3,SU,3.0,1.0605845999998564,1,18,soc
0,İYİLİK,4,İYİLİK,4.0,1.3936737000003632,1,18,soc
0,TÜTÜN,5,TÜTÜN,5.0,1.1876626000012038,1,18,soc
0,KELİME,6,KELİME,6.0,1.2753635000008217,1,18,soc
1,KOLAY,1,,,,0,18,soc
1,ÖLÇEK,2,ÖLÇEK,8.0,1.3239254000000074,1,18,soc
1,KABLO,3,KABLO,6.0,1.0444258999996237,1,18,soc
1,KALEM,4,KALEM,7.0,2.6817618000022776,1,18,soc
1,BİNA,5,BİNA,9.0,1.0895810999973037,1,18,soc
1,KALE,6,,,,0,18,soc
1,YAZI,7,,,,0,18,soc
1,EKRAN,8,,,,0,18,soc
1,SARI,9,,,,0,18,soc
1,ŞİŞE,10,,,,0,18,soc
1,KAĞIT,11,KAĞIT,4.0,1.2955491000029724,1,18,soc
1,AĞAÇ,12,,,,0,18,soc
1,BEYİN,13,,,,0,18,soc
1,BARDAK,14,,,,0,18,soc
1,KÖPEK,15,KÖPEK,3.0,2.071693299996696,1,18,soc
1,RAKAM,16,,,,0,18,soc
1,ÇANTA,17,ÇANTA,2.0,2.4145764999993844,1,18,soc
1,PARK,18,,,,0,18,soc
2,SPOR,1,SPOR,3.0,0.866763499998342,1,18,soc
2,KAPI,2,KAPI,4.0,1.0675857000023825,1,18,soc
2,TOPLU,3,TOPLU,5.0,2.811217399997986,1,18,soc
2,TAŞLIK,4,TAŞLIK,7.0,2.947921200000565,1,18,soc
2,TERLİK,5,,,,0,18,soc
2,GRUP,6,GRUP,6.0,2.326556100000744,1,18,soc
2,TABAK,7,,,,0,18,soc
2,BÜYÜK,8,,,,0,18,soc
2,ELMA,9,,,,0,18,soc
2,DEFTER,10,,,,0,18,soc
2,KEDİ,11,,,,0,18,soc
2,KISA,12,,,,0,18,soc
2,CÜZDAN,13,,,,0,18,soc
2,SEHPA,14,,,,0,18,soc
2,KAŞIK,15,KAŞIK,2.0,1.4577914999972563,1,18,soc
2,İLAÇ,16,,,,0,18,soc
2,KOLTUK,17,KOLTUK,1.0,3.3427578000009817,1,18,soc
3,KOLA,1,KOLA,5.0,6.440907600001083,1,18,soc
3,FIRIN,2,FIRIN,7.0,5.837715800000296,1,18,soc
3,KOKU,3,KOKU,6.0,3.3827014999988023,1,18,soc
3,PARKUR,4,,,,0,18,soc
3,ODA,5,,,,0,18,soc
3,KİTAP,6,,,,0,18,soc
3,HALI,7,,,,0,18,soc
3,KÜÇÜK,8,,,,0,18,soc
3,SALÇA,9,,,,0,18,soc
3,KALAS,10,,,,0,18,soc
3,DUVAR,11,,,,0,18,soc
3,DOLAP,12,,,,0,18,soc
3,DÜĞME,13,,,,0,18,soc
3,YATAK,14,YATAK,1.0,3.393023900000117,1,18,soc
3,TOPRAK,15,TOPRAK,3.0,1.0895204000007652,1,18,soc
3,ÇİÇEK,16,ÇİÇEK,4.0,1.8804911999977776,1,18,soc
3,LAMBA,17,LAMBA,2.0,0.9502291999997396,1,18,soc
4,DERGİ,1,,,,0,18,soc
4,KUTU,2,,,,0,18,soc
4,ÇORAP,3,,,,0,18,soc
4,BAHÇE,4,BAHÇE,4.0,11.635195200000451,1,18,soc
4,SİLGİ,5,,,,0,18,soc
4,TAHTA,6,TAHTA,2.0,1.0733632000010402,1,18,soc
4,SULUK,7,,,,0,18,soc
4,MEKTUP,8,,,,0,18,soc
4,HALKA,9,,,,0,18,soc
4,PARA,10,,,,0,18,soc
4,KALIP,11,,,,0,18,soc
4,TERAS,12,,,,0,18,soc
4,SIRA,13,,,,0,18,soc
4,KASA,14,,,,0,18,soc
4,MARKET,15,MARKET,3.0,5.698970299999928,1,18,soc
4,HARİTA,16,,,,0,18,soc
4,ZEMİN,17,ZEMİN,1.0,3.5467152999990503,1,18,soc
0,MASA,1,MASA,1.0,1.7850106000005326,1,18,eng
0,CAM,2,CAM,2.0,0.8322822000009182,1,18,eng
0,SU,3,SU,3.0,0.8037416999977722,1,18,eng
0,İYİLİK,4,İYİLİK,4.0,1.8308574000002409,1,18,eng
0,TÜTÜN,5,TÜTÜN,5.0,1.4345178000003216,1,18,eng
0,KELİME,6,,,,0,18,eng
1,AĞAÇ,1,AĞAÇ,1.0,3.1605731999989075,1,18,eng
1,KALEM,2,KALEM,2.0,1.2971805999986827,1,18,eng
1,KOLAY,3,KOLAY,3.0,1.1945315999982995,1,18,eng
1,BEYİN,4,,,,0,18,eng
1,KABLO,5,,,,0,18,eng
1,SARI,6,SARI,4.0,1.046195800001442,1,18,eng
1,ÇANTA,7,,,,0,18,eng
1,KAĞIT,8,,,,0,18,eng
1,KÖPEK,9,,,,0,18,eng
1,BARDAK,10,,,,0,18,eng
1,EKRAN,11,,,,0,18,eng
1,ÖLÇEK,12,,,,0,18,eng
1,BİNA,13,BİNA,6.0,1.936336200000369,1,18,eng
1,PARK,14,PARK,5.0,2.036969299999328,1,18,eng
1,YAZI,15,,,,0,18,eng
1,KALE,16,,,,0,18,eng
1,ŞİŞE,17,,,,0,18,eng
1,RAKAM,18,,,,0,18,eng
2,KISA,1,KISA,8.0,1.124399700001959,1,18,eng
2,DEFTER,2,,,,0,18,eng
2,KEDİ,3,KEDİ,7.0,1.2845076999983576,1,18,eng
2,İLAÇ,4,,,,0,18,eng
2,TABAK,5,,,,0,18,eng
2,ELMA,6,,,,0,18,eng
2,TERLİK,7,TERLİK,9.0,2.2585048000000825,1,18,eng
2,KAPI,8,KAPI,10.0,4.1204453999998805,1,18,eng
2,BÜYÜK,9,BÜYÜK,1.0,4.664426200000889,1,18,eng
2,KAŞIK,10,,,,0,18,eng
2,SEHPA,11,,,,0,18,eng
2,TAŞLIK,12,TAŞLIK,3.0,3.8864697000026354,1,18,eng
2,SPOR,13,SPOR,4.0,1.4691695000001346,1,18,eng
2,TOPLU,14,,,,0,18,eng
2,KOLTUK,15,,,,0,18,eng
2,CÜZDAN,16,,,,0,18,eng
2,GRUP,17,GRUP,2.0,3.883444300001429,1,18,eng
3,SALÇA,1,SALÇA,3.0,1.3703432000002067,1,18,eng
3,KÜÇÜK,2,KÜÇÜK,6.0,2.6264366999967024,2,18,eng
3,YATAK,3,,,,0,18,eng
3,FIRIN,4,,,,0,18,eng
3,DÜĞME,5,DÜĞME,4.0,19.644937299999583,1,18,eng
3,KOLA,6,,,,0,18,eng
3,PARKUR,7,,,,0,18,eng
3,LAMBA,8,,,,0,18,eng
3,ÇİÇEK,9,,,,0,18,eng
3,HALI,10,,,,0,18,eng
3,TOPRAK,11,TOPRAK,5.0,11.610211100000017,2,18,eng
3,KOKU,12,,,,0,18,eng
3,KALAS,13,,,,0,18,eng
3,ODA,14,,,,0,18,eng
3,DUVAR,15,,,,0,18,eng
3,DOLAP,16,DOLAP,2.0,1.8715553999973047,1,18,eng
3,KİTAP,17,KİTAP,1.0,1.809842900001968,1,18,eng
4,HALKA,1,,,,0,18,eng
4,HARİTA,2,,,,0,18,eng
4,MEKTUP,3,,,,0,18,eng
4,MARKET,4,,,,0,18,eng
4,KASA,5,KASA,3.0,1.6599186999992526,1,18,eng
4,ZEMİN,6,ZEMİN,6.0,1.6643953999991936,1,18,eng
4,PARA,7,PARA,4.0,3.185464600002888,1,18,eng
4,SULUK,8,,,,0,18,eng
4,SIRA,9,,,,0,18,eng
4,TAHTA,10,,,,0,18,eng
4,KALIP,11,,,,0,18,eng
4,ÇORAP,12,,,,0,18,eng
4,SİLGİ,13,,,,0,18,eng
4,BAHÇE,14,,,,0,18,eng
4,TERAS,15,TERAS,1.0,1.293879000000743,1,18,eng
4,DERGİ,16,,,,0,18,eng
4,KUTU,17,,,,0,18,eng
0,MASA,1,masa,1.0,27.67728059999996,1,17,soc
0,CAM,2,cam,2.0,27.67728059999996,1,17,soc
0,SU,3,su,3.0,27.67728059999996,1,17,soc
0,İYİLİK,4,iyilik,5.0,27.67728059999996,1,17,soc
0,TÜTÜN,5,tutun,11.0,5.968766499999958,1,17,soc
0,KELİME,6,,,,0,17,soc
1,KALEM,1,kalem,1.0,4.7029949000000215,1,17,soc
1,ÖLÇEK,2,olcek,5.0,4.371953399999995,1,17,soc
1,KAĞIT,3,,,,0,17,soc
1,AĞAÇ,4,,,,0,17,soc
1,ŞİŞE,5,,,,0,17,soc
1,PARK,6,park,6.0,5.83434920000002,1,17,soc
1,KALE,7,,,,0,17,soc
1,SARI,8,sari,7.0,19.2870256,1,17,soc
1,KÖPEK,9,,,,0,17,soc
1,RAKAM,10,,,,0,17,soc
1,BEYİN,11,,,,0,17,soc
1,BİNA,12,,,,0,17,soc
1,KOLAY,13,kolay,3.0,2.4720439999999826,1,17,soc
1,ÇANTA,14,,,,0,17,soc
1,YAZI,15,yazi,4.0,4.220175200000028,1,17,soc
1,EKRAN,16,,,,0,17,soc
1,KABLO,17,,,,0,17,soc
1,BARDAK,18,,,,0,17,soc
2,TERLİK,1,terlik,3.0,4.811228700000015,1,17,soc
2,ELMA,2,,,,0,17,soc
2,KEDİ,3,,,,0,17,soc
2,BÜYÜK,4,,,,0,17,soc
2,SEHPA,5,,,,0,17,soc
2,KISA,6,,,,0,17,soc
2,GRUP,7,,,,0,17,soc
2,TOPLU,8,,,,0,17,soc
2,TAŞLIK,9,taslik,1.0,7.648737499999981,1,17,soc
2,KAŞIK,10,,,,0,17,soc
2,DEFTER,11,,,,0,17,soc
2,TABAK,12,,,,0,17,soc
2,SPOR,13,,,,0,17,soc
2,KAPI,14,kapi,2.0,6.5399405,1,17,soc
2,KOLTUK,15,,,,0,17,soc
2,CÜZDAN,16,,,,0,17,soc
2,İLAÇ,17,,,,0,17,soc
3,DÜĞME,1,,,,0,17,soc
3,LAMBA,2,,,,0,17,soc
3,YATAK,3,,,,0,17,soc
3,HALI,4,,,,0,17,soc
3,KOKU,5,,,,0,17,soc
3,SALÇA,6,salca,1.0,5.973626599999989,1,17,soc
3,ODA,7,,,,0,17,soc
3,KOLA,8,kola,2.0,1.6993124000000537,1,17,soc
3,FIRIN,9,firin,6.0,9.790839399999982,1,17,soc
3,KİTAP,10,,,,0,17,soc
3,DUVAR,11,duvar,3.0,3.670669999999973,1,17,soc
3,ÇİÇEK,12,cicek,4.0,3.7404782999999497,1,17,soc
3,TOPRAK,13,toprak,5.0,5.488640999999916,1,17,soc
3,DOLAP,14,,,,0,17,soc
3,KÜÇÜK,15,,,,0,17,soc
3,PARKUR,16,,,,0,17,soc
3,KALAS,17,,,,0,17,soc
4,KALIP,1,kalip,4.0,5.750504100000057,1,17,soc
4,KUTU,2,,,,0,17,soc
4,KASA,3,,,,0,17,soc
4,MARKET,4,,,,0,17,soc
4,SULUK,5,,,,0,17,soc
4,SIRA,6,,,,0,17,soc
4,BAHÇE,7,,,,0,17,soc
4,ZEMİN,8,,,,0,17,soc
4,TAHTA,9,,,,0,17,soc
4,MEKTUP,10,,,,0,17,soc
4,HARİTA,11,,,,0,17,soc
4,SİLGİ,12,,,,0,17,soc
4,DERGİ,13,,,,0,17,soc
4,PARA,14,,,,0,17,soc
4,ÇORAP,15,,,,0,17,soc
4,HALKA,16,halka,1.0,2.943960400000037,1,17,soc
4,TERAS,17,teras,2.0,2.048547900000017,1,17,soc
0,MASA,1,masa,1.0,2.384352199966088,1,17,eng
0,CAM,2,cam,2.0,1.312867800006643,1,17,eng
0,SU,3,su,3.0,0.9986696999985724,1,17,eng
0,İYİLİK,4,iyilik,4.0,1.9779633999569344,1,17,eng
0,TÜTÜN,5,tütün,5.0,1.1351072998950258,1,17,eng
0,KELİME,6,kelime,6.0,1.5431571000954136,1,17,eng
1,AĞAÇ,1,ağaç,1.0,4.6385905999923125,1,17,eng
1,BARDAK,2,bardak,2.0,1.9617727000731973,1,17,eng
1,SARI,3,sarı,3.0,1.29545400000643,1,17,eng
1,EKRAN,4,,,,0,17,eng
1,ÖLÇEK,5,ölçek,6.0,3.874973200028762,1,17,eng
1,BEYİN,6,,,,0,17,eng
1,KALEM,7,kalem,4.0,2.215754700009711,1,17,eng
1,ÇANTA,8,,,,0,17,eng
1,KAĞIT,9,,,,0,17,eng
1,BİNA,10,,,,0,17,eng
1,KOLAY,11,,,,0,17,eng
1,KALE,12,,,,0,17,eng
1,PARK,13,park,5.0,1.0174672999419272,1,17,eng
1,KÖPEK,14,,,,0,17,eng
1,ŞİŞE,15,,,,0,17,eng
1,YAZI,16,,,,0,17,eng
1,RAKAM,17,,,,0,17,eng
1,KABLO,18,,,,0,17,eng
2,KEDİ,1,kedi,1.0,2.447290000040084,1,17,eng
2,TABAK,2,,,,0,17,eng
2,TOPLU,3,,,,0,17,eng
2,İLAÇ,4,,,,0,17,eng
2,GRUP,5,,,,0,17,eng
2,DEFTER,6,,,,0,17,eng
2,KOLTUK,7,koltuk,2.0,2.7393222999526188,1,17,eng
2,TERLİK,8,terlik,3.0,2.515579800005071,1,17,eng
2,SPOR,9,,,,0,17,eng
2,KAPI,10,,,,0,17,eng
2,KAŞIK,11,,,,0,17,eng
2,CÜZDAN,12,,,,0,17,eng
2,TAŞLIK,13,taşlık,4.0,2.173993299948052,1,17,eng
2,SEHPA,14,,,,0,17,eng
2,KISA,15,,,,0,17,eng
2,ELMA,16,,,,0,17,eng
2,BÜYÜK,17,,,,0,17,eng
3,LAMBA,1,,,,0,17,eng
3,DOLAP,2,,,,0,17,eng
3,YATAK,3,,,,0,17,eng
3,TOPRAK,4,,,,0,17,eng
3,KALAS,5,kalas,1.0,2.8985404999693856,1,17,eng
3,DÜĞME,6,,,,0,17,eng
3,ODA,7,,,,0,17,eng
3,KOKU,8,,,,0,17,eng
3,PARKUR,9,parkur,2.0,1.5576919000595808,1,17,eng
3,KÜÇÜK,10,,,,0,17,eng
3,FIRIN,11,,,,0,17,eng
3,HALI,12,,,,0,17,eng
3,KİTAP,13,,,,0,17,eng
3,KOLA,14,,,,0,17,eng
3,SALÇA,15,salça,3.0,1.1215180000290277,1,17,eng
3,DUVAR,16,duvar,5.0,6.034255899954587,1,17,eng
3,ÇİÇEK,17,çiçek,4.0,1.6403055000118911,1,17,eng
4,KUTU,1,kutu,1.0,1.9614107999950647,1,17,eng
4,PARA,2,para,2.0,1.1777696000644935,1,17,eng
4,ZEMİN,3,zemin,3.0,1.5080634999321774,1,17,eng
4,HALKA,4,,,,0,17,eng
4,TAHTA,5,,,,0,17,eng
4,ÇORAP,6,,,,0,17,eng
4,KALIP,7,,,,0,17,eng
4,MARKET,8,market,4.0,1.510327099938877,1,17,eng
4,SULUK,9,,,,0,17,eng
4,BAHÇE,10,,,,0,17,eng
4,HARİTA,11,,,,0,17,eng
4,SİLGİ,12,,,,0,17,eng
4,MEKTUP,13,,,,0,17,eng
4,SIRA,14,,,,0,17,eng
4,DERGİ,15,,,,0,17,eng
4,KASA,16,,,,0,17,eng
4,TERAS,17,,,,0,17,eng
0,MASA,1,masa,1.0,3.014389200000039,1,16,soc
0,CAM,2,cam,2.0,1.6863835999999992,1,16,soc
0,SU,3,su,3.0,1.2205581999999708,1,16,soc
0,İYİLİK,4,iyilik,5.0,17.83160780000003,1,16,soc
0,TÜTÜN,5,tutun,4.0,5.444297399999982,1,16,soc
0,KELİME,6,,,,0,16,soc
1,ŞİŞE,1,şişe,2.0,1.306078100000036,1,16,soc
1,KALEM,2,kalem,3.0,0.9441335999999864,1,16,soc
1,BEYİN,3,beyin,10.0,1.1964726999999584,1,16,soc
1,KALE,4,kale,6.0,2.5607151000000385,1,16,soc
1,EKRAN,5,ekran,28.0,2.351864599999999,2,16,soc
1,KOLAY,6,,,,0,16,soc
1,BARDAK,7,,,,0,16,soc
1,ÇANTA,8,,,,0,16,soc
1,KABLO,9,,,,0,16,soc
1,AĞAÇ,10,ağaç,12.0,8.301693600000021,1,16,soc
1,ÖLÇEK,11,,,,0,16,soc
1,KÖPEK,12,köpek,8.0,4.051382100000012,1,16,soc
1,RAKAM,13,rakam,4.0,0.6791904000000386,1,16,soc
1,PARK,14,,,,0,16,soc
1,SARI,15,sarı,11.0,1.1606716000000006,1,16,soc
1,BİNA,16,bina,5.0,2.009226300000023,1,16,soc
1,KAĞIT,17,,,,0,16,soc
1,YAZI,18,yazı,1.0,2.33980489999999,1,16,soc
2,KAPI,1,kapı,1.0,3.249818399999981,1,16,soc
2,TABAK,2,,,,0,16,soc
2,SEHPA,3,,,,0,16,soc
2,KISA,4,,,,0,16,soc
2,CÜZDAN,5,,,,0,16,soc
2,ELMA,6,,,,0,16,soc
2,KAŞIK,7,kaşık,11.0,2.15951629999995,1,16,soc
2,TERLİK,8,terlik,8.0,6.458853399999953,1,16,soc
2,DEFTER,9,defter,6.0,1.793012299999987,1,16,soc
2,KOLTUK,10,koltuk,16.0,2.867589100000032,2,16,soc
2,SPOR,11,,,,0,16,soc
2,TAŞLIK,12,,,,0,16,soc
2,İLAÇ,13,ilaç,7.0,1.7982363999999509,1,16,soc
2,BÜYÜK,14,,,,0,16,soc
2,KEDİ,15,kedi,5.0,0.5899351999998999,1,16,soc
2,GRUP,16,grup,4.0,1.0570517999999538,1,16,soc
2,TOPLU,17,toplu,3.0,1.0041846999999962,1,16,soc
3,KOLA,1,,,,0,16,soc
3,KÜÇÜK,2,,,,0,16,soc
3,ÇİÇEK,3,,,,0,16,soc
3,PARKUR,4,,,,0,16,soc
3,HALI,5,halı,11.0,3.837136299999997,2,16,soc
3,ODA,6,oda,11.0,0.479231000000027,1,16,soc
3,SALÇA,7,,,,0,16,soc
3,LAMBA,8,lamba,18.0,5.337815500000033,2,16,soc
3,DOLAP,9,,,,0,16,soc
3,TOPRAK,10,toprak,8.0,1.42983270000002,1,16,soc
3,DUVAR,11,,,,0,16,soc
3,FIRIN,12,fırın,3.0,1.158150199999909,1,16,soc
3,YATAK,13,,,,0,16,soc
3,KİTAP,14,,,,0,16,soc
3,DÜĞME,15,düğme,2.0,1.0244453999999903,1,16,soc
3,KALAS,16,kalas,1.0,3.408865599999899,1,16,soc
3,KOKU,17,koku,7.0,1.9324964000001048,1,16,soc
4,TERAS,1,,,,0,16,soc
4,KALIP,2,,,,0,16,soc
4,KUTU,3,,,,0,16,soc
4,ÇORAP,4,,,,0,16,soc
4,SİLGİ,5,silgi,4.0,1.04364750000002,1,16,soc
4,MARKET,6,,,,0,16,soc
4,KASA,7,kasa,4.0,2.299841299999912,2,16,soc
4,SIRA,8,sıra,3.0,0.6928158000000622,1,16,soc
4,HALKA,9,,,,0,16,soc
4,PARA,10,para,42.0,2.4769675000000007,1,16,soc
4,TAHTA,11,,,,0,16,soc
4,DERGİ,12,,,,0,16,soc
4,BAHÇE,13,,,,0,16,soc
4,HARİTA,14,,,,0,16,soc
4,SULUK,15,,,,0,16,soc
4,ZEMİN,16,zemin,1.0,1.4908590000000004,1,16,soc
4,MEKTUP,17,mektup,2.0,2.1639106000000083,1,16,soc
0,MASA,1,MASA,1.0,1.5314029000001028,1,16,eng
0,CAM,2,CAM,2.0,1.0675176000222564,1,16,eng
0,SU,3,SU,3.0,0.5579880999866873,1,16,eng
0,İYİLİK,4,,,,0,16,eng
0,TÜTÜN,5,TÜTÜN,4.0,0.9233202999457716,1,16,eng
0,KELİME,6,,,,0,16,eng
1,AĞAÇ,1,AĞAÇ,1.0,2.585525400005281,1,16,eng
1,SARI,2,SARI,5.0,0.81649210001342,1,16,eng
1,BARDAK,3,BARDAK,6.0,1.3249457000056282,1,16,eng
1,RAKAM,4,,,,0,16,eng
1,KAĞIT,5,KAĞIT,2.0,0.9775403999956324,1,16,eng
1,KALEM,6,KALEM,5.0,0.8639383000554517,2,16,eng
1,ÇANTA,7,,,,0,16,eng
1,ÖLÇEK,8,ÖLÇEK,7.0,1.2224582999479026,1,16,eng
1,PARK,9,,,,0,16,eng
1,KOLAY,10,,,,0,16,eng
1,YAZI,11,YAZI,4.0,0.9285062999697402,1,16,eng
1,KABLO,12,,,,0,16,eng
1,ŞİŞE,13,,,,0,16,eng
1,KÖPEK,14,,,,0,16,eng
1,KALE,15,,,,0,16,eng
1,BİNA,16,,,,0,16,eng
1,BEYİN,17,,,,0,16,eng
1,EKRAN,18,,,,0,16,eng
2,DEFTER,1,DEFTER,8.0,0.825144000002183,1,16,eng
2,ELMA,2,,,,0,16,eng
2,TERLİK,3,,,,0,16,eng
2,KAPI,4,,,,0,16,eng
2,CÜZDAN,5,,,,0,16,eng
2,SEHPA,6,SEHPA,4.0,1.2819005999481303,1,16,eng
2,TABAK,7,TABAK,3.0,0.936928499955684,1,16,eng
2,İLAÇ,8,,,,0,16,eng
2,BÜYÜK,9,,,,0,16,eng
2,KOLTUK,10,KOLTUK,1.0,1.3289020999800414,1,16,eng
2,SPOR,11,,,,0,16,eng
2,KEDİ,12,KEDİ,6.0,1.4751688999822363,1,16,eng
2,KAŞIK,13,KAŞIK,2.0,1.6210378999821842,1,16,eng
2,TAŞLIK,14,,,,0,16,eng
2,TOPLU,15,TOPLU,7.0,0.7582477999385446,1,16,eng
2,GRUP,16,,,,0,16,eng
2,KISA,17,,,,0,16,eng
3,ODA,1,ODA,1.0,2.3684520000824705,1,16,eng
3,KOKU,2,KOKU,8.0,2.583962699980475,2,16,eng
3,KALAS,3,KALAS,9.0,1.39251619996503,2,16,eng
3,DOLAP,4,,,,0,16,eng
3,DUVAR,5,DUVAR,2.0,1.050868000020273,1,16,eng
3,TOPRAK,6,,,,0,16,eng
3,PARKUR,7,,,,0,16,eng
3,LAMBA,8,,,,0,16,eng
3,HALI,9,,,,0,16,eng
3,ÇİÇEK,10,,,,0,16,eng
3,KİTAP,11,KİTAP,3.0,1.1767164000775665,1,16,eng
3,DÜĞME,12,DÜĞME,4.0,1.3168926999205723,1,16,eng
3,FIRIN,13,FIRIN,5.0,1.1019811000442132,1,16,eng
3,KÜÇÜK,14,KÜÇÜK,5.0,1.1457273999694737,2,16,eng
3,YATAK,15,YATAK,7.0,1.2594589000800624,1,16,eng
3,KOLA,16,,,,0,16,eng
3,SALÇA,17,,,,0,16,eng
4,HALKA,1,HALKA,4.0,1.077981200069189,1,16,eng
4,MARKET,2,MARKET,5.0,1.1819298999616876,1,16,eng
4,TAHTA,3,TAHTA,7.0,4.190107499947771,1,16,eng
4,KALIP,4,,,,0,16,eng
4,DERGİ,5,DERGİ,3.0,1.2256988999433815,1,16,eng
4,MEKTUP,6,,,,0,16,eng
4,SIRA,7,SIRA,2.0,0.6226500000339001,1,16,eng
4,SİLGİ,8,,,,0,16,eng
4,SULUK,9,,,,0,16,eng
4,ÇORAP,10,,,,0,16,eng
4,BAHÇE,11,,,,0,16,eng
4,KASA,12,,,,0,16,eng
4,KUTU,13,,,,0,16,eng
4,ZEMİN,14,ZEMİN,6.0,1.3955429000779986,1,16,eng
4,TERAS,15,,,,0,16,eng
4,PARA,16,,,,0,16,eng
4,HARİTA,17,HARİTA,1.0,1.2359545999206605,1,16,eng
0,MASA,1,masa,7.0,8.443760699999984,2,15,soc
0,CAM,2,cam,3.0,6.651537100000496,2,15,soc
0,SU,3,,,,0,15,soc
0,İYİLİK,4,iyilik,6.0,6.50075680000009,1,15,soc
0,TÜTÜN,5,tütün,4.0,7.474503399998866,1,15,soc
0,KELİME,6,,,,0,15,soc
1,RAKAM,1,rakam,12.0,10.714863100000002,1,15,soc
1,SARI,2,,,,0,15,soc
1,KOLAY,3,,,,0,15,soc
1,BİNA,4,,,,0,15,soc
1,AĞAÇ,5,,,,0,15,soc
1,ÇANTA,6,,,,0,15,soc
1,YAZI,7,,,,0,15,soc
1,KALE,8,,,,0,15,soc
1,KÖPEK,9,,,,0,15,soc
1,ŞİŞE,10,şişe,4.0,3.178376399999252,1,15,soc
1,EKRAN,11,,,,0,15,soc
1,KAĞIT,12,,,,0,15,soc
1,KABLO,13,,,,0,15,soc
1,KALEM,14,kalem,2.0,1.3951393000006649,1,15,soc
1,BEYİN,15,,,,0,15,soc
1,ÖLÇEK,16,,,,0,15,soc
1,BARDAK,17,bardak,1.0,3.434577800000625,1,15,soc
1,PARK,18,,,,0,15,soc
2,SPOR,1,,,,0,15,soc
2,SEHPA,2,,,,0,15,soc
2,CÜZDAN,3,,,,0,15,soc
2,KAŞIK,4,,,,0,15,soc
2,İLAÇ,5,,,,0,15,soc
2,TERLİK,6,,,,0,15,soc
2,KISA,7,,,,0,15,soc
2,TAŞLIK,8,,,,0,15,soc
2,ELMA,9,,,,0,15,soc
2,GRUP,10,,,,0,15,soc
2,DEFTER,11,,,,0,15,soc
2,KAPI,12,kapı,3.0,4.563982899999246,1,15,soc
2,TABAK,13,,,,0,15,soc
2,KEDİ,14,,,,0,15,soc
2,TOPLU,15,,,,0,15,soc
2,BÜYÜK,16,,,,0,15,soc
2,KOLTUK,17,koltuk,1.0,2.302498600000036,1,15,soc
3,SALÇA,1,salça,1.0,1.7009063999994396,1,15,soc
3,KİTAP,2,,,,0,15,soc
3,KOLA,3,kola,13.0,5.120103999999628,1,15,soc
3,ODA,4,oda,2.0,2.721938000000592,1,15,soc
3,PARKUR,5,,,,0,15,soc
3,KÜÇÜK,6,küçük,3.0,2.3308214000007865,1,15,soc
3,DUVAR,7,,,,0,15,soc
3,TOPRAK,8,,,,0,15,soc
3,ÇİÇEK,9,çiçek,4.0,2.1729125999991084,1,15,soc
3,DOLAP,10,,,,0,15,soc
3,LAMBA,11,,,,0,15,soc
3,HALI,12,,,,0,15,soc
3,KOKU,13,koku,5.0,1.8194339000001487,1,15,soc
3,FIRIN,14,,,,0,15,soc
3,DÜĞME,15,,,,0,15,soc
3,YATAK,16,yatak,6.0,3.0403456000003644,1,15,soc
3,KALAS,17,,,,0,15,soc
4,DERGİ,1,,,,0,15,soc
4,KASA,2,kasa,14.0,9.271448099998452,1,15,soc
4,ÇORAP,3,çorap,3.0,1.504957099999956,1,15,soc
4,SİLGİ,4,,,,0,15,soc
4,HALKA,5,,,,0,15,soc
4,KALIP,6,,,,0,15,soc
4,ZEMİN,7,zemin,2.0,1.8137939000007464,1,15,soc
4,KUTU,8,,,,0,15,soc
4,HARİTA,9,,,,0,15,soc
4,SIRA,10,,,,0,15,soc
4,MEKTUP,11,,,,0,15,soc
4,TAHTA,12,tahta,4.0,7.095689600000696,1,15,soc
4,PARA,13,,,,0,15,soc
4,MARKET,14,,,,0,15,soc
4,TERAS,15,,,,0,15,soc
4,SULUK,16,,,,0,15,soc
4,BAHÇE,17,,,,0,15,soc
0,MASA,1,masa,1.0,3.822805800009519,1,14,soc
0,CAM,2,cam,2.0,1.8977806998882445,1,14,soc
0,SU,3,su,3.0,1.275423699989915,1,14,soc
0,İYİLİK,4,iyilik,4.0,2.6215207000495866,1,14,soc
0,TÜTÜN,5,tütün,5.0,4.4654135999735445,1,14,soc
0,KELİME,6,kelime,6.0,3.0097612999379635,1,14,soc
1,MASA,1,masa,1.0,3.822805800009519,2,14,soc
1,PARK,2,park,1.0,2.52555390005,1,14,soc
1,BARDAK,3,bardak,5.0,8.507252499926835,1,14,soc
1,RAKAM,4,rakam,4.0,1.5104153000283986,1,14,soc
1,BİNA,5,,,,0,14,soc
1,SARI,6,,,,0,14,soc
1,AĞAÇ,7,,,,0,14,soc
1,YAZI,8,,,,0,14,soc
1,ÇANTA,9,,,,0,14,soc
1,BEYİN,10,,,,0,14,soc
1,KAĞIT,11,,,,0,14,soc
1,ÖLÇEK,12,,,,0,14,soc
1,KÖPEK,13,,,,0,14,soc
1,KALE,14,,,,0,14,soc
1,KALEM,15,,,,0,14,soc
1,KOLAY,16,kolay,3.0,2.70605819998309,1,14,soc
1,ŞİŞE,17,,,,0,14,soc
1,EKRAN,18,,,,0,14,soc
2,SPOR,1,spor,4.0,10.80403220001608,1,14,soc
2,KAPI,2,,,,0,14,soc
2,KEDİ,3,,,,0,14,soc
2,CÜZDAN,4,,,,0,14,soc
2,KOLTUK,5,,,,0,14,soc
2,İLAÇ,6,ilaç,5.0,4.212421200005338,1,14,soc
2,DEFTER,7,,,,0,14,soc
2,GRUP,8,,,,0,14,soc
2,KISA,9,,,,0,14,soc
2,BÜYÜK,10,,,,0,14,soc
2,ŞİŞE,11,,,,0,14,soc
2,TERLİK,12,,,,0,14,soc
2,TOPLU,13,,,,0,14,soc
2,TABAK,14,tabak,2.0,5.660015000030398,1,14,soc
2,KAŞIK,15,,,,0,14,soc
2,ELMA,16,elma,1.0,8.747646700008772,1,14,soc
2,SEHPA,17,,,,0,14,soc
3,FIRIN,1,fırın,5.0,17.468569599906914,1,14,soc
3,DUVAR,2,,,,0,14,soc
3,HALI,3,,,,0,14,soc
3,KÜÇÜK,4,,,,0,14,soc
3,SALÇA,5,,,,0,14,soc
3,ÇİÇEK,6,,,,0,14,soc
3,KALAS,7,,,,0,14,soc
3,LAMBA,8,,,,0,14,soc
3,TOPRAK,9,,,,0,14,soc
3,DÜĞME,10,,,,0,14,soc
3,PARKUR,11,parkur,1.0,7.248063200036995,1,14,soc
3,DOLAP,12,dolap,4.0,12.208007300039752,1,14,soc
3,KİTAP,13,,,,0,14,soc
3,ODA,14,oda,3.0,1.2507907999679446,1,14,soc
3,YATAK,15,yatak,2.0,6.917587400064804,1,14,soc
3,KOKU,16,,,,0,14,soc
3,CAM,17,cam,2.0,1.8977806998882445,2,14,soc
4,FIRIN,1,fırın,5.0,17.468569599906914,2,14,soc
4,KALIP,2,,,,0,14,soc
4,KUTU,3,,,,0,14,soc
4,MEKTUP,4,mektup,7.0,13.315343400114216,1,14,soc
4,ÇORAP,5,çorap,5.0,2.9791077999398112,1,14,soc
4,MARKET,6,market,4.0,1.358039600076154,1,14,soc
4,PARA,7,para,6.0,1.4009991999482736,1,14,soc
4,TERAS,8,teras,3.0,1.5594907000195235,1,14,soc
4,DERGİ,9,,,,0,14,soc
4,HARİTA,10,harita,2.0,2.898428599932231,1,14,soc
4,KASA,11,,,,0,14,soc
4,ZEMİN,12,,,,0,14,soc
4,TAHTA,13,,,,0,14,soc
4,SİLGİ,14,,,,0,14,soc
4,BAHÇE,15,,,,0,14,soc
4,HALKA,16,,,,0,14,soc
4,SIRA,17,sıra,1.0,1.4668856000062078,1,14,soc
0,MASA,1,masa,11.0,1.4605883000040194,2,13,soc
0,CAM,2,cam,2.0,1.9873787999968044,1,13,soc
0,SU,3,su,3.0,1.453803299998981,1,13,soc
0,İYİLİK,4,iyilik,4.0,2.624897699992289,1,13,soc
0,TÜTÜN,5,tütün,5.0,1.6136727000121027,1,13,soc
0,KELİME,6,,,,0,13,soc
1,RAKAM,1,,,,0,13,soc
1,BARDAK,2,bardak,6.0,34.96630010000081,2,13,soc
1,KALE,3,kale,5.0,1.9259753999940583,1,13,soc
1,KALEM,4,kalem,6.0,3.767327900000964,1,13,soc
1,PARK,5,park,10.0,3.0246159999951487,1,13,soc
1,ÇANTA,6,,,,0,13,soc
1,KAĞIT,7,kağıt,13.0,9.18337579999934,1,13,soc
1,ŞİŞE,8,şişe,6.0,1.2271178999944825,2,13,soc
1,KÖPEK,9,,,,0,13,soc
1,BİNA,10,bina,2.0,1.80469049999374,1,13,soc
1,AĞAÇ,11,ağaç,4.0,1.9260800000047311,1,13,soc
1,EKRAN,12,ekran,14.0,7.776739000008092,1,13,soc
1,YAZI,13,,,,0,13,soc
1,MASA,14,masa,11.0,1.4605883000040194,1,13,soc
1,SARI,15,sarı,1.0,4.960100199998124,1,13,soc
1,BEYİN,16,beyin,10.0,10.177670400007628,2,13,soc
1,KOLAY,17,,,,0,13,soc
1,ÖLÇEK,18,,,,0,13,soc
2,CÜZDAN,1,,,,0,13,soc
2,TERLİK,2,,,,0,13,soc
2,ŞİŞE,3,şişe,6.0,1.2271178999944825,1,13,soc
2,ELMA,4,elma,13.0,6.933931899999152,1,13,soc
2,KOLTUK,5,,,,0,13,soc
2,DEFTER,6,,,,0,13,soc
2,KAPI,7,kapı,10.0,19.29981320000661,2,13,soc
2,SEHPA,8,,,,0,13,soc
2,BÜYÜK,9,büyük,3.0,6.318511199991917,1,13,soc
2,TOPLU,10,,,,0,13,soc
2,GRUP,11,grup,2.0,12.01586350001162,1,13,soc
2,SPOR,12,spor,4.0,3.719709400000284,1,13,soc
2,KAŞIK,13,,,,0,13,soc
2,KISA,14,,,,0,13,soc
2,KEDİ,15,,,,0,13,soc
2,TABAK,16,,,,0,13,soc
2,İLAÇ,17,ilaç,1.0,1.8589709000079893,1,13,soc
3,KÜÇÜK,1,küçük,11.0,18.28168060000462,1,13,soc
3,DÜĞME,2,,,,0,13,soc
3,CAM,3,cam,2.0,1.9873787999968044,2,13,soc
3,ODA,4,,,,0,13,soc
3,TOPRAK,5,,,,0,13,soc
3,PARKUR,6,parkur,7.0,4.14627979999932,1,13,soc
3,YATAK,7,,,,0,13,soc
3,KOKU,8,,,,0,13,soc
3,ÇİÇEK,9,,,,0,13,soc
3,HALI,10,halı,3.0,8.035773600000539,1,13,soc
3,DOLAP,11,dolap,6.0,1.474725199994282,1,13,soc
3,FIRIN,12,fırın,5.0,3.748567100003129,1,13,soc
3,KALAS,13,,,,0,13,soc
3,DUVAR,14,duvar,2.0,3.235149200001615,1,13,soc
3,LAMBA,15,,,,0,13,soc
3,KİTAP,16,,,,0,13,soc
3,SALÇA,17,salça,1.0,3.2711779000092065,1,13,soc
4,SIRA,1,,,,0,13,soc
4,DERGİ,2,dergi,9.0,16.44460160000017,1,13,soc
4,ZEMİN,3,,,,0,13,soc
4,MARKET,4,,,,0,13,soc
4,KALIP,5,kalıp,6.0,2.097387399990112,1,13,soc
4,SİLGİ,6,silgi,5.0,4.345112499999232,1,13,soc
4,KUTU,7,,,,0,13,soc
4,KASA,8,,,,0,13,soc
4,BAHÇE,9,bahçe,7.0,4.07122569999774,1,13,soc
4,TERAS,10,,,,0,13,soc
4,MEKTUP,11,,,,0,13,soc
4,PARA,12,,,,0,13,soc
4,HALKA,13,,,,0,13,soc
4,FIRIN,14,fırın,5.0,3.748567100003129,2,13,soc
4,ÇORAP,15,çorap,2.0,3.8489622000051895,1,13,soc
4,HARİTA,16,harita,4.0,5.899797899997793,1,13,soc
4,TAHTA,17,tahta,1.0,2.1839303000015207,1,13,soc
0,MASA,1,masa,1.0,2.3335908000008203,1,12,soc
0,CAM,2,cam,2.0,0.8271205000000919,1,12,soc
0,SU,3,su,3.0,0.9089774000003672,1,12,soc
0,İYİLİK,4,iyilik,4.0,1.101240300000427,1,12,soc
0,TÜTÜN,5,tütün,5.0,,1,12,soc
0,KELİME,6,,,,0,12,soc
1,BARDAK,1,,,,0,12,soc
1,BEYİN,2,,,,0,12,soc
1,ŞİŞE,3,şişe,5.0,1.0162096000003658,1,12,soc
1,AĞAÇ,4,ağaç,8.0,2.431892099999459,1,12,soc
1,PARK,5,park,9.0,0.8837045999998736,1,12,soc
1,SARI,6,,,,0,12,soc
1,ÇANTA,7,,,,0,12,soc
1,ÖLÇEK,8,,,,0,12,soc
1,KÖPEK,9,,,,0,12,soc
1,BİNA,10,bina,7.0,1.578870299999835,1,12,soc
1,RAKAM,11,,,,0,12,soc
1,KAĞIT,12,,,,0,12,soc
1,KOLAY,13,,,,0,12,soc
1,EKRAN,14,ekran,6.0,1.4976219000000128,1,12,soc
1,KALE,15,kale,4.0,1.3340719999996509,1,12,soc
1,KALEM,16,kalem,3.0,1.532927500000369,1,12,soc
1,YAZI,17,yazı,2.0,2.123128500000348,1,12,soc
1,KABLO,18,kablo,1.0,3.139922800000022,1,12,soc
2,TAŞLIK,1,,,,0,12,soc
2,ELMA,2,,,,0,12,soc
2,CÜZDAN,3,,,,0,12,soc
2,GRUP,4,grup,6.0,1.933950300000106,1,12,soc
2,KISA,5,,,,0,12,soc
2,KOLTUK,6,koltuk,7.0,15.27668039999935,1,12,soc
2,TERLİK,7,,,,0,12,soc
2,İLAÇ,8,,,,0,12,soc
2,TABAK,9,,,,0,12,soc
2,KAŞIK,10,kaşık,4.0,3.136530499999936,1,12,soc
2,BÜYÜK,11,büyük,5.0,4.365936599999259,1,12,soc
2,KEDİ,12,kedi,3.0,1.2457270000004428,1,12,soc
2,DEFTER,13,,,,0,12,soc
2,TOPLU,14,toplu,1.0,2.356988999999885,1,12,soc
2,SPOR,15,,,,0,12,soc
2,SEHPA,16,sehpa,2.0,1.6150567999993657,1,12,soc
2,KAPI,17,,,,0,12,soc
3,YATAK,1,,,,0,12,soc
3,DÜĞME,2,,,,0,12,soc
3,SALÇA,3,,,,0,12,soc
3,KALAS,4,,,,0,12,soc
3,ODA,5,,,,0,12,soc
3,DUVAR,6,,,,0,12,soc
3,ÇİÇEK,7,,,,0,12,soc
3,KİTAP,8,,,,0,12,soc
3,LAMBA,9,lamba,3.0,2.33772880000015,1,12,soc
3,KÜÇÜK,10,küçük,4.0,1.4726960999996663,1,12,soc
3,PARKUR,11,,,,0,12,soc
3,DOLAP,12,,,,0,12,soc
3,FIRIN,13,fırın,2.0,1.6016894000003958,1,12,soc
3,TOPRAK,14,,,,0,12,soc
3,KOKU,15,,,,0,12,soc
3,KOLA,16,,,,0,12,soc
3,HALI,17,halı,1.0,2.1912763999998788,1,12,soc
4,BAHÇE,1,,,,0,12,soc
4,KASA,2,kasa,4.0,0.7679898000005778,1,12,soc
4,MARKET,3,,,,0,12,soc
4,TAHTA,4,tahta,2.0,2.453861899999538,1,12,soc
4,TERAS,5,,,,0,12,soc
4,ZEMİN,6,zemin,6.0,3.856693699999596,1,12,soc
4,HARİTA,7,,,,0,12,soc
4,SULUK,8,,,,0,12,soc
4,ÇORAP,9,,,,0,12,soc
4,PARA,10,para,5.0,0.6619300999991538,1,12,soc
4,KALIP,11,,,,0,12,soc
4,MEKTUP,12,,,,0,12,soc
4,DERGİ,13,,,,0,12,soc
4,HALKA,14,,,,0,12,soc
4,KUTU,15,,,,0,12,soc
4,SİLGİ,16,silgi,1.0,3.669465900000432,1,12,soc
4,SIRA,17,,,,0,12,soc
0,MASA,1,masa,2.0,2.3433936999999787,2,12,eng
0,CAM,2,cam,2.0,1.548574500000086,1,12,eng
0,SU,3,,,,0,12,eng
0,İYİLİK,4,iyilik,4.0,2.2426803000000746,1,12,eng
0,TÜTÜN,5,,,,0,12,eng
0,KELİME,6,kelime,5.0,2.8245803999999453,1,12,eng
1,YAZI,1,yazı,1.0,2.786610500000052,1,12,eng
1,BARDAK,2,bardak,11.0,3.600384700000064,1,12,eng
1,ÇANTA,3,çanta,2.0,4.509363399999984,1,12,eng
1,KAĞIT,4,kağıt,3.0,2.036258499999917,1,12,eng
1,KALE,5,kale,5.0,1.0783290999999051,1,12,eng
1,PARK,6,,,,0,12,eng
1,SARI,7,sarı,8.0,1.5641882999999552,1,12,eng
1,BİNA,8,,,,0,12,eng
1,RAKAM,9,,,,0,12,eng
1,ŞİŞE,10,şişe,10.0,5.553672799999958,1,12,eng
1,AĞAÇ,11,ağaç,9.0,8.315134300000068,1,12,eng
1,BEYİN,12,,,,0,12,eng
1,KALEM,13,kalem,4.0,2.181005899999945,1,12,eng
1,KÖPEK,14,,,,0,12,eng
1,KABLO,15,,,,0,12,eng
1,ÖLÇEK,16,,,,0,12,eng
1,KOLAY,17,kolay,6.0,3.033311499999968,1,12,eng
1,EKRAN,18,ekran,7.0,1.5117060000000038,1,12,eng
2,GRUP,1,grup,5.0,2.627931399999966,1,12,eng
2,KEDİ,2,kedi,6.0,1.3004086999999345,1,12,eng
2,TAŞLIK,3,taşlık,4.0,1.515738899999974,1,12,eng
2,SPOR,4,,,,0,12,eng
2,TOPLU,5,,,,0,12,eng
2,TERLİK,6,,,,0,12,eng
2,BÜYÜK,7,,,,0,12,eng
2,SEHPA,8,sehpa,3.0,2.0080937000000176,1,12,eng
2,TABAK,9,,,,0,12,eng
2,KOLTUK,10,,,,0,12,eng
2,KAŞIK,11,,,,0,12,eng
2,KAPI,12,,,,0,12,eng
2,KISA,13,,,,0,12,eng
2,ELMA,14,,,,0,12,eng
2,CÜZDAN,15,,,,0,12,eng
2,DEFTER,16,,,,0,12,eng
2,İLAÇ,17,,,,0,12,eng
3,HALI,1,halı,3.0,1.1317305000000033,1,12,eng
3,KİTAP,2,kitap,4.0,1.609826000000112,1,12,eng
3,LAMBA,3,lamba,6.0,9.489903600000162,1,12,eng
3,DÜĞME,4,,,,0,12,eng
3,KALAS,5,kalas,7.0,5.898623400000133,2,12,eng
3,DUVAR,6,,,,0,12,eng
3,TOPRAK,7,,,,0,12,eng
3,PARKUR,8,,,,0,12,eng
3,SALÇA,9,,,,0,12,eng
3,DOLAP,10,,,,0,12,eng
3,ÇİÇEK,11,,,,0,12,eng
3,FIRIN,12,,,,0,12,eng
3,YATAK,13,,,,0,12,eng
3,KOLA,14,,,,0,12,eng
3,KÜÇÜK,15,,,,0,12,eng
3,KOKU,16,koku,2.0,1.3140599000000748,1,12,eng
3,ODA,17,oda,1.0,2.2240746999998464,1,12,eng
4,SIRA,1,sıra,2.0,4.341498400000091,1,12,eng
4,HALKA,2,halka,3.0,1.7331838000000062,1,12,eng
4,SİLGİ,3,silgi,5.0,1.362528999999995,1,12,eng
4,ÇORAP,4,çorap,4.0,2.143443500000103,1,12,eng
4,KASA,5,,,,0,12,eng
4,PARA,6,,,,0,12,eng
4,DERGİ,7,,,,0,12,eng
4,MARKET,8,,,,0,12,eng
4,MEKTUP,9,,,,0,12,eng
4,HARİTA,10,,,,0,12,eng
4,TAHTA,11,,,,0,12,eng
4,BAHÇE,12,,,,0,12,eng
4,SULUK,13,,,,0,12,eng
4,KUTU,14,,,,0,12,eng
4,TERAS,15,,,,0,12,eng
4,ZEMİN,16,zemin,6.0,3.888988599999948,1,12,eng
4,KALIP,17,,,,0,12,eng
0,MASA,1,masa,1.0,2.3547750999996424,1,11,soc
0,CAM,2,cam,2.0,3.0217946000002485,1,11,soc
0,SU,3,su,3.0,1.3574262000001909,1,11,soc
0,İYİLİK,4,iyilik,4.0,2.5895024999999805,1,11,soc
0,TÜTÜN,5,tütün,5.0,1.977360200000476,1,11,soc
0,KELİME,6,kelime,6.0,1.9656401000002008,1,11,soc
1,RAKAM,1,rakam,1.0,2.399586900000031,1,11,soc
1,ŞİŞE,2,şişe,2.0,1.3502368999997998,1,11,soc
1,PARK,3,park,3.0,1.293803100000332,1,11,soc
1,KALEM,4,kalem,4.0,1.09806159999971,1,11,soc
1,KOLAY,5,,,,0,11,soc
1,BEYİN,6,beyin,5.0,1.924364500000593,1,11,soc
1,BARDAK,7,bardak,11.0,4.028747000000294,1,11,soc
1,KALE,8,kale,6.0,1.3334005999995495,1,11,soc
1,AĞAÇ,9,,,,0,11,soc
1,KAĞIT,10,,,,0,11,soc
1,KABLO,11,,,,0,11,soc
1,ÖLÇEK,12,,,,0,11,soc
1,YAZI,13,,,,0,11,soc
1,KÖPEK,14,köpek,8.0,2.3469340999999986,1,11,soc
1,BİNA,15,bina,9.0,1.7392687999999907,1,11,soc
1,SARI,16,,,,0,11,soc
1,EKRAN,17,ekran,7.0,1.5817845000001398,1,11,soc
1,ÇANTA,18,,,,0,11,soc
2,KOLTUK,1,,,,0,11,soc
2,TERLİK,2,,,,0,11,soc
2,ELMA,3,,,,0,11,soc
2,KEDİ,4,,,,0,11,soc
2,TOPLU,5,,,,0,11,soc
2,TABAK,6,,,,0,11,soc
2,CÜZDAN,7,,,,0,11,soc
2,TAŞLIK,8,,,,0,11,soc
2,GRUP,9,,,,0,11,soc
2,İLAÇ,10,,,,0,11,soc
2,BÜYÜK,11,,,,0,11,soc
2,KISA,12,,,,0,11,soc
2,KAŞIK,13,,,,0,11,soc
2,KAPI,14,,,,0,11,soc
2,SPOR,15,,,,0,11,soc
2,DEFTER,16,defter,1.0,2.783939300000384,1,11,soc
2,SEHPA,17,sehpa,2.0,2.018120599999748,1,11,soc
3,PARKUR,1,parkur,1.0,2.649472699999933,1,11,soc
3,FIRIN,2,fırın,2.0,2.1133063000006587,1,11,soc
3,DOLAP,3,,,,0,11,soc
3,ODA,4,oda,4.0,1.1719397999995635,1,11,soc
3,SALÇA,5,,,,0,11,soc
3,KALAS,6,,,,0,11,soc
3,DUVAR,7,,,,0,11,soc
3,TOPRAK,8,,,,0,11,soc
3,HALI,9,,,,0,11,soc
3,LAMBA,10,lamba,3.0,1.9745405000003304,1,11,soc
3,KİTAP,11,,,,0,11,soc
3,ÇİÇEK,12,çiçek,4.0,1.5922133000003669,2,11,soc
3,YATAK,13,,,,0,11,soc
3,KOKU,14,,,,0,11,soc
3,KOLA,15,,,,0,11,soc
3,DÜĞME,16,,,,0,11,soc
3,KÜÇÜK,17,,,,0,11,soc
4,HARİTA,1,,,,0,11,soc
4,TAHTA,2,,,,0,11,soc
4,SIRA,3,,,,0,11,soc
4,PARA,4,,,,0,11,soc
4,ÇORAP,5,,,,0,11,soc
4,SİLGİ,6,,,,0,11,soc
4,HALKA,7,,,,0,11,soc
4,KASA,8,,,,0,11,soc
4,MARKET,9,,,,0,11,soc
4,ZEMİN,10,zemin,1.0,2.740440599999601,1,11,soc
4,SULUK,11,suluk,2.0,1.8384494000001723,1,11,soc
4,BAHÇE,12,bahçe,3.0,2.2650821000006545,1,11,soc
4,KUTU,13,,,,0,11,soc
4,DERGİ,14,,,,0,11,soc
4,MEKTUP,15,,,,0,11,soc
4,TERAS,16,,,,0,11,soc
4,KALIP,17,,,,0,11,soc
0,MASA,1,masa,1.0,3.329173799999978,1,11,eng
0,CAM,2,cam,2.0,1.2182166000000052,1,11,eng
0,SU,3,su,3.0,1.9489829999999984,1,11,eng
0,İYİLİK,4,iyilik,4.0,2.6643621000000053,1,11,eng
0,TÜTÜN,5,tütün,5.0,1.666953700000022,1,11,eng
0,KELİME,6,,,,0,11,eng
1,YAZI,1,yazı,1.0,2.2407988,1,11,eng
1,BEYİN,2,beyin,2.0,1.2983115000000112,1,11,eng
1,EKRAN,3,ekran,4.0,6.617662399999972,1,11,eng
1,PARK,4,,,,0,11,eng
1,KALEM,5,,,,0,11,eng
1,KÖPEK,6,köpek,3.0,3.0379016999999635,1,11,eng
1,SARI,7,,,,0,11,eng
1,ÇANTA,8,,,,0,11,eng
1,ŞİŞE,9,,,,0,11,eng
1,KABLO,10,,,,0,11,eng
1,ÖLÇEK,11,,,,0,11,eng
1,KOLAY,12,,,,0,11,eng
1,RAKAM,13,,,,0,11,eng
1,KALE,14,,,,0,11,eng
1,KAĞIT,15,,,,0,11,eng
1,BARDAK,16,,,,0,11,eng
1,AĞAÇ,17,,,,0,11,eng
1,BİNA,18,,,,0,11,eng
2,KAPI,1,kapı,1.0,6.899538699999994,1,11,eng
2,CÜZDAN,2,,,,0,11,eng
2,SPOR,3,,,,0,11,eng
2,SEHPA,4,sehpa,2.0,3.0256162999999674,1,11,eng
2,ELMA,5,,,,0,11,eng
2,TERLİK,6,,,,0,11,eng
2,DEFTER,7,,,,0,11,eng
2,TOPLU,8,,,,0,11,eng
2,GRUP,9,,,,0,11,eng
2,TAŞLIK,10,,,,0,11,eng
2,KOLTUK,11,,,,0,11,eng
2,KEDİ,12,,,,0,11,eng
2,KISA,13,,,,0,11,eng
2,KAŞIK,14,,,,0,11,eng
2,BÜYÜK,15,,,,0,11,eng
2,İLAÇ,16,,,,0,11,eng
2,TABAK,17,,,,0,11,eng
3,HALI,1,halı,1.0,5.318393200000003,1,11,eng
3,KİTAP,2,kitap,2.0,1.6067239999999856,1,11,eng
3,ÇİÇEK,3,çiçek,3.0,2.612369300000012,1,11,eng
3,YATAK,4,yatak,4.0,1.5128011999999558,1,11,eng
3,KÜÇÜK,5,,,,0,11,eng
3,DOLAP,6,,,,0,11,eng
3,DÜĞME,7,,,,0,11,eng
3,FIRIN,8,,,,0,11,eng
3,KOLA,9,,,,0,11,eng
3,TOPRAK,10,,,,0,11,eng
3,SALÇA,11,,,,0,11,eng
3,KOKU,12,,,,0,11,eng
3,PARKUR,13,,,,0,11,eng
3,DUVAR,14,,,,0,11,eng
3,ODA,15,,,,0,11,eng
3,KALAS,16,,,,0,11,eng
3,LAMBA,17,,,,0,11,eng
4,SİLGİ,1,silgi,1.0,4.620905499999935,1,11,eng
4,MARKET,2,,,,0,11,eng
4,HALKA,3,,,,0,11,eng
4,ÇORAP,4,çorap,2.0,5.782222299999944,1,11,eng
4,ZEMİN,5,,,,0,11,eng
4,PARA,6,,,,0,11,eng
4,BAHÇE,7,,,,0,11,eng
4,SIRA,8,,,,0,11,eng
4,KUTU,9,,,,0,11,eng
4,TERAS,10,,,,0,11,eng
4,SULUK,11,,,,0,11,eng
4,HARİTA,12,,,,0,11,eng
4,MEKTUP,13,,,,0,11,eng
4,KALIP,14,,,,0,11,eng
4,KASA,15,,,,0,11,eng
4,TAHTA,16,,,,0,11,eng
4,DERGİ,17,,,,0,11,eng
0,MASA,1,masa,1.0,9.156804700032808,1,10,soc
0,CAM,2,,,,0,10,soc
0,SU,3,,,,0,10,soc
0,İYİLİK,4,iyilik,2.0,3.679103200091049,1,10,soc
0,TÜTÜN,5,,,,0,10,soc
0,KELİME,6,kelime,3.0,1.7800101999891922,1,10,soc
1,RAKAM,1,,,,0,10,soc
1,YAZI,2,,,,0,10,soc
1,KALE,3,kale,2.0,1.426508600008674,1,10,soc
1,KOLAY,4,kolay,3.0,1.8332747999811545,1,10,soc
1,MASA,5,masa,1.0,9.156804700032808,2,10,soc
1,ÇANTA,6,çanta,3.0,2.692650099983439,2,10,soc
1,KÖPEK,7,,,,0,10,soc
1,ÖLÇEK,8,,,,0,10,soc
1,EKRAN,9,,,,0,10,soc
1,BARDAK,10,,,,0,10,soc
1,ŞİŞE,11,,,,0,10,soc
1,KAĞIT,12,,,,0,10,soc
1,KALEM,13,,,,0,10,soc
1,BEYİN,14,,,,0,10,soc
1,PARK,15,,,,0,10,soc
1,AĞAÇ,16,ağaç,4.0,1.8001010000007227,1,10,soc
1,SARI,17,,,,0,10,soc
1,BİNA,18,,,,0,10,soc
2,ŞİŞE,1,,,,0,10,soc
2,DEFTER,2,,,,0,10,soc
2,SPOR,3,spor,2.0,1.472168399952352,1,10,soc
2,KOLTUK,4,koltuk,3.0,1.6453297999687493,1,10,soc
2,BÜYÜK,5,,,,0,10,soc
2,CÜZDAN,6,,,,0,10,soc
2,İLAÇ,7,,,,0,10,soc
2,TERLİK,8,,,,0,10,soc
2,KAŞIK,9,,,,0,10,soc
2,KISA,10,,,,0,10,soc
2,KEDİ,11,,,,0,10,soc
2,KAPI,12,,,,0,10,soc
2,TOPLU,13,,,,0,10,soc
2,SEHPA,14,,,,0,10,soc
2,TABAK,15,,,,0,10,soc
2,GRUP,16,,,,0,10,soc
2,ELMA,17,elma,1.0,4.419550299993716,1,10,soc
3,PARKUR,1,parkur,7.0,2.399403000017628,1,10,soc
3,KALAS,2,kalas,2.0,8.22576550010126,2,10,soc
3,DOLAP,3,,,,0,10,soc
3,KÜÇÜK,4,küçük,1.0,5.069886099896394,1,10,soc
3,SALÇA,5,salça,6.0,1.6946381999878213,1,10,soc
3,KOKU,6,,,,0,10,soc
3,TOPRAK,7,,,,0,10,soc
3,KİTAP,8,,,,0,10,soc
3,ODA,9,,,,0,10,soc
3,HALI,10,halı,5.0,1.6549173999810591,1,10,soc
3,CAM,11,,,,0,10,soc
3,DUVAR,12,duvar,4.0,1.674592399969697,1,10,soc
3,FIRIN,13,,,,0,10,soc
3,ÇİÇEK,14,,,,0,10,soc
3,DÜĞME,15,,,,0,10,soc
3,YATAK,16,yatak,2.0,2.456898399977945,1,10,soc
3,LAMBA,17,lamba,3.0,1.3609557000454515,1,10,soc
4,HARİTA,1,,,,0,10,soc
4,ÇORAP,2,,,,0,10,soc
4,SIRA,3,,,,0,10,soc
4,PARA,4,,,,0,10,soc
4,HALKA,5,,,,0,10,soc
4,KASA,6,kasa,4.0,1.3181090999860317,1,10,soc
4,MEKTUP,7,,,,0,10,soc
4,BAHÇE,8,,,,0,10,soc
4,MARKET,9,,,,0,10,soc
4,TERAS,10,,,,0,10,soc
4,SİLGİ,11,,,,0,10,soc
4,FIRIN,12,,,,0,10,soc
4,TAHTA,13,,,,0,10,soc
4,KALIP,14,,,,0,10,soc
4,ZEMİN,15,,,,0,10,soc
4,DERGİ,16,,,,0,10,soc
4,KUTU,17,kutu,1.0,2.91453409998212,1,10,soc
0,MASA,1,masa,1.0,2.260715599999969,1,10,eng
0,CAM,2,cam,3.0,2.898421199999973,2,10,eng
0,SU,3,,,,0,10,eng
0,İYİLİK,4,iyilik,5.0,1.7330732000000353,1,10,eng
0,TÜTÜN,5,tütün,6.0,2.180793699999981,1,10,eng
0,KELİME,6,,,,0,10,eng
1,EKRAN,1,ekran,1.0,2.760100000000022,1,10,eng
1,KABLO,2,kablo,2.0,1.662884800000029,1,10,eng
1,KOLAY,3,,,,0,10,eng
1,KALE,4,kale,4.0,4.7694847999999865,1,10,eng
1,SARI,5,,,,0,10,eng
1,ÇANTA,6,,,,0,10,eng
1,AĞAÇ,7,agaç,8.0,6.422735900000021,1,10,eng
1,KÖPEK,8,,,,0,10,eng
1,YAZI,9,,,,0,10,eng
1,KALEM,10,kalem,9.0,10.809735499999988,1,10,eng
1,BİNA,11,,,,0,10,eng
1,RAKAM,12,,,,0,10,eng
1,ŞİŞE,13,şişe,6.0,1.216104400000006,1,10,eng
1,ÖLÇEK,14,ölçek,5.0,4.782892299999958,1,10,eng
1,PARK,15,,,,0,10,eng
1,BEYİN,16,beyin,7.0,2.297250599999984,1,10,eng
1,KAĞIT,17,,,,0,10,eng
1,BARDAK,18,,,,0,10,eng
2,SPOR,1,spor,6.0,1.7689327999999591,1,10,eng
2,SEHPA,2,sehpa,7.0,1.6551997999999912,1,10,eng
2,GRUP,3,grup,8.0,8.000175899999988,1,10,eng
2,DEFTER,4,,,,0,10,eng
2,ELMA,5,,,,0,10,eng
2,KOLTUK,6,,,,0,10,eng
2,TERLİK,7,,,,0,10,eng
2,CÜZDAN,8,,,,0,10,eng
2,KAPI,9,kapı,9.0,1.9740749999999707,1,10,eng
2,KISA,10,,,,0,10,eng
2,TOPLU,11,toplu,1.0,3.4461756999999693,1,10,eng
2,TABAK,12,tabak,2.0,2.74447269999996,1,10,eng
2,KAŞIK,13,kaşık,3.0,2.388436899999988,1,10,eng
2,BÜYÜK,14,büyük,4.0,1.9799241000000047,1,10,eng
2,KEDİ,15,kedi,5.0,1.4352358999999524,1,10,eng
2,İLAÇ,16,,,,0,10,eng
2,TAŞLIK,17,,,,0,10,eng
3,DOLAP,1,,,,0,10,eng
3,KOKU,2,,,,0,10,eng
3,YATAK,3,,,,0,10,eng
3,ÇİÇEK,4,,,,0,10,eng
3,PARKUR,5,,,,0,10,eng
3,DÜĞME,6,düğme,5.0,2.8590364000000363,1,10,eng
3,SALÇA,7,salça,6.0,15.052834599999985,1,10,eng
3,TOPRAK,8,toprak,1.0,2.82790220000004,1,10,eng
3,LAMBA,9,lamba,2.0,1.4656670000000531,1,10,eng
3,DUVAR,10,,,,0,10,eng
3,KÜÇÜK,11,küçük,4.0,3.135757699999999,1,10,eng
3,KİTAP,12,kitap,3.0,2.198176800000056,1,10,eng
3,FIRIN,13,,,,0,10,eng
3,ODA,14,,,,0,10,eng
3,KOLA,15,,,,0,10,eng
3,KALAS,16,,,,0,10,eng
3,HALI,17,,,,0,10,eng
4,ZEMİN,1,zemin,6.0,2.350096600000029,1,10,eng
4,KALIP,2,,,,0,10,eng
4,MARKET,3,,,,0,10,eng
4,SİLGİ,4,silgi,10.0,2.506727000000012,2,10,eng
4,PARA,5,,,,0,10,eng
4,MEKTUP,6,,,,0,10,eng
4,KASA,7,,,,0,10,eng
4,KUTU,8,,,,0,10,eng
4,HALKA,9,,,,0,10,eng
4,SIRA,10,,,,0,10,eng
4,TAHTA,11,,,,0,10,eng
4,SULUK,12,suluk,1.0,3.146310500000027,1,10,eng
4,HARİTA,13,,,,0,10,eng
4,DERGİ,14,,,,0,10,eng
4,TERAS,15,,,,0,10,eng
4,BAHÇE,16,bahçe,2.0,2.506034,1,10,eng
4,ÇORAP,17,çorap,3.0,3.109720300000049,1,10,eng
0,MASA,1,masa,1.0,2.3179185999999845,1,1,soc
0,CAM,2,cam,2.0,0.9311929000000418,1,1,soc
0,SU,3,su,3.0,1.768599300000005,1,1,soc
0,İYİLİK,4,iyilik,4.0,2.36561729999994,1,1,soc
0,TÜTÜN,5,tütün,5.0,1.4157999999999902,1,1,soc
0,KELİME,6,kelime,6.0,2.413257599999952,1,1,soc
1,KAĞIT,1,KAĞIT,4.0,1.425258999999869,1,1,soc
1,AĞAÇ,2,,,,0,1,soc
1,ÖLÇEK,3,ÖLÇEK,5.0,1.110162199999877,1,1,soc
1,YAZI,4,,,,0,1,soc
1,KABLO,5,,,,0,1,soc
1,SARI,6,SARI,14.0,3.479809800000112,2,1,soc
1,KOLAY,7,,,,0,1,soc
1,RAKAM,8,,,,0,1,soc
1,ÇANTA,9,,,,0,1,soc
1,PARK,10,PARK,8.0,1.0478978999999526,1,1,soc
1,EKRAN,11,EKRAN,3.0,0.9869255000000976,1,1,soc
1,BARDAK,12,,,,0,1,soc
1,BİNA,13,,,,0,1,soc
1,KALEM,14,KALEM,6.0,3.4134378000001107,1,1,soc
1,BEYİN,15,,,,0,1,soc
1,KALE,16,,,,0,1,soc
1,ŞİŞE,17,ŞİŞE,1.0,4.213903300000084,1,1,soc
1,KÖPEK,18,KÖPEK,2.0,1.466084500000079,1,1,soc
2,ELMA,1,ELMA,16.0,0.7342177999998967,1,1,soc
2,KEDİ,2,KEDİ,11.0,2.846606599999859,1,1,soc
2,KAPI,3,,,,0,1,soc
2,SPOR,4,SPOR,10.0,0.6980082000000039,1,1,soc
2,KISA,5,KISA,8.0,0.7309754999998859,1,1,soc
2,SEHPA,6,SEHPA,9.0,2.43789159999983,1,1,soc
2,KOLTUK,7,KOLTUK,6.0,2.426393100000041,1,1,soc
2,İLAÇ,8,İLAÇ,7.0,0.8451395000001867,1,1,soc
2,TAŞLIK,9,TAŞLIK,10.0,3.900519099999883,2,1,soc
2,KAŞIK,10,,,,0,1,soc
2,DEFTER,11,DEFTER,5.0,1.1692709999999806,1,1,soc
2,BÜYÜK,12,BÜYÜK,4.0,1.3047887999998693,1,1,soc
2,GRUP,13,GRUP,12.0,2.427651100000048,1,1,soc
2,CÜZDAN,14,,,,0,1,soc
2,TOPLU,15,TOPLU,2.0,1.171687099999872,1,1,soc
2,TERLİK,16,TERLİK,3.0,2.0665235999999823,1,1,soc
2,TABAK,17,TABAK,1.0,1.5691219000000274,1,1,soc
3,ODA,1,ODA,4.0,1.769803199999842,1,1,soc
3,LAMBA,2,,,,0,1,soc
3,TOPRAK,3,,,,0,1,soc
3,DUVAR,4,,,,0,1,soc
3,SALÇA,5,SALÇA,8.0,0.897018800000069,1,1,soc
3,KÜÇÜK,6,KÜÇÜK,9.0,1.5858643000001391,1,1,soc
3,PARKUR,7,PARKUR,3.0,1.4996092999999746,1,1,soc
3,KİTAP,8,KİTAP,5.0,1.7602967000000262,1,1,soc
3,DÜĞME,9,DÜĞME,6.0,2.5527346000001216,1,1,soc
3,YATAK,10,YATAK,7.0,1.0290666000000783,1,1,soc
3,KOKU,11,,,,0,1,soc
3,ÇİÇEK,12,,,,0,1,soc
3,DOLAP,13,,,,0,1,soc
3,FIRIN,14,,,,0,1,soc
3,KOLA,15,,,,0,1,soc
3,KALAS,16,KALAS,2.0,0.8141150999999809,1,1,soc
3,HALI,17,HALI,1.0,2.7560618999998496,1,1,soc
4,TERAS,1,,,,0,1,soc
4,BAHÇE,2,,,,0,1,soc
4,DERGİ,3,DERGİ,8.0,0.9867022000000816,1,1,soc
4,SIRA,4,,,,0,1,soc
4,SULUK,5,,,,0,1,soc
4,SİLGİ,6,,,,0,1,soc
4,KASA,7,KASA,3.0,0.5174121000000014,1,1,soc
4,HARİTA,8,HARİTA,5.0,3.101823400000057,1,1,soc
4,KUTU,9,KUTU,4.0,0.754662000000053,1,1,soc
4,TAHTA,10,,,,0,1,soc
4,MARKET,11,,,,0,1,soc
4,HALKA,12,,,,0,1,soc
4,MEKTUP,13,,,,0,1,soc
4,ÇORAP,14,,,,0,1,soc
4,KALIP,15,,,,0,1,soc
4,ZEMİN,16,,,,0,1,soc
4,PARA,17,PARA,1.0,2.127990400000044,1,1,soc
0,MASA,1,masa,1.0,2.8622445000801235,1,1,eng
0,CAM,2,cam,2.0,0.9459243998862804,1,1,eng
0,SU,3,su,3.0,0.8099811000283808,1,1,eng
0,İYİLİK,4,iyilik,4.0,1.9836426000110805,1,1,eng
0,TÜTÜN,5,tütün,5.0,1.573222600156441,1,1,eng
0,KELİME,6,kelime,6.0,2.0786648001521826,1,1,eng
1,SARI,1,sarı,1.0,2.349788899999112,1,1,eng
1,RAKAM,2,rakam,3.0,1.0740910999011248,1,1,eng
1,MASA,3,masa,1.0,2.8622445000801235,2,1,eng
1,AĞAÇ,4,ağaç,4.0,3.28222390008159,1,1,eng
1,KÖPEK,5,köpek,7.0,1.7346896999515593,1,1,eng
1,KALEM,6,kalem,5.0,1.2407637001015246,1,1,eng
1,EKRAN,7,,,,0,1,eng
1,YAZI,8,,,,0,1,eng
1,PARK,9,,,,0,1,eng
1,KOLAY,10,,,,0,1,eng
1,BARDAK,11,,,,0,1,eng
1,KAĞIT,12,kağıt,8.0,1.6294479998759923,1,1,eng
1,BİNA,13,bina,6.0,1.4311112000141293,1,1,eng
1,ÖLÇEK,14,,,,0,1,eng
1,ŞİŞE,15,,,,0,1,eng
1,ÇANTA,16,,,,0,1,eng
1,BEYİN,17,,,,0,1,eng
1,KALE,18,,,,0,1,eng
2,TERLİK,1,,,,0,1,eng
2,BÜYÜK,2,büyük,3.0,1.8242879000026733,1,1,eng
2,GRUP,3,grup,4.0,1.1191376000642776,1,1,eng
2,KEDİ,4,kedi,6.0,2.156616699881852,1,1,eng
2,KOLTUK,5,,,,0,1,eng
2,KAŞIK,6,,,,0,1,eng
2,KISA,7,kısa,5.0,0.7682047002017498,1,1,eng
2,DEFTER,8,,,,0,1,eng
2,KAPI,9,,,,0,1,eng
2,CÜZDAN,10,,,,0,1,eng
2,TABAK,11,,,,0,1,eng
2,SPOR,12,,,,0,1,eng
2,ELMA,13,,,,0,1,eng
2,SEHPA,14,,,,0,1,eng
2,ŞİŞE,15,,,,0,1,eng
2,TOPLU,16,toplu,1.0,1.7312425998970866,1,1,eng
2,İLAÇ,17,,,,0,1,eng
3,DOLAP,1,dolap,1.0,2.869751499965787,1,1,eng
3,KALAS,2,,,,0,1,eng
3,KÜÇÜK,3,,,,0,1,eng
3,YATAK,4,yatak,3.0,1.7632778999395669,1,1,eng
3,HALI,5,halı,2.0,1.877051200019196,1,1,eng
3,DÜĞME,6,düğme,9.0,4.431042000185698,1,1,eng
3,PARKUR,7,,,,0,1,eng
3,KOKU,8,,,,0,1,eng
3,ODA,9,oda,4.0,0.5500721000134945,1,1,eng
3,LAMBA,10,lamba,6.0,1.0811968999914825,1,1,eng
3,DUVAR,11,duvar,5.0,2.061134000075981,1,1,eng
3,FIRIN,12,fırın,8.0,1.4052450999151915,1,1,eng
3,SALÇA,13,salça,7.0,2.7519127000123262,1,1,eng
3,KİTAP,14,kitap,5.0,2.5329948000144213,2,1,eng
3,CAM,15,cam,2.0,0.9459243998862804,2,1,eng
3,ÇİÇEK,16,,,,0,1,eng
3,TOPRAK,17,,,,0,1,eng
4,TERAS,1,teras,3.0,1.2211772999726236,1,1,eng
4,KALIP,2,,,,0,1,eng
4,KUTU,3,,,,0,1,eng
4,PARA,4,,,,0,1,eng
4,MARKET,5,,,,0,1,eng
4,ZEMİN,6,,,,0,1,eng
4,HALKA,7,,,,0,1,eng
4,HARİTA,8,,,,0,1,eng
4,KASA,9,,,,0,1,eng
4,BAHÇE,10,bahçe,2.0,1.816801599925384,1,1,eng
4,FIRIN,11,fırın,8.0,1.4052450999151915,2,1,eng
4,DERGİ,12,dergi,4.0,1.1910870999563483,1,1,eng
4,MEKTUP,13,,,,0,1,eng
4,SİLGİ,14,,,,0,1,eng
4,ÇORAP,15,,,,0,1,eng
4,SIRA,16,,,,0,1,eng
4,TAHTA,17,,,,0,1,eng
0,MASA,1,masa,1.0,2.6664756999998644,1,0,soc
0,CAM,2,cam,2.0,1.3005435000013676,1,0,soc
0,SU,3,su,3.0,1.18185910000102,1,0,soc
0,İYİLİK,4,iyilik,4.0,1.9977074999987965,1,0,soc
0,TÜTÜN,5,tütün,6.0,1.5606752000021515,1,0,soc
0,KELİME,6,kelime,5.0,1.7123752000006789,1,0,soc
1,SARI,1,sarı,1.0,2.803437799997482,1,0,soc
1,BEYİN,2,beyin,2.0,2.263507399999071,1,0,soc
1,BARDAK,3,bardak,3.0,2.131568500000867,1,0,soc
1,ÇANTA,4,,,,0,0,soc
1,KAĞIT,5,kağıt,9.0,6.03748849999829,1,0,soc
1,ÖLÇEK,6,,,,0,0,soc
1,ŞİŞE,7,şişe,6.0,1.1363756000027934,1,0,soc
1,YAZI,8,,,,0,0,soc
1,EKRAN,9,,,,0,0,soc
1,KOLAY,10,,,,0,0,soc
1,KALEM,11,kalem,7.0,1.2126671000005445,1,0,soc
1,RAKAM,12,,,,0,0,soc
1,KÖPEK,13,,,,0,0,soc
1,BİNA,14,,,,0,0,soc
1,PARK,15,,,,0,0,soc
1,KALE,16,kale,4.0,1.5360847000010835,1,0,soc
1,KABLO,17,,,,0,0,soc
1,AĞAÇ,18,,,,0,0,soc
2,KAPI,1,kapı,1.0,2.714545000002545,1,0,soc
2,TAŞLIK,2,taşlık,2.0,2.196399599997676,1,0,soc
2,TABAK,3,tabak,3.0,2.0717070999999123,1,0,soc
2,KEDİ,4,kedi,4.0,1.2900093999996898,1,0,soc
2,SEHPA,5,sehpa,7.0,5.681675200001337,1,0,soc
2,SPOR,6,,,,0,0,soc
2,DEFTER,7,,,,0,0,soc
2,CÜZDAN,8,,,,0,0,soc
2,KAŞIK,9,,,,0,0,soc
2,KOLTUK,10,,,,0,0,soc
2,BÜYÜK,11,büyük,6.0,2.0386419000024034,1,0,soc
2,ELMA,12,elma,5.0,1.4697875000019849,1,0,soc
2,GRUP,13,,,,0,0,soc
2,TOPLU,14,,,,0,0,soc
2,TERLİK,15,,,,0,0,soc
2,İLAÇ,16,,,,0,0,soc
2,KISA,17,,,,0,0,soc
3,YATAK,1,yatak,1.0,2.7689472999991267,1,0,soc
3,KOLA,2,kola,2.0,1.737765899997612,1,0,soc
3,DUVAR,3,duvar,3.0,1.6060096999972302,1,0,soc
3,KÜÇÜK,4,küçük,4.0,1.6196754000011424,1,0,soc
3,ÇİÇEK,5,çiçek,5.0,1.6916176000013363,1,0,soc
3,ODA,6,oda,6.0,1.359610800001974,1,0,soc
3,SALÇA,7,,,,0,0,soc
3,FIRIN,8,,,,0,0,soc
3,DOLAP,9,,,,0,0,soc
3,LAMBA,10,,,,0,0,soc
3,KALAS,11,kalas,8.0,2.507735999999568,1,0,soc
3,TOPRAK,12,,,,0,0,soc
3,DÜĞME,13,,,,0,0,soc
3,KOKU,14,,,,0,0,soc
3,KİTAP,15,kitap,8.0,1.6157129000021089,2,0,soc
3,HALI,16,,,,0,0,soc
3,PARKUR,17,,,,0,0,soc
4,PARA,1,para,1.0,2.075681300000724,1,0,soc
4,TAHTA,2,tahta,2.0,1.534554100002424,1,0,soc
4,SİLGİ,3,silgi,3.0,1.4816501999994216,1,0,soc
4,ZEMİN,4,zemin,4.0,2.689986199999112,1,0,soc
4,DERGİ,5,,,,0,0,soc
4,HALKA,6,,,,0,0,soc
4,ÇORAP,7,çorap,5.0,1.6228685000023688,1,0,soc
4,KUTU,8,,,,0,0,soc
4,SULUK,9,,,,0,0,soc
4,SIRA,10,,,,0,0,soc
4,BAHÇE,11,,,,0,0,soc
4,MARKET,12,market,7.0,1.4668313000001945,1,0,soc
4,TERAS,13,,,,0,0,soc
4,HARİTA,14,harita,6.0,2.0222257999994326,1,0,soc
4,MEKTUP,15,,,,0,0,soc
4,KASA,16,,,,0,0,soc
4,KALIP,17,,,,0,0,soc
0,MASA,1,masa,1.0,0.0,1,0,eng
0,CAM,2,cam,2.0,0.0,1,0,eng
0,SU,3,su,3.0,0.0,1,0,eng
0,İYİLİK,4,ıyılık,4.0,0.0,1,0,eng
0,TÜTÜN,5,tutun,5.0,0.0,1,0,eng
0,KELİME,6,,,,0,0,eng
1,SARI,1,sarı,3.0,0.0,1,0,eng
1,KAĞIT,2,kagıt,2.0,0.0,1,0,eng
1,YAZI,3,yazı,8.0,0.0,1,0,eng
1,EKRAN,4,,,,0,0,eng
1,PARK,5,,,,0,0,eng
1,ŞİŞE,6,,,,0,0,eng
1,KOLAY,7,,,,0,0,eng
1,AĞAÇ,8,agaç,5.0,0.0,1,0,eng
1,KALE,9,kale,6.0,0.0,1,0,eng
1,KALEM,10,kalem,7.0,0.0,1,0,eng
1,BEYİN,11,,,,0,0,eng
1,ÇANTA,12,canta,4.0,0.0,1,0,eng
1,ÖLÇEK,13,ölçek,5.0,0.0,2,0,eng
1,BARDAK,14,,,,0,0,eng
1,MASA,15,masa,1.0,0.0,2,0,eng
1,KÖPEK,16,,,,0,0,eng
1,RAKAM,17,,,,0,0,eng
1,BİNA,18,bına,1.0,0.0,1,0,eng
2,DEFTER,1,defter,3.0,0.0,1,0,eng
2,BÜYÜK,2,büyük,4.0,0.0,1,0,eng
2,KAŞIK,3,kaşık,2.0,0.0,1,0,eng
2,GRUP,4,,,,0,0,eng
2,KAPI,5,,,,0,0,eng
2,ŞİŞE,6,,,,0,0,eng
2,İLAÇ,7,,,,0,0,eng
2,ELMA,8,,,,0,0,eng
2,KEDİ,9,,,,0,0,eng
2,TABAK,10,,,,0,0,eng
2,KOLTUK,11,,,,0,0,eng
2,CÜZDAN,12,,,,0,0,eng
2,SPOR,13,,,,0,0,eng
2,KISA,14,,,,0,0,eng
2,TOPLU,15,,,,0,0,eng
2,SEHPA,16,,,,0,0,eng
2,TERLİK,17,,,,0,0,eng
3,KİTAP,1,kıtap,4.0,0.0,1,0,eng
3,KALAS,2,,,,0,0,eng
3,HALI,3,,,,0,0,eng
3,FIRIN,4,fırın,9.0,0.0,2,0,eng
3,LAMBA,5,,,,0,0,eng
3,PARKUR,6,,,,0,0,eng
3,KÜÇÜK,7,,,,0,0,eng
3,KOKU,8,,,,0,0,eng
3,YATAK,9,,,,0,0,eng
3,TOPRAK,10,,,,0,0,eng
3,ÇİÇEK,11,,,,0,0,eng
3,DÜĞME,12,,,,0,0,eng
3,SALÇA,13,,,,0,0,eng
3,CAM,14,cam,2.0,0.0,2,0,eng
3,DOLAP,15,dolap,1.0,0.0,1,0,eng
3,ODA,16,oda,2.0,0.0,1,0,eng
3,DUVAR,17,duvar,3.0,0.0,1,0,eng
4,KASA,1,kasa,8.0,0.0,1,0,eng
4,DERGİ,2,,,,0,0,eng
4,KUTU,3,,,,0,0,eng
4,SİLGİ,4,silgi,6.0,0.0,1,0,eng
4,MARKET,5,market,4.0,0.0,1,0,eng
4,ÇORAP,6,çorap,7.0,0.0,1,0,eng
4,TERAS,7,,,,0,0,eng
4,KALIP,8,,,,0,0,eng
4,FIRIN,9,fırın,9.0,0.0,1,0,eng
4,TAHTA,10,,,,0,0,eng
4,HALKA,11,,,,0,0,eng
4,BAHÇE,12,,,,0,0,eng
4,ZEMİN,13,,,,0,0,eng
4,HARİTA,14,,,,0,0,eng
4,MEKTUP,15,mektup,5.0,0.0,1,0,eng
4,PARA,16,para,2.0,0.0,1,0,eng
4,SIRA,17,,,,0,0,eng
