,LISTID,PRESENTED_WORD,PRESENT_POSITION,HIT,PARTICIPANT_GROUP,MOST_SIM_VAL,MOST_SIM_DIST,AVG_SIM_PREV_1,AVG_CONTRAST_1,AVG_SIM_PREV_5,AVG_CONTRAST_5,PREV_SIM,STM_SEMANTIC_D,STM_MAX_SIM,STM_MAX_SIM_DIST,STM_MAX_SIM_POS,UNIQUENESS,PRESENT_ZONE,SAME_CLUSTER_IN_Z1,SAME_CLUSTER_IN_Z2,SAME_CLUSTER_IN_Z3,SAME_CLUSTER_IN_Z1_COUNT,SAME_CLUSTER_IN_Z2_COUNT,SAME_CLUSTER_IN_Z3_COUNT,CATEGORY_IN_STM_4,CATEGORY_IN_STM_1,CLUSTER,P_ID
6,1,KALEM,1,1,soc,,,,0.661098806490829,,0.5060916218989405,,0.0,1.0,0,0,1.0,1,1,0,1,1,0,2,0,0,8,soc9
7,1,ÖLÇEK,2,0,soc,0.3264311289142347,1.0,0.3264311289142347,0.6434995839885697,0.3264311289142347,0.5477594142717053,0.3264311289142347,0.0,0.3264311289142347,1,0,0.661098806490829,1,1,0,1,1,0,1,0,0,1,soc9
8,1,ÇANTA,3,0,soc,0.36836082413049515,2.0,0.09814947988187869,0.6168133557825657,0.2332551520061869,0.4758563529196004,0.09814947988187869,0.3264311289142347,0.36836082413049515,2,0,0.6323855266871513,1,1,0,0,1,0,0,0,0,5,soc9
9,1,AĞAÇ,4,1,soc,0.462612321243832,2.0,0.456667922479698,0.5045133123840848,0.44945437654807313,0.3974017645960831,0.456667922479698,0.7929414329266086,0.462612321243832,2,1,0.4860720174472348,1,1,0,1,1,0,1,0,0,9,soc9
10,1,PARK,5,0,soc,0.5999582642389087,1.0,0.5999582642389087,0.5898180731223253,0.3385576259324891,0.5180973505991953,0.5999582642389087,2.1413045625708276,0.5999582642389087,1,3,0.5206072037630076,2,0,1,1,0,1,1,0,0,3,soc9
11,1,SARI,6,0,soc,0.282269608051793,5.0,0.09356134374069908,0.6802062102925897,0.1611730911366303,0.5586818050960751,0.09356134374069908,2.1903530271555898,0.20962666624132295,2,3,0.6407154549038125,2,0,1,0,0,2,0,0,0,2,soc9
12,1,ŞİŞE,7,0,soc,0.7290655094278011,4.0,0.16511979017404738,0.6162291190403609,0.3847611632597267,0.43966451444208443,0.16511979017404738,1.8165901493992134,0.7290655094278011,4,2,0.4850537942555223,2,0,1,1,0,1,2,0,0,0,soc9
13,1,BEYİN,8,0,soc,0.39902049243806387,7.0,0.3926957632344366,0.5839006971234646,0.2979357245460536,0.4498292366482848,0.3926957632344366,1.901159080589492,0.3926957632344366,1,6,0.5314892771837161,2,0,1,1,0,1,1,0,0,6,soc9
14,1,BARDAK,9,0,soc,0.9133266973789964,2.0,0.4806540371260736,0.5411514407043877,0.5160853993692835,0.40103296344529593,0.4806540371260736,1.365433328491319,0.9133266973789964,2,6,0.4361955349412783,2,0,1,0,0,2,0,1,0,2,soc9
15,1,MASA,10,0,soc,0.5113822943249875,2.0,0.4671443744649894,0.5936196954857182,0.366229231601286,0.4744869822899356,0.4671443744649894,2.5242973421617996,0.5113822943249875,2,7,0.5139012458527656,3,0,1,1,0,1,2,1,0,0,soc9
16,1,YAZI,11,1,soc,0.7730691951070705,10.0,0.22727038358865126,0.5924086027921922,0.22284790093701332,0.5015851157620186,0.22727038358865126,3.1023316663396057,0.4868718316772624,3,7,0.5983151851679825,3,1,0,1,1,0,2,0,0,8,soc9
17,1,KAĞIT,12,0,soc,0.8790552457670859,8.0,0.4699779847941003,0.5765398917708198,0.5349907148742968,0.4031739156278872,0.4699779847941003,2.3517314403896457,0.7632916113080702,3,8,0.4564972350030093,3,1,0,1,1,0,1,0,0,9,soc9
18,1,BİNA,13,0,soc,0.526662887280119,8.0,0.20140033317492984,0.6446566845555004,0.2278019866768329,0.5222418865019979,0.20140033317492984,2.5231175296561257,0.32865309713256186,3,9,0.5913818598898393,3,0,1,1,0,1,1,0,0,3,soc9
19,1,KOLAY,14,0,soc,0.4734206706671342,2.0,0.21757328697261005,0.6209467290849031,0.28249637283034196,0.536500129592075,0.21757328697261005,1.8043022268329114,0.4734206706671342,2,11,0.5708175503362611,3,0,0,1,0,0,1,0,0,7,soc9
20,1,RAKAM,15,0,soc,0.7057482398165602,4.0,0.28238371705315357,0.5882266994338875,0.41233676673161324,0.46460410696060905,0.28238371705315357,1.8093572892941863,0.7057482398165602,4,10,0.4631855321109156,3,1,0,1,1,0,2,1,0,8,soc9
21,1,KÖPEK,16,0,soc,0.7030623490479981,8.0,0.3241388164109434,0.6670653929825615,0.32372754075251403,0.5167374624398545,0.3241388164109434,1.977872550818812,0.5652011362224488,4,11,0.5149701202400289,3,0,1,1,0,1,1,0,0,6,soc9
22,1,EKRAN,17,0,soc,0.17971877537199893,15.0,0.06892109976867276,0.7264002313799109,0.09363739066761669,0.6448755515411029,0.06892109976867276,1.5342487402001592,0.16685243706845343,2,14,0.6588988859937254,3,1,0,1,1,0,1,0,0,1,soc9
23,1,KALE,18,0,soc,0.5201944127892401,17.0,0.0565781266529315,0.7879581683125618,0.09531248421940709,0.6350035179575382,0.0565781266529315,1.0860733886742908,0.1013962364792445,2,15,0.6671362716679368,3,0,1,1,0,1,2,0,0,0,soc9
24,2,TABAK,1,0,soc,,,,0.5377285156773015,,0.45670435126029874,,0.0,1.0,0,0,1.0,1,1,0,1,1,0,2,0,0,2,soc9
25,2,TERLİK,2,0,soc,0.696091259952675,1.0,0.696091259952675,0.5066572368400472,0.696091259952675,0.3780502925647691,0.696091259952675,0.0,0.696091259952675,1,0,0.5377285156773015,1,1,1,0,1,1,0,0,0,5,soc9
26,2,ŞİŞE,3,0,soc,0.6471321095142732,2.0,0.48286947750654785,0.5022346788109531,0.5650007935104105,0.47842616734237564,0.48286947750654785,0.696091259952675,0.6471321095142732,2,0,0.5092941796212833,1,1,1,1,1,1,1,0,0,0,soc9
27,2,KEDİ,4,1,soc,0.6789120984624636,2.0,0.6761578317891384,0.47557223013546823,0.6045839417528619,0.43932007032776055,0.6761578317891384,1.826092846973496,0.6789120984624636,2,1,0.45734677307166494,1,1,0,0,1,0,0,0,0,6,soc9
28,2,CÜZDAN,5,0,soc,0.8193907759305923,3.0,0.6472935879145645,0.4755638709346086,0.6400619327425764,0.39551913522936843,0.6472935879145645,3.639844672232081,0.8193907759305923,3,1,0.42408492174588663,2,1,1,0,1,1,0,1,0,5,soc9
29,2,KAPI,6,0,soc,0.6490652151450355,1.0,0.6490652151450355,0.5455830818457108,0.5058144121421637,0.4506968257424132,0.6490652151450355,3.893940610610393,0.6490652151450355,1,4,0.4804190393147929,2,1,1,1,1,1,1,1,0,0,soc9
30,2,GRUP,7,0,soc,0.502224383114703,5.0,0.3518004809128885,0.6048819126614996,0.22546748670826408,0.5252748180501928,0.3518004809128885,3.5140311299088918,0.3518004809128885,1,5,0.6456998070734921,2,0,1,1,0,1,1,0,0,1,soc9
31,2,BÜYÜK,8,0,soc,0.3362760149904467,7.0,0.19943086376091435,0.6397861450996234,0.2225576944714295,0.5045086605787796,0.19943086376091435,2.463467785977659,0.2985866110533916,3,4,0.5781044308886352,2,0,1,1,0,1,2,0,0,7,soc9
32,2,DEFTER,9,1,soc,0.627572112708787,4.0,0.2104612106089422,0.6757778678198614,0.32373690250923126,0.49785816876669164,0.2104612106089422,1.921361142351341,0.627572112708787,4,4,0.5516566351621619,2,0,1,0,0,1,0,0,0,8,soc9
33,2,SPOR,10,0,soc,0.5270647491536371,8.0,0.09651783689816874,0.6740842747237661,0.2200731571199755,0.5773437344060823,0.09651783689816874,1.5263593681046332,0.5263829283054188,3,6,0.5785199399320861,3,0,1,1,0,1,1,1,0,1,soc9
34,2,TOPLU,11,0,soc,0.3821091830560145,4.0,0.18524182394017147,0.6855882431976712,0.2642036233675971,0.5013006753131628,0.18524182394017147,1.5072323514999624,0.3821091830560145,4,6,0.5484038822072759,3,0,1,1,0,1,2,1,0,7,soc9
35,2,ELMA,12,0,soc,0.6297280067709563,8.0,0.045818250181442775,0.6222146170225381,0.13095713526416494,0.5517533485166238,0.045818250181442775,1.2451121001026304,0.3613344312106457,4,7,0.6381317284844061,3,1,0,1,1,0,2,0,0,2,soc9
36,2,KAŞIK,13,0,soc,0.9312959692780304,12.0,0.710909757728838,0.41324580913308895,0.35930062997098117,0.4197945047427304,0.710909757728838,0.8212505793367143,0.710909757728838,1,11,0.45958056987719687,3,1,0,1,1,0,2,1,1,2,soc9
37,2,SEHPA,14,1,soc,0.8855161527891529,1.0,0.8855161527891529,0.5793314970995846,0.4070544165135413,0.4371902125778413,0.8855161527891529,1.3937165674418337,0.8855161527891529,1,12,0.5050521393771303,3,1,1,1,1,1,1,0,0,0,soc9
38,2,KISA,15,1,soc,0.5207710106964843,7.0,0.08383875483831103,0.6324538240648154,0.17177844465901743,0.5916676903377087,0.08383875483831103,2.436360188938057,0.4690134993133757,4,10,0.5954969518657761,3,0,1,1,0,1,2,1,0,7,soc9
39,2,İLAÇ,16,1,soc,0.5590760257125165,14.0,0.3362406535068727,0.6298110721593113,0.30248128585216205,0.5242569441259124,0.3362406535068727,2.1753098539846505,0.4344606358040247,3,12,0.5186111356353309,3,0,0,1,0,0,1,0,0,4,soc9
40,2,KOLTUK,17,0,soc,0.7434975641506587,3.0,0.029203119997723542,0.8173126855229538,0.2191363588910717,0.6853375869101503,0.029203119997723542,2.1006158016077654,0.7434975641506587,3,13,0.7107336748441264,3,0,0,1,0,0,1,0,0,3,soc9
41,3,PARKUR,1,0,soc,,,,0.7523875643766171,,0.5435775347173413,,0.0,1.0,0,0,1.0,1,1,1,1,1,2,1,0,0,3,soc9
42,3,TOPRAK,2,0,soc,0.1075101025382844,1.0,0.1075101025382844,0.6395144944689937,0.1075101025382844,0.5642107166081269,0.1075101025382844,0.0,0.1075101025382844,1,0,0.7523875643766171,1,1,0,1,1,0,1,0,0,4,soc9
43,3,KALAS,3,0,soc,0.3025544957014579,1.0,0.3025544957014579,0.6517168098826214,0.26376427568984856,0.6034611227751286,0.3025544957014579,0.1075101025382844,0.3025544957014579,1,1,0.5996473248568567,1,1,1,0,1,1,0,0,0,7,soc9
44,3,DOLAP,4,1,soc,0.5442373948670083,3.0,0.06873446823740795,0.5622779950668229,0.2696070195506344,0.3896491745792905,0.06873446823740795,0.6350386539179815,0.5442373948670083,3,0,0.585286483155661,1,1,0,1,1,0,5,0,0,0,soc9
45,3,KİTAP,5,1,soc,0.6275266564175318,1.0,0.6275266564175318,0.5701504216784992,0.3105236349430599,0.4838071129588575,0.6275266564175318,1.4438597125698847,0.6275266564175318,1,3,0.524940520612519,2,0,1,0,0,1,0,0,0,8,soc9
46,3,ODA,6,0,soc,0.4934739458063485,2.0,0.35278921307620603,0.643580274770587,0.24749467322550042,0.5582526121809481,0.35278921307620603,1.5054166591552662,0.4934739458063485,2,3,0.5712841822063373,2,1,1,1,1,2,1,0,0,3,soc9
47,3,HALI,7,0,soc,0.5556237903853873,3.0,0.12609603276321196,0.6685642574214756,0.28824874676995244,0.49248734489141954,0.12609603276321196,1.672436745260292,0.5556237903853873,3,3,0.5716741074760368,2,0,1,0,0,1,0,0,0,5,soc9
48,3,KÜÇÜK,8,0,soc,0.5165683044205327,5.0,0.271068399182324,0.6086549748165624,0.37460176397281664,0.4498303762580277,0.271068399182324,2.4675043869544524,0.4546590965537116,4,3,0.5359866425071211,2,1,1,0,1,1,0,0,0,7,soc9
49,3,DUVAR,9,0,soc,0.7200170034852962,5.0,0.28670730434761627,0.5898450724744757,0.37767405932223286,0.45013664750495563,0.28670730434761627,1.6926614132350233,0.32761648091339823,2,6,0.5406396082134046,2,1,1,1,1,2,1,1,0,3,soc9
50,3,SALÇA,10,0,soc,0.7797495872476483,6.0,0.44545718329862005,0.5399152261539654,0.35779219031124765,0.3981516428029035,0.44545718329862005,1.551357155916155,0.751662779508489,3,6,0.49444752602444475,3,1,0,1,1,0,5,0,0,0,soc9
51,3,CAM,11,0,soc,0.5115847975344388,7.0,0.49834917923103184,0.5798283777894774,0.30586626503802067,0.5095995962328135,0.49834917923103184,2.4765341187828955,0.49834917923103184,1,9,0.5379967382941736,3,1,0,1,1,0,5,1,1,0,soc9
52,3,ÇİÇEK,12,1,soc,0.7185540294184415,4.0,0.3230987275766486,0.6118907055035288,0.4105804832612927,0.4797289953868771,0.3230987275766486,2.3400087246875434,0.7185540294184415,4,7,0.5026260910615759,3,0,0,1,0,0,1,0,0,2,soc9
53,3,YATAK,13,0,soc,0.7480478841854629,7.0,0.21549039796171957,0.5906440251606815,0.339547100463511,0.4914500006726076,0.21549039796171957,2.500049660207988,0.5071903540306528,3,9,0.5497109490192362,3,1,1,1,1,2,1,1,0,3,soc9
54,3,LAMBA,14,1,soc,0.8145371713165205,4.0,0.4692454526562302,0.4209214145207414,0.550314845795623,0.35174685879022094,0.4692454526562302,2.3427189902380996,0.8145371713165205,4,9,0.45258730593717245,3,1,0,1,1,0,5,1,0,0,soc9
55,3,DÜĞME,15,1,soc,0.9823856774645168,1.0,0.9823856774645168,0.35825790319022377,0.6847353994888398,0.3166542666737021,0.9823856774645168,2.2523950363776093,0.9823856774645168,1,13,0.38803752530207947,3,1,0,1,1,0,5,1,1,0,soc9
56,3,KOKU,16,0,soc,0.7679684291054976,6.0,0.700374303081745,0.476247318199129,0.43927231546535406,0.49289350573130053,0.700374303081745,2.9138385901054877,0.700374303081745,1,14,0.4655351125418782,3,1,0,1,1,0,1,0,0,4,soc9
57,3,FIRIN,17,1,soc,0.9575447667524211,7.0,0.6742146260946187,0.5458262784200583,0.553733620137761,0.4341215973594298,0.6742146260946187,3.5585594980538846,0.7746284895080563,2,14,0.421048872012178,3,1,0,1,1,0,5,1,0,0,soc9
58,4,TAHTA,1,1,soc,,,,0.5498031824505731,,0.4865637768391108,,0.0,1.0,0,0,1.0,1,1,0,1,1,0,2,0,0,0,soc9
59,4,MARKET,2,0,soc,0.6632277689878967,1.0,0.6632277689878967,0.559879662115222,0.6632277689878967,0.42328406055204615,0.6632277689878967,0.0,0.6632277689878967,1,0,0.5498031824505731,1,1,1,1,2,1,1,0,0,5,soc9
60,4,MEKTUP,3,0,soc,0.2583237938526194,2.0,0.14360736451266068,0.6998773580898348,0.20096557918264002,0.5531337307860151,0.14360736451266068,0.6632277689878967,0.2583237938526194,2,0,0.6585446212320152,1,1,1,0,1,1,0,0,0,7,soc9
61,4,KASA,4,0,soc,0.7216362036201042,2.0,0.12327705017558624,0.6746639196919871,0.3912364247607482,0.49240243080652757,0.12327705017558624,1.0651589273531767,0.7216362036201042,2,1,0.5262756956129442,1,1,1,1,2,1,1,1,0,5,soc9
62,4,HARİTA,5,0,soc,0.28506620294828056,4.0,0.11595531880374066,0.6777341478741565,0.15648059345134274,0.5600524704250561,0.11595531880374066,2.2388682016354213,0.28506620294828056,4,0,0.6327860698637158,2,0,1,1,0,1,1,0,0,1,soc9
63,4,DERGİ,6,0,soc,0.36777367596527766,4.0,0.13114612730878486,0.6673318289713965,0.2320722148001034,0.5615137563201271,0.13114612730878486,1.3293767891654413,0.36777367596527766,4,1,0.5770647504055184,2,0,1,1,0,1,1,0,0,8,soc9
64,4,PARA,7,0,soc,0.60207201097775,3.0,0.14720529265446836,0.6584486220235489,0.33143414419351247,0.47341083421612107,0.14720529265446836,0.8981281301229,0.60207201097775,3,3,0.5044693620767751,2,1,1,1,2,1,1,1,0,5,soc9
65,4,ZEMİN,8,0,soc,0.44897899543936426,6.0,0.17043047953602236,0.6226477202846503,0.22690577446797713,0.46672750308642963,0.17043047953602236,1.225622714424043,0.41780844155107905,3,4,0.565621797113717,2,0,1,1,0,1,2,0,0,3,soc9
66,4,HALKA,9,0,soc,0.531413672102889,6.0,0.3726544150948415,0.6281826456605661,0.24323052564085562,0.5112055704725186,0.3726544150948415,1.1773247750899893,0.42133583163229127,2,6,0.5553725400073843,2,1,1,0,1,1,0,0,0,7,soc9
67,4,TERAS,10,0,soc,0.7799382870425406,2.0,0.181151422062853,0.715155883251394,0.29430983565561275,0.45178204464217364,0.181151422062853,1.3427930556565544,0.7799382870425406,2,7,0.5221137129047274,3,0,1,1,0,1,2,1,0,3,soc9
68,4,SIRA,11,0,soc,0.24573466174940206,2.0,0.03938689500512195,0.7555384063319533,0.12971894629547268,0.6004768368101352,0.03938689500512195,2.07972415014165,0.24573466174940206,2,8,0.6316654881288004,3,0,1,1,0,1,1,0,0,1,soc9
69,4,FIRIN,12,0,soc,0.6122989307190158,11.0,0.055369895066235096,0.6432358517847132,0.23313780918635385,0.4866883583089059,0.055369895066235096,1.7184857751427431,0.46766602231624255,2,9,0.5776280438861527,3,1,0,1,1,0,2,0,0,0,soc9
70,4,KUTU,13,0,soc,0.808938780912267,12.0,0.3957480763403479,0.5821989883727736,0.2614859241893034,0.47051042820936606,0.3957480763403479,1.1218549320082651,0.3957480763403479,1,11,0.5581004839343753,3,1,0,1,1,0,2,1,1,0,soc9
71,4,BAHÇE,14,0,soc,0.9242042644743286,4.0,0.3078966444328167,0.595797744905594,0.39317962663188083,0.4538822026399012,0.3078966444328167,1.2392430491524167,0.9242042644743286,4,9,0.44745156037751344,3,0,1,1,0,1,2,1,0,3,soc9
72,4,SİLGİ,15,0,soc,0.4265112590925666,14.0,0.37753416215806646,0.5630490337117295,0.29313778474549956,0.48748557291139405,0.37753416215806646,1.4376840951991823,0.3830295564092362,3,11,0.5341211126390714,3,0,1,1,0,1,1,0,0,8,soc9
73,4,KALIP,16,0,soc,0.6188865632814411,3.0,0.36024447841269697,0.49949269508245764,0.3471318268150807,0.4576094344544892,0.36024447841269697,2.154722672619867,0.6188865632814411,3,12,0.49510229781238024,3,0,0,1,0,0,1,0,0,9,soc9
74,4,ÇORAP,17,1,soc,0.7259905593396109,1.0,0.7259905593396109,0.5262053784519032,0.5549098579766085,0.40557585861700796,0.7259905593396109,2.105721232407671,0.7259905593396109,1,15,0.40600157005470905,3,1,1,1,2,1,1,0,0,5,soc9
81,1,RAKAM,1,1,eng,,,,0.6764298870423158,,0.5296490942372123,,0.0,1.0,0,0,1.0,1,1,0,1,2,0,1,0,0,8,eng9
82,1,KOLAY,2,0,eng,0.28238371705315357,1.0,0.28238371705315357,0.6681931194979587,0.28238371705315357,0.5819534763524442,0.28238371705315357,0.0,0.28238371705315357,1,0,0.6764298870423158,1,1,0,0,1,0,0,0,0,7,eng9
83,1,KALEM,3,0,eng,0.5024065825084536,2.0,0.09708840487306382,0.6417078976561635,0.2997474936907587,0.49147421938991154,0.09708840487306382,0.28238371705315357,0.5024065825084536,2,0,0.6166644769398639,1,1,0,1,2,0,1,1,0,8,eng9
84,1,SARI,4,1,eng,0.282269608051793,1.0,0.282269608051793,0.6694177902837317,0.1910772148198082,0.578337705569562,0.282269608051793,0.881878704434671,0.282269608051793,1,2,0.609779833363956,1,1,0,1,1,0,1,0,0,2,eng9
85,1,KABLO,5,1,eng,0.3978887006445183,2.0,0.07220956163168167,0.713351371111921,0.18812933434976434,0.5034646219260659,0.07220956163168167,1.4551103488940955,0.3978887006445183,2,2,0.599394423345486,2,0,1,1,0,1,2,0,0,0,eng9
86,1,BEYİN,6,0,eng,0.4029670298152104,5.0,0.10455170938820792,0.6903878089415851,0.26983061232171024,0.47257238785687095,0.10455170938820792,1.21627383131589,0.39902049243806387,3,2,0.5570166253474101,2,0,1,1,0,1,1,0,0,6,eng9
87,1,EKRAN,7,0,eng,0.34175146148381974,2.0,0.13256015992885034,0.7076545947395554,0.1331972104737988,0.6083593101614821,0.13256015992885034,1.5144523540618136,0.34175146148381974,2,4,0.6237268212288583,2,0,1,1,0,1,1,0,0,1,eng9
88,1,PARK,8,0,eng,0.31828230066954966,3.0,0.06923379954979036,0.6014601404876945,0.1858078077124234,0.48718174330791153,0.06923379954979036,0.9591156006583037,0.31828230066954966,3,4,0.5913776421067556,2,0,1,0,0,2,0,0,0,3,eng9
89,1,BİNA,9,0,eng,0.526662887280119,1.0,0.526662887280119,0.5642656650571787,0.28610470206453087,0.484384761414248,0.526662887280119,1.2330338254425204,0.526662887280119,1,7,0.5154939924965299,2,0,1,0,0,2,0,1,1,3,eng9
90,1,KAĞIT,10,0,eng,0.6893193775666414,7.0,0.20140033317492984,0.6415058009131872,0.2546813589470826,0.43649635496515204,0.20140033317492984,1.422083059685221,0.4241782244223956,4,5,0.5713245061841437,3,0,0,1,0,0,2,0,0,9,eng9
91,1,KALE,11,0,eng,0.5201944127892401,8.0,0.17425219913190834,0.6300466835213523,0.2548365547321937,0.5273671222772511,0.17425219913190834,1.235152663900182,0.4948033738522656,3,7,0.570781261105041,3,0,1,1,0,1,2,0,0,0,eng9
92,1,ÖLÇEK,12,0,eng,0.496776122821186,11.0,0.30143518765657895,0.649314685242399,0.2758356572748782,0.49842103526138504,0.30143518765657895,1.8297926831075289,0.36686193996346983,2,9,0.5361009037134277,3,0,1,1,0,1,1,0,0,1,eng9
93,1,KÖPEK,13,0,eng,0.7030623490479981,7.0,0.05664867227195266,0.5791002651401284,0.2688229323557191,0.4565829037078539,0.05664867227195266,1.5179091591218485,0.5652011362224488,3,9,0.5636648774877513,3,0,1,1,0,1,1,0,0,6,eng9
94,1,AĞAÇ,14,0,eng,0.8790552457670859,4.0,0.6954360267136221,0.46820276048103426,0.5433878839243474,0.3599924364848007,0.6954360267136221,1.565795371725603,0.8790552457670859,4,9,0.38728826013686424,3,0,0,1,0,0,2,1,0,9,eng9
95,1,ŞİŞE,15,0,eng,0.6440032611822291,1.0,0.6440032611822291,0.451039601219548,0.45534854451388096,0.41890342566174754,0.6440032611822291,1.8863148104374285,0.6440032611822291,1,13,0.48016520383921113,3,0,1,1,0,1,2,1,0,0,eng9
96,1,ÇANTA,16,0,eng,0.7290655094278011,1.0,0.7290655094278011,0.5174672551431898,0.3966586343424911,0.4703209998885335,0.7290655094278011,2.6895572210205154,0.7290655094278011,1,14,0.48346762344031335,3,0,0,1,0,0,1,0,0,5,eng9
97,1,YAZI,17,0,eng,0.7730691951070705,14.0,0.19881469839452814,0.6566122985112868,0.2648111909304687,0.5635611286265845,0.19881469839452814,3.6537860310528227,0.3754979357132496,3,13,0.6108547321698696,3,1,0,1,2,0,1,0,0,8,eng9
98,1,BARDAK,18,0,eng,0.9133266973789964,3.0,0.17840851920768158,0.717071494676951,0.5348933345930507,0.4129838306620589,0.17840851920768158,2.483644228040837,0.9133266973789964,3,14,0.4075718360501146,3,1,0,1,1,0,1,0,0,2,eng9
99,2,SPOR,1,0,eng,,,,0.5960441126324747,,0.560601185096385,,0.0,1.0,0,0,1.0,1,1,0,0,2,0,0,0,0,1,eng9
100,2,GRUP,2,0,eng,0.5263829283054188,1.0,0.5263829283054188,0.5483586081605518,0.5263829283054188,0.5404968892315694,0.5263829283054188,0.0,0.5263829283054188,1,0,0.5960441126324747,1,1,0,0,2,0,0,1,1,1,eng9
101,2,DEFTER,3,0,eng,0.20722865546321656,1.0,0.20722865546321656,0.662969787552482,0.15187324618069264,0.5446246904207842,0.20722865546321656,0.5263829283054188,0.20722865546321656,1,1,0.678789364125658,1,1,0,0,1,0,0,0,0,8,eng9
102,2,TERLİK,4,0,eng,0.5270647491536371,3.0,0.17034196864977283,0.5619898720571739,0.39987703363937105,0.3719484067430523,0.17034196864977283,0.8301294206668041,0.5270647491536371,3,0,0.5052042245488702,1,1,1,0,1,1,0,0,0,5,eng9
103,2,CÜZDAN,5,0,eng,0.8193907759305923,1.0,0.8193907759305923,0.5588038199406712,0.4324485850023188,0.41744629932967103,0.8193907759305923,2.029760521584917,0.8193907759305923,1,3,0.5295973006515605,2,1,1,0,1,1,0,1,1,5,eng9
104,2,ELMA,6,0,eng,0.4192738136834496,2.0,0.25288628001879576,0.6458671264391197,0.18395861772619632,0.5990121207927025,0.25288628001879576,2.4532533206121565,0.4192738136834496,2,3,0.6334514643251714,2,0,1,1,0,1,3,0,0,2,eng9
105,2,SEHPA,7,0,eng,0.874047692873124,2.0,0.24475417417886924,0.6585492780811439,0.5504152176926198,0.3800991380998112,0.24475417417886924,2.4689529335142213,0.874047692873124,2,4,0.4376443284971039,2,0,1,0,0,2,0,0,0,0,eng9
106,2,KISA,8,0,eng,0.3126691173153878,4.0,0.08383875483831103,0.7446206810609114,0.17243778206511975,0.5940974327128941,0.08383875483831103,3.430824101562867,0.3126691173153878,4,3,0.6324819944436233,2,0,1,1,0,1,2,0,0,7,eng9
107,2,KAPI,9,0,eng,0.8191831838889087,2.0,0.07391156028830964,0.6809077898741422,0.43672172172489,0.4463523708533407,0.07391156028830964,1.8163722633834207,0.8191831838889087,2,6,0.5600882860266592,2,0,1,0,0,2,0,1,0,0,eng9
108,2,TOPLU,10,0,eng,0.4690134993133757,2.0,0.2679867376497533,0.6338643946334033,0.2929920576400561,0.5397913219747221,0.2679867376497533,1.459492540670693,0.4690134993133757,2,7,0.5542206414645485,3,0,1,1,0,1,2,1,0,7,eng9
109,2,TAŞLIK,11,0,eng,0.9044878180247089,7.0,0.34629217292670406,0.4918336512088345,0.5034487481823293,0.3854847926983421,0.34629217292670406,2.021404357833576,0.8011967601163709,4,6,0.4701203887991825,3,0,1,1,0,1,3,0,0,2,eng9
110,2,TABAK,12,0,eng,0.7655858167531391,1.0,0.7655858167531391,0.5336168061883523,0.4326609592510498,0.42928953915206114,0.7655858167531391,1.9785960116333259,0.7655858167531391,1,10,0.5525791492736056,3,0,1,1,0,1,3,1,1,2,eng9
111,2,KEDİ,13,0,eng,0.7842057585918668,6.0,0.45868189500698364,0.5771661142216321,0.42475237991991505,0.4246785066933554,0.45868189500698364,2.632865222421607,0.7116607554121873,2,10,0.465607857185506,3,0,0,1,0,0,1,0,0,6,eng9
112,2,KOLTUK,14,0,eng,0.7434975641506587,7.0,0.25315691501291404,0.6608159516891234,0.1966649636448428,0.6092385384956653,0.25315691501291404,2.7043353922047353,0.25315691501291404,1,12,0.6465305946781518,3,0,0,1,0,0,1,0,0,3,eng9
113,2,BÜYÜK,15,0,eng,0.5207710106964843,7.0,0.0679469348657798,0.6043764532352327,0.21869202033793322,0.535425747358934,0.0679469348657798,2.526395600231333,0.3362760149904467,3,11,0.6082725263217986,3,0,1,1,0,1,2,0,0,7,eng9
114,2,İLAÇ,16,0,eng,0.5590760257125165,12.0,0.42755153538344653,0.542731012001612,0.35010218815756144,0.5105807835981644,0.42755153538344653,1.5438726382011756,0.5144555388322474,3,12,0.5308841891833229,3,0,0,1,0,0,1,0,0,4,eng9
115,2,KAŞIK,17,1,eng,0.9312959692780304,5.0,0.4344606358040247,0.6255911894081143,0.5381589326149543,0.3835385317770159,0.4344606358040247,1.4724557070929363,0.83247450901758,4,12,0.4438840774017445,3,0,1,1,0,1,3,0,0,2,eng9
116,3,KÜÇÜK,1,1,eng,,,,0.6191060125153836,,0.5101980691875747,,0.0,1.0,0,0,1.0,1,1,0,1,1,0,1,0,0,7,eng9
117,3,DOLAP,2,1,eng,0.4546590965537116,1.0,0.4546590965537116,0.44231680972835374,0.4546590965537116,0.364945838741743,0.4546590965537116,0.0,0.4546590965537116,1,0,0.6191060125153836,1,1,1,1,2,1,2,0,0,0,eng9
118,3,DÜĞME,3,1,eng,0.934522940334041,1.0,0.934522940334041,0.42731409124046227,0.7127948747266729,0.39114630718045174,0.934522940334041,0.4546590965537116,0.934522940334041,1,1,0.4215078816708777,1,1,1,1,2,1,2,1,1,0,eng9
119,3,PARKUR,4,1,eng,0.5442373948670083,2.0,0.3522377483465875,0.5756444258301254,0.3634813992320724,0.509530678849109,0.3522377483465875,1.8802488460070574,0.5442373948670083,2,1,0.5668232664655473,1,1,1,1,1,2,1,0,0,3,eng9
120,3,YATAK,5,0,eng,0.6552667645315771,3.0,0.4104595139300559,0.639567086034093,0.47972510206838154,0.47383476292383575,0.4104595139300559,2.9706930437032746,0.6552667645315771,3,1,0.479094413404177,2,1,1,1,1,2,1,1,1,3,eng9
121,3,KİTAP,6,0,eng,0.6275266564175318,4.0,0.12180196860176906,0.6663957930156408,0.32956644440755967,0.5160786542824212,0.12180196860176906,3.403270828054295,0.6275266564175318,4,1,0.5695699258218533,2,0,1,0,0,1,0,0,0,8,eng9
122,3,TOPRAK,7,0,eng,0.3969815277750878,6.0,0.19083548758034863,0.6208179650843073,0.17266843163852963,0.5460627833697074,0.19083548758034863,1.9573686068515592,0.22068427270509827,2,4,0.604936329321671,2,0,1,1,0,1,1,0,0,4,eng9
123,3,SALÇA,8,0,eng,0.9607896067400263,5.0,0.3450196440346835,0.5538916529655507,0.4358372181361577,0.31593136686894285,0.3450196440346835,1.3551073854588824,0.5071903540306528,3,4,0.5246490292437407,2,1,1,1,2,1,2,0,0,0,eng9
124,3,DUVAR,9,0,eng,0.7200170034852962,7.0,0.44545718329862005,0.5443412794961944,0.3168064189239657,0.46870786620968363,0.44545718329862005,1.4940154807443682,0.44545718329862005,1,7,0.5183857976308635,2,1,1,1,1,2,1,1,0,3,eng9
125,3,LAMBA,10,0,eng,0.9823856774645168,7.0,0.5543222271122044,0.5424061528375801,0.47709858245307507,0.389761822763632,0.5543222271122044,1.668987081701859,0.8145371713165205,2,7,0.4636684604281094,3,1,1,1,2,1,2,1,0,0,eng9
126,3,HALI,11,1,eng,0.751662779508489,3.0,0.3564879164371825,0.5606588002548152,0.39886566543759916,0.4817578089820741,0.3564879164371825,2.6775156643220015,0.751662779508489,3,7,0.5130159826269589,3,0,0,1,0,0,1,0,0,5,eng9
127,3,FIRIN,12,0,eng,0.9575447667524211,4.0,0.5062073470369703,0.4855786080515496,0.5678766384204262,0.4105663198115522,0.5062073470369703,3.2500837585864146,0.9575447667524211,4,7,0.43597982870680674,3,1,1,1,2,1,2,1,0,0,eng9
128,3,KOKU,13,0,eng,0.7679684291054976,5.0,0.6742146260946187,0.5297232254962921,0.5583490655219144,0.4235817989906875,0.6742146260946187,2.755937534859963,0.6742146260946187,1,11,0.4693879665575499,3,0,1,1,0,1,1,0,0,4,eng9
129,3,KALAS,14,0,eng,0.5165683044205327,13.0,0.14382481420518684,0.6496477984645438,0.18744352966941574,0.5876593937804648,0.14382481420518684,3.203175576518616,0.20096276037223693,3,10,0.6204967163414872,3,1,0,1,1,0,1,0,0,7,eng9
130,3,KOLA,15,0,eng,0.8559760341270273,7.0,0.3164456606812867,0.7130985512188452,0.4458797134752307,0.47399500653292126,0.3164456606812867,2.022759863986408,0.5837819369581021,2,12,0.5030357952002098,3,0,0,1,0,0,2,0,0,2,eng9
131,3,ODA,16,0,eng,0.7480478841854629,11.0,0.0424908763331719,0.7615421213377165,0.11078981312515288,0.6494150970257162,0.0424908763331719,2.385761941998948,0.20376395774234762,4,11,0.6702629671175719,3,1,1,1,1,2,1,0,0,3,eng9
132,3,ÇİÇEK,17,0,eng,0.7185540294184415,16.0,0.05137256349296766,0.7926397705259279,0.34928112177744913,0.5334830136066488,0.05137256349296766,1.2681414869647805,0.6641148065340642,2,14,0.5358654454698035,3,0,0,1,0,0,2,1,0,2,eng9
133,4,KALIP,1,0,eng,,,,0.672507970771998,,0.5153914637625573,,0.0,1.0,0,0,1.0,1,1,0,0,1,0,0,0,0,9,eng9
134,4,MARKET,2,0,eng,0.29344615411690644,1.0,0.29344615411690644,0.5565225574409153,0.29344615411690644,0.4067469271989641,0.29344615411690644,0.0,0.29344615411690644,1,0,0.672507970771998,1,1,1,1,1,2,1,0,0,5,eng9
135,4,TERAS,3,0,eng,0.4909798771227458,1.0,0.4909798771227458,0.5680320837515513,0.3450543641525108,0.47409101494137806,0.4909798771227458,0.29344615411690644,0.4909798771227458,1,1,0.5875087221202195,1,1,1,1,1,1,1,0,0,3,eng9
136,4,TAHTA,4,1,eng,0.6632277689878967,2.0,0.33847580703793356,0.5852413999801436,0.44646315445988033,0.39692636168554873,0.33847580703793356,0.983554882421928,0.6632277689878967,2,1,0.4968410883659148,1,1,1,0,1,1,0,0,0,0,eng9
137,4,KASA,5,0,eng,0.7216362036201042,3.0,0.32879602048655415,0.5689996223375755,0.41150774702782855,0.4931182810271477,0.32879602048655415,2.322944345801569,0.7216362036201042,3,1,0.4913368075935277,2,1,1,1,1,2,1,1,0,5,eng9
138,4,ÇORAP,6,0,eng,0.7259905593396109,5.0,0.5221174508039267,0.5184032346669346,0.5856225945846739,0.4063202968421685,0.5221174508039267,2.7992369880116605,0.6705631921729135,2,3,0.44398459947040725,2,1,1,1,1,2,1,1,1,5,eng9
139,4,BAHÇE,7,0,eng,0.9242042644743286,4.0,0.4082691226625164,0.5995585003413832,0.4994792688285936,0.4361582945230922,0.4082691226625164,2.5430229824007933,0.9242042644743286,4,2,0.4636754499380893,2,1,1,1,1,1,1,1,0,3,eng9
140,4,KUTU,8,0,eng,0.808938780912267,4.0,0.3078966444328167,0.5836961746197186,0.46571770232629983,0.43634132063920805,0.3078966444328167,2.6685021183216784,0.808938780912267,4,3,0.4579265531986867,2,1,1,0,1,1,0,1,0,0,eng9
141,4,MEKTUP,9,0,eng,0.2775652470935073,1.0,0.2775652470935073,0.6319834403386844,0.16079783046379945,0.575052941198438,0.2775652470935073,2.3800608633306224,0.2775652470935073,1,7,0.6371921068359532,2,0,1,1,0,1,1,0,0,7,eng9
142,4,SULUK,10,0,eng,0.5589713957306179,3.0,0.18000384810363873,0.6736654478897592,0.34493284562653515,0.4809422240202468,0.18000384810363873,1.8107199062760309,0.5589713957306179,3,6,0.49347714620404837,3,0,0,1,0,0,1,0,0,2,eng9
143,4,SIRA,11,1,eng,0.15853046183532515,10.0,0.09794753363124817,0.711052025709942,0.08182600543371077,0.6090991050797597,0.09794753363124817,1.7874465477617976,0.13598442188087762,4,6,0.6666624980747993,3,0,0,1,0,0,2,0,0,1,eng9
144,4,ZEMİN,12,0,eng,0.7799382870425406,9.0,0.09962009418798418,0.6305287634846561,0.30176538074923326,0.47720555919400054,0.09962009418798418,1.0621565452952944,0.4605589123087372,2,9,0.5567035527292055,3,1,1,1,1,1,1,0,0,3,eng9
145,4,HARİTA,13,1,eng,0.46457851757624713,5.0,0.41780844155107905,0.5865729578592218,0.2385990385960055,0.5388926245229255,0.41780844155107905,1.0868797055101733,0.41780844155107905,1,11,0.5971983973365707,3,0,0,1,0,0,2,1,0,1,eng9
146,4,SİLGİ,14,1,eng,0.5408118683387342,8.0,0.20908895245117776,0.6019350949132779,0.25744119786150776,0.4738405885392333,0.20908895245117776,1.3177075854039697,0.29698376207722066,4,9,0.563480428037374,3,0,0,1,0,0,2,0,0,8,eng9
147,4,DERGİ,15,0,eng,0.3941588399247352,7.0,0.31332055457462793,0.7057296340929775,0.16991560567052388,0.5980544855247196,0.31332055457462793,1.2331763691684863,0.31332055457462793,1,13,0.6189484639460165,3,0,0,1,0,0,2,1,1,8,eng9
148,4,HALKA,16,0,eng,0.531413672102889,7.0,0.0458795740329172,0.6348902485960942,0.22539533808455808,0.5185227719967255,0.0458795740329172,1.5013794492012726,0.3726544150948415,4,11,0.5950095649839866,3,0,1,1,0,1,1,0,0,7,eng9
149,4,PARA,17,0,eng,0.60207201097775,12.0,0.42133583163229127,0.629817122628711,0.2543269491217055,0.5481041194532945,0.42133583163229127,1.1621432479131377,0.42133583163229127,1,15,0.5477764570445938,3,1,1,1,1,2,1,0,0,5,eng9
156,1,EKRAN,1,0,soc,,,,0.7517308817492234,,0.6678080395208893,,0.0,1.0,0,0,1.0,1,1,1,0,1,1,0,0,0,1,soc8
157,1,BİNA,2,0,soc,0.10864459957961448,1.0,0.10864459957961448,0.666503109846849,0.10864459957961448,0.5525845393301222,0.10864459957961448,0.0,0.10864459957961448,1,0,0.7517308817492234,1,1,0,1,1,0,1,0,0,3,soc8
158,1,SARI,3,0,soc,0.14942506978124248,1.0,0.14942506978124248,0.6045204978264733,0.09947774804971887,0.550312257395813,0.14942506978124248,0.10864459957961448,0.14942506978124248,1,1,0.6984777698864456,1,1,0,1,1,0,1,0,0,2,soc8
159,1,KAĞIT,4,0,soc,0.4571760663374574,1.0,0.4571760663374574,0.48560247899977604,0.243499232737005,0.4337402160705387,0.4571760663374574,0.3076000956790522,0.4571760663374574,1,2,0.5742932148708644,1,1,0,1,1,0,1,0,0,9,soc8
160,1,ÇANTA,5,0,soc,0.6540926245962044,1.0,0.6540926245962044,0.543595834540512,0.2715145756277809,0.4716502025729872,0.6540926245962044,1.0380977938900673,0.6540926245962044,1,3,0.550691726032862,2,0,1,0,0,1,0,0,0,5,soc8
161,1,KALE,6,0,soc,0.36595312886614795,3.0,0.20492638778021305,0.6778153368829505,0.1954187972964813,0.5502553769660068,0.20492638778021305,1.820895637141967,0.36595312886614795,3,2,0.5672723136257427,2,0,1,1,0,1,2,0,0,0,soc8
162,1,KÖPEK,7,0,soc,0.5652011362224488,3.0,0.1013962364792445,0.7190608166591641,0.3231545288490506,0.47827160628499155,0.1013962364792445,1.9727983483378304,0.5652011362224488,3,3,0.5435073646411492,2,0,1,1,0,1,1,0,0,6,soc8
163,1,ÖLÇEK,8,0,soc,0.36686193996346983,4.0,0.05664867227195266,0.6353693894246689,0.18542103515946348,0.5090408437439605,0.05664867227195266,2.194352456352884,0.36686193996346983,4,3,0.5947161218758374,2,1,1,0,1,1,0,0,0,1,soc8
164,1,RAKAM,9,0,soc,0.5927579372620249,5.0,0.496776122821186,0.6062121094051625,0.3293355363463593,0.48115406255898185,0.496776122821186,1.2570398362127324,0.496776122821186,1,7,0.5623311264888008,2,0,1,1,0,1,2,0,0,8,soc8
165,1,ŞİŞE,10,0,soc,0.7290655094278011,5.0,0.11727237238371083,0.6832676582657069,0.3757192491288806,0.47406582090472227,0.11727237238371083,1.3254957139908528,0.6341294391066079,3,6,0.5315543462228478,3,0,1,1,0,1,2,1,0,0,soc8
166,1,KOLAY,11,0,soc,0.4734206706671342,7.0,0.13463222087784976,0.6236585196100557,0.19930992848983445,0.5556260743392809,0.13463222087784976,1.825692923496672,0.28950066880510955,3,7,0.5760946121385044,3,0,0,1,0,0,1,0,0,7,soc8
167,1,YAZI,12,0,soc,0.7057482398165602,3.0,0.28700924183537696,0.5547961118047128,0.3485001604393006,0.45319319574709127,0.28700924183537696,1.517292602443281,0.7057482398165602,3,8,0.5082497825825125,3,0,1,1,0,1,2,1,0,8,soc8
168,1,BEYİN,13,0,soc,0.7030623490479981,6.0,0.4868718316772624,0.5576127834494784,0.34815550634984793,0.44175894402976257,0.4868718316772624,1.6066406928099821,0.4868718316772624,1,11,0.4927256079084591,3,0,1,1,0,1,1,0,0,6,soc8
169,1,PARK,14,1,soc,0.526662887280119,12.0,0.2666543944223026,0.5361650221298906,0.15155134133990558,0.5429586729400475,0.2666543944223026,1.564905506527777,0.2666543944223026,1,12,0.6089239301149769,3,1,0,1,1,0,1,0,0,3,soc8
170,1,AĞAÇ,15,1,soc,0.8790552457670859,11.0,0.5999582642389087,0.45932548488871705,0.4214429550837492,0.41677567080741085,0.5999582642389087,1.4414378942904482,0.5999582642389087,1,13,0.4849520332419124,3,1,0,1,1,0,1,0,0,9,soc8
171,1,BARDAK,16,0,soc,0.9133266973789964,6.0,0.7102854000778898,0.507913930283826,0.37996414244119203,0.45587022812114497,0.7102854000778898,2.1975749821403037,0.7102854000778898,1,14,0.5135428280299662,3,1,0,1,1,0,1,0,0,2,soc8
172,1,KALEM,17,1,soc,0.7730691951070705,5.0,0.33616107171638865,0.5962792417134758,0.4237281690723975,0.4571143586541534,0.33616107171638865,2.5144722608440064,0.42908288592068916,2,14,0.5378913520681328,3,0,1,1,0,1,2,0,0,8,soc8
173,1,MASA,18,0,soc,0.5113822943249875,5.0,0.3425588098709783,0.6556493661902397,0.37455781565892987,0.5012255613374467,0.3425588098709783,2.4189669120564123,0.4671443744649894,2,15,0.5355156695655284,3,0,1,1,0,1,2,0,0,0,soc8
174,2,CÜZDAN,1,0,soc,,,,0.6449903950573306,,0.4119145988975724,,0.0,1.0,0,0,1.0,1,1,1,0,1,1,0,0,0,5,soc8
175,2,TOPLU,2,0,soc,0.37467117920079085,1.0,0.37467117920079085,0.7158887463755879,0.37467117920079085,0.6253045488391107,0.37467117920079085,0.0,0.37467117920079085,1,0,0.6449903950573306,1,1,0,1,1,0,2,0,0,7,soc8
176,2,KOLTUK,3,0,soc,0.1835195313214784,2.0,0.01849475765938148,0.7823236993284616,0.10100714449042994,0.6429735794862873,0.01849475765938148,0.37467117920079085,0.1835195313214784,2,0,0.7524812733029211,1,1,0,0,1,0,0,0,0,3,soc8
177,2,ŞİŞE,4,0,soc,0.5893168390070862,3.0,0.02434484856872324,0.7487486333199198,0.2309069978915852,0.49895139184985393,0.02434484856872324,0.5766854681816507,0.5893168390070862,3,0,0.6503467189581764,1,1,1,1,1,1,1,0,0,0,soc8
178,2,DEFTER,5,0,soc,0.627572112708787,4.0,0.06947761289234586,0.692818941825347,0.2604780889037159,0.5329110234082856,0.06947761289234586,1.2694064618564063,0.627572112708787,4,0,0.5774014388503474,2,0,1,0,0,1,0,0,0,8,soc8
179,2,TABAK,6,0,soc,0.6471321095142732,2.0,0.2584585347202295,0.5591269761281105,0.3685797202187219,0.40696085355783473,0.2584585347202295,0.5362391552331275,0.6471321095142732,2,3,0.47037594868446664,2,0,1,1,0,2,1,0,0,2,soc8
180,2,ELMA,7,0,soc,0.46841613079330613,1.0,0.46841613079330613,0.5591527688506115,0.23520346433852604,0.5478046383507474,0.46841613079330613,1.311816459002748,0.46841613079330613,1,5,0.5333864639525511,2,0,1,1,0,2,1,1,1,2,soc8
181,2,TERLİK,8,0,soc,0.8193907759305923,7.0,0.4192738136834496,0.5081695862549965,0.4056750547870792,0.37827476548268624,0.4192738136834496,2.000369684603558,0.696091259952675,2,5,0.47411761616740167,2,1,1,0,1,1,0,0,0,5,soc8
182,2,SEHPA,9,0,soc,0.874047692873124,8.0,0.8204713648780362,0.5449228819086667,0.6080313960967522,0.3696841206546845,0.8204713648780362,2.1920696903222567,0.8204713648780362,1,7,0.44474916263617037,2,1,1,1,1,1,1,0,0,0,soc8
183,2,GRUP,10,0,soc,0.502224383114703,2.0,0.3182930925394769,0.6052574566260513,0.2788596723937969,0.48521333473700357,0.3182930925394769,3.3658819711754115,0.502224383114703,2,7,0.6153647918109861,3,0,0,1,0,0,2,0,0,1,soc8
184,2,İLAÇ,11,0,soc,0.5590760257125165,3.0,0.3015448201060412,0.6142295982976398,0.3610607322546409,0.4644358026507349,0.3015448201060412,2.3391056470371208,0.5590760257125165,3,7,0.5157323263069451,3,0,0,1,0,0,1,0,0,4,soc8
185,2,KAPI,12,0,soc,0.8191831838889087,3.0,0.22709939504792645,0.6238397271160723,0.40790634183038393,0.493388159785931,0.22709939504792645,2.737833069196134,0.8191831838889087,3,8,0.504551697788977,3,1,1,1,1,1,1,1,0,0,soc8
186,2,KAŞIK,13,0,soc,0.9312959692780304,7.0,0.3506965628825089,0.5940790585598026,0.5071909026293421,0.43283778255705374,0.3506965628825089,2.254144355340602,0.8855161527891529,4,8,0.49364062992718694,3,0,1,1,0,2,1,0,0,2,soc8
187,2,SPOR,14,0,soc,0.5270647491536371,6.0,0.17579930962321877,0.711056560331204,0.19511367524853587,0.5972033590892846,0.17579930962321877,1.8760630063379702,0.5263829283054188,4,9,0.5959896710806516,3,0,0,1,0,0,2,1,0,1,soc8
188,2,KISA,15,0,soc,0.4690134993133757,13.0,0.05574895469392084,0.7082337953520534,0.1719487524194357,0.5643186858112897,0.05574895469392084,1.3584206719205465,0.3362406535068727,4,10,0.6213395586213887,3,1,0,1,1,0,2,0,0,7,soc8
189,2,KEDİ,16,0,soc,0.83247450901758,3.0,0.09172829738561449,0.6960748417373641,0.4185809406220657,0.4842535974975203,0.09172829738561449,0.8344107466201793,0.83247450901758,3,12,0.5124580143830952,3,0,0,1,0,0,1,0,0,6,soc8
190,2,BÜYÜK,17,1,soc,0.5207710106964843,2.0,0.18014166300082507,0.7163142843194984,0.30775806777096737,0.4901906092772388,0.18014166300082507,1.3093652373133784,0.5207710106964843,2,14,0.5033863452059415,3,1,0,1,1,0,2,1,0,7,soc8
191,3,KALAS,1,1,soc,,,,0.7139373763080668,,0.5754591303178425,,0.0,1.0,0,0,1.0,1,1,1,0,1,1,0,0,0,7,soc8
192,3,FIRIN,2,1,soc,0.18563779523723575,1.0,0.18563779523723575,0.6063928248393475,0.18563779523723575,0.5041549262600526,0.18563779523723575,0.0,0.18563779523723575,1,0,0.7139373763080668,1,1,1,1,2,1,3,0,0,0,soc8
193,3,CAM,3,0,soc,0.34951301918183575,1.0,0.34951301918183575,0.552549676796461,0.2231863508247196,0.5070606555458458,0.34951301918183575,0.18563779523723575,0.34951301918183575,1,1,0.6235858726163228,1,1,1,1,2,1,3,1,1,0,soc8
194,3,DUVAR,4,0,soc,0.4679686551087725,1.0,0.4679686551087725,0.5620174602344143,0.33980421119520604,0.46600366203506594,0.4679686551087725,0.6320104968866749,0.4679686551087725,1,2,0.5305635820510626,1,1,1,1,1,2,1,0,0,3,soc8
195,3,KÜÇÜK,5,0,soc,0.5165683044205327,4.0,0.28670730434761627,0.6228066037761361,0.36305248856546174,0.4832959615730481,0.28670730434761627,1.6514231304722933,0.5165683044205327,4,0,0.5297175529891676,2,1,1,0,1,1,0,1,0,7,soc8
196,3,PARKUR,6,0,soc,0.2620478920563535,2.0,0.19396905448262136,0.6737118419215833,0.18742177846813318,0.5383297529861617,0.19396905448262136,2.0766089779673074,0.2620478920563535,2,3,0.615169657968211,2,1,1,1,1,2,1,1,0,3,soc8
197,3,TOPRAK,7,0,soc,0.3969815277750878,2.0,0.1075101025382844,0.6573858736577669,0.25184949295571485,0.5205521285516741,0.1075101025382844,1.6101845131086112,0.3969815277750878,2,4,0.5968307631453897,2,0,1,1,0,1,1,0,0,4,soc8
198,3,LAMBA,8,0,soc,0.6878179095248221,6.0,0.2516813273359696,0.5635099930400437,0.40447318097332313,0.39912764610284956,0.2516813273359696,1.5137139924239669,0.5543222271122044,4,3,0.494901038517214,2,1,1,1,2,1,3,0,0,0,soc8
199,3,YATAK,9,0,soc,0.4692454526562302,1.0,0.4692454526562302,0.5547164482905834,0.34887058186534325,0.41777134351047285,0.4692454526562302,1.6242430557380212,0.4692454526562302,1,7,0.5041093541853616,2,1,1,1,1,2,1,1,0,3,soc8
200,3,SALÇA,10,0,soc,0.9575447667524211,8.0,0.5071903540306528,0.46725907364758545,0.463694374599583,0.37694894128127865,0.5071903540306528,1.8734392868596452,0.8145371713165205,2,7,0.44128639140424053,3,1,1,1,2,1,3,1,0,0,soc8
201,3,HALI,11,0,soc,0.751662779508489,1.0,0.751662779508489,0.5678791808038419,0.4202874317618594,0.4819391949280192,0.751662779508489,2.608358222079155,0.751662779508489,1,9,0.48367182568370337,3,0,0,1,0,0,1,0,0,5,soc8
202,3,KOKU,12,0,soc,0.7679684291054976,2.0,0.31191252104015954,0.5575135361322823,0.47897501029747136,0.44972873239386424,0.31191252104015954,3.4065623372301874,0.7679684291054976,2,9,0.5090840202133047,3,0,1,1,0,1,1,0,0,4,soc8
203,3,ÇİÇEK,13,0,soc,0.7185540294184415,8.0,0.5204208570906917,0.6554778032877882,0.3641384643199685,0.5253487375122295,0.5204208570906917,3.079645089387416,0.5204208570906917,1,11,0.5414245843548895,3,0,0,1,0,0,1,0,0,2,soc8
204,3,ODA,14,0,soc,0.7480478841854629,5.0,0.05137256349296766,0.7065569285778306,0.23729076732035526,0.5378919941176152,0.05137256349296766,3.065537582211492,0.17160209273526855,2,11,0.6647466576843666,3,1,1,1,1,2,1,0,0,3,soc8
205,3,DÜĞME,15,1,soc,0.9823856774645168,7.0,0.22252433529445556,0.5581113202679882,0.5606242174292682,0.39165282104851906,0.22252433529445556,1.427477811440758,0.700374303081745,3,11,0.45802254202464243,3,1,1,1,2,1,3,0,0,0,soc8
206,3,DOLAP,16,0,soc,0.934522940334041,1.0,0.934522940334041,0.3918893555556672,0.6062321367705177,0.35997031778964184,0.934522940334041,2.0352566765923474,0.934522940334041,1,14,0.4010780707406233,3,1,1,1,2,1,3,1,1,0,soc8
207,3,KİTAP,17,1,soc,0.6275266564175318,1.0,0.6275266564175318,0.5623768259397224,0.3516358526823855,0.5138709848886169,0.6275266564175318,2.5431330155775247,0.6275266564175318,1,15,0.5131851027911445,3,0,0,1,0,0,1,0,0,8,soc8
208,4,TAHTA,1,1,soc,,,,0.5471543456251129,,0.4846266361022121,,0.0,1.0,0,0,1.0,1,1,0,1,1,0,2,0,0,0,soc8
209,4,ÇORAP,2,1,soc,0.6705631921729135,1.0,0.6705631921729135,0.4937628916219309,0.6705631921729135,0.4952858108098832,0.6705631921729135,0.0,0.6705631921729135,1,0,0.5471543456251129,1,1,1,1,2,1,1,0,0,5,soc8
210,4,PARA,3,0,soc,0.46851727800669357,1.0,0.46851727800669357,0.5390612853854115,0.36213244185442484,0.4625228025407263,0.46851727800669357,0.6705631921729135,0.46851727800669357,1,1,0.5947120298995232,1,1,1,1,2,1,1,1,1,5,soc8
211,4,HALKA,4,0,soc,0.42133583163229127,1.0,0.42133583163229127,0.5828515952876423,0.3192413756146475,0.4962723552313699,0.42133583163229127,1.394828075881763,0.42133583163229127,1,2,0.5566536280148691,1,1,0,1,1,0,1,0,0,7,soc8
212,4,SİLGİ,5,0,soc,0.5408118683387342,3.0,0.2994713075355786,0.6118917793815464,0.4185026513547509,0.4745658185766194,0.2994713075355786,2.3525522027257058,0.5408118683387342,3,1,0.494460512717123,2,0,1,1,0,1,1,0,0,8,soc8
213,4,ZEMİN,6,0,soc,0.4330772622137296,5.0,0.2447279106095894,0.6929216978441768,0.30152090518673447,0.4668541345689986,0.2447279106095894,2.3965832677277596,0.3726544150948415,2,3,0.5702984340974134,2,0,1,1,0,2,1,0,0,3,soc8
214,4,SIRA,7,0,soc,0.24573466174940206,3.0,0.09962009418798418,0.6926236119378987,0.15098750474165779,0.612579766504517,0.09962009418798418,1.9158361148604475,0.24573466174940206,3,3,0.6084445051981,2,0,1,1,0,1,1,0,0,1,soc8
215,4,KASA,8,0,soc,0.60207201097775,5.0,0.11376074251908228,0.6487321553095879,0.2882093633842303,0.47653888200215,0.11376074251908228,1.4362175171535216,0.339247304431397,3,4,0.5976197613942085,2,1,1,1,2,1,1,0,0,5,soc8
216,4,TERAS,9,0,soc,0.7799382870425406,3.0,0.2561213107564255,0.6039348882182538,0.3136964935941028,0.4577222776141677,0.2561213107564255,1.144285863282924,0.7799382870425406,3,5,0.5332384219198256,2,0,1,1,0,2,1,1,0,3,soc8
217,4,MARKET,10,0,soc,0.7216362036201042,2.0,0.4909798771227458,0.5885322279943568,0.3862192231241004,0.4545310950478644,0.4909798771227458,1.4617480130698997,0.7216362036201042,2,7,0.4756510721712457,3,1,1,1,2,1,1,1,0,5,soc8
218,4,HARİTA,11,0,soc,0.41780844155107905,5.0,0.15606522192556957,0.6896090161657897,0.19740347751857598,0.5303654685660202,0.15606522192556957,1.6715177925259217,0.2092665629199606,2,8,0.6256645485273423,3,0,1,1,0,1,1,1,0,1,soc8
219,4,MEKTUP,12,0,soc,0.531413672102889,8.0,0.06883563012778018,0.6675045558532794,0.0871578030599374,0.5850573680836614,0.06883563012778018,1.9500244951485464,0.14360736451266068,2,9,0.6670370565375291,3,1,0,1,1,0,1,0,0,7,soc8
220,4,KUTU,13,0,soc,0.808938780912267,12.0,0.2775652470935073,0.5836961746197186,0.3166111629853031,0.4328768252911833,0.2775652470935073,1.108156114801837,0.46457851757624713,2,10,0.5054176381044622,3,1,0,1,1,0,2,0,0,0,soc8
221,4,BAHÇE,14,0,soc,0.9242042644743286,5.0,0.3078966444328167,0.6253381221769837,0.3740225037978508,0.467025506747924,0.3078966444328167,1.4119767760960162,0.42616662481035583,4,9,0.5670717835222793,3,0,1,1,0,2,1,0,0,3,soc8
222,4,KALIP,15,0,soc,0.7259905593396109,13.0,0.22192786004215398,0.6040662490981423,0.32225049319802695,0.49237545306905994,0.22192786004215398,1.330721024502104,0.6188865632814411,2,12,0.5029079020539797,3,0,0,1,0,0,1,0,0,9,soc8
223,4,FIRIN,16,0,soc,0.6122989307190158,15.0,0.3760697705037864,0.615521792819165,0.2998565402687682,0.5238591794851861,0.3760697705037864,1.6786252655774119,0.4712827091989037,2,13,0.5310621604314361,3,1,0,1,1,0,2,1,0,0,soc8
224,4,DERGİ,17,1,soc,0.3941588399247352,4.0,0.10859216402947773,0.7517611704187929,0.21196591544404134,0.5747817586350212,0.10859216402947773,2.3918116237994496,0.3941588399247352,4,12,0.6179112813402303,3,0,1,1,0,1,1,0,0,8,soc8
231,1,KAĞIT,1,1,eng,,,,0.7073072836356815,,0.4214515407794792,,0.0,1.0,0,0,1.0,1,1,0,0,2,0,0,0,0,9,eng8
232,1,BİNA,2,0,eng,0.20140033317492984,1.0,0.20140033317492984,0.6228947594042793,0.20140033317492984,0.5166306846966533,0.20140033317492984,0.0,0.20140033317492984,1,0,0.7073072836356815,1,1,0,0,2,0,0,0,0,3,eng8
233,1,AĞAÇ,3,1,eng,0.8790552457670859,2.0,0.41104945982499863,0.5259377227425357,0.6450523527960423,0.3978243081969216,0.41104945982499863,0.20140033317492984,0.8790552457670859,2,0,0.44589178222274717,1,1,0,0,2,0,0,1,0,9,eng8
234,1,PARK,4,1,eng,0.5999582642389087,1.0,0.5999582642389087,0.5661804568735372,0.4613036323787094,0.5087244822882704,0.5999582642389087,1.4915050387670146,0.5999582642389087,1,2,0.5017511813721721,1,1,0,0,2,0,0,1,0,3,eng8
235,1,KALEM,5,1,eng,0.6893193775666414,4.0,0.18130720017977525,0.6142444224081602,0.3861037376437116,0.4796073891288156,0.18130720017977525,2.875415935903143,0.6893193775666414,4,0,0.5246745786848613,2,0,1,1,0,1,2,0,0,8,eng8
236,1,SARI,6,0,eng,0.4571760663374574,5.0,0.282269608051793,0.6707029676295211,0.23841175083050298,0.5584799486273423,0.282269608051793,2.392766184352231,0.282269608051793,1,4,0.613264320814664,2,0,1,1,0,1,1,0,0,2,eng8
237,1,EKRAN,7,0,eng,0.10864459957961448,5.0,0.04953042631819528,0.7341465972719503,0.079093661737621,0.6239581643414307,0.04953042631819528,1.7958059683731882,0.09029648641541374,2,4,0.6825571354727302,2,0,1,1,0,1,1,0,0,1,eng8
238,1,ŞİŞE,8,0,eng,0.6440032611822291,5.0,0.06668081665467362,0.6001558867779977,0.2529043996220917,0.4840955965915419,0.06668081665467362,0.7661988642556667,0.19982837508722395,3,4,0.5945535808837108,2,0,1,1,0,1,2,0,0,0,eng8
239,1,KÖPEK,9,0,eng,0.6954360267136221,6.0,0.6341294391066079,0.5818591841941236,0.3072924529915965,0.48619774927970416,0.6341294391066079,0.853725502701347,0.6341294391066079,1,7,0.5247234231869419,2,0,1,1,0,1,1,0,0,6,eng8
240,1,ÖLÇEK,10,0,eng,0.462612321243832,7.0,0.05664867227195266,0.7045358930447523,0.17270719461677897,0.5115861930837842,0.05664867227195266,1.1311864574987518,0.19672750050227128,2,7,0.612555042023349,3,0,1,1,0,1,1,1,0,1,eng8
241,1,BARDAK,11,0,eng,0.9133266973789964,3.0,0.19146540297900771,0.635830068564945,0.38382350088362094,0.4228334322656797,0.19146540297900771,1.202826303676177,0.9133266973789964,3,7,0.45585938658491043,3,0,1,1,0,1,1,0,0,2,eng8
242,1,RAKAM,12,0,eng,0.5927579372620249,11.0,0.27619314493617364,0.49420252394782993,0.2762465787240934,0.4760847674200601,0.27619314493617364,2.371647130427954,0.496776122821186,2,9,0.5535937795852834,3,0,1,1,0,1,2,0,0,8,eng8
243,1,YAZI,13,1,eng,0.7730691951070705,8.0,0.7057482398165602,0.521733007171899,0.32678001591376155,0.48615631043169405,0.7057482398165602,1.7245715776083812,0.7057482398165602,1,11,0.485999821589591,3,0,1,1,0,1,2,1,1,8,eng8
244,1,KOLAY,14,0,eng,0.4734206706671342,13.0,0.28700924183537696,0.6054644732259891,0.2838248187431094,0.5215861718636969,0.28700924183537696,2.289258412407159,0.36830066587155413,3,10,0.5465197151647576,3,0,0,1,0,0,1,0,0,7,eng8
245,1,ÇANTA,15,0,eng,0.7290655094278011,7.0,0.24599324023650332,0.5437899362675125,0.24479163670223464,0.501140280784903,0.24599324023650332,2.0980435287205,0.4930966381115681,4,10,0.5639005284666478,3,0,0,1,0,0,1,0,0,5,eng8
246,1,KABLO,16,0,eng,0.5725258870121184,1.0,0.5725258870121184,0.5909465849635631,0.2743134732760547,0.5270028084630365,0.5725258870121184,1.907853264222817,0.5725258870121184,1,14,0.5682729287922417,3,0,1,1,0,1,2,0,0,0,eng8
247,1,BEYİN,17,1,eng,0.7030623490479981,8.0,0.10455170938820792,0.6315026299866354,0.2911120454100221,0.49700460406797453,0.10455170938820792,1.699787659545663,0.4868718316772624,4,12,0.552452323213908,3,0,1,1,0,1,1,0,0,6,eng8
248,1,KALE,18,1,eng,0.5201944127892401,13.0,0.37316492997265727,0.6454856676977732,0.24857079245547956,0.5440632467992894,0.37316492997265727,1.592087097877338,0.37316492997265727,1,16,0.5582219405116036,3,0,1,1,0,1,2,1,0,0,eng8
249,2,SPOR,1,0,eng,,,,0.788683959368737,,0.6618291670226328,,0.0,1.0,0,0,1.0,1,1,0,1,1,0,1,0,0,1,eng8
250,2,KISA,2,0,eng,0.05574895469392084,1.0,0.05574895469392084,0.6413271311517648,0.05574895469392084,0.5842287569483589,0.05574895469392084,0.0,0.05574895469392084,1,0,0.788683959368737,1,1,0,1,2,0,1,0,0,7,eng8
251,2,BÜYÜK,3,1,eng,0.5207710106964843,1.0,0.5207710106964843,0.5333592131989613,0.393990933579893,0.4733330391667945,0.5207710106964843,0.05574895469392084,0.5207710106964843,1,1,0.5350617734596352,1,1,0,1,2,0,1,1,1,7,eng8
252,2,KAPI,4,1,eng,0.29598254673402624,1.0,0.29598254673402624,0.516063041997673,0.141270748110171,0.5028964367424933,0.29598254673402624,0.8437308218537068,0.29598254673402624,1,2,0.6635342368337869,1,1,0,1,1,0,1,0,0,0,eng8
253,2,KEDİ,5,1,eng,0.6249684131058864,1.0,0.6249684131058864,0.44496192188673933,0.23152907956533153,0.4551784059115974,0.6249684131058864,1.2675430661842197,0.6249684131058864,1,3,0.5743773565409998,2,0,1,0,0,1,0,0,0,6,eng8
254,2,KAŞIK,6,0,eng,0.83247450901758,1.0,0.83247450901758,0.46999962010998697,0.35159817306151026,0.3978104167813036,0.83247450901758,1.7875034912111463,0.83247450901758,1,4,0.4860416271292317,2,0,1,1,0,2,2,0,0,2,eng8
255,2,İLAÇ,7,0,eng,0.5144555388322474,2.0,0.4344606358040247,0.5514304361487965,0.3879615517149035,0.4684015715424301,0.4344606358040247,2.5589479567010263,0.5144555388322474,2,4,0.5128148497102858,2,0,1,0,0,1,0,0,0,4,eng8
256,2,CÜZDAN,8,0,eng,0.6996668093983431,2.0,0.5041218058236524,0.5153218326812081,0.5597468058669974,0.3863406542087616,0.5041218058236524,2.984155054690174,0.6996668093983431,2,5,0.4147021777452866,2,0,1,1,0,1,1,0,0,5,eng8
257,2,TAŞLIK,9,0,eng,0.8552285627599883,3.0,0.7680447986436185,0.5271601057319903,0.6837578229563503,0.35580499852134073,0.7680447986436185,3.632472886790412,0.8552285627599883,3,5,0.4128918523645898,2,0,1,1,0,2,2,1,0,2,eng8
258,2,TOPLU,10,1,eng,0.4690134993133757,8.0,0.34629217292670406,0.727064886427623,0.2722885725477493,0.5910823586841033,0.34629217292670406,3.675979943781771,0.37467117920079085,2,7,0.597482989004297,3,1,0,1,2,0,1,0,0,7,eng8
259,2,ELMA,11,0,eng,0.710909757728838,5.0,0.045818250181442775,0.7122701328070298,0.3803186143459012,0.5291030464280908,0.045818250181442775,2.5694530276644216,0.5483627664133884,2,8,0.5842644094253517,3,0,1,1,0,2,2,1,0,2,eng8
260,2,SEHPA,12,1,eng,0.8855161527891529,6.0,0.24475417417886924,0.5134529198074276,0.4927385263737284,0.36968097521227183,0.24475417417886924,2.3360754473847405,0.874047692873124,4,7,0.46410682572400963,3,1,0,1,1,0,1,0,0,0,eng8
261,2,KOLTUK,13,0,eng,0.7434975641506587,1.0,0.7434975641506587,0.5589194142146714,0.22801009997757582,0.5963497347641464,0.7434975641506587,2.293894745671693,0.7434975641506587,1,11,0.6369473999877902,3,0,0,1,0,0,1,0,0,3,eng8
262,2,TABAK,14,1,eng,0.9312959692780304,8.0,0.24766921532422653,0.5565211084324206,0.4767877207953129,0.425266835188698,0.24766921532422653,1.4649330120597481,0.7168752276890751,2,11,0.48116805827980036,3,0,1,1,0,2,2,1,0,2,eng8
263,2,TERLİK,15,1,eng,0.9044878180247089,6.0,0.696091259952675,0.49226515447539165,0.5069754891760848,0.4066757117317258,0.696091259952675,2.5261099561706137,0.8204713648780362,3,11,0.45007164120622045,3,0,1,1,0,1,1,0,0,5,eng8
264,2,GRUP,16,0,eng,0.5263829283054188,15.0,0.502224383114703,0.5823726928022168,0.2556543071198999,0.5848054926337247,0.502224383114703,3.4844033861376222,0.502224383114703,1,14,0.5798522676399929,3,1,0,1,1,0,1,0,0,1,eng8
265,2,DEFTER,17,1,eng,0.627572112708787,9.0,0.20722865546321656,0.7049197303579877,0.2390546121619522,0.5876583978208181,0.20722865546321656,2.1294488538372893,0.2584585347202295,3,13,0.6127153247153456,3,0,0,1,0,0,1,0,0,8,eng8
266,3,TOPRAK,1,0,eng,,,,0.7096122396877731,,0.5708526756363107,,0.0,1.0,0,0,1.0,1,1,0,1,1,0,1,0,0,4,eng8
267,3,DOLAP,2,0,eng,0.1958491955474869,1.0,0.1958491955474869,0.5184985949373817,0.1958491955474869,0.3882442307549163,0.1958491955474869,0.0,0.1958491955474869,1,0,0.7096122396877731,1,1,1,1,1,2,2,0,0,0,eng8
268,3,DUVAR,3,1,eng,0.7200170034852962,1.0,0.7200170034852962,0.5382805425258357,0.4932575573546499,0.47991708558840906,0.7200170034852962,0.1958491955474869,0.7200170034852962,1,1,0.5160406047437774,1,1,1,1,1,1,2,0,0,3,eng8
269,3,KİTAP,4,0,eng,0.6275266564175318,2.0,0.3126929017723875,0.5836114722029533,0.3770183485900893,0.5059187407490271,0.3126929017723875,1.1823643102567867,0.6275266564175318,2,1,0.543490619261864,1,1,0,0,1,0,0,0,0,8,eng8
270,3,ODA,5,1,eng,0.4934739458063485,3.0,0.35278921307620603,0.5862791833668932,0.3146149839197262,0.49743960779556884,0.35278921307620603,2.3134193560270546,0.4934739458063485,3,1,0.5431904627499682,2,1,1,1,1,1,2,1,0,3,eng8
271,3,KÜÇÜK,6,1,eng,0.4546590965537116,4.0,0.2985323326171385,0.6133827063981732,0.3538121896767861,0.47926559146775427,0.2985323326171385,2.747836326650236,0.4546590965537116,4,1,0.5406400651345904,2,0,1,1,0,1,1,0,0,7,eng8
272,3,LAMBA,7,1,eng,0.7685736311244618,5.0,0.2602424259120512,0.524011789378293,0.42406487390829756,0.4192298480658496,0.2602424259120512,1.8242390449961905,0.5543222271122044,4,2,0.5292381846653461,2,1,1,1,1,2,2,0,0,0,eng8
273,3,FIRIN,8,0,eng,0.8174243470308453,6.0,0.6878179095248221,0.4988850845652967,0.3334948028831414,0.4365589209345341,0.6878179095248221,1.7809307440885425,0.6878179095248221,1,6,0.5580992508177682,2,1,1,1,1,2,2,1,1,0,eng8
274,3,HALI,9,1,eng,0.5556237903853873,7.0,0.5062073470369703,0.5198542170325098,0.31437088878509106,0.4739154972896742,0.5062073470369703,2.0932658916693225,0.5062073470369703,1,7,0.5590769885987473,2,0,1,0,0,1,0,0,0,5,eng8
275,3,YATAK,10,0,eng,0.7480478841854629,5.0,0.5074386632811121,0.5397092268875248,0.4994569811549452,0.41290260707297666,0.5074386632811121,2.483253912417993,0.5074386632811121,1,8,0.48317002660736086,3,1,1,1,1,1,2,0,0,3,eng8
276,3,PARKUR,11,0,eng,0.5442373948670083,9.0,0.4104595139300559,0.5921935483045655,0.27233985960905954,0.544035438560606,0.4104595139300559,2.9531225308213704,0.41385861769400684,4,6,0.5716609193710527,3,1,1,1,1,1,2,1,1,3,eng8
277,3,SALÇA,12,0,eng,0.9575447667524211,4.0,0.2577027320836103,0.4753471763810171,0.6577275607383387,0.2764084714932974,0.2577027320836103,2.1934428780718047,0.9575447667524211,4,7,0.35358923900217265,3,1,1,1,1,2,2,1,0,0,eng8
278,3,KOKU,13,1,eng,0.7679684291054976,1.0,0.7679684291054976,0.4723747008186592,0.42901454526598404,0.4347091937554465,0.7679684291054976,2.673735440593274,0.7679684291054976,1,11,0.5506375718556984,3,1,0,1,1,0,1,0,0,4,eng8
279,3,DÜĞME,14,1,eng,0.9823856774645168,7.0,0.700374303081745,0.5315079573898895,0.6140836882692559,0.36812721644466306,0.700374303081745,2.334298179239461,0.9607896067400263,2,11,0.3871214834652603,3,1,1,1,1,2,2,1,0,0,eng8
280,3,KALAS,15,1,eng,0.5165683044205327,9.0,0.09227796764437182,0.6453963968354828,0.16557973625491315,0.5852340667625833,0.09227796764437182,3.196577627025606,0.2900514523098188,3,11,0.6326056852888708,3,0,1,1,0,1,1,0,0,7,eng8
281,3,ÇİÇEK,16,0,eng,0.7185540294184415,10.0,0.3044155480932671,0.5144345378978437,0.35934314141579154,0.4693732291935364,0.3044155480932671,2.9552865730866467,0.5204208570906917,3,12,0.5022293604350203,3,0,0,1,0,0,2,0,0,2,eng8
282,3,KOLA,17,1,eng,0.8559760341270273,5.0,0.6641148065340642,0.5494840635412488,0.6536048635399114,0.3780854457534206,0.6641148065340642,2.1302760150124813,0.8477058793990766,3,13,0.40129188177416675,3,0,0,1,0,0,2,1,1,2,eng8
283,4,SİLGİ,1,0,eng,,,,0.7001003040351799,,0.5371763934231208,,0.0,1.0,0,0,1.0,1,1,0,1,1,0,1,0,0,8,eng8
284,4,KUTU,2,0,eng,0.21923152408049593,1.0,0.21923152408049593,0.5699223305143466,0.21923152408049593,0.45354519236680646,0.21923152408049593,0.0,0.21923152408049593,1,0,0.7001003040351799,1,1,1,0,1,1,0,0,0,0,eng8
285,4,HARİTA,3,0,eng,0.46457851757624713,1.0,0.46457851757624713,0.5904513136384322,0.33683373501371244,0.5338050988988694,0.46457851757624713,0.21923152408049593,0.46457851757624713,1,1,0.5743682811746472,1,1,0,1,1,0,1,0,0,1,eng8
286,4,SULUK,4,0,eng,0.3745700558963594,2.0,0.15385076133239106,0.6120856063953373,0.27513485976865704,0.456576479185559,0.15385076133239106,0.8928989941079208,0.3745700558963594,2,1,0.5811525992453221,1,1,0,0,1,0,0,0,0,2,eng8
287,4,TERAS,5,0,eng,0.3740309692251742,1.0,0.3740309692251742,0.6264772549297215,0.27621297434829395,0.48951250979758165,0.3740309692251742,1.718303573413892,0.3740309692251742,1,3,0.5621831561341197,2,0,1,1,0,2,1,0,0,3,eng8
288,4,KALIP,6,0,eng,0.6188865632814411,4.0,0.19912885118227577,0.6324970289861059,0.40591092044967547,0.4776392755090402,0.19912885118227577,1.7859666790946005,0.6188865632814411,4,1,0.4786892053859446,2,0,1,0,0,1,0,0,0,9,eng8
289,4,MEKTUP,7,0,eng,0.36239623619342476,6.0,0.1639095942226352,0.6426426243063008,0.14594315554813633,0.5666093069512343,0.1639095942226352,1.7875718540317656,0.18000384810363873,3,3,0.6549500553935352,2,0,1,1,0,1,1,0,0,7,eng8
290,4,TAHTA,8,0,eng,0.808938780912267,6.0,0.2583237938526194,0.5263957204780423,0.3424716567852193,0.44971897434855657,0.2583237938526194,1.4946871359718097,0.4928065927334522,4,3,0.49982046043188755,2,1,1,0,1,1,0,0,0,0,eng8
291,4,BAHÇE,9,0,eng,0.9242042644743286,4.0,0.5990619609063522,0.5882751515171863,0.47852096753166207,0.4765593422493569,0.5990619609063522,1.336925391842395,0.9242042644743286,4,4,0.4431031266972305,2,0,1,1,0,2,1,1,0,3,eng8
292,4,DERGİ,10,0,eng,0.3941588399247352,8.0,0.12195549148340473,0.7056359631612401,0.18131700635300976,0.5619160075191401,0.12195549148340473,1.6693484528824287,0.3551170103613303,3,6,0.6000640081968682,3,1,0,1,1,0,1,0,0,8,eng8
293,4,SIRA,11,0,eng,0.17400912797612597,10.0,0.07140765182596576,0.6983291427933986,0.10056059106104584,0.6152385419209776,0.07140765182596576,1.6254248801280105,0.13598442188087762,2,8,0.6661134896742777,3,1,0,1,1,0,1,0,0,1,eng8
294,4,KASA,12,0,eng,0.3394774532482303,6.0,0.11376074251908228,0.6674566522981029,0.16186503556326312,0.47855185259345934,0.11376074251908228,1.2071497005885679,0.32879602048655415,4,7,0.6008093987395577,3,0,0,1,0,0,4,0,0,5,eng8
295,4,ZEMİN,13,0,eng,0.7799382870425406,8.0,0.17292068355874507,0.6692250868227034,0.26928919240250215,0.49731342838877457,0.17292068355874507,0.6865996723444234,0.4555404593460384,4,8,0.5641717048673622,3,0,1,1,0,2,1,1,0,3,eng8
296,4,PARA,14,1,eng,0.60207201097775,2.0,0.17043047953602236,0.608886888723654,0.23093570997802515,0.4764737954412984,0.17043047953602236,0.7467936281434688,0.60207201097775,2,11,0.5149264054380308,3,0,0,1,0,0,4,1,0,5,eng8
297,4,MARKET,15,1,eng,0.7216362036201042,3.0,0.45404855151860135,0.5313521620019928,0.4084140380091578,0.42983714615570023,0.45404855151860135,1.3512494394884733,0.7216362036201042,3,11,0.48008844524524397,3,0,0,1,0,0,4,1,1,5,eng8
298,4,ÇORAP,16,1,eng,0.7259905593396109,10.0,0.5824925694638781,0.5531520790898283,0.380593993567975,0.49003488526625805,0.5824925694638781,2.570086924650587,0.5824925694638781,1,14,0.47395772822718685,3,0,0,1,0,0,4,1,1,5,eng8
299,4,HALKA,17,1,eng,0.531413672102889,10.0,0.2592308117623375,0.6848283619832026,0.31512966580651514,0.5312843006019059,0.2592308117623375,2.4111823324440493,0.42133583163229127,3,13,0.5194494826348433,3,0,1,1,0,1,1,0,0,7,eng8
306,1,KOLAY,1,1,soc,,,,0.6747833901392717,,0.5598661427855522,,0.0,1.0,0,0,1.0,1,1,0,0,1,0,0,0,0,7,soc7
307,1,YAZI,2,1,soc,0.28700924183537696,1.0,0.28700924183537696,0.5725914704865598,0.28700924183537696,0.5192488892998113,0.28700924183537696,0.0,0.28700924183537696,1,0,0.6747833901392717,1,1,0,1,1,0,2,0,0,8,soc7
308,1,KAĞIT,3,1,soc,0.4734206706671342,2.0,0.4699779847941003,0.4830519008844426,0.4716993277306173,0.41195021482449046,0.4699779847941003,0.28700924183537696,0.4734206706671342,2,0,0.526799933567641,1,1,0,1,1,0,1,0,0,9,soc7
309,1,BARDAK,4,0,soc,0.7632916113080702,1.0,0.7632916113080702,0.48280072178510713,0.43666693212910196,0.4340879608626733,0.7632916113080702,1.2304078972966115,0.7632916113080702,1,2,0.514572880262298,1,1,0,1,1,0,1,0,0,2,soc7
310,1,MASA,5,0,soc,0.4671443744649894,1.0,0.4671443744649894,0.5323144108457096,0.29440435328782716,0.4959186515357161,0.4671443744649894,2.5404086936839176,0.4671443744649894,1,3,0.5697201595450077,2,0,1,1,0,2,1,0,0,0,soc7
311,1,ÇANTA,6,0,soc,0.6540926245962044,3.0,0.5064377657308211,0.5648435460270513,0.419686993413925,0.4738562313803938,0.5064377657308211,2.523117529656126,0.6540926245962044,3,2,0.4797215566963259,2,0,1,0,0,1,0,0,0,5,soc7
312,1,BEYİN,7,0,soc,0.5113822943249875,2.0,0.2770681081099094,0.5788545821561852,0.43603089913212567,0.439846593617946,0.2770681081099094,3.301087670504286,0.5113822943249875,2,4,0.5042352738770133,2,0,1,1,0,1,1,0,0,6,soc7
313,1,KALE,8,1,soc,0.37316492997265727,1.0,0.37316492997265727,0.5785962414771821,0.24171664139023513,0.488239223308395,0.37316492997265727,2.7357832178683488,0.37316492997265727,1,6,0.5867119106138046,2,0,1,1,0,2,1,1,0,0,soc7
314,1,ÖLÇEK,9,1,soc,0.4406669826465497,7.0,0.30143518765657895,0.6515930136745463,0.20691546797762705,0.5329288863365907,0.30143518765657895,2.0105506895812852,0.30143518765657895,1,7,0.5876773462633991,2,0,1,1,0,1,1,0,0,1,soc7
315,1,SARI,10,1,soc,0.4571760663374574,7.0,0.10400989602343721,0.7025473202789339,0.2175913000201247,0.5477504889630433,0.10400989602343721,1.528885452364047,0.36595312886614795,2,7,0.5769078619972242,3,1,0,1,1,0,1,0,0,2,soc7
316,1,PARK,11,1,soc,0.4948033738522656,3.0,0.09356134374069908,0.6811593393122746,0.2855968302653079,0.4953852090616785,0.09356134374069908,1.67721678338918,0.4948033738522656,3,7,0.5545669782293352,3,0,0,1,0,0,2,0,0,3,soc7
317,1,KALEM,12,1,soc,0.7730691951070705,10.0,0.18130720017977525,0.6175202508007334,0.3418445684746214,0.45699635702169195,0.18130720017977525,1.5923499583777156,0.5201944127892401,4,7,0.5187561946451342,3,1,0,1,1,0,2,0,0,8,soc7
318,1,KÖPEK,13,1,soc,0.7030623490479981,6.0,0.37362473772533766,0.5854137466845847,0.1982913269667798,0.47493412384166334,0.37362473772533766,1.2201662051485263,0.37362473772533766,1,11,0.5675034818303479,3,0,1,1,0,1,1,0,0,6,soc7
319,1,RAKAM,14,0,soc,0.7057482398165602,12.0,0.3241388164109434,0.6007914883253591,0.3081448572146829,0.5062191011886554,0.3241388164109434,1.3905498780549692,0.5024065825084536,2,11,0.5631042305533223,3,1,0,1,1,0,2,1,0,8,soc7
320,1,AĞAÇ,15,1,soc,0.8790552457670859,12.0,0.34494329664975604,0.6587451126578677,0.45580942795285984,0.4070193407170747,0.34494329664975604,1.7798711186742737,0.6954360267136221,2,12,0.4238985400821499,3,1,0,1,1,0,1,0,0,9,soc7
321,1,EKRAN,16,1,soc,0.17971877537199893,7.0,0.07776299682509119,0.735667873268901,0.09461336392548429,0.6462996593753811,0.07776299682509119,2.669632345928802,0.16685243706845343,2,13,0.6730042845183266,3,0,1,1,0,1,1,0,0,1,soc7
322,1,ŞİŞE,17,1,soc,0.9133266973789964,13.0,0.06668081665467362,0.6610555387633582,0.33238285288288905,0.5038546180671009,0.06668081665467362,1.678054673436539,0.6440032611822291,2,14,0.5139747931721725,3,0,1,1,0,2,1,0,0,0,soc7
323,1,BİNA,18,1,soc,0.526662887280119,7.0,0.2547039051256068,0.6865041604590016,0.25852421682866383,0.541104455179082,0.2547039051256068,1.4175151807639144,0.41104945982499863,3,14,0.5554827646020901,3,0,0,1,0,0,2,0,0,3,soc7
324,2,SPOR,1,0,soc,,,,0.81101920042495,,0.6052475247999596,,0.0,1.0,0,0,1.0,1,1,1,0,1,1,0,0,0,1,soc7
325,2,ELMA,2,1,soc,0.03405619376332644,1.0,0.03405619376332644,0.6520326103822189,0.03405619376332644,0.6027540107701079,0.03405619376332644,0.0,0.03405619376332644,1,0,0.81101920042495,1,1,0,1,1,0,2,0,0,2,soc7
326,2,ŞİŞE,3,0,soc,0.3773973141605794,1.0,0.3773973141605794,0.6300460842478768,0.2040228401848648,0.5459874938835321,0.3773973141605794,0.03405619376332644,0.3773973141605794,1,1,0.6458275084648684,1,1,1,1,1,1,1,0,0,0,soc7
327,2,KISA,4,0,soc,0.12595479262543527,2.0,0.08336074988499283,0.6082236290317717,0.08835483240144965,0.527308149558504,0.08336074988499283,0.442101874133056,0.12595479262543527,2,1,0.6671185314302024,1,1,1,0,1,2,0,0,0,7,soc7
328,2,TOPLU,5,0,soc,0.4690134993133757,1.0,0.4690134993133757,0.5425079390386767,0.19478321988348402,0.526688176699933,0.4690134993133757,0.707166371337405,0.4690134993133757,1,3,0.5755701648063412,2,1,1,0,1,2,0,1,1,7,soc7
329,2,GRUP,6,0,soc,0.5263829283054188,5.0,0.3821091830560145,0.5728781435836545,0.259011956480499,0.48653414980534326,0.3821091830560145,1.1806039122647722,0.3821091830560145,1,4,0.5990644411230255,2,1,1,0,1,1,0,0,0,1,soc7
330,2,İLAÇ,7,0,soc,0.4800476716497196,4.0,0.3015448201060412,0.6142295982976398,0.3246629804734373,0.47255941854807404,0.3015448201060412,1.3660215907518052,0.4800476716497196,4,2,0.5128831047280121,2,0,1,0,0,1,0,0,0,4,soc7
331,2,KAPI,8,0,soc,0.3518004809128885,2.0,0.22709939504792645,0.6245753645078236,0.24960548336921176,0.45857612284943416,0.22709939504792645,1.920280267483847,0.3518004809128885,2,5,0.5804322585388209,2,1,1,1,1,1,1,0,0,0,soc7
332,2,BÜYÜK,9,0,soc,0.5207710106964843,5.0,0.29598254673402624,0.659186248238817,0.3298575673472274,0.4842485714403778,0.29598254673402624,1.692406356490136,0.42755153538344653,2,6,0.5400921401162365,2,1,1,0,1,2,0,1,0,7,soc7
333,2,KOLTUK,10,0,soc,0.3743629275058095,2.0,0.0679469348657798,0.6780761475380597,0.11624191382448527,0.5894208209606967,0.0679469348657798,1.8034096419452432,0.3743629275058095,2,7,0.6438869379263483,3,0,0,1,0,0,1,0,0,3,soc7
334,2,TABAK,11,0,soc,0.6471321095142732,8.0,0.24766921532422653,0.5793493540468884,0.33589253456145995,0.4112814010801622,0.24766921532422653,1.422146459534712,0.3982106150613792,3,7,0.5018241301604933,3,1,0,1,1,0,2,0,0,2,soc7
335,2,SEHPA,12,0,soc,0.8191831838889087,4.0,0.7168752276890751,0.4303144379207038,0.5382900836507162,0.31535720507816634,0.7168752276890751,1.720448254481668,0.8191831838889087,4,7,0.36881659663105903,3,1,1,1,1,1,1,1,0,0,soc7
336,2,TERLİK,13,0,soc,0.8204713648780362,1.0,0.8204713648780362,0.5558040914501903,0.5273674838549944,0.39253021071276073,0.8204713648780362,2.287936016699765,0.8204713648780362,1,11,0.44939873844428124,3,0,0,1,0,0,2,0,0,5,soc7
337,2,DEFTER,14,0,soc,0.4945097639935926,2.0,0.17034196864977283,0.6202179945213726,0.23970112319109735,0.533038115158255,0.17034196864977283,3.4844033861376222,0.4945097639935926,2,11,0.6142401412883369,3,0,0,1,0,0,1,0,0,8,soc7
338,2,KAŞIK,15,0,soc,0.9312959692780304,4.0,0.39321858833781304,0.5289707779841339,0.6165460095012755,0.3386497311191121,0.39321858833781304,3.1567481198833813,0.9312959692780304,4,10,0.34752258333335495,3,1,0,1,1,0,2,1,0,2,soc7
339,2,CÜZDAN,16,0,soc,0.874047692873124,4.0,0.6996668093983431,0.48721396350788626,0.7049847838057818,0.36998022832550503,0.6996668093983431,3.418877888734812,0.874047692873124,4,11,0.3549141765893503,3,0,0,1,0,0,2,1,0,5,soc7
340,2,KEDİ,17,0,soc,0.83247450901758,2.0,0.6472935879145645,0.5554764021163422,0.650970575425408,0.4034386990512673,0.6472935879145645,3.3650103051117526,0.83247450901758,2,14,0.4216353952572405,3,0,0,1,0,0,1,0,0,6,soc7
341,3,DOLAP,1,0,soc,,,,0.5902419444518475,,0.33597700186717905,,0.0,1.0,0,0,1.0,1,1,1,1,2,3,1,0,0,0,soc7
342,3,PARKUR,2,0,soc,0.5442373948670083,1.0,0.5442373948670083,0.5903502248678305,0.5442373948670083,0.5602304785004651,0.5442373948670083,0.0,0.5442373948670083,1,0,0.5902419444518475,1,1,0,1,2,0,2,0,0,3,soc7
343,3,DUVAR,3,0,soc,0.7200170034852962,2.0,0.2620478920563535,0.575574643127381,0.49103244777082483,0.47513076106820884,0.2620478920563535,0.5442373948670083,0.7200170034852962,2,0,0.5230210823890599,1,1,0,1,2,0,2,1,1,3,soc7
344,3,SALÇA,4,0,soc,0.7797495872476483,3.0,0.44545718329862005,0.3906695230589071,0.4943031675432929,0.3491200676931725,0.44545718329862005,1.5263022904086578,0.7797495872476483,3,0,0.49265310593141665,1,1,1,1,2,3,1,1,0,0,soc7
345,3,FIRIN,5,0,soc,0.9575447667524211,1.0,0.9575447667524211,0.4050911560845477,0.5506463704494777,0.43293418999233924,0.9575447667524211,3.0092117930385367,0.9575447667524211,1,3,0.4511937572092757,2,1,1,1,2,3,1,1,1,0,soc7
346,3,LAMBA,6,0,soc,0.8145371713165205,2.0,0.6878179095248221,0.5284726990595303,0.6478219113544031,0.3868723281545585,0.6878179095248221,2.350368942205649,0.8145371713165205,2,3,0.4065816361453134,2,1,1,1,2,3,1,1,1,0,soc7
347,3,HALI,7,0,soc,0.751662779508489,3.0,0.3564879164371825,0.5827096765286712,0.4362511843310788,0.4588967067164901,0.3564879164371825,3.783164911839973,0.751662779508489,3,3,0.501963724505262,2,0,1,0,0,1,0,0,0,5,soc7
348,3,KİTAP,8,0,soc,0.6275266564175318,7.0,0.31199474850576664,0.668887969038015,0.21597094338058587,0.5483117534560065,0.31199474850576664,4.074257890576406,0.31199474850576664,1,6,0.6307176036205575,2,0,1,0,0,1,0,0,0,8,soc7
349,3,CAM,9,0,soc,0.5422613068123834,3.0,0.061728587671636026,0.7075174269347038,0.33460692727425945,0.5456886208646838,0.061728587671636026,2.2091912343377014,0.5422613068123834,3,5,0.5643810667583028,2,1,1,1,2,3,1,1,0,0,soc7
350,3,TOPRAK,10,1,soc,0.3643275149525329,5.0,0.12393020828866583,0.6727576736203449,0.23546818799613525,0.5076097091566674,0.12393020828866583,1.7893618367458288,0.2516813273359696,4,5,0.595897084578757,3,0,0,1,0,0,2,0,0,4,soc7
351,3,YATAK,11,0,soc,0.6552667645315771,10.0,0.22068427270509827,0.6076392452042766,0.3300522875068121,0.4257876345787204,0.22068427270509827,1.1562379773439866,0.5074386632811121,4,6,0.5176472430266309,3,1,0,1,2,0,2,0,0,3,soc7
352,3,KÜÇÜK,12,1,soc,0.4546590965537116,11.0,0.3466276637668677,0.6154292181624224,0.3188725417967422,0.42558082555213783,0.3466276637668677,1.0500716051373686,0.3969815277750878,2,9,0.5165969793856953,3,0,0,1,0,0,2,0,0,7,soc7
353,3,ODA,13,1,soc,0.7480478841854629,2.0,0.2985323326171385,0.6385270503894831,0.3329112233579051,0.5414499084188459,0.2985323326171385,1.6668191839946256,0.7480478841854629,2,10,0.5512185936621543,3,1,0,1,2,0,2,1,0,3,soc7
354,3,KOKU,14,0,soc,0.7679684291054976,10.0,0.17160209273526855,0.6618674232868301,0.2758843210687881,0.5067001760010903,0.17160209273526855,2.1817338517535396,0.483801849303868,2,11,0.5600408603539108,3,0,0,1,0,0,2,1,0,4,soc7
355,3,KALAS,15,1,soc,0.5165683044205327,3.0,0.14382481420518684,0.7041235221826285,0.2099428223631782,0.6106099879125828,0.14382481420518684,2.2820841650301102,0.5165683044205327,3,11,0.6743683881368628,3,0,0,1,0,0,2,1,0,7,soc7
356,3,DÜĞME,16,0,soc,0.9823856774645168,10.0,0.09227796764437182,0.6271703039099266,0.40255797623698053,0.46531350727224796,0.09227796764437182,1.624325499333759,0.700374303081745,2,13,0.503072011913824,3,1,1,1,2,3,1,0,0,0,soc7
357,3,ÇİÇEK,17,1,soc,0.7185540294184415,5.0,0.3689625248972189,0.6468692710344153,0.3927451045985174,0.5210871624986769,0.3689625248972189,1.3405996190127922,0.5204208570906917,3,13,0.5744529438102619,3,0,0,1,0,0,1,0,0,2,soc7
358,4,KASA,1,1,soc,,,,0.5279207704137966,,0.5553221609825839,,0.0,1.0,0,0,1.0,1,1,1,1,2,1,1,0,0,5,soc7
359,4,MARKET,2,1,soc,0.7216362036201042,1.0,0.7216362036201042,0.46308382877499343,0.7216362036201042,0.4042723588995776,0.7216362036201042,0.0,0.7216362036201042,1,0,0.5279207704137966,1,1,1,1,2,1,1,1,1,5,soc7
360,4,BAHÇE,3,0,soc,0.42616662481035583,1.0,0.42616662481035583,0.5469832937695108,0.28293049804988546,0.5372687018702678,0.42616662481035583,0.7216362036201042,0.42616662481035583,1,1,0.6483112295662201,1,1,0,1,2,0,1,0,0,3,soc7
361,4,ZEMİN,4,0,soc,0.4555404593460384,1.0,0.4555404593460384,0.5844323055599374,0.35914671278138255,0.4944130662455206,0.4555404593460384,1.287497199719875,0.4555404593460384,1,2,0.5628711289948292,1,1,0,1,2,0,1,1,1,3,soc7
362,4,DERGİ,5,1,soc,0.36777367596527766,3.0,0.1852874627060137,0.6082196806172463,0.1947034058750935,0.5468745051695414,0.1852874627060137,2.3649373380640224,0.36777367596527766,3,1,0.6128946244655238,2,0,1,0,0,2,0,0,0,8,soc7
363,4,MEKTUP,6,1,soc,0.3551170103613303,1.0,0.3551170103613303,0.6342043890535073,0.17970451730849205,0.5470972354918863,0.3551170103613303,2.0057027097504543,0.3551170103613303,1,4,0.5943004932431145,2,0,1,0,0,2,0,0,0,7,soc7
364,4,ÇORAP,7,1,soc,0.5824925694638781,5.0,0.05638370469242686,0.6826608737697,0.2943427312622233,0.4383361536510587,0.05638370469242686,1.39442158538967,0.4082691226625164,4,2,0.5764282635697338,2,1,1,1,2,1,1,0,0,5,soc7
365,4,HALKA,8,0,soc,0.531413672102889,2.0,0.2592308117623375,0.6196872715681838,0.2671417132330925,0.5195642426535919,0.2592308117623375,1.2094382422400918,0.531413672102889,2,5,0.5417732064277595,2,0,1,0,0,2,0,1,0,7,soc7
366,4,SİLGİ,9,0,soc,0.5408118683387342,2.0,0.2994713075355786,0.6173326897405095,0.352145575450391,0.46355118341306023,0.2994713075355786,1.3858785739647068,0.5408118683387342,2,6,0.4892610772711007,2,0,1,0,0,2,0,1,0,8,soc7
367,4,KUTU,10,0,soc,0.6721658308899058,3.0,0.21923152408049593,0.5968499431106109,0.37774103865099257,0.3853447061901726,0.21923152408049593,2.049707600625391,0.6721658308899058,3,6,0.5052766582981052,3,0,0,1,0,0,3,0,0,0,soc7
368,4,FIRIN,11,0,soc,0.5648124718075491,9.0,0.3957480763403479,0.5505381240466516,0.27652874292779284,0.4881283263718136,0.3957480763403479,2.3164950938733706,0.4273119086522751,4,6,0.5426938701015054,3,0,0,1,0,0,3,1,1,0,soc7
369,4,TAHTA,12,0,soc,0.808938780912267,2.0,0.6122989307190158,0.526751413239961,0.5590939292692154,0.4209215187685309,0.6122989307190158,1.755610251440388,0.808938780912267,2,9,0.41126579154899445,3,0,0,1,0,0,3,1,1,0,soc7
370,4,HARİTA,13,0,soc,0.46457851757624713,3.0,0.28506620294828056,0.6217772560933265,0.266828882571573,0.5250222002125743,0.28506620294828056,2.845758127553929,0.46457851757624713,3,9,0.5573035168744087,3,0,0,1,0,0,2,0,0,1,soc7
371,4,TERAS,14,1,soc,0.9242042644743286,11.0,0.2092665629199606,0.6408028034746116,0.30739255150443556,0.5396915467606137,0.2092665629199606,2.7788045163682664,0.46766602231624255,3,10,0.5523046808491887,3,1,0,1,2,0,1,0,0,3,soc7
372,4,KALIP,15,0,soc,0.7259905593396109,8.0,0.19912885118227577,0.6217865166561785,0.3689706733296624,0.473920421598216,0.19912885118227577,2.1249475338135415,0.3760697705037864,4,10,0.53561037819024,3,0,0,1,0,0,1,0,0,9,soc7
373,4,PARA,16,1,soc,0.60207201097775,15.0,0.2515410970814467,0.6270537582460712,0.1840542894209895,0.5582122693077023,0.2515410970814467,1.6827056057692593,0.2557476057021561,4,11,0.5875894340111061,3,1,1,1,2,1,1,0,0,5,soc7
374,4,SIRA,17,1,soc,0.24573466174940206,9.0,0.19244542870888942,0.7110412911400819,0.11089950708287752,0.629137012583165,0.19244542870888942,1.2526794916174036,0.19244542870888942,1,15,0.6328021901377644,3,0,0,1,0,0,2,1,0,1,soc7
381,1,ÇANTA,1,0,eng,,,,0.7083769927371282,,0.5301810409092238,,0.0,1.0,0,0,1.0,1,1,0,0,1,0,0,0,0,5,eng7
382,1,YAZI,2,0,eng,0.19881469839452814,1.0,0.19881469839452814,0.6587562645724212,0.19881469839452814,0.5483419720681832,0.19881469839452814,0.0,0.19881469839452814,1,0,0.7083769927371282,1,1,0,1,1,0,2,0,0,8,eng7
383,1,EKRAN,3,0,eng,0.11523388533427606,1.0,0.11523388533427606,0.70534480064249,0.09419900999853129,0.6428201848624142,0.11523388533427606,0.19881469839452814,0.11523388533427606,1,1,0.7023087939362955,1,1,0,1,1,0,1,0,0,1,eng7
384,1,KÖPEK,4,0,eng,0.4944838721428647,3.0,0.06892109976867276,0.6435750041007435,0.2642954696554075,0.47709017467536563,0.06892109976867276,0.38721271839159066,0.4944838721428647,3,0,0.5813046815222017,1,1,0,1,1,0,1,0,0,6,eng7
385,1,PARK,5,0,eng,0.3403780110726855,4.0,0.3129821028808094,0.543802178042808,0.22410959863394875,0.504206481591166,0.3129821028808094,1.1800991273578132,0.3403780110726855,4,0,0.5738713551728842,2,0,1,0,0,2,0,0,0,3,eng7
386,1,BİNA,6,0,eng,0.526662887280119,1.0,0.526662887280119,0.5642656650571787,0.2691146748520284,0.5053050278408435,0.526662887280119,0.9696968056207433,0.526662887280119,1,4,0.5329292815178934,2,0,1,0,0,2,0,1,1,3,eng7
387,1,KAĞIT,7,0,eng,0.6540926245962044,6.0,0.20140033317492984,0.5566875422145929,0.31315809970144143,0.3868794903648789,0.20140033317492984,1.394331002983146,0.5652011362224488,3,3,0.5567266294114791,2,0,1,1,0,1,1,0,0,9,eng7
388,1,BARDAK,8,0,eng,0.7632916113080702,1.0,0.7632916113080702,0.49330551071275774,0.3112907690504658,0.4497209961340791,0.7632916113080702,2.171422719099547,0.7632916113080702,1,6,0.5311469941347224,2,0,1,1,0,1,1,0,0,2,eng7
389,1,KOLAY,9,0,eng,0.4734206706671342,2.0,0.36830066587155413,0.6385614141123692,0.25883616418502553,0.5589731794736329,0.36830066587155413,2.0414701796050743,0.4734206706671342,2,6,0.5817786210380514,2,0,1,0,0,1,0,0,0,7,eng7
390,1,AĞAÇ,10,1,eng,0.8790552457670859,3.0,0.1930072392282881,0.5785888217825734,0.5586711218274342,0.37092974911959153,0.1930072392282881,2.1546400802963923,0.8790552457670859,3,6,0.42352637762271794,3,0,1,1,0,1,1,1,0,9,eng7
391,1,KALEM,11,1,eng,0.7730691951070705,9.0,0.42908288592068916,0.5711354476682996,0.3592714453969047,0.462638275571011,0.42908288592068916,3.387360832920022,0.6893193775666414,4,6,0.5281111286947584,3,1,0,1,1,0,2,0,0,8,eng7
392,1,ÖLÇEK,12,0,eng,0.462612321243832,2.0,0.3264311289142347,0.6002192632711741,0.3273742923811308,0.48701182392208064,0.3264311289142347,2.1339256676878735,0.462612321243832,2,9,0.5235798893309211,3,1,0,1,1,0,1,0,0,1,eng7
393,1,BEYİN,13,1,eng,0.7030623490479981,9.0,0.2741413589628098,0.5745040728366698,0.3265331023285077,0.47336661103398003,0.2741413589628098,1.7977226489852174,0.39902049243806387,2,10,0.5383923041412004,3,1,0,1,1,0,1,0,0,6,eng7
394,1,ŞİŞE,14,0,eng,0.9133266973789964,6.0,0.3926957632344366,0.6253814987708941,0.3135774241768021,0.48505736675715017,0.3926957632344366,2.1860362625357004,0.6440032611822291,4,9,0.5119368976676593,3,0,0,1,0,0,3,0,0,0,eng7
395,1,RAKAM,15,0,eng,0.7057482398165602,13.0,0.11727237238371083,0.7144285922147153,0.3728730808356634,0.5340397563894385,0.11727237238371083,1.7888446191390401,0.5024065825084536,4,10,0.5049264285684736,3,1,0,1,1,0,2,1,0,8,eng7
396,1,KABLO,16,1,eng,0.5725258870121184,15.0,0.07457247005177867,0.6263225600323492,0.26080731505319954,0.5327704653094095,0.07457247005177867,1.880580147719625,0.5459483882654621,2,13,0.5762525790942739,3,0,0,1,0,0,3,1,0,0,eng7
397,1,KALE,17,0,eng,0.5201944127892401,6.0,0.328774756070349,0.5579481356257445,0.24997539525490886,0.5100958397334187,0.328774756070349,1.6380077331388065,0.37316492997265727,4,12,0.5693107873040513,3,0,0,1,0,0,3,1,1,0,eng7
398,1,SARI,18,1,eng,0.4571760663374574,11.0,0.36595312886614795,0.6478624337479864,0.1987571695886605,0.5714597870212474,0.36595312886614795,1.31307008934626,0.36595312886614795,1,16,0.5920511215560129,3,0,1,1,0,1,1,0,0,2,eng7
399,2,KAPI,1,1,eng,,,,0.5548506445745706,,0.4784112557648722,,0.0,1.0,0,0,1.0,1,1,0,1,1,0,1,0,0,0,eng7
400,2,CÜZDAN,2,0,eng,0.6490652151450355,1.0,0.6490652151450355,0.4782715240272132,0.6490652151450355,0.42055383587886486,0.6490652151450355,0.0,0.6490652151450355,1,0,0.5548506445745706,1,1,0,1,1,0,1,0,0,5,eng7
401,2,İLAÇ,3,0,eng,0.5041218058236524,1.0,0.5041218058236524,0.5395775901338973,0.3656106004357894,0.4822902675236147,0.5041218058236524,0.6490652151450355,0.5041218058236524,1,1,0.6218010691583371,1,1,0,0,1,0,0,0,0,4,eng7
402,2,DEFTER,4,0,eng,0.627572112708787,2.0,0.48588772879447206,0.5797526314684369,0.45830515070930145,0.4976590299160123,0.48588772879447206,1.3802864160166144,0.627572112708787,2,1,0.5227201118542013,1,1,0,0,1,0,0,0,0,8,eng7
403,2,GRUP,5,0,eng,0.3518004809128885,4.0,0.20722865546321656,0.6951868480820692,0.24676734530680777,0.5363174565384443,0.20722865546321656,2.7552018681445185,0.3518004809128885,4,0,0.5658190321842622,2,0,1,1,0,1,1,0,0,1,eng7
404,2,KEDİ,6,1,eng,0.6472935879145645,4.0,0.06384466415419943,0.6889011715229747,0.4325058254294927,0.42853448260436555,0.06384466415419943,2.2528505476412537,0.6472935879145645,4,1,0.5396832369847311,2,0,1,0,0,1,0,0,0,6,eng7
405,2,TOPLU,7,0,eng,0.3821091830560145,2.0,0.23672253868890353,0.6437933080392735,0.2870994265388004,0.5030464415766869,0.23672253868890353,1.884928330490742,0.3821091830560145,2,4,0.5536796630407641,2,0,1,1,0,2,1,0,0,7,eng7
406,2,TABAK,8,0,eng,0.5042465281180626,6.0,0.18539221341681766,0.6874519982797609,0.3199678941150557,0.4632517524263845,0.18539221341681766,1.4820004565336806,0.45868189500698364,2,5,0.5183902653848571,2,0,1,1,0,1,3,0,0,2,eng7
407,2,KISA,9,0,eng,0.4690134993133757,2.0,0.09724092333483803,0.7012036561402962,0.20646495370308768,0.5503337939349012,0.09724092333483803,1.659213906531921,0.4690134993133757,2,6,0.5723721243126978,2,0,1,1,0,2,1,1,0,7,eng7
408,2,ELMA,10,0,eng,0.6297280067709563,4.0,0.12595479262543527,0.6682658842051482,0.2608011998027453,0.5212363974141905,0.12595479262543527,1.538779367146533,0.6297280067709563,4,5,0.5446063354271826,3,0,1,1,0,1,3,1,0,2,eng7
409,2,SEHPA,11,0,eng,0.874047692873124,9.0,0.24475417417886924,0.6389717113413556,0.427428907430608,0.39163855902062694,0.24475417417886924,1.3918358096652157,0.7168752276890751,3,7,0.5331113846448389,3,1,0,1,1,0,1,0,0,0,eng7
410,2,SPOR,12,0,eng,0.5263829283054188,7.0,0.10302136975117399,0.6430653272746938,0.09701280989252362,0.5984847031044943,0.10302136975117399,1.7370800034598346,0.10699570731402533,4,7,0.6917836322086879,3,0,1,1,0,1,1,0,0,1,eng7
411,2,BÜYÜK,13,1,eng,0.5207710106964843,4.0,0.26721085646330167,0.6092506713852267,0.33225267460809127,0.47807939250446574,0.26721085646330167,0.6473742398510369,0.5207710106964843,4,8,0.47507061223506986,3,0,1,1,0,2,1,1,0,7,eng7
412,2,KAŞIK,14,1,eng,0.9312959692780304,6.0,0.27468426196019957,0.5302106774298565,0.4342491407850907,0.4084562889125489,0.27468426196019957,1.1860480850468953,0.8855161527891529,3,10,0.43277332340450514,3,0,1,1,0,1,3,1,0,2,eng7
413,2,TAŞLIK,15,0,eng,0.8552285627599883,1.0,0.8552285627599883,0.5618046465420214,0.530625169551757,0.4138548632760295,0.8552285627599883,1.8819030102666248,0.8552285627599883,1,13,0.46430225175404904,3,0,1,1,0,1,3,1,1,2,eng7
414,2,KOLTUK,16,1,eng,0.7434975641506587,5.0,0.08964100272188237,0.6832153909407335,0.231456057904456,0.6056011954691843,0.08964100272188237,2.0212607492757453,0.21787928701493695,2,13,0.6782444543347173,3,0,0,1,0,0,1,0,0,3,eng7
415,2,TERLİK,17,1,eng,0.9044878180247089,2.0,0.2597987541429509,0.6846190554587736,0.5354097674515427,0.4038907488986716,0.2597987541429509,1.8089236579941363,0.9044878180247089,2,14,0.44182983536795706,3,1,0,1,1,0,1,0,0,5,eng7
416,3,DÜĞME,1,0,eng,,,,0.37600143231882643,,0.37088520661949465,,0.0,1.0,0,0,1.0,1,1,0,1,2,0,3,0,0,0,eng7
417,3,SALÇA,2,0,eng,0.9607896067400263,1.0,0.9607896067400263,0.39206451882814064,0.9607896067400263,0.32732921783210456,0.9607896067400263,0.0,0.9607896067400263,1,0,0.37600143231882643,1,1,0,1,2,0,3,1,1,0,eng7
418,3,HALI,3,0,eng,0.751662779508489,1.0,0.751662779508489,0.5651851976939282,0.6510665483206919,0.5043518715264828,0.751662779508489,0.9607896067400263,0.751662779508489,1,1,0.5077191649453958,1,1,0,0,1,0,0,0,0,5,eng7
419,3,ÇİÇEK,4,1,eng,0.46749925114819574,2.0,0.24607374431845863,0.5595628507320356,0.36084517345462447,0.44434243748468205,0.24607374431845863,2.26292270338141,0.46749925114819574,2,1,0.5959429792518834,1,1,1,0,1,1,0,0,0,2,eng7
420,3,KOLA,5,1,eng,0.8559760341270273,3.0,0.6641148065340642,0.4797775169157963,0.6476646661628402,0.42493594024001546,0.6641148065340642,3.3454582237452835,0.8559760341270273,3,1,0.44947192951053316,2,1,1,0,1,1,0,1,1,2,eng7
421,3,KOKU,6,1,eng,0.7679684291054976,4.0,0.5837819369581021,0.5187115157149399,0.5768916094552392,0.4278261873002217,0.5837819369581021,3.208188560227428,0.7679684291054976,4,1,0.4733036934274589,2,0,1,1,0,1,1,0,0,4,eng7
422,3,KÜÇÜK,7,1,eng,0.7185540294184415,3.0,0.483801849303868,0.5440329522743195,0.49005890958960013,0.4300906129820907,0.483801849303868,2.549165810532669,0.7185540294184415,3,3,0.46066847441519554,2,0,1,1,0,1,1,0,0,7,eng7
423,3,KİTAP,8,1,eng,0.3321806870903763,1.0,0.3321806870903763,0.5865992637994625,0.24590945184273955,0.5138558497188668,0.3321806870903763,3.553521777816087,0.3321806870903763,1,6,0.603277827662554,2,0,1,0,0,1,0,0,0,8,eng7
424,3,DUVAR,9,1,eng,0.5635340067284889,8.0,0.3126929017723875,0.5981525183252113,0.31421418005071666,0.4619757951818084,0.3126929017723875,2.256785745181313,0.3711144949844335,3,5,0.5294838672058805,2,0,1,1,0,1,3,0,0,3,eng7
425,3,KALAS,10,0,eng,0.5165683044205327,3.0,0.22795832464146074,0.6132681325291169,0.2649426919239,0.5424675192130639,0.22795832464146074,1.9906549112925682,0.5165683044205327,3,6,0.5734114799001241,3,0,1,1,0,1,1,1,0,7,eng7
426,3,TOPRAK,11,0,eng,0.5057224384953654,7.0,0.3025544957014579,0.6008945535982599,0.3143712249632461,0.5034896211198256,0.3025544957014579,1.7960238779434068,0.3969815277750878,4,6,0.542745666638857,3,0,1,1,0,1,1,0,0,4,eng7
427,3,LAMBA,12,0,eng,0.9823856774645168,11.0,0.2516813273359696,0.5081549672113348,0.3081573336191267,0.42864891543787886,0.2516813273359696,1.4204556765906915,0.5543222271122044,3,8,0.5092791905675141,3,1,0,1,2,0,3,0,0,0,eng7
428,3,DOLAP,13,0,eng,0.934522940334041,12.0,0.7685736311244618,0.45064916201911764,0.47614019096243687,0.34458381336486343,0.7685736311244618,1.7818484399060543,0.7685736311244618,1,11,0.4606158431026789,3,1,0,1,2,0,3,1,1,0,eng7
429,3,PARKUR,14,0,eng,0.5442373948670083,1.0,0.5442373948670083,0.6438059211192224,0.31052561256677846,0.5243351837810566,0.5442373948670083,1.7662270718377424,0.5442373948670083,1,12,0.5304368406368563,3,0,1,1,0,1,3,0,0,3,eng7
430,3,FIRIN,15,0,eng,0.9575447667524211,13.0,0.10413071417925948,0.6123462835687339,0.4318676561849391,0.4704724207838411,0.10413071417925948,2.2817102691072177,0.8174243470308453,2,12,0.44436846883744074,3,1,0,1,2,0,3,1,0,0,eng7
431,3,YATAK,16,1,eng,0.6552667645315771,3.0,0.42592524188505293,0.46077293183513546,0.4363162491416029,0.406477956992755,0.42592524188505293,3.336042614420404,0.6552667645315771,3,12,0.48308032420051894,3,0,1,1,0,1,3,1,0,3,eng7
432,3,ODA,17,1,eng,0.7480478841854629,1.0,0.7480478841854629,0.5172946855447434,0.37942381395435554,0.5052454256167309,0.7480478841854629,2.9574439764237987,0.7480478841854629,1,15,0.49931993384372764,3,0,1,1,0,1,3,1,1,3,eng7
433,4,HALKA,1,0,eng,,,,0.7656231422427343,,0.5396806183190834,,0.0,1.0,0,0,1.0,1,1,1,0,1,1,0,0,0,7,eng7
434,4,SULUK,2,0,eng,0.08615704887144095,1.0,0.08615704887144095,0.621263471549967,0.08615704887144095,0.48515895139301735,0.08615704887144095,0.0,0.08615704887144095,1,0,0.7656231422427343,1,1,0,0,1,0,0,0,0,2,eng7
435,4,TAHTA,3,0,eng,0.4928065927334522,1.0,0.4928065927334522,0.5721676527747184,0.384982038091383,0.452080616989907,0.4928065927334522,0.08615704887144095,0.4928065927334522,1,1,0.557747728330326,1,1,0,1,1,0,1,0,0,0,eng7
436,4,KALIP,4,0,eng,0.5382124150449655,2.0,0.33768588735381055,0.618945713807286,0.33803411860530047,0.4502412938412689,0.33768588735381055,0.8561211250542069,0.5382124150449655,2,1,0.554410067482189,1,1,0,0,1,0,0,0,0,9,eng7
437,4,MEKTUP,5,0,eng,0.531413672102889,4.0,0.1639095942226352,0.6639315434337019,0.2834127270704456,0.5319869244416009,0.1639095942226352,1.8702234808701084,0.531413672102889,4,0,0.542261790564214,2,1,1,0,1,1,0,1,0,7,eng7
438,4,ZEMİN,6,0,eng,0.5305487251469482,2.0,0.1880818049880254,0.6113183371657089,0.39698422395045635,0.4714938778984249,0.1880818049880254,1.9709421313111217,0.5305487251469482,2,3,0.48846889864292775,2,0,1,1,0,1,2,0,0,3,eng7
439,4,ÇORAP,7,1,eng,0.7259905593396109,3.0,0.2867144584794895,0.5784134802969683,0.43818529353499597,0.44117465230283126,0.2867144584794895,1.9116270677777685,0.7259905593396109,3,3,0.48061219451330406,2,0,1,1,0,1,3,0,0,5,eng7
440,4,SİLGİ,8,0,eng,0.5408118683387342,1.0,0.5408118683387342,0.5518983757722697,0.3869383505294024,0.4549179321361696,0.5408118683387342,1.951628846869136,0.5408118683387342,1,6,0.5071817054090664,2,0,1,1,0,1,1,0,0,8,eng7
441,4,HARİTA,9,0,eng,0.41780844155107905,3.0,0.20908895245117776,0.6872022583863447,0.20534861847011426,0.5668224827286175,0.20908895245117776,1.67911598330169,0.41780844155107905,3,5,0.6149253838446365,2,0,1,1,0,1,1,0,0,1,eng7
442,4,PARA,10,0,eng,0.46851727800669357,3.0,0.12544697133362123,0.5493182260061804,0.3000017587623166,0.4619144204663277,0.12544697133362123,1.7170794053236063,0.46851727800669357,3,6,0.5592446858587483,3,0,1,1,0,1,3,1,0,5,eng7
443,4,KASA,11,0,eng,0.60207201097775,1.0,0.60207201097775,0.5702769477604516,0.3504625537151119,0.4670564712690437,0.60207201097775,1.7690090144758872,0.60207201097775,1,9,0.4861825043406214,3,0,1,1,0,1,3,1,1,5,eng7
444,4,DERGİ,12,0,eng,0.3551170103613303,7.0,0.10379699334567782,0.6705398630894923,0.16666455377927297,0.5535469336654982,0.10379699334567782,1.7990267284498112,0.31332055457462793,4,7,0.6293031883588125,3,0,1,1,0,1,1,1,0,8,eng7
445,4,MARKET,13,0,eng,0.7216362036201042,2.0,0.36777367596527766,0.5355976167529496,0.38387838579307976,0.4378809654076079,0.36777367596527766,1.225622714424043,0.7216362036201042,2,10,0.4472623888644629,3,0,1,1,0,1,3,1,0,5,eng7
446,4,TERAS,14,0,eng,0.7799382870425406,8.0,0.4909798771227458,0.6568346248427244,0.2515121314103683,0.49281605385138816,0.4909798771227458,2.3965327280818793,0.4909798771227458,1,12,0.5754982592576073,3,0,1,1,0,1,2,0,0,3,eng7
447,4,SIRA,15,1,eng,0.24573466174940206,14.0,0.03938689500512195,0.7385057288532125,0.09332669631230026,0.6368330684922433,0.03938689500512195,2.0872872522898396,0.11376074251908228,4,10,0.6868540801760812,3,0,1,1,0,1,1,0,0,1,eng7
448,4,KUTU,16,0,eng,0.808938780912267,13.0,0.07140234828000107,0.6674384152048243,0.2612946476922995,0.5198567220989321,0.07140234828000107,1.1661600549011617,0.3941588399247352,4,11,0.5595733322124795,3,1,0,1,1,0,1,0,0,0,eng7
449,4,BAHÇE,17,1,eng,0.9242042644743286,3.0,0.3078966444328167,0.6674611724926645,0.3832414894163567,0.467441940657048,0.3078966444328167,1.1623964909150302,0.9242042644743286,3,13,0.45039149200519946,3,0,1,1,0,1,2,1,0,3,eng7
456,1,KALEM,1,1,soc,,,,0.7629118763707334,,0.4696173539101489,,0.0,1.0,0,0,1.0,1,1,0,1,2,0,1,0,0,8,soc6
457,1,EKRAN,2,0,soc,0.09029648641541374,1.0,0.09029648641541374,0.716609965422278,0.09029648641541374,0.6251539711008434,0.09029648641541374,0.0,0.09029648641541374,1,0,0.7629118763707334,1,1,0,1,1,0,1,0,0,1,soc6
458,1,YAZI,3,1,soc,0.7730691951070705,2.0,0.11523388533427606,0.6910515839634882,0.44415154022067327,0.5312527906172626,0.11523388533427606,0.09029648641541374,0.7730691951070705,2,0,0.5402354857550171,1,1,0,1,2,0,1,1,0,8,soc6
459,1,ŞİŞE,4,0,soc,0.19982837508722395,3.0,0.07959490084333107,0.6813563435077452,0.1153680308617429,0.47803459045355556,0.07959490084333107,0.9785995668567603,0.19982837508722395,3,0,0.6695247200861976,1,1,1,1,1,1,1,0,0,0,soc6
460,1,SARI,5,0,soc,0.282269608051793,4.0,0.16511979017404738,0.7011715357087555,0.15975342347804405,0.5816775748268816,0.16511979017404738,1.3247036594419888,0.282269608051793,4,0,0.6105112022450813,2,0,1,0,0,2,0,0,0,2,soc6
461,1,KABLO,6,0,soc,0.5459483882654621,2.0,0.07220956163168167,0.6778243610849011,0.30907921980430786,0.46881635088566975,0.07220956163168167,0.618253688692664,0.5459483882654621,2,3,0.5219273731938054,2,1,1,1,1,1,1,1,0,0,soc6
462,1,KÖPEK,7,1,soc,0.6341294391066079,3.0,0.22519771910959463,0.6100256406871387,0.26090691610322303,0.4922407785654037,0.22519771910959463,1.19256449727872,0.6341294391066079,3,3,0.5189402326986645,2,0,1,1,0,1,1,0,0,6,soc6
463,1,BARDAK,8,0,soc,0.9133266973789964,4.0,0.37934941818911777,0.6225322628677463,0.42281956487314665,0.4411694987697702,0.37934941818911777,1.7894097837639484,0.9133266973789964,4,3,0.4259101855416487,2,0,1,0,0,2,0,1,0,2,soc6
464,1,PARK,9,0,soc,0.31828230066954966,3.0,0.1621720899227609,0.6376280463899805,0.21517751844522076,0.49547945681146177,0.1621720899227609,1.466574773996886,0.31828230066954966,3,5,0.5731708729838823,2,0,1,1,0,1,1,0,0,3,soc6
465,1,ÖLÇEK,10,0,soc,0.4406669826465497,7.0,0.23258702823858693,0.6212663041143357,0.15315726128580304,0.5320278063974999,0.23258702823858693,1.7270080480210726,0.23258702823858693,1,8,0.6116710392235181,3,1,0,1,1,0,1,0,0,1,soc6
466,1,BİNA,11,1,soc,0.526662887280119,2.0,0.29857535514375605,0.6148954878612684,0.31824840068144866,0.4787027301701047,0.29857535514375605,1.3352047144822354,0.526662887280119,2,8,0.505906250270923,3,0,1,1,0,1,1,1,0,3,soc6
467,1,KOLAY,12,0,soc,0.36830066587155413,4.0,0.21757328697261005,0.6433741724825645,0.22205216381262058,0.5506122651983438,0.21757328697261005,1.5421162758663243,0.36830066587155413,4,7,0.5995493035414026,3,0,0,1,0,0,1,0,0,7,soc6
468,1,BEYİN,13,1,soc,0.7030623490479981,6.0,0.18410154805952028,0.5913337840188628,0.3047757114990501,0.4695808682553214,0.18410154805952028,1.607855623703658,0.3183272189245442,2,10,0.5475791304319408,3,0,1,1,0,1,1,0,0,6,soc6
469,1,KALE,14,1,soc,0.5201944127892401,13.0,0.37316492997265727,0.601058262039471,0.2885781742190828,0.5294694265999043,0.37316492997265727,1.58221943686835,0.37316492997265727,1,12,0.5729816335059512,3,1,1,1,1,1,1,0,0,0,soc6
470,1,ÇANTA,15,1,soc,0.7290655094278011,11.0,0.20492638778021305,0.6274451393958892,0.2137081635269476,0.4959326512609582,0.20492638778021305,1.366654363543244,0.2770681081099094,2,12,0.5541946156722537,3,0,0,1,0,0,1,0,0,5,soc6
471,1,RAKAM,16,0,soc,0.7057482398165602,13.0,0.18790412688669486,0.6168897062980495,0.22573843155899312,0.5157759525550967,0.18790412688669486,1.3833574497215098,0.4029670298152104,3,12,0.5812493819017983,3,1,0,1,2,0,1,0,0,8,soc6
472,1,AĞAÇ,17,0,soc,0.7102854000778898,9.0,0.34494329664975604,0.4600787839111359,0.3116305798972022,0.44246930380757754,0.34494329664975604,1.4911312609156322,0.456667922479698,2,14,0.5064439115753581,3,0,0,1,0,0,2,0,0,9,soc6
473,1,KAĞIT,18,0,soc,0.8790552457670859,1.0,0.8790552457670859,0.45135818820489004,0.5448672462359239,0.387958171145957,0.8790552457670859,1.5083287782195076,0.8790552457670859,1,16,0.3899626122090476,3,0,0,1,0,0,2,1,1,9,soc6
474,2,BÜYÜK,1,1,soc,,,,0.6716160191864413,,0.5488214058503795,,0.0,1.0,0,0,1.0,1,1,1,1,1,1,1,0,0,7,soc6
475,2,KAPI,2,1,soc,0.29598254673402624,1.0,0.29598254673402624,0.5573176318506976,0.29598254673402624,0.471021294028649,0.29598254673402624,0.0,0.29598254673402624,1,0,0.6716160191864413,1,1,1,0,1,1,0,0,0,0,soc6
476,2,TAŞLIK,3,1,soc,0.6693976666138138,1.0,0.6693976666138138,0.4275986889704809,0.48647063764258164,0.38451458425450935,0.6693976666138138,0.29598254673402624,0.6693976666138138,1,1,0.5096458186353197,1,1,0,1,2,0,2,0,0,2,soc6
477,2,KAŞIK,4,1,soc,0.8552285627599883,1.0,0.8552285627599883,0.3736246506842086,0.4935364625342322,0.40385951457925795,0.8552285627599883,1.2689238220191896,0.8552285627599883,1,2,0.5249871499739438,1,1,0,1,2,0,2,1,1,2,soc6
478,2,SEHPA,5,1,soc,0.8855161527891529,1.0,0.8855161527891529,0.5621549697429808,0.6703917891185026,0.37597965847105475,0.8855161527891529,2.7495332096218865,0.8855161527891529,1,3,0.37883317473280165,2,1,1,0,1,1,0,1,0,0,soc6
479,2,SPOR,6,1,soc,0.26721085646330167,5.0,0.10302136975117399,0.7699072081382967,0.14894876458871184,0.5829020550042392,0.10302136975117399,4.381218889050743,0.17579930962321877,2,3,0.693857337577117,2,0,1,1,0,1,1,0,0,1,soc6
480,2,KEDİ,7,1,soc,0.83247450901758,3.0,0.0292779447690002,0.7010731315117642,0.5965174761793042,0.437958355170061,0.0292779447690002,2.9655563048375924,0.83247450901758,3,3,0.49713634959536723,2,0,1,0,0,1,0,0,0,6,soc6
481,2,TOPLU,8,0,soc,0.34629217292670406,5.0,0.23672253868890353,0.6533992856859678,0.2635236779231066,0.5003160247447387,0.23672253868890353,2.8102950445419927,0.30747062185491775,3,4,0.5785762341518932,2,1,1,1,1,1,1,0,0,7,soc6
482,2,İLAÇ,9,0,soc,0.5144555388322474,2.0,0.16186573971751173,0.6208611925177596,0.29269038569076694,0.4846155449160744,0.16186573971751173,1.6459400575960337,0.5144555388322474,2,6,0.5527543749435102,2,0,1,0,0,1,0,0,0,4,soc6
483,2,CÜZDAN,10,0,soc,0.874047692873124,5.0,0.5041218058236524,0.5989605946823225,0.5112940584873885,0.42315355565426205,0.5041218058236524,1.2440102172025251,0.6472935879145645,3,6,0.46059452418047964,3,0,0,1,0,0,2,0,0,5,soc6
484,2,GRUP,11,0,soc,0.5263829283054188,5.0,0.12649542474508482,0.7012761358518509,0.2800754040733518,0.5083668442830466,0.12649542474508482,2.43913039017767,0.3821091830560145,3,7,0.5935068108604644,3,0,1,1,0,1,1,0,0,1,soc6
485,2,KOLTUK,12,0,soc,0.7434975641506587,7.0,0.09120182909373199,0.8113426487140154,0.1151152306170459,0.6475653548166782,0.09120182909373199,1.8508081526490956,0.1835195313214784,2,9,0.7063736291577085,3,0,0,1,0,0,1,0,0,3,soc6
486,2,KISA,13,0,soc,0.5207710106964843,12.0,0.00020417925756111615,0.7986859639295149,0.26197105454214525,0.5540848131509888,0.00020417925756111615,1.2360865310877123,0.3362406535068727,4,8,0.6163032004141187,3,1,1,1,1,1,1,0,0,7,soc6
487,2,TERLİK,14,0,soc,0.9044878180247089,11.0,0.3126691173153878,0.556634151000486,0.4906318112432301,0.38815137094280616,0.3126691173153878,0.9058179050507731,0.8193907759305923,4,9,0.4408276689988997,3,0,0,1,0,0,2,1,0,5,soc6
488,2,ELMA,15,0,soc,0.710909757728838,11.0,0.4192738136834496,0.6045176926668434,0.18742026980094895,0.5638226044916075,0.4192738136834496,1.435604634708366,0.4192738136834496,1,13,0.6327307477730255,3,1,0,1,2,0,2,0,0,2,soc6
489,2,DEFTER,16,0,soc,0.627572112708787,6.0,0.17948798252282377,0.6488529175696017,0.14532568426326836,0.5743990071679552,0.17948798252282377,1.222798301059263,0.17948798252282377,1,14,0.6179958844883493,3,0,0,1,0,0,1,0,0,8,soc6
490,2,TABAK,17,0,soc,0.9312959692780304,13.0,0.2584585347202295,0.6851134045480364,0.353575212825055,0.48423363678585596,0.2584585347202295,1.3125633514944484,0.696091259952675,3,13,0.5173168422104372,3,1,0,1,2,0,2,1,0,2,soc6
491,3,DÜĞME,1,0,soc,,,,0.5882061841500025,,0.4464489773277197,,0.0,1.0,0,0,1.0,1,1,1,1,1,2,2,0,0,0,soc6
492,3,HALI,2,0,soc,0.5504703171328947,1.0,0.5504703171328947,0.652868456541132,0.5504703171328947,0.5333307970779532,0.5504703171328947,0.0,0.5504703171328947,1,0,0.5882061841500025,1,1,0,0,1,0,0,0,0,5,soc6
493,3,ODA,3,0,soc,0.22252433529445556,2.0,0.12609603276321196,0.7328978594432182,0.17431018402883375,0.6382433540335266,0.12609603276321196,0.5504703171328947,0.22252433529445556,2,0,0.6871489766334973,1,1,0,1,1,0,3,0,0,3,soc6
494,3,KALAS,4,0,soc,0.20096276037223693,2.0,0.009996106051764403,0.7551579261482161,0.1010789446894577,0.6032547501833814,0.009996106051764403,0.8990906851905622,0.20096276037223693,2,1,0.7145980797430813,1,1,0,1,1,0,1,0,0,7,soc6
495,3,TOPRAK,5,0,soc,0.3025544957014579,1.0,0.3025544957014579,0.6008945535982599,0.21711104201248288,0.5178514846086391,0.3025544957014579,1.2023275192589353,0.3025544957014579,1,3,0.5778613356358613,2,0,1,1,0,1,1,0,0,4,soc6
496,3,LAMBA,6,0,soc,0.9823856774645168,5.0,0.2516813273359696,0.5999971838686369,0.40217364533538946,0.3858348432449199,0.2516813273359696,1.0570359674157148,0.3564879164371825,4,1,0.5389318579509461,2,1,1,1,1,2,2,0,0,0,soc6
497,3,ÇİÇEK,7,0,soc,0.5057224384953654,2.0,0.3712080710807768,0.5242273184780275,0.2957584730961671,0.48238410429241696,0.3712080710807768,1.1554054052323546,0.5057224384953654,2,4,0.5796756054894168,2,0,1,0,0,2,0,0,0,2,soc6
498,3,KOLA,8,0,soc,0.8477058793990766,7.0,0.6641148065340642,0.4649006945192551,0.38142085089871214,0.47238213513437854,0.6641148065340642,1.914415834597795,0.6641148065340642,1,6,0.45332045441005364,2,0,1,0,0,2,0,1,1,2,soc6
499,3,DOLAP,9,0,soc,0.934522940334041,8.0,0.6461368027643408,0.43889121362400996,0.430314160685238,0.35500943842676447,0.6461368027643408,2.676779554391214,0.7685736311244618,3,5,0.45125122135627016,2,1,1,1,1,2,2,1,0,0,soc6
500,3,DUVAR,10,0,soc,0.7200170034852962,1.0,0.7200170034852962,0.5287998394499829,0.42827870819413005,0.4638694813325164,0.7200170034852962,3.54676193357919,0.7200170034852962,1,8,0.4960618145636634,3,1,0,1,1,0,3,0,0,3,soc6
501,3,KOKU,11,1,soc,0.700374303081745,10.0,0.3711144949844335,0.5952884540181184,0.5434231693984815,0.4292447994504731,0.3711144949844335,3.1031015176853396,0.5837819369581021,3,7,0.4658162088311901,3,0,1,1,0,1,1,0,0,4,soc6
502,3,YATAK,12,1,soc,0.7480478841854629,9.0,0.23347234242150494,0.6495830069034353,0.35366002523971096,0.4842276281204848,0.23347234242150494,3.199193075070917,0.6552667645315771,3,8,0.5298101731712792,3,1,0,1,1,0,3,1,0,3,soc6
503,3,KİTAP,13,1,soc,0.6275266564175318,4.0,0.12180196860176906,0.7047405279913755,0.267238900021947,0.5650980317720697,0.12180196860176906,2.8524699132655935,0.6275266564175318,4,8,0.561683138248112,3,0,0,1,0,0,1,0,0,8,soc6
504,3,SALÇA,14,1,soc,0.9607896067400263,13.0,0.10848375379181596,0.6304749671186208,0.5217698614948469,0.36430132652988456,0.10848375379181596,1.5405753878424453,0.7679684291054976,3,10,0.4505168737478561,3,1,1,1,1,2,2,0,0,0,soc6
505,3,KÜÇÜK,15,1,soc,0.7185540294184415,8.0,0.39402197153244783,0.6026660403388064,0.36866789520823523,0.4747270007083816,0.39402197153244783,1.9430745217451266,0.483801849303868,4,10,0.4908201867776115,3,1,0,1,1,0,1,0,0,7,soc6
506,3,PARKUR,16,0,soc,0.5442373948670083,7.0,0.19396905448262136,0.6788922316858287,0.2646904296535506,0.5576192562788693,0.19396905448262136,1.8103063988139296,0.4104595139300559,4,11,0.5352419401551257,3,1,0,1,1,0,3,1,0,3,soc6
507,3,FIRIN,17,0,soc,0.9575447667524211,3.0,0.10413071417925948,0.7543684561233153,0.3880014432259771,0.4983923855525402,0.10413071417925948,1.5901742390841977,0.9575447667524211,3,13,0.528644166760111,3,1,1,1,1,2,2,1,0,0,soc6
508,4,TAHTA,1,1,soc,,,,0.6572881094002572,,0.491231415183511,,0.0,1.0,0,0,1.0,1,1,0,1,1,0,1,0,0,0,soc6
509,4,KALIP,2,0,soc,0.33768588735381055,1.0,0.33768588735381055,0.6305474877188636,0.33768588735381055,0.47758557584595973,0.33768588735381055,0.0,0.33768588735381055,1,0,0.6572881094002572,1,1,0,0,1,0,0,0,0,9,soc6
510,4,HALKA,3,0,soc,0.2771574834493138,2.0,0.13820405341712544,0.6562258080452941,0.20768076843321961,0.5823134489280992,0.13820405341712544,0.33768588735381055,0.2771574834493138,2,0,0.6471891233501144,1,1,0,1,1,0,1,0,0,7,soc6
511,4,KASA,4,0,soc,0.3394774532482303,2.0,0.21304607543417697,0.6369886329369597,0.29377318305632044,0.4774990946139125,0.21304607543417697,0.7530474242202498,0.3394774532482303,2,1,0.5553445499549338,1,1,1,1,1,2,1,0,0,5,soc6
512,4,SULUK,5,0,soc,0.5382124150449655,3.0,0.15984437541152036,0.6666145309870171,0.31925510801534474,0.48751633070921685,0.15984437541152036,1.6343669733892112,0.5382124150449655,3,1,0.5434055093418766,2,0,1,0,0,1,0,0,0,2,soc6
513,4,SİLGİ,6,0,soc,0.4265112590925666,5.0,0.29698376207722066,0.5554567993995614,0.344491622309892,0.4438147783438494,0.29698376207722066,1.4749414214274597,0.36024447841269697,4,1,0.5153244305795867,2,0,1,0,0,2,0,0,0,8,soc6
514,4,ÇORAP,7,0,soc,0.7259905593396109,5.0,0.5408118683387342,0.6329488443070668,0.49988504864702976,0.43231230908904417,0.5408118683387342,1.3947498737613346,0.5408118683387342,1,5,0.46910215069570704,2,1,1,1,1,2,1,1,0,5,soc6
515,4,DERGİ,8,0,soc,0.31332055457462793,2.0,0.13785380101280587,0.6841846596647594,0.1498534309806512,0.58616751072767,0.13785380101280587,2.3102793140533384,0.31332055457462793,2,5,0.6369167275886127,2,0,1,0,0,2,0,1,0,8,soc6
516,4,PARA,9,0,soc,0.60207201097775,5.0,0.14720529265446836,0.6584486220235489,0.37811537903176096,0.49468775146097066,0.14720529265446836,1.888660770931155,0.46851727800669357,2,6,0.5425376945141533,2,1,1,1,1,2,1,1,0,5,soc6
517,4,ZEMİN,10,1,soc,0.5305487251469482,8.0,0.17043047953602236,0.5848086668409839,0.26954384472797044,0.44869846443434613,0.17043047953602236,2.0149249650394543,0.2867144584794895,3,6,0.5870261649135442,3,0,0,1,0,0,3,0,0,3,soc6
518,4,BAHÇE,11,0,soc,0.5990619609063522,10.0,0.4555404593460384,0.6108872952932943,0.2811649147326043,0.48378354831413084,0.4555404593460384,1.3960087723954933,0.4555404593460384,1,9,0.5805448220385157,3,0,0,1,0,0,3,1,1,3,soc6
519,4,HARİTA,12,0,soc,0.41780844155107905,2.0,0.12340562876689512,0.689911951425933,0.16314698857078327,0.5502696988263268,0.12340562876689512,1.1229445237389433,0.41780844155107905,2,9,0.578651385498496,3,0,0,1,0,0,2,0,0,1,soc6
520,4,TERAS,13,1,soc,0.9242042644743286,2.0,0.2092665629199606,0.6843588961345501,0.44292040413790784,0.4680301990713843,0.2092665629199606,1.3351573185466519,0.9242042644743286,2,10,0.40934614979138606,3,0,0,1,0,0,3,1,0,3,soc6
521,4,MEKTUP,14,1,soc,0.531413672102889,11.0,0.039401458193120256,0.6700836037351655,0.14263122885938098,0.5822939935032811,0.039401458193120256,2.9101636441008427,0.1880818049880254,4,9,0.6798633730677639,3,1,0,1,1,0,1,0,0,7,soc6
522,4,KUTU,15,1,soc,0.808938780912267,14.0,0.2775652470935073,0.6685322308287498,0.3129471708324841,0.5069993952805392,0.2775652470935073,1.4535529009869423,0.46457851757624713,3,11,0.5143755598583517,3,1,0,1,1,0,1,0,0,0,soc6
523,4,SIRA,16,1,soc,0.24573466174940206,13.0,0.07140234828000107,0.7363270666075293,0.07907260396981405,0.6603317450668857,0.07140234828000107,1.2693172280550835,0.08792184239253005,4,11,0.6822964813492163,3,0,0,1,0,0,2,1,0,1,soc6
524,4,MARKET,17,1,soc,0.7216362036201042,13.0,0.04963276350244188,0.7942750085042922,0.22832200438473388,0.5516280303244318,0.04963276350244188,0.6980932730067583,0.4909798771227458,4,12,0.5607597087920146,3,1,1,1,1,2,1,0,0,5,soc6
531,1,BARDAK,1,0,eng,,,,0.647087593084055,,0.525972270889199,,0.0,1.0,0,0,1.0,1,1,0,1,1,0,1,0,0,2,eng6
532,1,KOLAY,2,0,eng,0.36830066587155413,1.0,0.36830066587155413,0.5866309973095141,0.36830066587155413,0.5612148799976314,0.36830066587155413,0.0,0.36830066587155413,1,0,0.647087593084055,1,1,0,0,1,0,0,0,0,7,eng6
533,1,RAKAM,3,0,eng,0.28238371705315357,1.0,0.28238371705315357,0.5609439586878201,0.2792884309946636,0.4978392017360054,0.28238371705315357,0.36830066587155413,0.28238371705315357,1,1,0.6106578657189413,1,1,1,1,1,1,1,0,0,8,eng6
534,1,ÖLÇEK,4,0,eng,0.496776122821186,1.0,0.496776122821186,0.5659528398758172,0.32591406486843444,0.49090737721324507,0.496776122821186,0.9268775278608814,0.496776122821186,1,2,0.5474851268159928,1,1,0,1,1,0,1,0,0,1,eng6
535,1,KALEM,5,0,eng,0.5024065825084536,2.0,0.3264311289142347,0.6221410547492565,0.3155217970030352,0.4688976390362368,0.3264311289142347,1.9046197224661847,0.5024065825084536,2,2,0.5418271135581945,2,1,1,1,1,1,1,1,0,8,eng6
536,1,PARK,6,0,eng,0.23258702823858693,2.0,0.18130720017977525,0.6498851661084586,0.14088687891471077,0.5048760735547598,0.18130720017977525,1.9945866249752013,0.23258702823858693,2,3,0.6383802556893405,2,0,1,0,0,2,0,0,0,3,eng6
537,1,KAĞIT,7,0,eng,0.7632916113080702,6.0,0.2572897456171004,0.6033611790363669,0.4759299342152742,0.3964800294384859,0.2572897456171004,1.824919741631191,0.6893193775666414,2,4,0.4537013119277198,2,0,1,1,0,1,1,0,0,9,eng6
538,1,KABLO,8,0,eng,0.3978887006445183,3.0,0.31861719282235945,0.5812395978049384,0.2580871942208473,0.46831266904856705,0.31861719282235945,2.0537964204798085,0.3978887006445183,3,4,0.5342428074483112,2,0,1,1,0,1,2,0,0,0,eng6
539,1,BİNA,9,1,eng,0.526662887280119,3.0,0.32746373475713425,0.5785720581757416,0.31976155945273593,0.49310114886812895,0.32746373475713425,2.1627045174999444,0.526662887280119,3,5,0.5238867913705487,2,0,1,0,0,2,0,1,0,3,eng6
540,1,AĞAÇ,10,1,eng,0.8790552457670859,3.0,0.41104945982499863,0.5422080500003659,0.5703337767687875,0.3861036641059946,0.41104945982499863,1.9497161943211927,0.8790552457670859,3,6,0.39245332046765513,3,0,1,1,0,1,1,1,0,9,eng6
541,1,ÇANTA,11,1,eng,0.6540926245962044,4.0,0.456667922479698,0.6168790707847135,0.45321360935738797,0.43503290378891546,0.456667922479698,2.670108994438763,0.6540926245962044,4,6,0.4741988347310043,3,0,0,1,0,0,1,0,0,5,eng6
542,1,EKRAN,12,0,eng,0.34175146148381974,4.0,0.07316413466278651,0.7023087939362955,0.13464889824998796,0.6207576884313399,0.07316413466278651,2.5426336337924376,0.34175146148381974,4,7,0.6395195829002557,3,1,0,1,1,0,1,0,0,1,eng6
543,1,YAZI,13,0,eng,0.7730691951070705,8.0,0.11523388533427606,0.6103961285325581,0.20742405565762917,0.5269788378584019,0.11523388533427606,1.3696927149984224,0.3754979357132496,3,9,0.574231245728013,3,1,1,1,1,1,1,0,0,8,eng6
544,1,BEYİN,14,0,eng,0.4868718316772624,1.0,0.4868718316772624,0.5198482572427273,0.30191507873932744,0.4376663513381476,0.4868718316772624,1.2971415734096294,0.4868718316772624,1,12,0.5236033968563272,3,0,0,1,0,0,2,0,0,6,eng6
545,1,ŞİŞE,15,0,eng,0.9133266973789964,14.0,0.3926957632344366,0.5318908742658418,0.3824080502684943,0.4659447772354943,0.3926957632344366,1.283712818107613,0.7290655094278011,4,10,0.5507133514855937,3,0,1,1,0,1,2,0,0,0,eng6
546,1,KÖPEK,16,1,eng,0.7030623490479981,2.0,0.6341294391066079,0.5629012863846097,0.42601563942416565,0.4796508101190865,0.6341294391066079,1.2736373576728302,0.7030623490479981,2,13,0.48806202091447426,3,0,0,1,0,0,2,1,0,6,eng6
547,1,SARI,17,1,eng,0.4571760663374574,10.0,0.14680488547655493,0.602293552762341,0.15241225064889735,0.5669097137186228,0.14680488547655493,2.525835720964321,0.2585122819075487,3,13,0.6109175980251755,3,1,0,1,1,0,1,0,0,2,eng6
548,1,KALE,18,1,eng,0.5201944127892401,13.0,0.36595312886614795,0.6478624337479864,0.25596007448670666,0.5404199358114106,0.36595312886614795,2.300324508947194,0.37316492997265727,4,13,0.56243379423224,3,0,1,1,0,1,2,1,0,0,eng6
549,2,TOPLU,1,0,eng,,,,0.724498227024007,,0.5708097620267447,,0.0,1.0,0,0,1.0,1,1,0,1,1,0,2,0,0,7,eng6
550,2,İLAÇ,2,0,eng,0.16186573971751173,1.0,0.16186573971751173,0.5781045054244613,0.16186573971751173,0.49847316303918854,0.16186573971751173,0.0,0.16186573971751173,1,0,0.724498227024007,1,1,0,0,1,0,0,0,0,4,eng6
551,2,KEDİ,3,0,eng,0.5144555388322474,1.0,0.5144555388322474,0.5193879434412001,0.3755890387605755,0.41793720214717567,0.5144555388322474,0.16186573971751173,0.5144555388322474,1,1,0.5524540132662017,1,1,0,0,1,0,0,0,0,6,eng6
552,2,TAŞLIK,4,0,eng,0.7116607554121873,1.0,0.7116607554121873,0.46355886618949327,0.49080341989701187,0.35426121315964987,0.7116607554121873,0.9130438172386626,0.7116607554121873,1,2,0.4708305575567219,1,1,1,1,1,1,2,0,0,2,eng6
553,2,DEFTER,5,0,eng,0.5239858730667456,1.0,0.5239858730667456,0.6190977722551498,0.40049225425814106,0.4960005131314992,0.5239858730667456,2.3854540769296984,0.5239858730667456,1,3,0.5079547073575792,2,0,1,0,0,1,0,0,0,8,eng6
554,2,KAPI,6,0,eng,0.6693976666138138,2.0,0.2614556106246453,0.5626306902901467,0.41018156460840505,0.4538470213618969,0.2614556106246453,2.962414150598362,0.6693976666138138,2,3,0.5116686523137066,2,0,1,1,0,1,1,0,0,0,eng6
555,2,TERLİK,7,0,eng,0.9044878180247089,3.0,0.529598574451337,0.49976499026613597,0.5684832970601598,0.3759207328649904,0.529598574451337,3.103435241963844,0.9044878180247089,3,3,0.45082441445610033,2,0,1,0,0,2,0,0,0,5,eng6
556,2,CÜZDAN,8,0,eng,0.8193907759305923,1.0,0.8193907759305923,0.5588038199406712,0.7022732980685195,0.4003405573579749,0.8193907759305923,3.059267511431024,0.8193907759305923,1,6,0.382422393865931,2,0,1,0,0,2,0,1,1,5,eng6
557,2,ELMA,9,0,eng,0.6297280067709563,6.0,0.25288628001879576,0.5774708688488364,0.3023721834978634,0.5342278883951361,0.25288628001879576,3.0574242575101698,0.4192738136834496,2,6,0.6114090645688781,2,1,1,1,1,1,2,0,0,2,eng6
558,2,TABAK,10,0,eng,0.7655858167531391,6.0,0.46841613079330613,0.5553801361041473,0.4650846137291305,0.41554701181818543,0.46841613079330613,2.7820647340800693,0.696091259952675,3,6,0.4650224089233622,3,1,1,1,1,1,2,1,1,2,eng6
559,2,KOLTUK,11,1,eng,0.3743629275058095,5.0,0.24766921532422653,0.6574973649353304,0.2340496144657887,0.5898459945313713,0.24766921532422653,3.160304788496882,0.2597987541429509,4,6,0.624486700035432,3,0,0,1,0,0,1,0,0,3,eng6
560,2,KAŞIK,12,1,eng,0.9312959692780304,2.0,0.21787928701493695,0.6233385251993131,0.6429143747013185,0.389182152033657,0.21787928701493695,1.7616353296103475,0.9312959692780304,2,9,0.36774498562008406,3,1,1,1,1,1,2,1,0,2,eng6
561,2,GRUP,13,0,eng,0.502224383114703,6.0,0.21046111158458014,0.6183018664560602,0.15894211925499696,0.5215394054460251,0.21046111158458014,2.681068004173816,0.3324634122090019,3,9,0.6517447783974748,3,0,0,1,0,0,2,0,0,1,eng6
562,2,KISA,14,0,eng,0.4690134993133757,13.0,0.26950637178403114,0.5653914573563115,0.12344849776518192,0.6064032352536464,0.26950637178403114,2.0309708245045077,0.26950637178403114,1,12,0.6829405511778681,3,1,0,1,1,0,2,0,0,7,eng6
563,2,BÜYÜK,15,1,eng,0.5207710106964843,1.0,0.5207710106964843,0.5555112885655134,0.27982181725476496,0.5016540941690275,0.5207710106964843,0.9135890005588855,0.5207710106964843,1,13,0.5285783421446935,3,1,0,1,1,0,2,1,1,7,eng6
564,2,SEHPA,16,1,eng,0.8855161527891529,4.0,0.17567105967957808,0.6806745529651356,0.44136332479943546,0.46764680552486093,0.17567105967957808,1.5991898416102535,0.8855161527891529,4,11,0.5360708754907475,3,0,1,1,0,1,1,0,0,0,eng6
565,2,SPOR,17,0,eng,0.5270647491536371,10.0,0.10302136975117399,0.7550271238210361,0.2256326837674068,0.5651877091009179,0.10302136975117399,1.567511153298796,0.5263829283054188,4,12,0.5763308582021129,3,0,0,1,0,0,2,1,0,1,eng6
566,3,DÜĞME,1,0,eng,,,,0.6024496418228865,,0.4383774032159984,,0.0,1.0,0,0,1.0,1,1,1,1,1,2,2,0,0,0,eng6
567,3,YATAK,2,0,eng,0.5065464660450255,1.0,0.5065464660450255,0.6200003495104107,0.5065464660450255,0.5179940171458406,0.5065464660450255,0.0,0.5065464660450255,1,0,0.6024496418228865,1,1,0,1,1,0,3,0,0,3,eng6
568,3,KİTAP,3,0,eng,0.2625068698247951,2.0,0.12180196860176906,0.6412536313258644,0.19215441921328208,0.5912789078373731,0.12180196860176906,0.5065464660450255,0.2625068698247951,2,0,0.6714521062039858,1,1,0,0,1,0,0,0,0,8,eng6
569,3,KÜÇÜK,4,0,eng,0.4910668091193048,3.0,0.3321806870903763,0.5716069502502041,0.3899583866588496,0.4617763826671396,0.3321806870903763,0.8908553044715897,0.4910668091193048,3,0,0.5219281492166415,1,1,1,0,1,1,0,0,0,7,eng6
570,3,SALÇA,5,0,eng,0.9607896067400263,4.0,0.39402197153244783,0.5880468874976856,0.4926214215237357,0.309401149604448,0.39402197153244783,2.060730464448138,0.9607896067400263,4,0,0.45438245919015097,2,1,1,1,1,2,2,1,0,0,eng6
571,3,KALAS,6,0,eng,0.5165683044205327,2.0,0.2900514523098188,0.6724677357718891,0.21911689429654113,0.563493849362346,0.2900514523098188,1.8103063988139296,0.5165683044205327,2,3,0.5825558367967905,2,1,1,0,1,1,0,1,0,7,eng6
572,3,FIRIN,7,0,eng,0.9575447667524211,2.0,0.18563779523723575,0.5653322313226945,0.4043028594375723,0.4206667954681703,0.18563779523723575,1.7612225248160247,0.9575447667524211,2,4,0.5199911752983974,2,1,1,1,1,2,2,1,0,0,eng6
573,3,HALI,8,1,eng,0.751662779508489,3.0,0.5062073470369703,0.5716498471610463,0.4083792069211574,0.48612322784475825,0.5062073470369703,2.7452542045770993,0.751662779508489,3,4,0.5064149090634433,2,0,1,0,0,1,0,0,0,5,eng6
574,3,KOKU,9,0,eng,0.7679684291054976,4.0,0.31191252104015954,0.5509439006805665,0.4763444479498661,0.42725922679076656,0.31191252104015954,2.892066901217172,0.7679684291054976,4,4,0.4979756964773694,2,0,1,1,0,1,1,0,0,4,eng6
575,3,LAMBA,10,0,eng,0.9823856774645168,9.0,0.6665352563848626,0.5287155519237253,0.5408424415108692,0.40564036782185453,0.6665352563848626,2.022759863986408,0.6878179095248221,3,6,0.4576139876124581,3,1,1,1,1,2,2,1,0,0,eng6
576,3,TOPRAK,11,1,eng,0.41498650253533254,2.0,0.2516813273359696,0.5645980371069617,0.31602324846969043,0.49646871130697134,0.2516813273359696,3.203175576518616,0.41498650253533254,2,8,0.5503359448853506,3,0,1,1,0,1,1,1,0,4,eng6
577,3,ÇİÇEK,12,1,eng,0.7185540294184415,8.0,0.5057224384953654,0.6790744512126062,0.36990138893230956,0.4930894534465755,0.5057224384953654,2.248169925556666,0.5204208570906917,3,8,0.5020461081782078,3,0,0,1,0,0,2,0,0,2,eng6
578,3,ODA,13,1,eng,0.7480478841854629,11.0,0.05137256349296766,0.7017785099706584,0.1522820422487305,0.5801500688651658,0.05137256349296766,2.730554452922999,0.24147935154831993,3,9,0.6372267694090359,3,1,0,1,1,0,3,0,0,3,eng6
579,3,PARKUR,14,0,eng,0.41385861769400684,4.0,0.2103539304892988,0.6217006572916122,0.2049289968478627,0.5424997634352491,0.2103539304892988,1.5923239226572836,0.41385861769400684,4,9,0.5837853308380336,3,1,0,1,1,0,3,1,1,3,eng6
580,3,DOLAP,15,0,eng,0.934522940334041,14.0,0.5442373948670083,0.4574197400324346,0.49488217461955963,0.3667859996051476,0.5442373948670083,1.1812367315693848,0.5442373948670083,1,13,0.46578322566626607,3,1,1,1,1,2,2,0,0,0,eng6
581,3,DUVAR,16,1,eng,0.7200170034852962,1.0,0.7200170034852962,0.5345690000399649,0.3575152553405677,0.493024421846068,0.7200170034852962,1.9071320662577005,0.7200170034852962,1,14,0.5233070836089405,3,1,0,1,1,0,3,1,0,3,eng6
582,3,KOLA,17,1,eng,0.8559760341270273,12.0,0.3028795353044267,0.6692040182044219,0.3619363517359253,0.5445867197419294,0.3028795353044267,2.471466772796771,0.6461368027643408,2,14,0.615512425545255,3,0,0,1,0,0,2,0,0,2,eng6
583,4,ÇORAP,1,0,eng,,,,0.6280081362099683,,0.45009932245119044,,0.0,1.0,0,0,1.0,1,1,1,1,1,2,1,0,0,5,eng6
584,4,TERAS,2,0,eng,0.4269492011430399,1.0,0.4269492011430399,0.5830257445994609,0.4269492011430399,0.5193802624578252,0.4269492011430399,0.0,0.4269492011430399,1,0,0.6280081362099683,1,1,1,1,1,1,1,0,0,3,eng6
585,4,TAHTA,3,0,eng,0.6705631921729135,2.0,0.33847580703793356,0.6045391786825343,0.5045194996054235,0.4328121978809908,0.33847580703793356,0.4269492011430399,0.6705631921729135,2,0,0.5288159251703506,1,1,0,1,1,0,1,0,0,0,eng6
586,4,DERGİ,4,0,eng,0.2025272670194464,1.0,0.2025272670194464,0.6585876957207856,0.16245341983728692,0.5893025354619709,0.2025272670194464,1.4359882003538869,0.2025272670194464,1,2,0.6416077072991078,1,1,0,1,1,0,1,0,0,8,eng6
587,4,PARA,5,0,eng,0.46851727800669357,4.0,0.14720529265446836,0.613764616105142,0.2564209727841048,0.5321433246128169,0.14720529265446836,1.923348459865748,0.46851727800669357,4,0,0.568722857235801,2,1,1,1,1,2,1,1,0,5,eng6
588,4,MARKET,6,0,eng,0.6632277689878967,3.0,0.45404855151860135,0.5572007314604466,0.5117044886116798,0.4373349726373198,0.45404855151860135,1.245148878666714,0.6632277689878967,3,2,0.4308059487761132,2,1,1,1,1,2,1,1,1,5,eng6
589,4,SULUK,7,0,eng,0.4928065927334522,4.0,0.33362723194720234,0.5423239335937662,0.32288943378216495,0.45094289252430975,0.33362723194720234,2.0905301618478465,0.4928065927334522,4,2,0.5415180646827071,2,0,1,0,0,1,0,0,0,2,eng6
590,4,BAHÇE,8,1,eng,0.9242042644743286,6.0,0.5589713957306179,0.5922186824436237,0.34973616218874526,0.49041064014023694,0.5589713957306179,1.7166371270905456,0.5589713957306179,1,6,0.5856899429676892,2,1,1,1,1,1,1,0,0,3,eng6
591,4,KALIP,9,0,eng,0.7259905593396109,8.0,0.22192786004215398,0.6214083316914618,0.2770267195413463,0.46876968502127025,0.22192786004215398,2.0809052850875416,0.5382124150449655,2,6,0.5335720562542126,2,0,1,0,0,1,0,0,0,9,eng6
592,4,SİLGİ,10,0,eng,0.5408118683387342,9.0,0.36024447841269697,0.6121266582702937,0.3323693698071909,0.4812806756209751,0.36024447841269697,2.372351681692202,0.37753416215806646,2,7,0.5352512486921995,3,1,0,1,1,0,1,0,0,8,eng6
593,4,SIRA,11,0,eng,0.19244542870888942,6.0,0.17400912797612597,0.6944258429087483,0.12322086176520378,0.602761386687706,0.17400912797612597,2.3538740734657213,0.17400912797612597,1,9,0.6363262380978703,3,0,0,1,0,0,2,0,0,1,eng6
594,4,ZEMİN,12,0,eng,0.7799382870425406,10.0,0.09962009418798418,0.6387191894082234,0.35819922031985946,0.46147937814375983,0.09962009418798418,1.4282305123052463,0.5305487251469482,3,8,0.5288157362470027,3,1,1,1,1,1,1,1,0,3,eng6
595,4,KUTU,13,0,eng,0.808938780912267,10.0,0.3050256329153812,0.5929865179817368,0.3044885425980272,0.45809148225784735,0.3050256329153812,1.56768079816867,0.6188865632814411,4,8,0.5482419814317985,3,1,0,1,1,0,1,0,0,0,eng6
596,4,HALKA,14,0,eng,0.42133583163229127,9.0,0.3255837512663188,0.6274310662132663,0.27632963781265324,0.4908159459778513,0.3255837512663188,1.1140166380495775,0.3726544150948415,2,11,0.5169233528582742,3,0,0,1,0,0,2,0,0,7,eng6
597,4,HARİTA,15,0,eng,0.46457851757624713,2.0,0.16323673201005123,0.6775936436252399,0.26852689719621703,0.5455642355333359,0.16323673201005123,1.4200209034939286,0.46457851757624713,2,12,0.5458802660898255,3,0,0,1,0,0,2,1,0,1,eng6
598,4,KASA,16,1,eng,0.7216362036201042,10.0,0.11595531880374066,0.6746639196919871,0.1891200527135573,0.5658646407953892,0.11595531880374066,2.048887490413919,0.3299174432520417,3,12,0.5863455546099181,3,1,1,1,1,2,1,0,0,5,eng6
599,4,MEKTUP,17,1,eng,0.531413672102889,3.0,0.12327705017558624,0.743601107958952,0.23783468089755763,0.56252028001024,0.12327705017558624,1.6123178383425762,0.531413672102889,3,13,0.5738402668528477,3,0,0,1,0,0,2,1,0,7,eng6
606,1,BİNA,1,0,soc,,,,0.6638664767992328,,0.5586767362871632,,0.0,1.0,0,0,1.0,1,1,0,1,1,0,1,0,0,3,soc5
607,1,BEYİN,2,1,soc,0.3183272189245442,1.0,0.3183272189245442,0.5647390654331165,0.3183272189245442,0.45068555739893734,0.3183272189245442,0.0,0.3183272189245442,1,0,0.6638664767992328,1,1,0,0,2,0,0,0,0,6,soc5
608,1,BARDAK,3,1,soc,0.4806540371260736,1.0,0.4806540371260736,0.5644075577506078,0.3056537747140837,0.5069870289512357,0.4806540371260736,0.3183272189245442,0.4806540371260736,1,1,0.6183197628388419,1,1,0,1,1,0,1,0,0,2,soc5
609,1,KÖPEK,4,1,soc,0.7030623490479981,2.0,0.37934941818911777,0.5705540043584607,0.4634327603870853,0.4779933970835202,0.37934941818911777,0.9296347683527116,0.7030623490479981,2,1,0.49345606086090743,1,1,0,0,2,0,0,1,0,6,soc5
610,1,KALEM,5,0,soc,0.39902049243806387,3.0,0.37362473772533766,0.5761672604244505,0.33837794719688263,0.4190062632776179,0.37362473772533766,2.319933049513968,0.39902049243806387,3,1,0.5303681787540173,2,0,1,1,0,2,1,0,0,8,soc5
611,1,ÇANTA,6,0,soc,0.4944838721428647,2.0,0.36836082413049515,0.6323855266871513,0.3750826088242142,0.4536131589018587,0.36836082413049515,2.6718721062429798,0.4944838721428647,2,3,0.5045641297934375,2,0,1,0,0,1,0,0,0,5,soc5
612,1,ÖLÇEK,7,0,soc,0.3264311289142347,2.0,0.09814947988187869,0.6055775153980633,0.18936720860197673,0.5297357965343773,0.09814947988187869,2.445076562015772,0.3264311289142347,2,4,0.6260880582753947,2,0,1,1,0,1,1,0,0,1,soc5
613,1,YAZI,8,0,soc,0.7730691951070705,3.0,0.4406669826465497,0.5919297385399446,0.36408816648210296,0.4803965346978111,0.4406669826465497,1.7176987150667637,0.7730691951070705,3,4,0.47052774984077894,2,0,1,1,0,2,1,1,0,8,soc5
614,1,KABLO,9,0,soc,0.5725258870121184,3.0,0.1875979869960574,0.678691965681424,0.31285712013566386,0.4952106577296067,0.1875979869960574,2.205492309074757,0.5725258870121184,3,5,0.535457673237387,2,0,1,1,0,1,2,0,0,0,soc5
615,1,SARI,10,0,soc,0.31398877234069655,7.0,0.07220956163168167,0.7011715357087555,0.14339617534019033,0.5670705454134428,0.07220956163168167,1.6788303418471628,0.1420938693681405,2,7,0.6465212853531088,3,1,0,1,1,0,1,0,0,2,soc5
616,1,ŞİŞE,11,1,soc,0.9133266973789964,8.0,0.16511979017404738,0.6668465408916094,0.34329121784258254,0.4906512854345164,0.16511979017404738,1.127653603581897,0.5459483882654621,2,8,0.558809044918011,3,0,1,1,0,1,2,1,0,0,soc5
617,1,RAKAM,12,0,soc,0.7057482398165602,4.0,0.11727237238371083,0.6976108971115969,0.3052720580874225,0.49791986925587683,0.11727237238371083,1.19256449727872,0.7057482398165602,4,7,0.5507675870047607,3,0,1,1,0,2,1,1,0,8,soc5
618,1,PARK,13,0,soc,0.526662887280119,12.0,0.08541167896895449,0.6712910664010042,0.17199791188479951,0.5192684931680398,0.08541167896895449,1.1071136678705575,0.31828230066954966,4,8,0.5945354872223283,3,1,0,1,1,0,1,0,0,3,soc5
619,1,KAĞIT,14,0,soc,0.7632916113080702,11.0,0.2572897456171004,0.554852934054116,0.4452644079186454,0.3977029435254482,0.2572897456171004,0.7822460256435733,0.6004810975542849,3,10,0.4288974746711339,3,0,0,1,0,0,2,0,0,9,soc5
620,1,KOLAY,15,1,soc,0.4734206706671342,1.0,0.4734206706671342,0.6323403992275498,0.21847279138107373,0.5719909399859155,0.4734206706671342,1.8421025867983603,0.4734206706671342,1,13,0.5937385907832259,3,0,0,1,0,0,1,0,0,7,soc5
621,1,EKRAN,16,0,soc,0.34175146148381974,7.0,0.05184751822271495,0.7338919541686114,0.08530717403885203,0.6543883403845832,0.05184751822271495,1.734220146831844,0.16685243706845343,4,11,0.6681765129270982,3,0,1,1,0,1,1,0,0,1,soc5
622,1,KALE,17,1,soc,0.5201944127892401,12.0,0.0565781266529315,0.6642026914371444,0.1737675227101519,0.5693219938562943,0.0565781266529315,0.966669430018844,0.4948033738522656,4,12,0.5716346765276544,3,0,1,1,0,1,2,0,0,0,soc5
623,1,AĞAÇ,18,1,soc,0.8790552457670859,4.0,0.26878636607219825,0.6813286529767206,0.4037140224263145,0.4417182811402486,0.26878636607219825,0.9261230489360233,0.8790552457670859,4,13,0.48875057072340167,3,0,0,1,0,0,2,1,0,9,soc5
624,2,İLAÇ,1,0,soc,,,,0.5853853078324415,,0.5526727896991896,,0.0,1.0,0,0,1.0,1,1,0,0,1,0,0,0,0,4,soc5
625,2,TERLİK,2,0,soc,0.5590760257125165,1.0,0.5590760257125165,0.492327498755049,0.5590760257125165,0.42626864244145346,0.5590760257125165,0.0,0.5590760257125165,1,0,0.5853853078324415,1,1,0,1,1,0,1,0,0,5,soc5
626,2,KAPI,3,0,soc,0.529598574451337,1.0,0.529598574451337,0.5481106510762499,0.3783489847496317,0.4778025502241674,0.529598574451337,0.5590760257125165,0.529598574451337,1,1,0.6128445482396783,1,1,0,1,1,0,1,0,0,0,soc5
627,2,KOLTUK,4,0,soc,0.3743629275058095,1.0,0.3743629275058095,0.6666888104110485,0.22112160054882798,0.6172112080796333,0.3743629275058095,1.3157739952117797,0.3743629275058095,1,2,0.638459668905534,1,1,0,0,1,0,0,0,0,3,soc5
628,2,TOPLU,5,0,soc,0.33924225322331236,3.0,0.01849475765938148,0.6980992120872218,0.1968973720624897,0.5414507615275572,0.01849475765938148,1.9791387968582639,0.33924225322331236,3,1,0.615695969372396,2,0,1,1,0,2,1,0,0,7,soc5
629,2,DEFTER,6,0,soc,0.48588772879447206,5.0,0.28012849203078116,0.5937252874301957,0.2525095876165242,0.5090261706737902,0.28012849203078116,1.7894840046325446,0.28012849203078116,1,4,0.5923574238075138,2,0,1,0,0,1,0,0,0,8,soc5
630,2,KEDİ,7,0,soc,0.6789120984624636,5.0,0.3119669231405654,0.6919892958957772,0.42114537768214655,0.4517373438645731,0.3119669231405654,1.2671626634533202,0.6249684131058864,4,2,0.48382516819687094,2,0,1,0,0,1,0,0,0,6,soc5
631,2,SPOR,8,0,soc,0.5270647491536371,6.0,0.0292779447690002,0.6994868365234007,0.08065424873690795,0.6233346339106063,0.0292779447690002,1.1652037645154953,0.18524182394017147,3,4,0.6699977284882865,2,0,1,1,0,1,1,0,0,1,soc5
632,2,BÜYÜK,9,0,soc,0.42755153538344653,8.0,0.26721085646330167,0.6174230135436852,0.18626250902002278,0.4833303842173847,0.26721085646330167,1.1398555594675903,0.26721085646330167,1,7,0.5588069807044982,2,0,1,1,0,2,1,1,0,7,soc5
633,2,TAŞLIK,10,0,soc,0.9044878180247089,8.0,0.30354360867134944,0.6501923695443168,0.4060553119749349,0.39608680653074846,0.30354360867134944,1.0955764348808033,0.7116607554121873,3,6,0.45847524092084424,3,0,0,1,0,0,4,0,0,2,soc5
634,2,KISA,11,0,soc,0.5207710106964843,2.0,0.15199437484136924,0.7021197791459756,0.1850156628629936,0.5778297234578317,0.15199437484136924,1.6366289781143515,0.5207710106964843,2,8,0.6065974274223191,3,0,1,1,0,2,1,1,0,7,soc5
635,2,KAŞIK,12,0,soc,0.8552285627599883,2.0,0.1243362218240441,0.5809682520412875,0.4525045730370061,0.35237384386180004,0.1243362218240441,1.4440629551641133,0.8552285627599883,2,9,0.5551082726215781,3,0,0,1,0,0,4,1,0,2,soc5
636,2,SEHPA,13,1,soc,0.8855161527891529,1.0,0.8855161527891529,0.5464585097311246,0.40984881943491736,0.44475906387568076,0.8855161527891529,2.2305580407534347,0.8855161527891529,1,11,0.5201085734565274,3,1,0,1,1,0,1,0,0,0,soc5
637,2,ELMA,14,1,soc,0.710909757728838,2.0,0.24475417417886924,0.7348369070568517,0.3982631844314354,0.5261250843868058,0.24475417417886924,2.902110827169236,0.710909757728838,2,11,0.5370775618907022,3,0,0,1,0,0,4,1,0,2,soc5
638,2,GRUP,15,1,soc,0.5263829283054188,7.0,0.034088818642586005,0.7056804041840905,0.22219910231388643,0.5824765061676902,0.034088818642586005,2.1753098539846505,0.3182930925394769,2,12,0.616025220058559,3,0,1,1,0,1,1,0,0,1,soc5
639,2,TABAK,16,0,soc,0.9312959692780304,4.0,0.3324634122090019,0.568604484981887,0.5092583326608503,0.43157659490630873,0.3324634122090019,2.404023107463503,0.9312959692780304,4,11,0.41234349085196087,3,0,0,1,0,0,4,1,0,2,soc5
640,2,CÜZDAN,17,0,soc,0.874047692873124,4.0,0.5042465281180626,0.6031902602968386,0.49146854703068205,0.4864496076975843,0.5042465281180626,2.114890856052315,0.874047692873124,4,12,0.5125241201250614,3,1,0,1,1,0,1,0,0,5,soc5
641,3,LAMBA,1,1,soc,,,,0.6844555074955042,,0.45477287147524903,,0.0,1.0,0,0,1.0,1,1,0,1,1,0,4,0,0,0,soc5
642,3,KÜÇÜK,2,1,soc,0.2602424259120512,1.0,0.2602424259120512,0.6336354729078261,0.2602424259120512,0.4331093891289406,0.2602424259120512,0.0,0.2602424259120512,1,0,0.6844555074955042,1,1,1,0,1,1,0,0,0,7,soc5
643,3,PARKUR,3,1,soc,0.41385861769400684,2.0,0.19396905448262136,0.6640818397743098,0.3039138360883141,0.5550460516747985,0.19396905448262136,0.2602424259120512,0.41385861769400684,2,0,0.5976867062821304,1,1,1,1,1,1,2,0,0,3,soc5
644,3,KOKU,4,1,soc,0.6665352563848626,3.0,0.15750480766813932,0.6655028936405696,0.43594730445228996,0.4633987195312428,0.15750480766813932,0.8680700980886794,0.6665352563848626,3,0,0.48779906645665116,1,1,0,1,1,0,1,0,0,4,soc5
645,3,KALAS,5,0,soc,0.5165683044205327,3.0,0.14382481420518684,0.6496477984645438,0.26605028204872927,0.5865222370776079,0.14382481420518684,2.1759120114455492,0.5165683044205327,3,1,0.5690986316085443,2,1,1,0,1,1,0,1,0,7,soc5
646,3,KOLA,6,0,soc,0.6244519163230536,5.0,0.3164456606812867,0.509115803331799,0.452317510043397,0.4569886576776496,0.3164456606812867,1.7206428857585874,0.5837819369581021,2,3,0.4690140176343146,2,0,1,0,0,2,0,0,0,2,soc5
647,3,ÇİÇEK,7,0,soc,0.7185540294184415,5.0,0.6641148065340642,0.6493424731472879,0.4685845533972097,0.45953229106503446,0.6641148065340642,1.580591012934577,0.6641148065340642,1,5,0.4713144509915277,2,0,1,0,0,2,0,1,1,2,soc5
648,3,ODA,8,0,soc,0.2985323326171385,6.0,0.05137256349296766,0.6608800235505585,0.09716311382049425,0.5398562957047952,0.05137256349296766,2.5330036235625983,0.17160209273526855,4,3,0.7050317871191318,2,1,1,1,1,1,2,0,0,3,soc5
649,3,KİTAP,9,0,soc,0.35278921307620603,1.0,0.35278921307620603,0.6397311620867958,0.21161547847295883,0.5176581173814829,0.35278921307620603,1.3888355611865217,0.35278921307620603,1,7,0.5528816178597902,2,0,1,0,0,1,0,0,0,8,soc5
650,3,YATAK,10,0,soc,0.7480478841854629,2.0,0.12180196860176906,0.6247104454908017,0.30576905144023797,0.4189031835271798,0.12180196860176906,1.4919816092600784,0.7480478841854629,2,7,0.4635603523072983,3,1,1,1,1,1,2,1,0,3,soc5
651,3,SALÇA,11,0,soc,0.8559760341270273,5.0,0.5071903540306528,0.5372188906480488,0.4056969313045114,0.3713627039289519,0.5071903540306528,1.8007008776176332,0.5071903540306528,1,9,0.5751427209160442,3,1,0,1,1,0,4,0,0,0,soc5
652,3,TOPRAK,12,0,soc,0.5057224384953654,5.0,0.3450196440346835,0.6398597513699322,0.28662440270387607,0.521606320831494,0.3450196440346835,1.9276484371107718,0.3450196440346835,1,10,0.6018374601077309,3,1,0,1,1,0,1,0,0,4,soc5
653,3,DOLAP,13,1,soc,0.7797495872476483,2.0,0.1958491955474869,0.5532120528565745,0.5503732299101185,0.32579554666357946,0.1958491955474869,1.4940154807443684,0.7797495872476483,2,10,0.40625909776714453,3,1,0,1,1,0,4,1,0,0,soc5
654,3,HALI,14,0,soc,0.751662779508489,3.0,0.5556237903853873,0.5385455508690976,0.47465727670078284,0.43843408462009525,0.5556237903853873,2.7037598180971467,0.751662779508489,3,10,0.46501919983250206,3,0,0,1,0,0,1,0,0,5,soc5
655,3,FIRIN,15,0,soc,0.9575447667524211,4.0,0.5062073470369703,0.5477684019638844,0.6142858435315646,0.3985417613369505,0.5062073470369703,2.874471398546855,0.9575447667524211,4,10,0.4078870479545861,3,1,0,1,1,0,4,1,0,0,soc5
656,3,DUVAR,16,0,soc,0.7200170034852962,3.0,0.323485653835385,0.5802417948396537,0.41661488655134066,0.49612326743995017,0.323485653835385,2.6859985967763818,0.7200170034852962,3,12,0.515782000276431,3,1,1,1,1,1,2,0,0,3,soc5
657,3,DÜĞME,17,1,soc,0.9823856774645168,16.0,0.5635340067284889,0.5839191480541608,0.5943237707049821,0.39134892777651265,0.5635340067284889,3.250374622687283,0.934522940334041,4,12,0.37884702958984473,3,1,0,1,1,0,4,1,0,0,soc5
658,4,MARKET,1,1,soc,,,,0.669746222587379,,0.4559720665466801,,0.0,1.0,0,0,1.0,1,1,1,1,1,2,1,0,0,5,soc5
659,4,KUTU,2,1,soc,0.30132479486025143,1.0,0.30132479486025143,0.6250298723945218,0.30132479486025143,0.4825084433947685,0.30132479486025143,0.0,0.30132479486025143,1,0,0.669746222587379,1,1,0,1,1,0,1,0,0,0,soc5
660,4,TERAS,3,1,soc,0.4909798771227458,2.0,0.2096698121444681,0.634045996221607,0.35032484463360697,0.5285378301080116,0.2096698121444681,0.30132479486025143,0.4909798771227458,2,0,0.5886356615965502,1,1,0,1,1,0,2,0,0,3,soc5
661,4,SİLGİ,4,1,soc,0.311884553103573,1.0,0.311884553103573,0.5743528541493758,0.25032811770663826,0.4823595530373882,0.311884553103573,1.0019744841274654,0.311884553103573,1,2,0.5854952225095365,1,1,1,0,1,1,0,0,0,8,soc5
662,4,KALIP,5,0,soc,0.6188865632814411,3.0,0.36024447841269697,0.6012242804931229,0.3679265117483301,0.4852424824828615,0.36024447841269697,1.7529588372473799,0.6188865632814411,3,1,0.49771328177637664,2,0,1,0,0,1,0,0,0,9,soc5
663,4,KASA,6,1,soc,0.7216362036201042,5.0,0.3394774532482303,0.575656020147661,0.3972799430616397,0.4566335915998686,0.3394774532482303,1.919045782204951,0.3394774532482303,1,4,0.5348167081413191,2,1,1,1,1,2,1,0,0,5,soc5
664,4,ÇORAP,7,0,soc,0.7259905593396109,2.0,0.5221174508039267,0.5677577051259064,0.5776069821030435,0.41307814903848095,0.5221174508039267,1.8061039511345987,0.7259905593396109,2,4,0.42100020269708704,2,1,1,1,1,2,1,1,1,5,soc5
665,4,DERGİ,8,0,soc,0.3941588399247352,6.0,0.13785380101280587,0.721061263250028,0.15639132236679582,0.5833632190930369,0.13785380101280587,2.827889114574596,0.31332055457462793,4,3,0.6568293887517792,2,1,1,0,1,1,0,1,0,8,soc5
666,4,HALKA,9,0,soc,0.3255837512663188,7.0,0.0458795740329172,0.6348902485960942,0.19116636443642712,0.5114553241917625,0.0458795740329172,1.9092423291715102,0.2592308117623375,2,6,0.6197302247146566,2,0,1,1,0,1,1,0,0,7,soc5
667,4,PARA,10,1,soc,0.60207201097775,4.0,0.42133583163229127,0.6378057433719493,0.37813430207053,0.46958985674726517,0.42133583163229127,1.281924706391842,0.60207201097775,4,5,0.46720410464923656,3,1,1,1,1,2,1,1,0,5,soc5
668,4,BAHÇE,11,0,soc,0.9242042644743286,8.0,0.042525338012995656,0.710157102834393,0.16779488332416184,0.51716876536918,0.042525338012995656,1.4800225891015137,0.4082691226625164,4,6,0.6271105745563348,3,1,0,1,1,0,2,0,0,3,soc5
669,4,SIRA,12,0,soc,0.24573466174940206,3.0,0.13598442188087762,0.6951373523749058,0.1377400750502044,0.5968803308662328,0.13598442188087762,0.9054316209885546,0.24573466174940206,3,8,0.5941256422741426,3,0,0,1,0,0,2,0,0,1,soc5
670,4,MEKTUP,13,0,soc,0.531413672102889,4.0,0.06066751229053965,0.7079003132356146,0.2728070891485476,0.5177627008415738,0.06066751229053965,1.1645557751569333,0.531413672102889,4,8,0.5691690844093482,3,0,1,1,0,1,1,1,0,7,soc5
671,4,SULUK,14,0,soc,0.5589713957306179,3.0,0.18000384810363873,0.5805647963203469,0.23772919388094288,0.49549998156523356,0.18000384810363873,0.8484599518812815,0.5589713957306179,3,10,0.5425113523873797,3,0,0,1,0,0,1,0,0,2,soc5
672,4,ZEMİN,15,1,soc,0.7799382870425406,12.0,0.4605589123087372,0.5484987535342574,0.27484635007336145,0.484563860695274,0.4605589123087372,1.1220140681417796,0.4605589123087372,1,13,0.5426087313265504,3,1,0,1,1,0,2,1,0,3,soc5
673,4,TAHTA,16,0,soc,0.808938780912267,14.0,0.4330772622137296,0.5765639246128729,0.3718965034357349,0.47654728027257387,0.4330772622137296,1.0868797055101733,0.4928065927334522,2,13,0.5383503323577424,3,1,0,1,1,0,1,0,0,0,soc5
674,4,HARİTA,17,1,soc,0.46457851757624713,15.0,0.28506620294828056,0.6754738231208239,0.20269657567041222,0.5715923159658514,0.28506620294828056,2.0128522142002025,0.41780844155107905,2,14,0.5769082814720004,3,0,0,1,0,0,2,0,0,1,soc5
681,1,KABLO,1,1,eng,,,,0.6602175272248858,,0.5714576963373909,,0.0,1.0,0,0,1.0,1,1,1,1,1,1,1,0,0,0,eng5
682,1,BARDAK,2,1,eng,0.3290244172492405,1.0,0.3290244172492405,0.5869699506363246,0.3290244172492405,0.5237681613077654,0.3290244172492405,0.0,0.3290244172492405,1,0,0.6602175272248858,1,1,1,0,1,1,0,0,0,2,eng5
683,1,KALEM,3,1,eng,0.3978887006445183,2.0,0.33616107171638865,0.5783505970556138,0.3670248861804535,0.4407788384486582,0.33616107171638865,0.3290244172492405,0.3978887006445183,2,0,0.5720302951298635,1,1,1,1,1,1,1,0,0,8,eng5
684,1,ÖLÇEK,4,0,eng,0.3264311289142347,1.0,0.3264311289142347,0.6461202840108538,0.2329906129364244,0.5059658061583909,0.3264311289142347,1.0630741896101474,0.3264311289142347,1,2,0.5971843951305802,1,1,0,1,1,0,1,0,0,1,eng5
685,1,SARI,5,1,eng,0.31398877234069655,3.0,0.10400989602343721,0.6912954517178995,0.19311945951190213,0.565156523905433,0.10400989602343721,1.7620460284194206,0.31398877234069655,3,1,0.6077454999601708,2,1,1,0,1,1,0,1,0,2,eng5
686,1,YAZI,6,0,eng,0.7730691951070705,3.0,0.1420938693681405,0.6524568746357957,0.34436731066509996,0.4998014196971531,0.1420938693681405,1.554325880025558,0.7730691951070705,3,2,0.4910864930585689,2,1,1,1,1,1,1,1,0,8,eng5
687,1,PARK,7,1,eng,0.31828230066954966,6.0,0.1738444810325097,0.5723015522047603,0.16869442862286638,0.5220543911009929,0.1738444810325097,2.0685406801112256,0.23258702823858693,3,3,0.6136879141515317,2,0,1,1,0,1,1,0,0,3,eng5
688,1,AĞAÇ,8,0,eng,0.7102854000778898,6.0,0.5999582642389087,0.5500057030819092,0.4153556146716005,0.4177843442276137,0.5999582642389087,1.1867636010499232,0.5999582642389087,1,6,0.46432293633594623,2,0,1,1,0,1,1,0,0,9,eng5
689,1,KALE,9,0,eng,0.5201944127892401,6.0,0.26878636607219825,0.6399194565989808,0.33377254186773253,0.5069713846755834,0.26878636607219825,1.5945825603348305,0.4948033738522656,2,6,0.5050351654660807,2,1,1,1,1,1,1,0,0,0,eng5
690,1,ŞİŞE,10,0,eng,0.9133266973789964,8.0,0.2014014242240119,0.6722319066126969,0.2558018262871808,0.4936284086886321,0.2014014242240119,2.1507750738006037,0.6440032611822291,2,7,0.5642503677229105,3,1,1,1,1,1,1,1,1,0,eng5
691,1,EKRAN,11,1,eng,0.34175146148381974,10.0,0.06668081665467362,0.6921130826216013,0.07709792500335255,0.6349896667615771,0.06668081665467362,2.397842444581898,0.07776299682509119,3,7,0.6941286269447433,3,1,0,1,1,0,1,0,0,1,eng5
692,1,RAKAM,12,0,eng,0.7057482398165602,6.0,0.16685243706845343,0.6424880210819549,0.1519160926843644,0.5214675748318562,0.16685243706845343,1.3152129916111357,0.34494329664975604,4,7,0.6036381866158715,3,1,1,1,1,1,1,0,0,8,eng5
693,1,ÇANTA,13,1,eng,0.7290655094278011,3.0,0.18790412688669486,0.6323650791473416,0.3303456162474387,0.44726965937149876,0.18790412688669486,0.6538858553347286,0.7290655094278011,3,9,0.5160234071573893,3,0,0,1,0,0,1,0,0,5,eng5
694,1,KOLAY,14,0,eng,0.36830066587155413,12.0,0.24599324023650332,0.6336302868815242,0.16259198639058564,0.5420989931896998,0.24599324023650332,1.3409393970841201,0.28238371705315357,2,11,0.6066433012731451,3,0,0,1,0,0,1,0,0,7,eng5
695,1,BEYİN,15,1,eng,0.4868718316772624,9.0,0.18410154805952028,0.605115371413233,0.2778785218295854,0.4595454721717245,0.18410154805952028,1.0081451741303067,0.4029670298152104,3,11,0.5502653438721157,3,0,0,1,0,0,2,0,0,6,eng5
696,1,KAĞIT,16,1,eng,0.8790552457670859,8.0,0.4241782244223956,0.6045617220502371,0.44327415112927737,0.4381500373509355,0.4241782244223956,1.5804177701609918,0.6540926245962044,3,12,0.4166341954627949,3,0,1,1,0,1,1,0,0,9,eng5
697,1,BİNA,17,1,eng,0.526662887280119,10.0,0.20140033317492984,0.6297508238275763,0.23800820927745542,0.5463703706127602,0.20140033317492984,2.2588544160916673,0.3183272189245442,2,14,0.5706127697923362,3,0,1,1,0,1,1,0,0,3,eng5
698,1,KÖPEK,18,1,eng,0.7030623490479981,3.0,0.30788651392414,0.6674648953983329,0.4525127342975609,0.45167241433164385,0.30788651392414,1.819001282221134,0.7030623490479981,3,14,0.47333960507708384,3,0,0,1,0,0,2,1,0,6,eng5
699,2,SPOR,1,1,eng,,,,0.7589776121124301,,0.6839243443270369,,0.0,1.0,0,0,1.0,1,1,0,1,1,0,1,0,0,1,eng5
700,2,DEFTER,2,1,eng,0.09651783689816874,1.0,0.09651783689816874,0.6467790704776992,0.09651783689816874,0.5590855564954443,0.09651783689816874,0.0,0.09651783689816874,1,0,0.7589776121124301,1,1,0,0,1,0,0,0,0,8,eng5
701,2,SEHPA,3,1,eng,0.4945097639935926,1.0,0.4945097639935926,0.46814994554405,0.2987655668723833,0.35663513759043963,0.4945097639935926,0.09651783689816874,0.4945097639935926,1,1,0.6150661859307768,1,1,1,0,1,1,0,0,0,0,eng5
702,2,TABAK,4,0,eng,0.7168752276890751,1.0,0.7168752276890751,0.5575931090635871,0.3607764899077766,0.4514387700716881,0.7168752276890751,0.6940489706429354,0.7168752276890751,1,2,0.5680308903045708,1,1,1,1,1,2,1,0,0,2,eng5
703,2,KAPI,5,0,eng,0.8191831838889087,2.0,0.3982106150613792,0.6511709871983511,0.38319188672077753,0.49629579451992956,0.3982106150613792,1.7763784403662652,0.8191831838889087,2,2,0.5370147414965785,2,1,1,0,1,1,0,1,0,0,eng5
704,2,ELMA,6,0,eng,0.46841613079330613,2.0,0.11185007485085907,0.6993873222005553,0.2077129112218369,0.5180615334353765,0.11185007485085907,2.9486929359778307,0.46841613079330613,2,3,0.5981151554543191,2,1,1,1,1,2,1,1,0,2,eng5
705,2,KOLTUK,7,1,eng,0.7434975641506587,4.0,0.1048976440344781,0.7226924929879939,0.3070322977996245,0.5980364982777473,0.1048976440344781,2.759289406462398,0.7434975641506587,4,2,0.5500681808552552,2,0,1,0,0,1,0,0,0,3,eng5
706,2,TAŞLIK,8,1,eng,0.8011967601163709,5.0,0.08964100272188237,0.6523932084475758,0.5748368025237189,0.3768156012854079,0.08964100272188237,1.7054066075700587,0.7655858167531391,4,3,0.43180748865559615,2,1,1,1,1,2,1,1,0,2,eng5
707,2,KISA,9,0,eng,0.15199437484136924,1.0,0.15199437484136924,0.7021197791459756,0.08986116606950265,0.5762686597241791,0.15199437484136924,1.898512082140231,0.15199437484136924,1,7,0.7147879418444406,2,0,1,1,0,1,2,0,0,7,eng5
708,2,KAŞIK,10,0,eng,0.9312959692780304,6.0,0.1243362218240441,0.6649114891122764,0.4518100784420632,0.4288447845432979,0.1243362218240441,1.0210547598941146,0.8552285627599883,2,7,0.451374781270247,3,1,1,1,1,2,1,1,0,2,eng5
709,2,BÜYÜK,11,1,eng,0.5207710106964843,2.0,0.27468426196019957,0.6127151009465017,0.30565604948089176,0.4711306888294782,0.27468426196019957,1.439283628419782,0.5207710106964843,2,8,0.5153861360572158,3,0,1,1,0,1,2,1,0,7,eng5
710,2,TERLİK,12,0,eng,0.9044878180247089,4.0,0.3308774658499728,0.5396905758093917,0.492530641083893,0.36071113807305044,0.3308774658499728,2.2305580407534347,0.9044878180247089,4,7,0.4625632917339054,3,0,0,1,0,0,2,0,0,5,eng5
711,2,GRUP,13,1,eng,0.5263829283054188,12.0,0.502224383114703,0.5943269933001354,0.2920537694525973,0.5352264633224304,0.502224383114703,2.218158127732533,0.502224383114703,1,11,0.5579446265578057,3,1,0,1,1,0,1,0,0,1,eng5
712,2,İLAÇ,14,0,eng,0.5590760257125165,2.0,0.3015448201060412,0.6295963813803702,0.41177473410258036,0.4534039247601096,0.3015448201060412,2.172498136356814,0.5590760257125165,2,11,0.49421815997536256,3,0,0,1,0,0,1,0,0,4,eng5
713,2,TOPLU,15,1,eng,0.4690134993133757,6.0,0.16186573971751173,0.6528983073046094,0.266132057672588,0.5324404221523934,0.16186573971751173,2.3207050939275944,0.3821091830560145,2,12,0.5652086943324486,3,0,1,1,0,1,2,1,0,7,eng5
714,2,CÜZDAN,16,0,eng,0.874047692873124,13.0,0.37467117920079085,0.5027277524601915,0.4246531593507024,0.44572321301066,0.37467117920079085,2.2460624049300995,0.8193907759305923,4,11,0.5006791069701775,3,0,0,1,0,0,2,1,0,5,eng5
715,2,KEDİ,17,1,eng,0.83247450901758,7.0,0.6472935879145645,0.5554764021163422,0.42824568561047566,0.5126823906282718,0.6472935879145645,1.8508081526490954,0.6472935879145645,1,15,0.5422594767467577,3,0,0,1,0,0,1,0,0,6,eng5
716,3,TOPRAK,1,1,eng,,,,0.6377003862300503,,0.5551005951469422,,0.0,1.0,0,0,1.0,1,1,1,0,1,1,0,0,0,4,eng5
717,3,KÜÇÜK,2,1,eng,0.3969815277750878,1.0,0.3969815277750878,0.531349715136533,0.3969815277750878,0.4571092943024043,0.3969815277750878,0.0,0.3969815277750878,1,0,0.6377003862300503,1,1,0,1,1,0,1,0,0,7,eng5
718,3,DÜĞME,3,0,eng,0.4910668091193048,1.0,0.4910668091193048,0.5030086666505593,0.31976495447036735,0.38081672904321817,0.4910668091193048,0.3969815277750878,0.4910668091193048,1,1,0.5964746816533857,1,1,1,1,1,1,3,0,0,0,eng5
719,3,DUVAR,4,0,eng,0.5635340067284889,1.0,0.5635340067284889,0.5811923939667043,0.3722464741000362,0.4681541657477821,0.5635340067284889,1.0365114367158226,0.5635340067284889,1,2,0.5396539933674174,1,1,1,1,1,1,2,0,0,3,eng5
720,3,KOLA,5,0,eng,0.8477058793990766,2.0,0.3028795353044267,0.5810747147230653,0.4982586769591018,0.48699617977423626,0.3028795353044267,2.153250859015931,0.8477058793990766,2,2,0.4601053653950844,2,0,1,1,0,1,1,0,0,2,eng5
721,3,YATAK,6,1,eng,0.5065464660450255,3.0,0.36673461501528926,0.6161272133177648,0.34758580476014894,0.43536396533123756,0.36673461501528926,3.074741833409832,0.5065464660450255,3,2,0.5250579202672003,2,1,1,1,1,1,2,1,0,3,eng5
722,3,KİTAP,7,1,eng,0.3321806870903763,5.0,0.12180196860176906,0.6150513305800154,0.21983954536269765,0.5197959445585553,0.12180196860176906,2.8847365087607706,0.3126929017723875,3,3,0.6158819434046661,2,0,1,0,0,1,0,0,0,8,eng5
723,3,DOLAP,8,0,eng,0.934522940334041,5.0,0.6275266564175318,0.46823604714314415,0.7166940335065572,0.3281044207674667,0.6275266564175318,1.471460326486497,0.7200170034852962,4,3,0.3499712686191464,2,1,1,1,1,1,3,0,0,0,eng5
724,3,KOKU,9,0,eng,0.700374303081745,6.0,0.575263301574318,0.6319437024983346,0.393557949946449,0.4629087463051107,0.575263301574318,2.487482106854668,0.5837819369581021,4,4,0.5082151040651062,2,1,1,0,1,1,0,0,0,4,eng5
725,3,ODA,10,0,eng,0.7480478841854629,4.0,0.17160209273526855,0.6985837690945447,0.3616808024272916,0.5380136336229968,0.17160209273526855,2.4174887073405875,0.7480478841854629,4,5,0.47840209419097246,3,1,1,1,1,1,2,1,0,3,eng5
726,3,SALÇA,11,1,eng,0.9607896067400263,8.0,0.08933526342486525,0.566117490220686,0.450545477520096,0.3669829186084933,0.08933526342486525,2.4248128834035594,0.7797495872476483,3,7,0.5328719523258325,3,1,1,1,1,1,3,1,0,0,eng5
727,3,HALI,12,0,eng,0.751662779508489,1.0,0.751662779508489,0.5394178515848196,0.41145797444060295,0.47673033717287683,0.751662779508489,2.8773926198939463,0.751662779508489,1,10,0.5514741064252329,3,0,0,1,0,0,1,0,0,5,eng5
728,3,KALAS,13,1,eng,0.5165683044205327,11.0,0.20096276037223693,0.6546134910612829,0.14271392023528298,0.606439349222725,0.20096276037223693,2.218577118577492,0.2900514523098188,2,10,0.6705964426436826,3,1,0,1,1,0,1,0,0,7,eng5
729,3,LAMBA,14,1,eng,0.9823856774645168,11.0,0.17883395389095832,0.5992801718086541,0.4515747299155687,0.41550496219800603,0.17883395389095832,1.4681043944303864,0.8145371713165205,3,10,0.5149704369360495,3,1,1,1,1,1,3,1,0,0,eng5
730,3,PARKUR,15,1,eng,0.5442373948670083,7.0,0.41385861769400684,0.6525144482028828,0.26923414674090185,0.5475088954784365,0.41385861769400684,2.592536033835206,0.41385861769400684,1,13,0.5669687713341361,3,1,1,1,1,1,2,0,0,3,eng5
731,3,FIRIN,16,0,eng,0.9575447667524211,5.0,0.10413071417925948,0.6584012141896911,0.4882677065461417,0.4479071660803603,0.10413071417925948,1.6143987018319779,0.6878179095248221,2,13,0.49118228373345263,3,1,1,1,1,1,3,1,0,0,eng5
732,3,ÇİÇEK,17,0,eng,0.7185540294184415,15.0,0.2060818336762552,0.7053868966110924,0.2526393446036684,0.5543679015907017,0.2060818336762552,1.795253046204522,0.3712080710807768,3,13,0.563300006963491,3,0,1,1,0,1,1,0,0,2,eng5
733,4,TAHTA,1,1,eng,,,,0.7068430068816798,,0.4658121264623767,,0.0,1.0,0,0,1.0,1,1,0,1,1,0,1,0,0,0,eng5
734,4,DERGİ,2,1,eng,0.2025272670194464,1.0,0.2025272670194464,0.6037117055881547,0.2025272670194464,0.5643828457302089,0.2025272670194464,0.0,0.2025272670194464,1,0,0.7068430068816798,1,1,1,0,1,1,0,0,0,8,eng5
735,4,MEKTUP,3,0,eng,0.3551170103613303,1.0,0.3551170103613303,0.65046988900724,0.3067204021069748,0.5961030240068282,0.3551170103613303,0.2025272670194464,0.3551170103613303,1,1,0.5865656614925361,1,1,1,0,1,1,0,0,0,7,eng5
736,4,TERAS,4,0,eng,0.33847580703793356,3.0,0.039401458193120256,0.6325963565230542,0.17495215223688745,0.4646681828822886,0.039401458193120256,0.8159680712333961,0.33847580703793356,3,0,0.6381101563600464,1,1,1,1,1,1,1,0,0,3,eng5
737,4,MARKET,5,0,eng,0.6632277689878967,4.0,0.4909798771227458,0.5706396260852762,0.41639717164714524,0.39448565019821047,0.4909798771227458,1.3408245279440587,0.6632277689878967,4,0,0.4699957482256897,2,0,1,1,0,2,2,0,0,5,eng5
738,4,BAHÇE,6,1,eng,0.9242042644743286,2.0,0.42616662481035583,0.5631906802358883,0.43196553963585976,0.4679720729371275,0.42616662481035583,1.5438585776347433,0.9242042644743286,2,3,0.4860721350726124,2,1,1,1,1,1,1,1,0,3,eng5
739,4,ÇORAP,7,1,eng,0.6705631921729135,6.0,0.4082691226625164,0.5468453078324986,0.3223896797949334,0.47443705150189286,0.4082691226625164,2.1127989456180685,0.5824925694638781,2,4,0.5184647473592521,2,0,1,1,0,2,2,1,0,5,eng5
740,4,SİLGİ,8,0,eng,0.5408118683387342,1.0,0.5408118683387342,0.556172499282729,0.36249901914592886,0.464265240368517,0.5408118683387342,3.2590616596768647,0.5408118683387342,1,6,0.5398617169168795,2,1,1,0,1,1,0,0,0,8,eng5
741,4,HALKA,9,1,eng,0.531413672102889,6.0,0.2994713075355786,0.6467360023055304,0.235152965928435,0.5046801638331402,0.2994713075355786,2.555142623369397,0.3093811951089286,4,4,0.5835091974439508,2,1,1,0,1,1,0,0,0,7,eng5
742,4,KASA,10,1,eng,0.7216362036201042,5.0,0.21304607543417697,0.6682953621406251,0.387148281115804,0.4965231031617834,0.21304607543417697,2.0118473656297104,0.5221174508039267,3,6,0.5512271475341106,3,0,1,1,0,2,2,1,0,5,eng5
743,4,SIRA,11,0,eng,0.24573466174940206,2.0,0.11376074251908228,0.6926236119378987,0.14252343304227505,0.6029311976978284,0.11376074251908228,2.173924818306151,0.24573466174940206,2,8,0.6414654486093165,3,0,0,1,0,0,2,0,0,1,eng5
744,4,ZEMİN,12,1,eng,0.7799382870425406,8.0,0.09962009418798418,0.6305287634846561,0.23532751238612995,0.4863723284062621,0.09962009418798418,1.385269219645763,0.3726544150948415,3,8,0.5877302171141974,3,1,1,1,1,1,1,0,0,3,eng5
745,4,HARİTA,13,1,eng,0.41780844155107905,1.0,0.41780844155107905,0.538342494177795,0.19880225744171573,0.5331530078511462,0.41780844155107905,1.217736672544232,0.41780844155107905,1,11,0.5942953135149986,3,0,0,1,0,0,2,1,0,1,eng5
746,4,KUTU,14,1,eng,0.808938780912267,13.0,0.46457851757624713,0.5369266444542994,0.2993015386579979,0.45976370122576615,0.46457851757624713,1.0079871230131612,0.46457851757624713,1,12,0.5358345623329863,3,1,0,1,1,0,1,0,0,0,eng5
747,4,SULUK,15,1,eng,0.5589713957306179,9.0,0.3745700558963594,0.5512155688692554,0.2493543277160512,0.5059319469922394,0.3745700558963594,1.4463568769032227,0.4605589123087372,3,11,0.548459424508162,3,0,0,1,0,0,1,0,0,2,eng5
748,4,KALIP,16,1,eng,0.7259905593396109,9.0,0.5382124150449655,0.5809481385587865,0.43185209192713564,0.4517417610554326,0.5382124150449655,2.1763923215801952,0.6188865632814411,2,13,0.44872508666730604,3,0,0,1,0,0,1,0,0,9,eng5
749,4,PARA,17,0,eng,0.60207201097775,7.0,0.2515410970814467,0.687682271419199,0.23560098826059286,0.5690069789046701,0.2515410970814467,2.4631806074584026,0.36502025028410534,3,13,0.5734803123930674,3,0,1,1,0,2,2,0,0,5,eng5
756,1,KABLO,1,1,soc,,,,0.6603021045300479,,0.4959508183434338,,0.0,1.0,0,0,1.0,1,1,0,0,3,0,0,0,0,0,soc4
757,1,KALE,2,1,soc,0.328774756070349,1.0,0.328774756070349,0.5495478387986408,0.328774756070349,0.5264485289772273,0.328774756070349,0.0,0.328774756070349,1,0,0.6603021045300479,1,1,0,0,3,0,0,1,1,0,soc4
758,1,PARK,3,0,soc,0.4948033738522656,1.0,0.4948033738522656,0.5749913564413349,0.4065428372609076,0.5110587239728059,0.4948033738522656,0.328774756070349,0.4948033738522656,1,1,0.5532363552726693,1,1,0,1,1,0,1,0,0,3,soc4
759,1,ŞİŞE,4,0,soc,0.5459483882654621,3.0,0.1888897550122847,0.6447699977984656,0.31207985583391956,0.47287577809840387,0.1888897550122847,1.1418604305921642,0.5459483882654621,3,0,0.5671485760324162,1,1,0,0,3,0,0,1,0,0,soc4
760,1,ÖLÇEK,5,0,soc,0.30143518765657895,3.0,0.19672750050227128,0.6211440239053626,0.22795625582836695,0.5332894292847764,0.19672750050227128,2.078099998093923,0.30143518765657895,3,1,0.5748031049411828,2,0,1,1,0,1,1,0,0,1,soc4
761,1,KAĞIT,6,0,soc,0.6004810975542849,2.0,0.36686193996346983,0.5057463472652314,0.34350043501782457,0.37652245296438625,0.36686193996346983,1.6158442694859994,0.6004810975542849,2,3,0.5119631569495251,2,0,1,1,0,1,1,0,0,9,soc4
762,1,KÖPEK,7,1,soc,0.6341294391066079,3.0,0.5652011362224488,0.5490929208673098,0.3340715173922127,0.4586472688439621,0.5652011362224488,1.842837066887998,0.6341294391066079,3,3,0.4970943150968222,2,0,1,1,0,1,1,0,0,6,soc4
763,1,KALEM,8,0,soc,0.6893193775666414,2.0,0.37362473772533766,0.6309685115534425,0.3541021638946426,0.4808745085861442,0.37362473772533766,2.4200497856210355,0.6893193775666414,2,5,0.5011385200754385,2,0,1,1,0,1,2,0,0,8,soc4
764,1,KOLAY,9,1,soc,0.4734206706671342,3.0,0.09708840487306382,0.6675835251508405,0.23731435307470203,0.5464856928313273,0.09708840487306382,2.378086992664085,0.4734206706671342,3,5,0.5698317746119677,2,0,1,0,0,1,0,0,0,7,soc4
765,1,ÇANTA,10,0,soc,0.7290655094278011,6.0,0.24599324023650332,0.5665485982157941,0.37221600819758927,0.48326893904291346,0.24599324023650332,2.3905841272049786,0.6540926245962044,4,5,0.4784922117602728,3,0,0,1,0,0,1,0,0,5,soc4
766,1,AĞAÇ,11,0,soc,0.8790552457670859,5.0,0.456667922479698,0.6270896996416901,0.5306498640218766,0.40379501940730367,0.456667922479698,1.7714808792586174,0.6954360267136221,4,6,0.46531896126642325,3,0,1,1,0,1,1,0,0,9,soc4
767,1,EKRAN,12,1,soc,0.34175146148381974,11.0,0.07776299682509119,0.7024999715582547,0.07239844717893583,0.6248376391010759,0.07776299682509119,1.7902005168687376,0.09029648641541374,4,7,0.6802644997683589,3,0,1,1,0,1,1,0,0,1,soc4
768,1,BEYİN,13,0,soc,0.7030623490479981,6.0,0.13256015992885034,0.5881349458190173,0.2574996767184829,0.4572308758484085,0.13256015992885034,1.098443051655082,0.2947480750560708,2,10,0.5583170034176125,3,0,1,1,0,1,1,0,0,6,soc4
769,1,YAZI,14,0,soc,0.7730691951070705,6.0,0.4868718316772624,0.6071502426699207,0.2926855185909386,0.48390752302312656,0.4868718316772624,1.3119713970624063,0.4868718316772624,1,12,0.5333545124672698,3,0,1,1,0,1,2,0,0,8,soc4
770,1,BİNA,15,1,soc,0.526662887280119,12.0,0.15997577185003473,0.6706874013957953,0.24808013036108512,0.5321860621383084,0.15997577185003473,1.4826748845348003,0.41104945982499863,4,10,0.5606134502764113,3,1,0,1,1,0,1,0,0,3,soc4
771,1,BARDAK,16,0,soc,0.9133266973789964,12.0,0.13065351230209385,0.6509724749809207,0.324197736448805,0.48485697065838995,0.13065351230209385,1.3216134672945823,0.4806540371260736,3,12,0.5761617284953358,3,0,0,1,0,0,2,0,0,2,soc4
772,1,RAKAM,17,0,soc,0.7057482398165602,3.0,0.27619314493617364,0.6607256429212405,0.3524194914650714,0.48264228810251764,0.27619314493617364,1.7548908910876901,0.7057482398165602,3,13,0.48112229645398263,3,0,1,1,0,1,2,1,0,8,soc4
773,1,SARI,18,0,soc,0.4571760663374574,12.0,0.13199108536387683,0.7390236323944114,0.19920221575230102,0.5869350862956506,0.13199108536387683,1.661315793801503,0.31398877234069655,2,15,0.6058176249193301,3,0,0,1,0,0,2,1,0,2,soc4
774,2,GRUP,1,0,soc,,,,0.6777673498750194,,0.5608043884581415,,0.0,1.0,0,0,1.0,1,1,0,1,1,0,1,0,0,1,soc4
775,2,TAŞLIK,2,0,soc,0.27864611701875786,1.0,0.27864611701875786,0.5985239012688863,0.27864611701875786,0.4298474288947034,0.27864611701875786,0.0,0.27864611701875786,1,0,0.6777673498750194,1,1,1,1,1,2,1,0,0,2,soc4
776,2,BÜYÜK,3,0,soc,0.30354360867134944,1.0,0.30354360867134944,0.650364740829878,0.2514872362161319,0.5152477178137429,0.30354360867134944,0.27864611701875786,0.30354360867134944,1,1,0.6488219195720405,1,1,1,1,1,1,1,0,0,7,soc4
777,2,SEHPA,4,0,soc,0.8011967601163709,2.0,0.17567105967957808,0.5098329403446014,0.4317203041118087,0.3846728774445254,0.17567105967957808,0.7816205894510216,0.8011967601163709,2,1,0.5417481838346268,1,1,1,0,1,1,0,0,0,0,soc4
778,2,KAŞIK,5,0,soc,0.8855161527891529,1.0,0.8855161527891529,0.5421556467502877,0.5564725222734802,0.4127529591085882,0.8855161527891529,2.0767815017864475,0.8855161527891529,1,3,0.47161666476670416,2,1,1,1,1,2,1,1,0,2,soc4
779,2,KAPI,6,0,soc,0.8191831838889087,2.0,0.3506965628825089,0.6718131544053189,0.4974120882064292,0.44327467071384385,0.3506965628825089,3.295840405976639,0.8191831838889087,2,3,0.4704156184648325,2,1,1,0,1,1,0,1,0,0,soc4
780,2,KISA,7,0,soc,0.5207710106964843,4.0,0.07391156028830964,0.8095370158361143,0.19097038449770368,0.6081490925575295,0.07391156028830964,2.8017337679343743,0.5207710106964843,4,2,0.624180786766002,2,1,1,1,1,1,1,1,0,7,soc4
781,2,KOLTUK,8,0,soc,0.7434975641506587,4.0,0.00020417925756111615,0.8026123721273224,0.2807781785589492,0.6112834917540212,0.00020417925756111615,2.337482436511235,0.7434975641506587,4,3,0.626574424684341,2,0,1,0,0,1,0,0,0,3,soc4
782,2,ELMA,9,0,soc,0.710909757728838,4.0,0.1048976440344781,0.670930701529429,0.2596732886836959,0.5010585500979678,0.1048976440344781,1.1413907387731703,0.710909757728838,4,4,0.5717212308202942,2,1,1,1,1,2,1,1,0,2,soc4
783,2,CÜZDAN,10,0,soc,0.874047692873124,6.0,0.25288628001879576,0.5578722344015168,0.40400568094650763,0.3786420249214426,0.25288628001879576,0.7911811785624527,0.6490652151450355,4,5,0.4796972010920889,3,0,0,1,0,0,2,0,0,5,soc4
784,2,KEDİ,11,0,soc,0.83247450901758,6.0,0.6472935879145645,0.5208767159611973,0.44937504403798717,0.4223395208043018,0.6472935879145645,0.9023529961066342,0.6472935879145645,1,9,0.478170306773289,3,0,0,1,0,0,1,0,0,6,soc4
785,2,İLAÇ,12,0,soc,0.5144555388322474,1.0,0.5144555388322474,0.5178473376606875,0.3455274271095074,0.457449416571035,0.5144555388322474,2.071481965073187,0.5144555388322474,1,10,0.5459644436637459,3,0,0,1,0,0,1,0,0,4,soc4
786,2,DEFTER,13,0,soc,0.627572112708787,3.0,0.48588772879447206,0.5884532281761679,0.33392977702991955,0.5046486569090455,0.48588772879447206,2.8921012367472576,0.627572112708787,3,9,0.5302526054413753,3,0,0,1,0,0,1,0,0,8,soc4
787,2,TERLİK,14,0,soc,0.9044878180247089,12.0,0.17034196864977283,0.6142176252295203,0.529398936487759,0.3698725242864104,0.17034196864977283,3.091297697214289,0.8193907759305923,4,9,0.4486675596795693,3,0,0,1,0,0,2,1,0,5,soc4
788,2,TOPLU,15,0,soc,0.4690134993133757,8.0,0.33924225322331236,0.6448777161202743,0.27852604057225994,0.5445384636565104,0.33924225322331236,2.720640283592038,0.33924225322331236,1,13,0.5886456989308595,3,1,1,1,1,1,1,0,0,7,soc4
789,2,SPOR,16,0,soc,0.5270647491536371,2.0,0.18524182394017147,0.6659637769298749,0.19090979720313364,0.6225013115528433,0.18524182394017147,1.9965422081283668,0.5270647491536371,2,13,0.605705559481049,3,1,0,1,1,0,1,0,0,1,soc4
790,2,TABAK,17,0,soc,0.9312959692780304,12.0,0.10699570731402533,0.7526866654530763,0.3223562261251986,0.5277929282008382,0.10699570731402533,1.5985371238958435,0.696091259952675,3,13,0.5598086194423295,3,1,1,1,1,2,1,0,0,2,soc4
791,3,KOLA,1,1,soc,,,,0.6476041683852534,,0.38507977370864244,,0.0,1.0,0,0,1.0,1,1,1,0,1,1,0,0,0,2,soc4
792,3,YATAK,2,0,soc,0.36673461501528926,1.0,0.36673461501528926,0.5818425050334535,0.36673461501528926,0.4275306533606652,0.36673461501528926,0.0,0.36673461501528926,1,0,0.6476041683852534,1,1,1,1,1,2,1,0,0,3,soc4
793,3,SALÇA,3,0,soc,0.8559760341270273,2.0,0.5071903540306528,0.535237697184002,0.68158319407884,0.42616735575484244,0.5071903540306528,0.36673461501528926,0.8559760341270273,2,0,0.44433306206456724,1,1,1,1,1,1,3,0,0,0,soc4
794,3,KALAS,4,0,soc,0.3164456606812867,3.0,0.2900514523098188,0.6124088993060935,0.22775583480935158,0.6051213969045205,0.2900514523098188,1.7299010031729694,0.3164456606812867,3,0,0.6365103093096409,1,1,0,1,1,0,1,0,0,7,soc4
795,3,ÇİÇEK,5,0,soc,0.6641148065340642,4.0,0.3044155480932671,0.5653725392827851,0.41288000093431165,0.5050454329579328,0.3044155480932671,2.413168507601024,0.6641148065340642,4,0,0.5011468988483632,2,1,1,0,1,1,0,1,0,2,soc4
796,3,DÜĞME,6,0,soc,0.9607896067400263,3.0,0.3689625248972189,0.6008081573083286,0.5552564889451438,0.39849431635744825,0.3689625248972189,1.861417394980603,0.9607896067400263,3,2,0.4536655998192012,2,1,1,1,1,1,3,1,0,0,soc4
797,3,ODA,7,0,soc,0.7480478841854629,5.0,0.22252433529445556,0.6360035737291951,0.22425523048990317,0.5483373491375523,0.22252433529445556,2.483996350832899,0.22252433529445556,1,5,0.699514737567399,2,1,1,1,1,2,1,0,0,3,soc4
798,3,PARKUR,8,0,soc,0.4104595139300559,6.0,0.2103539304892988,0.6616948263673108,0.23613719848946396,0.5233193558353997,0.2103539304892988,1.0495490454740455,0.3522377483465875,2,5,0.5693534100609938,2,1,1,1,1,2,1,1,1,3,soc4
799,3,TOPRAK,9,0,soc,0.5057224384953654,4.0,0.1075101025382844,0.6465431841055196,0.24702206145208433,0.512510902152777,0.1075101025382844,1.3408686283701126,0.5057224384953654,4,4,0.5732681490676594,2,0,1,1,0,1,1,0,0,4,soc4
800,3,DUVAR,10,0,soc,0.5635340067284889,4.0,0.2664981112240036,0.5980525414794338,0.32621865598920624,0.45746971099566636,0.2664981112240036,1.2119493871939404,0.5635340067284889,4,5,0.541069207078718,3,1,1,1,1,2,1,1,0,3,soc4
801,3,HALI,11,0,soc,0.751662779508489,8.0,0.32761648091339823,0.5950677190329459,0.2980061260784037,0.49058999344433163,0.32761648091339823,1.2586068131042905,0.32761648091339823,1,9,0.5848481621344359,3,0,0,1,0,0,1,0,0,5,soc4
802,3,KÜÇÜK,12,0,soc,0.7185540294184415,7.0,0.271068399182324,0.6044773481462077,0.28945172368095756,0.46852091452068445,0.271068399182324,1.449520386314553,0.3969815277750878,3,8,0.5409428648889454,3,1,0,1,1,0,1,0,0,7,soc4
803,3,DOLAP,13,0,soc,0.934522940334041,7.0,0.4546590965537116,0.46639341464586226,0.49407729616777807,0.33772168222716703,0.4546590965537116,1.7954382252655892,0.7200170034852962,3,9,0.44069477624224507,3,1,1,1,1,1,3,0,0,0,soc4
804,3,LAMBA,14,0,soc,0.9823856774645168,8.0,0.7685736311244618,0.45024733608980616,0.4382615055843739,0.4137343591356879,0.7685736311244618,2.6156920748677335,0.7685736311244618,1,12,0.4759551770035124,3,1,1,1,1,1,3,1,1,0,soc4
805,3,KOKU,15,0,soc,0.7679684291054976,12.0,0.6665352563848626,0.47168853795371213,0.4817254846575283,0.4414674950546128,0.6665352563848626,2.6666552595951183,0.6665352563848626,1,13,0.47272475692763427,3,0,1,1,0,1,1,0,0,4,soc4
806,3,FIRIN,16,0,soc,0.9575447667524211,13.0,0.6742146260946187,0.5793663840520433,0.61741882880238,0.4287271260686375,0.6742146260946187,3.2090755608532735,0.8174243470308453,3,12,0.40531842833365983,3,1,1,1,1,1,3,1,0,0,soc4
807,3,KİTAP,17,1,soc,0.6275266564175318,4.0,0.050976578988509026,0.7930087139502162,0.3021096660269508,0.5770294449636388,0.050976578988509026,4.189829071733928,0.6275266564175318,4,12,0.6075677430041433,3,0,0,1,0,0,1,0,0,8,soc4
808,4,ÇORAP,1,1,soc,,,,0.5262053784519032,,0.516121279247038,,0.0,1.0,0,0,1.0,1,1,1,1,1,1,2,0,0,5,soc4
809,4,KALIP,2,1,soc,0.7259905593396109,1.0,0.7259905593396109,0.5739525319552092,0.7259905593396109,0.4980106528332928,0.7259905593396109,0.0,0.7259905593396109,1,0,0.5262053784519032,1,1,0,0,1,0,0,0,0,9,soc4
810,4,SIRA,3,1,soc,0.15853046183532515,1.0,0.15853046183532515,0.6869221341207941,0.10082933646060624,0.6242076767950561,0.15853046183532515,0.7259905593396109,0.15853046183532515,1,1,0.717617738936859,1,1,0,0,2,0,0,0,0,1,soc4
811,4,HARİTA,4,1,soc,0.31308229432699825,2.0,0.08792184239253005,0.6836954812318028,0.13964397020435482,0.5570292441809794,0.08792184239253005,0.9276492322608233,0.31308229432699825,2,1,0.6583618317661808,1,1,0,0,2,0,0,1,1,1,soc4
812,4,MARKET,5,0,soc,0.5824925694638781,4.0,0.15606522192556957,0.593853930363008,0.270409177252199,0.48733625695031235,0.15606522192556957,1.3465811428738879,0.5824925694638781,4,0,0.5758344798003121,2,1,1,1,1,1,2,1,0,5,soc4
813,4,BAHÇE,6,0,soc,0.42616662481035583,1.0,0.42616662481035583,0.619276347045788,0.26315073163255975,0.46775384632358596,0.42616662481035583,1.0586787380997713,0.42616662481035583,1,4,0.5673505838299107,2,0,1,1,0,2,1,0,0,3,soc4
814,4,HALKA,7,0,soc,0.3093811951089286,2.0,0.12653009317247732,0.630029331114596,0.19661734709159692,0.5038598918614416,0.12653009317247732,0.97917650327867,0.3093811951089286,2,4,0.5609058277309815,2,0,1,1,0,1,1,0,0,7,soc4
815,4,KUTU,8,0,soc,0.6721658308899058,7.0,0.3255837512663188,0.6028926966952959,0.29415721128312705,0.4737814934295336,0.3255837512663188,1.3047854957942777,0.46457851757624713,4,3,0.4946374953215137,2,0,1,1,0,1,1,0,0,0,soc4
816,4,TERAS,9,0,soc,0.9242042644743286,3.0,0.2096698121444681,0.634045996221607,0.4030543877448712,0.47699150904741905,0.2096698121444681,1.7968831036511488,0.9242042644743286,3,5,0.45919644865331033,2,0,1,1,0,2,1,1,0,3,soc4
817,4,SİLGİ,10,0,soc,0.5408118683387342,9.0,0.311884553103573,0.5570353369264907,0.28559796456271197,0.4755117349389141,0.311884553103573,2.0750359875532625,0.37753416215806646,4,5,0.5404582091686548,3,0,0,1,0,0,2,0,0,8,soc4
818,4,MEKTUP,11,0,soc,0.531413672102889,4.0,0.36239623619342476,0.6196508557114201,0.25984319401755973,0.518567818656642,0.36239623619342476,1.5469923701932873,0.531413672102889,4,6,0.5498147229838468,3,0,1,1,0,1,1,1,0,7,soc4
819,4,SULUK,12,0,soc,0.5589713957306179,6.0,0.18000384810363873,0.6316934314298068,0.2623491368347668,0.4970228589638672,0.18000384810363873,1.4201488308085894,0.3745700558963594,4,7,0.5216466540002689,3,0,0,1,0,0,1,0,0,2,soc4
820,4,PARA,13,0,soc,0.46851727800669357,12.0,0.26556614306776877,0.5244570097417067,0.3040828346120442,0.48096496521384546,0.26556614306776877,1.5647008268961518,0.4072161704521243,3,9,0.5406335687418911,3,1,1,1,1,1,2,0,0,5,soc4
821,4,KASA,14,1,soc,0.7216362036201042,9.0,0.60207201097775,0.5501950309051715,0.2961124103505358,0.511372538537171,0.60207201097775,1.8405640543772988,0.60207201097775,1,12,0.5305861610993869,3,1,1,1,1,1,2,1,1,5,soc4
822,4,ZEMİN,15,0,soc,0.7799382870425406,6.0,0.17292068355874507,0.6438166423515685,0.24734395820022387,0.5298905853692366,0.17292068355874507,1.6591613222193857,0.4605589123087372,3,11,0.5822564462647856,3,0,1,1,0,2,1,0,0,3,soc4
823,4,DERGİ,16,0,soc,0.3941588399247352,8.0,0.1852874627060137,0.651802618088879,0.1879645982009435,0.577759661010538,0.1852874627060137,1.8313926048605438,0.1852874627060137,1,14,0.6282213345881172,3,0,0,1,0,0,2,0,0,8,soc4
824,4,TAHTA,17,0,soc,0.808938780912267,9.0,0.2025272670194464,0.7068430068816798,0.3425909496310677,0.4965013472767258,0.2025272670194464,1.3817129227786773,0.4330772622137296,2,14,0.5237589600428567,3,0,1,1,0,1,1,0,0,0,soc4
831,1,KAĞIT,1,1,eng,,,,0.5530684944187576,,0.3632520193129337,,0.0,1.0,0,0,1.0,1,1,0,0,2,0,0,0,0,9,eng4
832,1,ÇANTA,2,1,eng,0.6540926245962044,1.0,0.6540926245962044,0.5442461955216895,0.6540926245962044,0.4557945904242897,0.6540926245962044,0.0,0.6540926245962044,1,0,0.5530684944187576,1,1,0,0,1,0,0,0,0,5,eng4
833,1,KOLAY,3,1,eng,0.4734206706671342,2.0,0.24599324023650332,0.6417153324454461,0.35970695545181874,0.5475249591913279,0.24599324023650332,0.6540926245962044,0.4734206706671342,2,0,0.5881671106444997,1,1,0,0,1,0,0,0,0,7,eng4
834,1,AĞAÇ,4,1,eng,0.8790552457670859,3.0,0.1930072392282881,0.6009608824059498,0.5095768024916906,0.40206932101523185,0.1930072392282881,1.373506535499842,0.8790552457670859,3,0,0.467612191465852,1,1,0,0,2,0,0,1,0,9,eng4
835,1,YAZI,5,0,eng,0.4699779847941003,4.0,0.3754979357132496,0.6121424447163418,0.3328249651843137,0.5033564627945855,0.3754979357132496,2.902236942974914,0.4699779847941003,4,0,0.5391779489654001,2,0,1,1,0,1,2,0,0,8,eng4
836,1,KÖPEK,6,1,eng,0.6954360267136221,2.0,0.22948143705468504,0.6224303586477489,0.4353064544567947,0.47868824154581613,0.22948143705468504,1.756990277887644,0.6954360267136221,2,3,0.48642490379951253,2,0,1,1,0,1,1,0,0,6,eng4
837,1,KABLO,7,1,eng,0.5725258870121184,5.0,0.22519771910959463,0.5854389980953985,0.3451382452562207,0.47027796904611563,0.22519771910959463,1.9723616806955744,0.5325230280922546,3,3,0.5443812415822094,2,0,1,1,0,1,2,0,0,0,eng4
838,1,EKRAN,8,1,eng,0.34175146148381974,1.0,0.34175146148381974,0.6059011106571608,0.13110339232691492,0.6030857927285853,0.34175146148381974,2.2457341336794636,0.34175146148381974,1,6,0.6343142086874209,2,0,1,0,0,2,0,0,0,1,eng4
839,1,ÖLÇEK,9,0,eng,0.462612321243832,5.0,0.17971877537199893,0.6116673472021177,0.26414441169007274,0.4926357129012109,0.17971877537199893,1.1681835897471058,0.4406669826465497,4,4,0.568981727573987,2,0,1,0,0,2,0,1,1,1,eng4
840,1,BİNA,10,0,eng,0.41104945982499863,6.0,0.29857535514375605,0.6246410336462445,0.24050919505093593,0.5086180720371418,0.29857535514375605,1.0533130349220694,0.32746373475713425,3,6,0.545989864614659,3,0,0,1,0,0,2,0,0,3,eng4
841,1,RAKAM,11,0,eng,0.7057482398165602,6.0,0.21033660568895937,0.5796721589617213,0.25453529040826417,0.5157468944913863,0.21033660568895937,1.437229233252354,0.496776122821186,2,8,0.5758008883633323,3,0,1,1,0,1,2,0,0,8,eng4
842,1,KALEM,12,0,eng,0.7730691951070705,7.0,0.5024065825084536,0.5767792448371851,0.31234567707807215,0.46022463807507674,0.5024065825084536,1.4609038956739682,0.5024065825084536,1,10,0.5491390294508189,3,0,1,1,0,1,2,1,1,8,eng4
843,1,ŞİŞE,13,0,eng,0.7290655094278011,11.0,0.19982837508722395,0.6516195031628276,0.1670425939506973,0.5003362297581364,0.19982837508722395,2.07923128198433,0.2547039051256068,3,9,0.5925059742605757,3,0,1,1,0,1,2,0,0,0,eng4
844,1,SARI,14,0,eng,0.4571760663374574,13.0,0.16511979017404738,0.6440482770546755,0.16656308987887938,0.5453348392164777,0.16511979017404738,1.5292533277016949,0.282269608051793,2,11,0.5938153906569519,3,0,0,1,0,0,2,0,0,2,eng4
845,1,BEYİN,15,0,eng,0.7030623490479981,9.0,0.2585122819075487,0.5938143164555787,0.35430455726396076,0.4531333607898893,0.2585122819075487,1.3988878135691056,0.4029670298152104,4,10,0.4952401561808566,3,0,1,1,0,1,1,0,0,6,eng4
846,1,KALE,16,0,eng,0.5201944127892401,4.0,0.37316492997265727,0.5382101553589378,0.30116291484060087,0.475224678250176,0.37316492997265727,1.6974463108931135,0.5201944127892401,4,11,0.5012294037615082,3,0,1,1,0,1,2,1,0,0,eng4
847,1,PARK,17,0,eng,0.5999582642389087,13.0,0.4948033738522656,0.578885119093338,0.24504321344146546,0.5564523607783958,0.4948033738522656,1.75684731837885,0.4948033738522656,1,15,0.5617690281026164,3,0,0,1,0,0,2,0,0,3,eng4
848,1,BARDAK,18,0,eng,0.9133266973789964,5.0,0.1621720899227609,0.724357183278722,0.4377620166344456,0.4405752901823864,0.1621720899227609,1.852649452761621,0.4806540371260736,3,14,0.5325253992429586,3,0,0,1,0,0,2,1,0,2,eng4
849,2,GRUP,1,1,eng,,,,0.7623292097316436,,0.5239887923371067,,0.0,1.0,0,0,1.0,1,1,0,1,1,0,1,0,0,1,eng4
850,2,KOLTUK,2,1,eng,0.09120182909373199,1.0,0.09120182909373199,0.75089889863998,0.09120182909373199,0.6065577838686965,0.09120182909373199,0.0,0.09120182909373199,1,0,0.7623292097316436,1,1,0,0,1,0,0,0,0,3,eng4
851,2,TOPLU,3,1,eng,0.3821091830560145,2.0,0.01849475765938148,0.6980992120872218,0.20030197035769798,0.5501580894978089,0.01849475765938148,0.09120182909373199,0.3821091830560145,2,0,0.6541281984435112,1,1,0,1,1,0,2,0,0,7,eng4
852,2,DEFTER,4,0,eng,0.28012849203078116,1.0,0.28012849203078116,0.6034013773352498,0.18403042849231577,0.5383101357061293,0.28012849203078116,0.49180576980912794,0.28012849203078116,1,2,0.6075704192191977,1,1,0,0,1,0,0,0,0,8,eng4
853,2,TABAK,5,0,eng,0.3324634122090019,4.0,0.2584585347202295,0.5811080697806698,0.2559958439175689,0.42445305865345373,0.2584585347202295,1.0438970552860751,0.3324634122090019,4,0,0.5338969764643375,2,0,1,1,0,2,2,0,0,2,eng4
854,2,KAPI,6,0,eng,0.3982106150613792,1.0,0.3982106150613792,0.5569506103255029,0.3307632743508952,0.4208392925618696,0.3982106150613792,1.0548773511343859,0.3982106150613792,1,4,0.49684373741057886,2,0,1,0,0,2,0,0,0,0,eng4
855,2,TERLİK,7,1,eng,0.696091259952675,2.0,0.529598574451337,0.5092082161162496,0.39901456208400965,0.37284081137468983,0.529598574451337,1.6516322035036062,0.696091259952675,2,4,0.46967693640147234,2,0,1,1,0,1,1,0,0,5,eng4
856,2,SEHPA,8,0,eng,0.8204713648780362,1.0,0.8204713648780362,0.37102425841876097,0.6317020324609061,0.3630036494978711,0.8204713648780362,2.3141565634600387,0.8204713648780362,1,6,0.34530325515128224,2,0,1,0,0,2,0,1,0,0,eng4
857,2,KAŞIK,9,1,eng,0.9312959692780304,4.0,0.8855161527891529,0.39749601501042964,0.6431094646747899,0.3483829023382926,0.8855161527891529,3.9804302259214115,0.9312959692780304,4,4,0.4048582529847683,2,0,1,1,0,2,2,1,0,2,eng4
858,2,KEDİ,10,0,eng,0.83247450901758,1.0,0.83247450901758,0.5251925619418983,0.6758485348369561,0.3949441984744052,0.83247450901758,4.060285888976388,0.83247450901758,1,8,0.3955440358067177,3,0,0,1,0,0,1,0,0,6,eng4
859,2,BÜYÜK,11,0,eng,0.3362760149904467,6.0,0.18014166300082507,0.608352094667584,0.25147139944492036,0.502750671350163,0.18014166300082507,4.6563999338255435,0.3308774658499728,4,6,0.6198489804562889,3,1,0,1,1,0,2,0,0,7,eng4
860,2,SPOR,12,0,eng,0.5270647491536371,5.0,0.26721085646330167,0.7078108724039863,0.22047484595206637,0.6258121956664857,0.26721085646330167,3.1326934050392024,0.26721085646330167,1,10,0.6647993131754895,3,1,0,1,1,0,1,0,0,1,eng4
861,2,ELMA,13,0,eng,0.710909757728838,4.0,0.03405619376332644,0.6591886072019588,0.39615651273052715,0.4856371077093018,0.03405619376332644,1.7595885448341249,0.710909757728838,4,8,0.5005203940039453,3,0,1,1,0,2,2,1,0,2,eng4
862,2,İLAÇ,14,0,eng,0.5590760257125165,7.0,0.34361601738704106,0.5716306850347259,0.3673060717322901,0.4565550454350008,0.34361601738704106,1.5017490959780553,0.5144555388322474,4,9,0.5049427820598036,3,0,0,1,0,0,1,0,0,4,eng4
863,2,CÜZDAN,15,0,eng,0.874047692873124,7.0,0.5041218058236524,0.5153218326812081,0.37184486228704305,0.4529998628498634,0.5041218058236524,1.550215665462452,0.5041218058236524,1,13,0.5239085755953904,3,0,1,1,0,1,1,0,0,5,eng4
864,2,TAŞLIK,16,1,eng,0.9044878180247089,9.0,0.7680447986436185,0.5998213849598142,0.43584053097563763,0.47323170596186515,0.7680447986436185,1.4074629548723174,0.7680447986436185,1,14,0.46590919229125505,3,0,1,1,0,2,2,1,0,2,eng4
865,2,KISA,17,0,eng,0.5207710106964843,6.0,0.15199437484136924,0.7291218660117325,0.18096586890329674,0.5946586291087221,0.15199437484136924,2.83148899963864,0.3362406535068727,3,13,0.6010772945601188,3,1,0,1,1,0,2,0,0,7,eng4
866,3,ÇİÇEK,1,0,eng,,,,0.6663190218236235,,0.4569154828924692,,0.0,1.0,0,0,1.0,1,1,1,0,1,1,0,0,0,2,eng4
867,3,KİTAP,2,0,eng,0.31119885029950817,1.0,0.31119885029950817,0.6420136396699951,0.31119885029950817,0.5947394987728993,0.31119885029950817,0.0,0.31119885029950817,1,0,0.6663190218236235,1,1,0,0,1,0,0,0,0,8,eng4
868,3,SALÇA,3,0,eng,0.46749925114819574,2.0,0.10848375379181596,0.5883994005117743,0.2879915024700058,0.3379514878724452,0.10848375379181596,0.31119885029950817,0.46749925114819574,2,0,0.6115550999410118,1,1,1,1,1,2,2,0,0,0,eng4
869,3,YATAK,4,0,eng,0.5071903540306528,1.0,0.5071903540306528,0.5941503241206114,0.28149424019804714,0.5100196043973673,0.5071903540306528,0.8871818552395199,0.5071903540306528,1,2,0.598289384745767,1,1,0,1,1,0,3,0,0,3,eng4
870,3,TOPRAK,5,0,eng,0.5057224384953654,4.0,0.22068427270509827,0.6277641809009129,0.3155654607038739,0.5058638893983753,0.22068427270509827,1.7316645758336613,0.5057224384953654,4,0,0.5296737347618619,2,0,1,1,0,1,1,0,0,4,eng4
871,3,KOLA,6,0,eng,0.8559760341270273,3.0,0.2596009946219845,0.5373097888902961,0.4432883499645051,0.40967519928182516,0.2596009946219845,1.4940154807443684,0.8559760341270273,3,2,0.5203575504657341,2,1,1,0,1,1,0,0,0,2,eng4
872,3,LAMBA,7,0,eng,0.8145371713165205,4.0,0.6244519163230536,0.4627897955707143,0.4911245202952448,0.37404718559265027,0.6244519163230536,2.555205914534736,0.8145371713165205,4,2,0.450028647006369,2,1,1,1,1,2,2,1,0,0,eng4
873,3,FIRIN,8,0,eng,0.9575447667524211,5.0,0.6878179095248221,0.5251682955021804,0.5834945083874694,0.37099480632879667,0.6878179095248221,2.192398578657625,0.6878179095248221,1,6,0.45460844994489624,2,1,1,1,1,2,2,1,1,0,eng4
874,3,KALAS,9,0,eng,0.3164456606812867,3.0,0.18563779523723575,0.7026898191635166,0.2120484593895776,0.5691137845882792,0.18563779523723575,2.6697367715808804,0.3164456606812867,3,5,0.5803502108301679,2,0,1,1,0,1,1,0,0,7,eng4
875,3,DOLAP,10,0,eng,0.8174243470308453,2.0,0.06873446823740795,0.6269743088920017,0.4993436889409086,0.3523427082855948,0.06873446823740795,2.4750443444798744,0.8174243470308453,2,7,0.4061891630123069,3,1,1,1,1,2,2,1,0,0,eng4
876,3,KÜÇÜK,11,1,eng,0.7185540294184415,10.0,0.4546590965537116,0.5673075071030627,0.44314960794437164,0.4649898257757096,0.4546590965537116,2.7070221050457315,0.5165683044205327,2,8,0.5100999665909327,3,0,1,1,0,1,1,1,0,7,eng4
877,3,DÜĞME,12,0,eng,0.9823856774645168,5.0,0.4910668091193048,0.48317923735933044,0.6549763768140582,0.34124314937963085,0.4910668091193048,2.4444539258043765,0.934522940334041,2,9,0.4002668094207079,3,1,1,1,1,2,2,1,0,0,eng4
878,3,KOKU,13,0,eng,0.7679684291054976,10.0,0.700374303081745,0.5375960785940394,0.5154957788519473,0.45676611043268134,0.700374303081745,2.55782958630937,0.700374303081745,1,11,0.4720971593403117,3,0,1,1,0,1,1,0,0,4,eng4
879,3,DUVAR,14,0,eng,0.7200170034852962,4.0,0.3711144949844335,0.5787158367959857,0.4338662268374591,0.469328967982514,0.3711144949844335,3.6396882999669886,0.7200170034852962,4,9,0.49611685992333787,3,1,0,1,1,0,3,0,0,3,eng4
880,3,HALI,15,1,eng,0.751662779508489,12.0,0.32761648091339823,0.603990444010347,0.4033383017308328,0.519712503869342,0.32761648091339823,2.8965987675654565,0.5504703171328947,3,11,0.5317502730449291,3,0,0,1,0,0,1,0,0,5,eng4
881,3,PARKUR,16,1,eng,0.5442373948670083,6.0,0.2392813977593541,0.6216163514290503,0.24100818006261115,0.5515322699226669,0.2392813977593541,2.8250221238811197,0.3522377483465875,4,11,0.5824244797012008,3,1,0,1,1,0,3,1,0,3,eng4
882,3,ODA,17,1,eng,0.7480478841854629,13.0,0.2103539304892988,0.7036526086233434,0.19438259947494013,0.5963384588483956,0.2103539304892988,1.669477594421838,0.2413366060924659,3,13,0.6048221873113847,3,1,0,1,1,0,3,1,1,3,eng4
883,4,KASA,1,0,eng,,,,0.743601107958952,,0.5534718785011228,,0.0,1.0,0,0,1.0,1,1,0,1,2,0,2,0,0,5,eng4
884,4,MEKTUP,2,1,eng,0.12327705017558624,1.0,0.12327705017558624,0.6273952966525169,0.12327705017558624,0.588468547790067,0.12327705017558624,0.0,0.12327705017558624,1,0,0.743601107958952,1,1,0,1,1,0,1,0,0,7,eng4
885,4,DERGİ,3,1,eng,0.3551170103613303,1.0,0.3551170103613303,0.559489831606121,0.22945700185350407,0.5762544398681831,0.3551170103613303,0.12327705017558624,0.3551170103613303,1,1,0.6462443310612913,1,1,0,1,1,0,1,0,0,8,eng4
886,4,MARKET,4,0,eng,0.7216362036201042,3.0,0.36777367596527766,0.5688378314219118,0.4110057480326808,0.44157133408659033,0.36777367596527766,0.5821910538825944,0.7216362036201042,3,0,0.4754339181621281,1,1,0,1,2,0,2,1,0,5,eng4
887,4,SULUK,5,0,eng,0.33362723194720234,1.0,0.33362723194720234,0.5423239335937662,0.20547292184989716,0.47712896071054034,0.33362723194720234,1.815208297980637,0.33362723194720234,1,3,0.5913227815518621,2,0,1,0,0,1,0,0,0,2,eng4
888,4,BAHÇE,6,0,eng,0.5589713957306179,1.0,0.5589713957306179,0.6157300525430478,0.2670454479637302,0.4689023735999749,0.5589713957306179,1.5285453628273369,0.5589713957306179,1,4,0.5566122014401336,2,0,1,1,0,2,1,0,0,3,eng4
889,4,SIRA,7,0,eng,0.13598442188087762,1.0,0.13598442188087762,0.6670784602135404,0.08312797662621461,0.6145092075894318,0.13598442188087762,1.9569106518740857,0.13598442188087762,1,5,0.6706371371019129,2,0,1,1,0,1,1,0,0,1,eng4
890,4,KALIP,8,0,eng,0.5382124150449655,3.0,0.15853046183532515,0.6421987134520283,0.25842459249212196,0.4760832815114501,0.15853046183532515,1.6023299715027437,0.5382124150449655,3,4,0.5432790130966803,2,0,1,0,0,1,0,0,0,9,eng4
891,4,TERAS,9,1,eng,0.9242042644743286,3.0,0.19912885118227577,0.6256154139956843,0.4055461714019293,0.4755997626971584,0.19912885118227577,1.7115740881651884,0.9242042644743286,3,5,0.5192588498861623,2,0,1,1,0,2,1,1,0,3,eng4
892,4,ÇORAP,10,0,eng,0.7259905593396109,2.0,0.4269492011430399,0.6698538495087861,0.4111223294443188,0.4244600520848054,0.4269492011430399,1.679162754420083,0.7259905593396109,2,7,0.5103422633777951,3,1,0,1,2,0,2,0,0,5,eng4
893,4,HARİTA,11,0,eng,0.31308229432699825,3.0,0.01792777389353618,0.735743284928085,0.15032082045998404,0.5355583047775553,0.01792777389353618,1.593114179591261,0.31308229432699825,3,7,0.6186764216747641,3,0,1,1,0,1,1,1,0,1,eng4
894,4,PARA,12,0,eng,0.60207201097775,11.0,0.12544697133362123,0.6422881332564769,0.2384328979807504,0.49781909188557916,0.12544697133362123,1.8923452428054215,0.46851727800669357,2,9,0.5704258310108339,3,1,0,1,2,0,2,1,0,5,eng4
895,4,SİLGİ,13,0,eng,0.5408118683387342,3.0,0.4072161704521243,0.5944437121459976,0.36584920455166126,0.4782926841966445,0.4072161704521243,1.4023215020699527,0.5408118683387342,3,9,0.49345410781001053,3,1,0,1,1,0,1,0,0,8,eng4
896,4,KUTU,14,1,eng,0.6721658308899058,4.0,0.21923152408049593,0.485693777991518,0.38613318699504445,0.42882049123601695,0.21923152408049593,1.7690090144758872,0.6721658308899058,4,9,0.46749394530945376,3,0,0,1,0,0,2,0,0,0,eng4
897,4,TAHTA,15,0,eng,0.808938780912267,1.0,0.808938780912267,0.4543110391838633,0.4893654081656368,0.4226547825624898,0.808938780912267,1.7905823861777717,0.808938780912267,1,13,0.4633206181122622,3,0,0,1,0,0,2,1,1,0,eng4
898,4,ZEMİN,16,0,eng,0.7799382870425406,7.0,0.4330772622137296,0.5534266857234822,0.31421394536516034,0.50555420978545,0.4330772622137296,2.482665590523715,0.4330772622137296,1,14,0.5641415397415501,3,0,1,1,0,2,1,0,0,3,eng4
899,4,HALKA,17,0,eng,0.531413672102889,15.0,0.3726544150948415,0.6456535476642458,0.3392405577956688,0.5055287486501145,0.3726544150948415,2.43751236982403,0.3726544150948415,1,15,0.5419216909588285,3,1,0,1,1,0,1,0,0,7,eng4
906,1,KÖPEK,1,1,soc,,,,0.665703838008779,,0.4954652884041284,,0.0,1.0,0,0,1.0,1,1,0,1,1,0,1,0,0,6,soc3
907,1,PARK,2,1,soc,0.3129821028808094,1.0,0.3129821028808094,0.6263534181248531,0.3129821028808094,0.5849615605341569,0.3129821028808094,0.0,0.3129821028808094,1,0,0.665703838008779,1,1,0,1,1,0,1,0,0,3,soc3
908,1,BARDAK,3,1,soc,0.37934941818911777,2.0,0.1621720899227609,0.630413991610996,0.27076075405593936,0.4814491996177732,0.1621720899227609,0.3129821028808094,0.37934941818911777,2,0,0.6225322628677463,1,1,1,0,1,1,0,0,0,2,soc3
909,1,RAKAM,4,0,soc,0.3241388164109434,3.0,0.27619314493617364,0.6401447716269841,0.2285812134386905,0.4790501731843121,0.27619314493617364,0.8545036109926881,0.3241388164109434,3,0,0.6146197523942065,1,1,1,0,1,2,0,0,0,8,soc3
910,1,ÇANTA,5,0,soc,0.4944838721428647,4.0,0.18790412688669486,0.6636995111878653,0.3789656620534533,0.4899057394608304,0.18790412688669486,1.5402472513087597,0.4944838721428647,4,0,0.49518762249399007,2,0,1,0,0,1,0,0,0,5,soc3
911,1,YAZI,6,0,soc,0.7057482398165602,2.0,0.19881469839452814,0.6183455594971708,0.2972594751011929,0.46278291294025986,0.19881469839452814,1.5451556898988374,0.7057482398165602,2,3,0.5331991941845307,2,1,1,0,1,2,0,1,0,8,soc3
912,1,KOLAY,7,1,soc,0.36830066587155413,4.0,0.28700924183537696,0.6234376584750091,0.24532865245201285,0.5612373872825558,0.28700924183537696,2.0401653673532065,0.36830066587155413,4,2,0.5447915550719762,2,0,1,0,0,1,0,0,0,7,soc3
913,1,SARI,8,0,soc,0.31398877234069655,5.0,0.15897095104375475,0.6199053226041389,0.1726885239484736,0.5496226726027793,0.15897095104375475,1.907853264222817,0.15897095104375475,1,6,0.6287540082472212,2,1,1,0,1,1,0,0,0,2,soc3
914,1,KALEM,9,0,soc,0.7730691951070705,3.0,0.282269608051793,0.6391125007437157,0.40463892293417525,0.41242441945248176,0.282269608051793,1.1492799425042028,0.7730691951070705,3,5,0.474872250173055,2,1,1,0,1,2,0,1,0,8,soc3
915,1,EKRAN,10,0,soc,0.16685243706845343,6.0,0.09029648641541374,0.7326725997388115,0.0760144901906773,0.6325082592320319,0.09029648641541374,1.7405012702791995,0.11523388533427606,4,5,0.6780134987199875,3,0,0,1,0,0,2,0,0,1,soc3
916,1,KALE,11,0,soc,0.5201944127892401,2.0,0.0565781266529315,0.6642026914371444,0.2557427113524996,0.5070157742442649,0.0565781266529315,0.7300033949249355,0.5201944127892401,2,8,0.5448330267765225,3,0,0,1,0,0,3,0,0,0,soc3
917,1,AĞAÇ,12,0,soc,0.7102854000778898,9.0,0.26878636607219825,0.5755260833824903,0.23565323085751796,0.4256692383300803,0.26878636607219825,1.3648221890937215,0.42908288592068916,3,8,0.5584773141708389,3,0,0,1,0,0,2,0,0,9,soc3
918,1,ÖLÇEK,13,0,soc,0.496776122821186,9.0,0.462612321243832,0.5810237908079621,0.27484146184201635,0.49505132619220416,0.462612321243832,1.442701274675564,0.462612321243832,1,11,0.5136760023585374,3,0,0,1,0,0,2,1,0,1,soc3
919,1,KAĞIT,14,0,soc,0.8790552457670859,2.0,0.36686193996346983,0.6132167588084809,0.43628201222554663,0.4230621258544268,0.36686193996346983,1.346893773822631,0.8790552457670859,2,11,0.48938581159311145,3,0,0,1,0,0,2,1,0,9,soc3
920,1,BİNA,15,0,soc,0.526662887280119,13.0,0.20140033317492984,0.6125168971571255,0.23901077835490092,0.513843663376596,0.20140033317492984,2.4530032598350733,0.41104945982499863,3,11,0.5627887939929099,3,1,0,1,1,0,1,0,0,3,soc3
921,1,KABLO,16,0,soc,0.5725258870121184,11.0,0.32746373475713425,0.6350769428323111,0.3376908037316256,0.4865550968251541,0.32746373475713425,2.6195546551180726,0.5325230280922546,4,11,0.529259766449131,3,0,0,1,0,0,3,0,0,0,soc3
922,1,BEYİN,17,0,soc,0.7030623490479981,16.0,0.10455170938820792,0.6383188375947253,0.28318931735080566,0.5254563272788978,0.10455170938820792,1.69399386277768,0.4241782244223956,3,13,0.5474183480427307,3,1,0,1,1,0,1,0,0,6,soc3
923,1,ŞİŞE,18,0,soc,0.9133266973789964,15.0,0.3926957632344366,0.6390947850088139,0.3981113309364123,0.46792702080512294,0.3926957632344366,1.6945384134895711,0.6004810975542849,4,13,0.46551986980172844,3,0,0,1,0,0,3,1,0,0,soc3
924,2,DEFTER,1,1,soc,,,,0.7589776121124301,,0.5719867449135619,,0.0,1.0,0,0,1.0,1,1,0,0,1,0,0,0,0,8,soc3
925,2,SPOR,2,1,soc,0.09651783689816874,1.0,0.09651783689816874,0.7217928364974515,0.09651783689816874,0.5781896086589667,0.09651783689816874,0.0,0.09651783689816874,1,0,0.7589776121124301,1,1,1,0,1,1,0,0,0,1,soc3
926,2,KISA,3,1,soc,0.10483567669757902,2.0,0.05574895469392084,0.636628161940092,0.08029231569574993,0.5314250818606205,0.05574895469392084,0.09651783689816874,0.10483567669757902,2,0,0.7163255582988022,1,1,1,0,2,1,0,0,0,7,soc3
927,2,TOPLU,4,0,soc,0.4690134993133757,1.0,0.4690134993133757,0.5503850917735031,0.3114612717614428,0.48983329617929106,0.4690134993133757,0.2571024682896686,0.4690134993133757,1,2,0.525000138095473,1,1,1,0,2,1,0,1,1,7,soc3
928,2,KAPI,5,0,soc,0.2679867376497533,1.0,0.2679867376497533,0.5990274284473545,0.16431801146772135,0.5113159951900119,0.2679867376497533,1.191486283573997,0.2679867376497533,1,3,0.6181907507808752,2,0,1,1,0,1,1,0,0,0,soc3
929,2,BÜYÜK,6,0,soc,0.5207710106964843,3.0,0.29598254673402624,0.622130109024699,0.2999955009328039,0.4628444709520253,0.29598254673402624,1.1058207131937081,0.5207710106964843,3,2,0.4964866095399676,2,1,1,0,2,1,0,1,0,7,soc3
930,2,GRUP,7,0,soc,0.5263829283054188,5.0,0.19943086376091435,0.6230437996312304,0.34584596556385344,0.503578317290327,0.19943086376091435,1.8332172348432145,0.3821091830560145,3,3,0.5301888900724026,2,1,1,0,1,1,0,0,0,1,soc3
931,2,İLAÇ,8,0,soc,0.48588772879447206,7.0,0.3015448201060412,0.5354374114694191,0.29086042875235973,0.45057018714880626,0.3015448201060412,1.702861692274862,0.42755153538344653,2,5,0.5495230533299715,2,0,1,0,0,1,0,0,0,4,soc3
932,2,KEDİ,9,0,soc,0.6249684131058864,4.0,0.5144555388322474,0.4888175510827032,0.32402656355641235,0.4137610046188217,0.5144555388322474,1.8034096419452434,0.6249684131058864,4,4,0.5206677356997499,2,0,1,0,0,1,0,0,0,6,soc3
933,2,ELMA,10,0,soc,0.6297280067709563,1.0,0.6297280067709563,0.5227308835699003,0.29612346977241766,0.5118919962293241,0.6297280067709563,1.6869690852376737,0.6297280067709563,1,8,0.535832556037251,3,0,0,1,0,0,4,0,0,2,soc3
934,2,TERLİK,11,0,soc,0.6789120984624636,2.0,0.4192738136834496,0.5083135040217204,0.49807275736462103,0.345375684999603,0.4192738136834496,1.8872778658930713,0.6789120984624636,2,8,0.41674644980232345,3,0,0,1,0,0,2,0,0,5,soc3
935,2,CÜZDAN,12,0,soc,0.8193907759305923,1.0,0.8193907759305923,0.4800031317191016,0.47003757488653797,0.41183132836204484,0.8193907759305923,3.145061500848674,0.8193907759305923,1,10,0.4644240410059547,3,0,0,1,0,0,2,1,1,5,soc3
936,2,TABAK,13,0,soc,0.696091259952675,2.0,0.5042465281180626,0.5069724756081857,0.49845584581865465,0.4013691084079962,0.5042465281180626,3.447484562780822,0.696091259952675,2,10,0.4770251723832494,3,0,0,1,0,0,4,1,0,2,soc3
937,2,SEHPA,14,1,soc,0.874047692873124,2.0,0.7168752276890751,0.44739661352254667,0.6880708436421943,0.32590426208033063,0.7168752276890751,3.160304788496881,0.874047692873124,2,11,0.4291952848477023,3,0,1,1,0,1,1,0,0,0,soc3
938,2,TAŞLIK,15,1,soc,0.9044878180247089,4.0,0.8011967601163709,0.6196707751304311,0.7575355919902451,0.3684799284873205,0.8011967601163709,4.431122849441564,0.9044878180247089,4,10,0.3455083909596883,3,0,0,1,0,0,4,1,0,2,soc3
939,2,KOLTUK,16,0,soc,0.7434975641506587,2.0,0.08964100272188237,0.6886656676186299,0.3048252135322394,0.5794648008401695,0.08964100272188237,4.42999682419339,0.7434975641506587,2,13,0.5780399368228817,3,0,0,1,0,0,1,0,0,3,soc3
940,2,KAŞIK,17,0,soc,0.9312959692780304,4.0,0.21787928701493695,0.7006368857103973,0.7179173562480903,0.3561311682418882,0.21787928701493695,3.364465586755353,0.9312959692780304,4,12,0.37362810833040716,3,0,0,1,0,0,4,1,0,2,soc3
941,3,DÜĞME,1,1,soc,,,,0.5839191480541608,,0.4608427692465129,,0.0,1.0,0,0,1.0,1,1,1,1,1,2,2,0,0,0,soc3
942,3,DUVAR,2,1,soc,0.5635340067284889,1.0,0.5635340067284889,0.5635122037886946,0.5635340067284889,0.4812529785566976,0.5635340067284889,0.0,0.5635340067284889,1,0,0.5839191480541608,1,1,0,1,2,0,2,0,0,3,soc3
943,3,ÇİÇEK,3,1,soc,0.3689625248972189,2.0,0.29767666384471936,0.6934010028357205,0.33331959437096914,0.5479242190561535,0.29767666384471936,0.5635340067284889,0.3689625248972189,2,0,0.603944251131378,1,1,0,1,1,0,1,0,0,2,soc3
944,3,ODA,4,1,soc,0.2413366060924659,2.0,0.05137256349296766,0.657949350351134,0.17174450162662971,0.5695028680063285,0.05137256349296766,1.2301731954704271,0.2413366060924659,2,1,0.6466868415967885,1,1,0,1,2,0,2,1,0,3,soc3
945,3,DOLAP,5,0,soc,0.934522940334041,4.0,0.4934739458063485,0.5741312094261197,0.6550726488445446,0.3217344179336925,0.4934739458063485,1.7454067003503164,0.934522940334041,4,0,0.38059909569201034,2,1,1,1,1,2,2,1,0,0,soc3
946,3,KALAS,6,0,soc,0.3044155480932671,3.0,0.06873446823740795,0.7026898191635166,0.1406764829336544,0.5873411926151726,0.06873446823740795,2.2761534884742907,0.3044155480932671,3,2,0.6743841052379089,2,0,1,1,0,1,1,0,0,7,soc3
947,3,FIRIN,7,0,soc,0.8174243470308453,2.0,0.18563779523723575,0.7015255414513326,0.34727871750441375,0.4428284996326427,0.18563779523723575,1.4002693374342488,0.8174243470308453,2,4,0.5271613221380547,2,1,1,1,1,2,2,1,0,0,soc3
948,3,KİTAP,8,0,soc,0.6275266564175318,3.0,0.050976578988509026,0.7056674894572154,0.2924815308905577,0.52405432955214,0.050976578988509026,1.7790306201059496,0.6275266564175318,3,4,0.562470129970719,2,0,1,0,0,1,0,0,0,8,soc3
949,3,KOKU,9,0,soc,0.700374303081745,8.0,0.20415767379388639,0.5482129777745326,0.3538125016806557,0.4361403123069759,0.20415767379388639,1.870216201582563,0.6742146260946187,2,6,0.4814842978466086,2,0,1,1,0,1,1,0,0,4,soc3
950,3,KOLA,10,1,soc,0.8477058793990766,9.0,0.5837819369581021,0.4942320125079859,0.4196473617500816,0.4353267959859366,0.5837819369581021,1.37872784399047,0.5837819369581021,1,8,0.500215305895074,3,1,0,1,1,0,1,0,0,2,soc3
951,3,KÜÇÜK,11,0,soc,0.7185540294184415,8.0,0.5828482985109196,0.5481345173242305,0.4633658107300679,0.4456298580390259,0.5828482985109196,2.0650032241817944,0.5828482985109196,1,9,0.4674187576625787,3,0,1,1,0,1,1,0,0,7,soc3
952,3,SALÇA,12,0,soc,0.9607896067400263,11.0,0.39402197153244783,0.4692567050583385,0.6167989910618419,0.31477131218564935,0.39402197153244783,2.256785745181313,0.8559760341270273,2,9,0.42971689236309585,3,1,1,1,1,2,2,0,0,0,soc3
953,3,HALI,13,1,soc,0.751662779508489,1.0,0.751662779508489,0.5471855069305305,0.3739000785655864,0.4694536577340487,0.751662779508489,3.6683985195378623,0.751662779508489,1,11,0.5475973110655693,3,0,0,1,0,0,1,0,0,5,soc3
954,3,TOPRAK,14,0,soc,0.5057224384953654,11.0,0.2465664018231593,0.628349874538058,0.3326310141580495,0.5221162040972309,0.2465664018231593,3.0784394274524005,0.3969815277750878,3,10,0.5581696366824422,3,0,1,1,0,1,1,0,0,4,soc3
955,3,LAMBA,15,0,soc,0.9823856774645168,14.0,0.2516813273359696,0.5635099930400437,0.46148015146495547,0.4449386006477557,0.2516813273359696,2.4053207238561916,0.8145371713165205,3,11,0.5154602848883327,3,1,1,1,1,2,2,1,0,0,soc3
956,3,YATAK,16,1,soc,0.7480478841854629,12.0,0.4692454526562302,0.5457570884561109,0.41023728128799225,0.4619107261924025,0.4692454526562302,2.7659552404560044,0.5074386632811121,3,12,0.49755420496068714,3,1,0,1,2,0,2,0,0,3,soc3
957,3,PARKUR,17,0,soc,0.5442373948670083,12.0,0.4104595139300559,0.6333298619564094,0.2857624728010623,0.5501383940024784,0.4104595139300559,2.052104034238752,0.41385861769400684,2,14,0.5533395499808191,3,1,0,1,2,0,2,1,1,3,soc3
958,4,TERAS,1,1,soc,,,,0.704092453583661,,0.5153566323704188,,0.0,1.0,0,0,1.0,1,1,1,0,1,2,0,0,0,3,soc3
959,4,HARİTA,2,1,soc,0.2092665629199606,1.0,0.2092665629199606,0.6546282908010084,0.2092665629199606,0.6231881638397959,0.2092665629199606,0.0,0.2092665629199606,1,0,0.704092453583661,1,1,0,0,2,0,0,0,0,1,soc3
960,4,SULUK,3,0,soc,0.3740309692251742,2.0,0.15385076133239106,0.6806121552767819,0.26394086527878263,0.47940214281085314,0.15385076133239106,0.2092665629199606,0.3740309692251742,2,0,0.6120856063953373,1,1,0,0,1,0,0,0,0,2,soc3
961,4,SIRA,4,0,soc,0.09794753363124817,1.0,0.09794753363124817,0.7180035047390815,0.07508542367630006,0.6487706808622296,0.09794753363124817,0.7371482934775259,0.09794753363124817,1,2,0.6968974074849204,1,1,0,0,2,0,0,1,0,1,soc3
962,4,MEKTUP,5,0,soc,0.18000384810363873,2.0,0.06066751229053965,0.721804268643804,0.0872271121787697,0.6079080664299865,0.06066751229053965,0.9624045645064261,0.18000384810363873,2,2,0.6666745905829501,2,0,1,1,0,1,1,0,0,7,soc3
963,4,BAHÇE,6,0,soc,0.9242042644743286,5.0,0.08843935650485751,0.6248243421109192,0.36620101347151535,0.45069910929359436,0.08843935650485751,0.649227127878128,0.5589713957306179,3,2,0.576357489824008,2,1,1,0,1,2,0,0,0,3,soc3
964,4,ÇORAP,7,0,soc,0.4512745529905392,4.0,0.4082691226625164,0.5860218069759957,0.19539667306498115,0.47645199550323625,0.4082691226625164,1.1220140681417796,0.4512745529905392,4,2,0.5970760313219075,2,0,1,1,0,1,3,0,0,5,soc3
965,4,ZEMİN,8,0,soc,0.7799382870425406,7.0,0.2867144584794895,0.587811300243565,0.29810314586205494,0.48732199179293023,0.2867144584794895,0.7928723291171054,0.4555404593460384,2,5,0.5495918173827141,2,1,1,0,1,2,0,1,0,3,soc3
966,4,TAHTA,9,0,soc,0.6705631921729135,2.0,0.4330772622137296,0.560624670896493,0.4074478233236272,0.4416390898611612,0.4330772622137296,1.4834289066733541,0.6705631921729135,2,6,0.4395861456929966,2,0,1,1,0,1,1,0,0,0,soc3
967,4,KASA,10,0,soc,0.5221174508039267,3.0,0.32879602048655415,0.610398052224485,0.25736111526284544,0.47706462164462726,0.32879602048655415,2.85322645578104,0.5221174508039267,3,6,0.5719785813458161,3,0,1,1,0,1,3,1,0,5,soc3
968,4,HALKA,11,0,soc,0.531413672102889,6.0,0.21304607543417697,0.6093243397020024,0.24972377578262944,0.5167790934814462,0.21304607543417697,2.4141890677153586,0.3726544150948415,3,7,0.5577463854671989,3,0,1,1,0,1,1,0,0,7,soc3
969,4,PARA,12,0,soc,0.60207201097775,2.0,0.42133583163229127,0.5410638969805539,0.38362064117098266,0.4622734812519568,0.42133583163229127,1.797651940237361,0.60207201097775,2,9,0.49494552362257127,3,0,1,1,0,1,3,1,0,5,soc3
970,4,MARKET,13,0,soc,0.7216362036201042,3.0,0.45404855151860135,0.5389695961995229,0.5194545429349791,0.41173286954095445,0.45404855151860135,2.0981550276822425,0.7216362036201042,3,9,0.42762302567793753,3,0,1,1,0,1,3,1,1,5,soc3
971,4,DERGİ,14,0,soc,0.36777367596527766,1.0,0.36777367596527766,0.5637405431935361,0.1734365606035575,0.5795714324070232,0.36777367596527766,2.721519868291852,0.36777367596527766,1,12,0.643714995397068,3,0,0,1,0,0,2,0,0,8,soc3
972,4,KUTU,15,0,soc,0.808938780912267,6.0,0.3941588399247352,0.5947988239576147,0.3432010159174904,0.45800859189399756,0.3941588399247352,1.7456241209124843,0.3941588399247352,1,13,0.5044613543847469,3,0,1,1,0,1,1,0,0,0,soc3
973,4,SİLGİ,16,0,soc,0.5408118683387342,9.0,0.21923152408049593,0.6176152277978153,0.29182156651573454,0.49966689128147546,0.21923152408049593,2.029531405207439,0.4072161704521243,4,11,0.5407026255014511,3,0,0,1,0,0,2,1,0,8,soc3
974,4,KALIP,17,1,soc,0.7259905593396109,10.0,0.36024447841269697,0.649751154126764,0.32082487286275,0.5229425535442471,0.36024447841269697,1.8156776653412339,0.6188865632814411,2,14,0.5321539253170199,3,0,0,1,0,0,1,0,0,9,soc3
981,1,AĞAÇ,1,1,eng,,,,0.6184617774994783,,0.4530210780847427,,0.0,1.0,0,0,1.0,1,1,1,0,1,1,0,0,0,9,eng3
982,1,ÇANTA,2,0,eng,0.456667922479698,1.0,0.456667922479698,0.5930081099449744,0.456667922479698,0.491214499108646,0.456667922479698,0.0,0.456667922479698,1,0,0.6184617774994783,1,1,0,0,1,0,0,0,0,5,eng3
983,1,YAZI,3,0,eng,0.3754979357132496,2.0,0.19881469839452814,0.6280017618262539,0.2871563170538889,0.5205722223595591,0.19881469839452814,0.456667922479698,0.3754979357132496,2,0,0.6076946464814815,1,1,1,1,1,1,1,0,0,8,eng3
984,1,KALE,4,0,eng,0.26878636607219825,3.0,0.23788465289147187,0.6722421304268626,0.23719913558129438,0.5814981683450394,0.23788465289147187,1.0309805565874757,0.26878636607219825,3,0,0.5908739808341412,1,1,0,1,1,0,2,0,0,0,eng3
985,1,EKRAN,5,0,eng,0.11523388533427606,2.0,0.0565781266529315,0.7281525073775743,0.08068478586877131,0.6374649791080482,0.0565781266529315,1.742577963331359,0.11523388533427606,2,2,0.6731121261396071,2,0,1,1,0,1,1,0,0,1,eng3
986,1,KAĞIT,6,0,eng,0.8790552457670859,5.0,0.07192129869862778,0.6099491484948809,0.4498598705975853,0.4001916401185921,0.07192129869862778,0.8866018857162071,0.6540926245962044,4,1,0.5112481577771126,2,1,1,0,1,1,0,0,0,9,eng3
987,1,KÖPEK,7,0,eng,0.6954360267136221,6.0,0.5652011362224488,0.5418894161188534,0.29189675633358314,0.48457416671835096,0.5652011362224488,1.1258481475033157,0.5652011362224488,1,5,0.5684935900676689,2,0,1,1,0,1,1,0,0,6,eng3
988,1,BİNA,8,0,eng,0.41104945982499863,7.0,0.30788651392414,0.6146828424148463,0.19065827251598494,0.5076885886434723,0.30788651392414,1.0382700969538337,0.30788651392414,1,6,0.5728599010726844,2,0,1,1,0,1,1,0,0,3,eng3
989,1,RAKAM,9,0,eng,0.7057482398165602,6.0,0.21033660568895937,0.6832010016512586,0.2678372949562656,0.5058897501204924,0.21033660568895937,1.3239749813684336,0.5927579372620249,3,5,0.5172095724837931,2,1,1,1,1,1,1,0,0,8,eng3
990,1,PARK,10,0,eng,0.5999582642389087,9.0,0.08541167896895449,0.7046155601175349,0.25031604285935477,0.5171670911157373,0.08541167896895449,2.201721342683446,0.526662887280119,2,7,0.5381061510417091,3,0,1,1,0,1,1,1,0,3,eng3
991,1,SARI,11,0,eng,0.4571760663374574,5.0,0.09356134374069908,0.654614687222459,0.19579169013996617,0.5604033272556944,0.09356134374069908,1.7674186051539258,0.14942506978124248,3,7,0.6350024046340473,3,0,0,1,0,0,2,0,0,2,eng3
992,1,KALEM,12,0,eng,0.7730691951070705,9.0,0.282269608051793,0.6140722513811497,0.31686272307462005,0.47607842932904587,0.282269608051793,1.1973886708238513,0.5024065825084536,3,8,0.5306663827796598,3,1,1,1,1,1,1,1,0,8,eng3
993,1,ŞİŞE,13,0,eng,0.7290655094278011,11.0,0.19982837508722395,0.6441760185101735,0.18516283955657473,0.4717336398783307,0.19982837508722395,1.2769474988135523,0.19982837508722395,1,11,0.59195928452799,3,1,0,1,1,0,2,0,0,0,eng3
994,1,ÖLÇEK,14,1,eng,0.496776122821186,5.0,0.19672750050227128,0.6577020480456529,0.27130633529994325,0.5036414500057949,0.19672750050227128,1.1109760722458235,0.3264311289142347,2,11,0.568567480973285,3,0,1,1,0,1,1,0,0,1,eng3
995,1,KABLO,15,1,eng,0.5725258870121184,13.0,0.18107530691603066,0.6184017683342329,0.3030808516254485,0.5020654843613158,0.18107530691603066,1.2743862987530075,0.5459483882654621,2,12,0.5363645558619694,3,1,0,1,1,0,2,1,0,0,eng3
996,1,BARDAK,16,1,eng,0.9133266973789964,3.0,0.3290244172492405,0.5703504815005315,0.41679327233286595,0.4063344780761723,0.3290244172492405,1.8478994003297409,0.9133266973789964,3,12,0.4466436374283137,3,0,0,1,0,0,2,0,0,2,eng3
997,1,KOLAY,17,1,eng,0.4734206706671342,11.0,0.36830066587155413,0.6245904679716152,0.2194737130997312,0.5714089341448703,0.36830066587155413,2.3575677132910084,0.36830066587155413,1,15,0.5820042005560374,3,0,0,1,0,0,1,0,0,7,eng3
998,1,BEYİN,18,1,eng,0.7030623490479981,11.0,0.18410154805952028,0.7145980244309588,0.28722888335420965,0.5419180336284718,0.18410154805952028,1.5672130668920214,0.4806540371260736,2,15,0.5682140255944472,3,0,1,1,0,1,1,0,0,6,eng3
999,2,KISA,1,0,eng,,,,0.7291218660117325,,0.623135082164503,,0.0,1.0,0,0,1.0,1,1,1,1,1,1,1,0,0,7,eng3
1000,2,TAŞLIK,2,0,eng,0.15199437484136924,1.0,0.15199437484136924,0.5392438083533423,0.15199437484136924,0.45163931113846667,0.15199437484136924,0.0,0.15199437484136924,1,0,0.7291218660117325,1,1,1,1,1,1,2,0,0,2,eng3
1001,2,KEDİ,3,0,eng,0.7116607554121873,1.0,0.7116607554121873,0.688773054604864,0.4016945263989009,0.5089006259315811,0.7116607554121873,0.15199437484136924,0.7116607554121873,1,1,0.6497184647153741,1,1,0,0,1,0,0,0,0,6,eng3
1002,2,SPOR,4,0,eng,0.14479414979768762,2.0,0.0292779447690002,0.7503802316172943,0.07660701642020289,0.5861009119099692,0.0292779447690002,0.9553834276391711,0.14479414979768762,2,1,0.721397350385276,1,1,1,0,1,1,0,0,0,1,eng3
1003,2,KAŞIK,5,0,eng,0.8552285627599883,3.0,0.17579930962321877,0.6547220380036604,0.49695965080620774,0.39346589946184796,0.17579930962321877,1.1852044768997796,0.8552285627599883,3,1,0.4521453229793061,2,1,1,1,1,1,2,1,0,2,eng3
1004,2,GRUP,6,0,eng,0.5263829283054188,2.0,0.21046111158458014,0.6236099520249123,0.26976823856939747,0.5375855506529357,0.21046111158458014,2.749235231379662,0.5263829283054188,2,3,0.5693216730736171,2,1,1,0,1,1,0,1,0,1,eng3
1005,2,İLAÇ,7,0,eng,0.5144555388322474,4.0,0.3015448201060412,0.6194636403550544,0.3562729914698296,0.46320852899485787,0.3015448201060412,1.8382404674539976,0.5144555388322474,4,2,0.5207827529479536,2,0,1,0,0,1,0,0,0,4,eng3
1006,2,SEHPA,8,0,eng,0.8855161527891529,3.0,0.23622338284536024,0.6448903779350572,0.4654519513034061,0.40823372085654697,0.23622338284536024,1.7650954366779743,0.8855161527891529,3,4,0.5252237949026869,2,0,1,1,0,1,1,0,0,0,eng3
1007,2,BÜYÜK,9,0,eng,0.5207710106964843,8.0,0.17567105967957808,0.6081963178887525,0.26890971544948805,0.48714625091163266,0.17567105967957808,2.386499195668636,0.42755153538344653,2,6,0.5568212583931955,2,1,1,1,1,1,1,0,0,7,eng3
1008,2,ELMA,10,0,eng,0.710909757728838,5.0,0.3613344312106457,0.593093603632833,0.338940639829596,0.526225419831946,0.3613344312106457,1.6587147543148173,0.3613344312106457,1,8,0.5923118266849806,3,1,1,1,1,1,2,0,0,2,eng3
1009,2,CÜZDAN,11,1,eng,0.874047692873124,3.0,0.25288628001879576,0.5897953412667242,0.41122756290280976,0.41288463399933184,0.25288628001879576,1.789150600684941,0.874047692873124,3,7,0.47788368007407345,3,0,0,1,0,0,2,0,0,5,eng3
1010,2,TABAK,12,0,eng,0.9312959692780304,7.0,0.5042465281180626,0.592758949872653,0.47813146336262724,0.4292018808269207,0.5042465281180626,2.2072802490144046,0.7168752276890751,4,7,0.46254435806060157,3,1,1,1,1,1,2,1,0,2,eng3
1011,2,DEFTER,13,1,eng,0.627572112708787,2.0,0.2584585347202295,0.6034013773352498,0.354097920910875,0.5203649325340689,0.2584585347202295,2.2217459961846484,0.627572112708787,2,10,0.5622425945000125,3,0,0,1,0,0,1,0,0,8,eng3
1012,2,TOPLU,14,1,eng,0.4690134993133757,13.0,0.28012849203078116,0.6980992120872218,0.21831240299821958,0.5737047032251896,0.28012849203078116,2.291067568882005,0.37467117920079085,3,10,0.619673491803485,3,1,1,1,1,1,1,0,0,7,eng3
1013,2,KOLTUK,15,1,eng,0.7434975641506587,7.0,0.01849475765938148,0.7361687944866895,0.12386305726450282,0.5912201813964106,0.01849475765938148,2.2304690601954684,0.24766921532422653,3,11,0.6698345581519378,3,0,0,1,0,0,1,0,0,3,eng3
1014,2,TERLİK,16,0,eng,0.9044878180247089,14.0,0.2597987541429509,0.5572271077425957,0.45697300237986066,0.4301181453334467,0.2597987541429509,1.0548773511343859,0.696091259952675,4,11,0.4827030519236347,3,0,0,1,0,0,2,0,0,5,eng3
1015,2,KAPI,17,1,eng,0.8191831838889087,9.0,0.529598574451337,0.595001907159713,0.36632289305858484,0.4747607587405305,0.529598574451337,1.1327403636891482,0.529598574451337,1,15,0.4911976282124074,3,0,1,1,0,1,1,0,0,0,eng3
1016,3,YATAK,1,0,eng,,,,0.6024496418228865,,0.4829211792488223,,0.0,1.0,0,0,1.0,1,1,1,1,1,1,2,0,0,3,eng3
1017,3,DÜĞME,2,0,eng,0.5065464660450255,1.0,0.5065464660450255,0.5333364753370115,0.5065464660450255,0.3904494062272821,0.5065464660450255,0.0,0.5065464660450255,1,0,0.6024496418228865,1,1,1,1,2,1,2,0,0,0,eng3
1018,3,ÇİÇEK,3,1,eng,0.3689625248972189,1.0,0.3689625248972189,0.5845145094975035,0.29222646142946923,0.49830204165997993,0.3689625248972189,0.5065464660450255,0.3689625248972189,1,1,0.6236023476295778,1,1,0,1,1,0,1,0,0,2,eng3
1019,3,DOLAP,4,1,eng,0.934522940334041,2.0,0.4722767057524929,0.5072776261362921,0.6873554702060369,0.38622855601124406,0.4722767057524929,1.090999388903964,0.934522940334041,2,1,0.3918655829122608,1,1,1,1,2,1,2,1,0,0,eng3
1020,3,HALI,5,1,eng,0.5556237903853873,1.0,0.5556237903853873,0.4906684552676678,0.46490162877946317,0.44483617974176115,0.5556237903853873,3.153065799522075,0.5556237903853873,1,3,0.490993109551344,2,0,1,0,0,1,0,0,0,5,eng3
1021,3,SALÇA,6,0,eng,0.9607896067400263,4.0,0.751662779508489,0.47875756290734217,0.6933783157350024,0.37477631233477937,0.751662779508489,3.127930022820493,0.9607896067400263,4,1,0.35264597566616285,2,1,1,1,2,1,2,1,0,0,eng3
1022,3,KALAS,7,0,eng,0.3044155480932671,4.0,0.2900514523098188,0.6043100093525331,0.19128843933142053,0.5616578353879718,0.2900514523098188,3.272885858360672,0.3044155480932671,4,2,0.6098754220504543,2,0,1,1,0,1,1,0,0,7,eng3
1023,3,TOPRAK,8,0,eng,0.5057224384953654,5.0,0.3025544957014579,0.6395144944689937,0.3191424351204306,0.500081938941318,0.3025544957014579,2.6467848380609884,0.3450196440346835,2,5,0.5786211665627032,2,0,1,1,0,1,1,0,0,4,eng3
1024,3,PARKUR,9,0,eng,0.5442373948670083,5.0,0.1075101025382844,0.6361731848811207,0.2747411365852992,0.51864009111903,0.1075101025382844,2.1368175337498454,0.2577027320836103,3,5,0.5996964257890722,2,1,1,1,1,1,2,0,0,3,eng3
1025,3,KİTAP,10,0,eng,0.6275266564175318,6.0,0.3038160401033261,0.5978610379004436,0.20700927713045808,0.5074461651359652,0.3038160401033261,1.527812482346094,0.3038160401033261,1,8,0.5966162450920778,3,0,0,1,0,0,1,0,0,8,eng3
1026,3,DUVAR,11,0,eng,0.7200170034852962,7.0,0.3126929017723875,0.5719832900933,0.3029308825985651,0.4778571267423506,0.3126929017723875,1.2496065372726894,0.3126929017723875,1,9,0.5364061119423024,3,1,1,1,1,1,2,1,0,3,eng3
1027,3,KOKU,12,0,eng,0.7679684291054976,6.0,0.3711144949844335,0.5310185097019103,0.25831765863739575,0.43483488993263264,0.3711144949844335,1.4434005352747037,0.41498650253533254,4,7,0.5330906901240833,3,0,1,1,0,1,1,1,0,4,eng3
1028,3,KOLA,13,0,eng,0.8559760341270273,7.0,0.5837819369581021,0.6526507724862691,0.2740675008304593,0.49458298826441704,0.5837819369581021,1.6113338103785262,0.5837819369581021,1,11,0.5456286260208505,3,1,0,1,1,0,1,0,0,2,eng3
1029,3,ODA,14,1,eng,0.7480478841854629,13.0,0.0424908763331719,0.6845855638124743,0.20371454374528222,0.5500464864593009,0.0424908763331719,1.8446418423373965,0.35278921307620603,4,9,0.593623961950418,3,1,1,1,1,1,2,1,0,3,eng3
1030,3,KÜÇÜK,15,1,eng,0.7185540294184415,12.0,0.2985323326171385,0.5825194710337405,0.39681409437398374,0.4653339394266959,0.2985323326171385,1.7132055424078687,0.5828482985109196,2,12,0.4900272081075898,3,0,1,1,0,1,1,0,0,7,eng3
1031,3,FIRIN,16,1,eng,0.9575447667524211,10.0,0.4014299143246429,0.4962848124077025,0.4169502521639024,0.4530521240455482,0.4014299143246429,2.163057386458469,0.6742146260946187,4,11,0.4921153048436281,3,1,1,1,2,1,2,0,0,0,eng3
1032,3,LAMBA,17,1,eng,0.9823856774645168,15.0,0.6878179095248221,0.5408210179902402,0.496105371938622,0.44667263527241186,0.6878179095248221,2.0109224883507384,0.6878179095248221,1,15,0.4829539127362257,3,1,1,1,2,1,2,1,1,0,eng3
1033,4,SIRA,1,0,eng,,,,0.7110412911400819,,0.6561672809363273,,0.0,1.0,0,0,1.0,1,1,0,1,1,0,1,0,0,1,eng3
1034,4,PARA,2,0,eng,0.19244542870888942,1.0,0.19244542870888942,0.5987871454921565,0.19244542870888942,0.5161276055763717,0.19244542870888942,0.0,0.19244542870888942,1,0,0.7110412911400819,1,1,1,0,2,2,0,0,0,5,eng3
1035,4,ÇORAP,3,0,eng,0.46851727800669357,1.0,0.46851727800669357,0.5270050622955682,0.25582274454629045,0.45473631314713503,0.46851727800669357,0.19244542870888942,0.46851727800669357,1,1,0.6441159537514792,1,1,1,0,2,2,0,1,1,5,eng3
1036,4,TERAS,4,0,eng,0.4269492011430399,1.0,0.4269492011430399,0.5830257445994609,0.2068499369737543,0.5346843188812074,0.4269492011430399,0.7040909178014703,0.4269492011430399,1,2,0.6450893548785801,1,1,0,1,1,0,2,0,0,3,eng3
1037,4,TAHTA,5,0,eng,0.6705631921729135,2.0,0.33847580703793356,0.6045391786825343,0.33524987809638107,0.45231894916443827,0.33847580703793356,1.3246407287227333,0.6705631921729135,2,2,0.5397723782707307,2,0,1,1,0,1,1,0,0,0,eng3
1038,4,DERGİ,6,1,eng,0.2025272670194464,1.0,0.2025272670194464,0.6206420332259999,0.141194640798459,0.5562282654666233,0.2025272670194464,2.314466798835838,0.2025272670194464,1,4,0.619326736933707,2,0,1,0,0,2,0,0,0,8,eng3
1039,4,MARKET,7,0,eng,0.6632277689878967,2.0,0.36777367596527766,0.4698296414631399,0.5117044886116798,0.39312485800846697,0.36777367596527766,1.923348459865748,0.6632277689878967,2,4,0.4314889919557128,2,1,1,0,2,2,0,1,0,5,eng3
1040,4,KASA,8,0,eng,0.7216362036201042,1.0,0.7216362036201042,0.4828718903065379,0.3864935958025376,0.5079579735157782,0.7216362036201042,2.2099635876129087,0.7216362036201042,1,6,0.5281177695832183,2,1,1,0,2,2,0,1,1,5,eng3
1041,4,SİLGİ,9,0,eng,0.5408118683387342,6.0,0.339247304431397,0.5680930882794206,0.32216638942760206,0.47827415971780207,0.339247304431397,2.3877579294249567,0.4265112590925666,4,4,0.5315680932337108,2,0,1,0,0,2,0,1,0,8,eng3
1042,4,BAHÇE,10,0,eng,0.9242042644743286,6.0,0.37753416215806646,0.666963270324509,0.33288252212951885,0.49017481474795477,0.37753416215806646,2.0656430078729304,0.42616662481035583,3,6,0.5896370695926563,3,1,0,1,1,0,2,0,0,3,eng3
1043,4,MEKTUP,11,0,eng,0.36239623619342476,2.0,0.08843935650485751,0.7111965838077035,0.21456740354957188,0.5528397890352166,0.08843935650485751,2.2241469422451847,0.36239623619342476,2,8,0.636890179700087,3,0,0,1,0,0,2,0,0,7,eng3
1044,4,HARİTA,12,0,eng,0.28506620294828056,7.0,0.06883563012778018,0.6251374768454152,0.13467015041503266,0.533124167163799,0.06883563012778018,1.4305884807527471,0.20908895245117776,3,8,0.6387247489182499,3,1,0,1,1,0,1,0,0,1,eng3
1045,4,ZEMİN,13,0,eng,0.7799382870425406,9.0,0.41780844155107905,0.5824145830792363,0.29581586001069543,0.4545914863021383,0.41780844155107905,1.229699966202202,0.4555404593460384,3,9,0.49906983010273953,3,1,0,1,1,0,2,1,0,3,eng3
1046,4,KUTU,14,1,eng,0.808938780912267,9.0,0.3050256329153812,0.5939005371360262,0.31485951321968964,0.44519167357038636,0.3050256329153812,1.3421113212846756,0.46457851757624713,2,11,0.5017989308011643,3,0,1,1,0,1,1,0,0,0,eng3
1047,4,SULUK,15,1,eng,0.5589713957306179,5.0,0.3745700558963594,0.5512155688692554,0.34559099467434884,0.4809323148764717,0.3745700558963594,1.7218952742520202,0.4605589123087372,2,12,0.5348703651138622,3,0,0,1,0,0,1,0,0,2,eng3
1048,4,KALIP,16,1,eng,0.7259905593396109,13.0,0.5382124150449655,0.5930120490912132,0.43292791840459766,0.4646735806583979,0.5382124150449655,2.176392321580195,0.6188865632814411,2,13,0.44872508666730604,3,0,0,1,0,0,1,0,0,9,eng3
1049,4,HALKA,17,1,eng,0.531413672102889,6.0,0.13820405341712544,0.735863655063464,0.21716720013195556,0.577167704782975,0.13820405341712544,2.8278023045938325,0.3726544150948415,4,12,0.5874550038260202,3,0,0,1,0,0,2,0,0,7,eng3
1056,1,YAZI,1,1,eng,,,,0.6928413113026932,,0.48237331415009466,,0.0,1.0,0,0,1.0,1,1,0,1,2,0,1,0,0,8,eng25
1057,1,KALE,2,0,eng,0.23788465289147187,1.0,0.23788465289147187,0.6722421304268626,0.23788465289147187,0.5386508106517718,0.23788465289147187,0.0,0.23788465289147187,1,0,0.6928413113026932,1,1,0,1,1,0,2,0,0,0,eng25
1058,1,EKRAN,3,1,eng,0.11523388533427606,2.0,0.0565781266529315,0.7326725997388115,0.08590600599360378,0.6290287271054896,0.0565781266529315,0.23788465289147187,0.11523388533427606,2,0,0.712338698419215,1,1,1,0,1,1,0,0,0,1,eng25
1059,1,KALEM,4,0,eng,0.7730691951070705,3.0,0.09029648641541374,0.6345112082435833,0.4611866981039081,0.42707305687446495,0.09029648641541374,0.4096966648786794,0.7730691951070705,3,0,0.4701546725441813,1,1,0,1,2,0,1,1,0,8,eng25
1060,1,KÖPEK,5,1,eng,0.37362473772533766,1.0,0.37362473772533766,0.5082693277266328,0.19335587775698498,0.49520950226628746,0.37362473772533766,1.7932567591904034,0.37362473772533766,1,3,0.5997890039349368,2,0,1,0,0,2,0,0,0,6,eng25
1061,1,BEYİN,6,0,eng,0.7030623490479981,1.0,0.7030623490479981,0.4947851921364148,0.4189359526129664,0.42760959206344373,0.7030623490479981,1.2110110998308403,0.7030623490479981,1,4,0.4774850822213792,2,0,1,0,0,2,0,1,1,6,eng25
1062,1,ÖLÇEK,7,0,eng,0.4406669826465497,6.0,0.2741413589628098,0.6042399759918091,0.22767502463551503,0.5137333777409041,0.2741413589628098,1.7674853253243366,0.3264311289142347,3,3,0.5828795771438191,2,1,1,0,1,1,0,1,0,1,eng25
1063,1,BİNA,8,0,eng,0.3183272189245442,2.0,0.29857535514375605,0.595129848110292,0.255627834895959,0.466808486455041,0.29857535514375605,2.1329287393603966,0.3183272189245442,2,5,0.5419973679868446,2,0,1,1,0,1,1,0,0,3,eng25
1064,1,ÇANTA,9,0,eng,0.4944838721428647,4.0,0.2424036016262336,0.5672842491327673,0.2960931771782763,0.43786897172625683,0.2424036016262336,1.9586414682752011,0.4944838721428647,4,4,0.5544959709810222,2,0,1,0,0,1,0,0,0,5,eng25
1065,1,MASA,10,0,eng,0.5113822943249875,4.0,0.5064377657308211,0.5721021601280039,0.3686168209459864,0.47988014400076695,0.5064377657308211,1.5086651226491317,0.5113822943249875,4,5,0.4954562813355142,3,1,0,1,1,0,2,0,0,0,eng25
1066,1,PARK,11,0,eng,0.526662887280119,3.0,0.27240773772874083,0.5459499653884343,0.327738011748487,0.4985560384835688,0.27240773772874083,1.6436052099231113,0.526662887280119,3,7,0.5089827461774099,3,0,1,1,0,1,1,1,0,3,eng25
1067,1,AĞAÇ,12,0,eng,0.6954360267136221,7.0,0.5999582642389087,0.5282200837586852,0.4419167659384781,0.388914525484351,0.5999582642389087,2.2169431005711617,0.5999582642389087,1,10,0.4810181224894393,3,0,0,1,0,0,2,0,0,9,eng25
1068,1,KOLAY,13,0,eng,0.28950066880510955,6.0,0.1930072392282881,0.6751276873916363,0.15314163250118246,0.5578015185466112,0.1930072392282881,2.4551455631558072,0.24599324023650332,4,8,0.656167464688646,3,0,0,1,0,0,1,0,0,7,eng25
1069,1,ŞİŞE,14,0,eng,0.7290655094278011,5.0,0.13463222087784976,0.6622995571857426,0.40674384926205737,0.4362451796646908,0.13463222087784976,1.453803499169402,0.6440032611822291,2,11,0.514644809698584,3,1,0,1,1,0,2,1,0,0,eng25
1070,1,SARI,15,0,eng,0.36595312886614795,13.0,0.16511979017404738,0.6130558804054367,0.17407240057548293,0.5523510817837471,0.16511979017404738,1.8034471378030368,0.20962666624132295,3,11,0.6145787664833176,3,0,0,1,0,0,2,0,0,2,eng25
1071,1,KAĞIT,16,0,eng,0.8790552457670859,4.0,0.4571760663374574,0.5020966383709473,0.5334845651886126,0.3491630274635644,0.4571760663374574,1.505360128747492,0.8790552457670859,4,11,0.3703260842080536,3,0,0,1,0,0,2,1,0,9,eng25
1072,1,RAKAM,17,0,eng,0.7057482398165602,16.0,0.5927579372620249,0.5582201625011229,0.29386968174250444,0.5413918809395046,0.5927579372620249,1.9898007966545284,0.5927579372620249,1,15,0.5593754445225908,3,1,0,1,2,0,1,0,0,8,eng25
1073,1,BARDAK,18,0,eng,0.9133266973789964,4.0,0.27619314493617364,0.6786487517000204,0.5270201783670982,0.3864402177768389,0.27619314493617364,2.064798349075402,0.9133266973789964,4,13,0.39170036194878055,3,0,0,1,0,0,2,1,0,2,eng25
1074,2,KISA,1,0,eng,,,,0.7421751776204923,,0.5561373342567898,,0.0,1.0,0,0,1.0,1,1,1,0,2,1,0,0,0,7,eng25
1075,2,ELMA,2,0,eng,0.12595479262543527,1.0,0.12595479262543527,0.6500333043156865,0.12595479262543527,0.56057957175068,0.12595479262543527,0.0,0.12595479262543527,1,0,0.7421751776204923,1,1,1,1,1,1,1,0,0,2,eng25
1076,2,BÜYÜK,3,0,eng,0.5207710106964843,2.0,0.3613344312106457,0.5837460087347006,0.441052720953565,0.49412883081108205,0.3613344312106457,0.12595479262543527,0.5207710106964843,2,0,0.5250049772562682,1,1,1,0,2,1,0,1,0,7,eng25
1077,2,GRUP,4,0,eng,0.26950637178403114,3.0,0.19943086376091435,0.6196624752263895,0.16767535139584386,0.5406075317118257,0.19943086376091435,1.0080602345325653,0.26950637178403114,3,0,0.6459432819463944,1,1,0,1,1,0,1,0,0,1,eng25
1078,2,SEHPA,5,0,eng,0.3182930925394769,1.0,0.3182930925394769,0.5601178082976515,0.20563927030905882,0.39475940285777933,0.3182930925394769,1.5110862887200969,0.3182930925394769,1,3,0.5778466269443419,2,0,1,1,0,1,2,0,0,0,eng25
1079,2,DEFTER,6,0,eng,0.4945097639935926,1.0,0.4945097639935926,0.5743371589423306,0.23930465785723082,0.5167537517873781,0.4945097639935926,1.3335724400120703,0.4945097639935926,1,4,0.5581147357993641,2,0,1,0,0,1,0,0,0,8,eng25
1080,2,KAŞIK,7,0,eng,0.8855161527891529,2.0,0.39321858833781304,0.5821967893442417,0.49495797448011675,0.34715928016384445,0.39321858833781304,1.6055946460457209,0.8855161527891529,2,4,0.4931356465493717,2,1,1,1,1,1,1,0,0,2,eng25
1081,2,KOLTUK,8,0,eng,0.7434975641506587,3.0,0.21787928701493695,0.731679229942493,0.23705195062161138,0.5973411547342836,0.21787928701493695,2.509227364707832,0.7434975641506587,3,4,0.6069455527738163,2,0,1,0,0,1,0,0,0,3,eng25
1082,2,TOPLU,9,0,eng,0.4690134993133757,8.0,0.01849475765938148,0.7035234309122063,0.24601885736118626,0.5545066242294276,0.01849475765938148,2.799355494269104,0.30747062185491775,4,4,0.6284403628045543,2,1,1,0,2,1,0,0,0,7,eng25
1083,2,KEDİ,10,0,eng,0.83247450901758,3.0,0.23672253868890353,0.5778238612987744,0.48370532889036594,0.3802466566591365,0.23672253868890353,1.2163464952306984,0.83247450901758,3,6,0.47225742765293166,3,0,0,1,0,0,1,0,0,6,eng25
1084,2,TABAK,11,0,eng,0.9312959692780304,4.0,0.45868189500698364,0.5294125845685445,0.4162995655492575,0.4148718207981532,0.45868189500698364,1.8006192395985523,0.9312959692780304,4,6,0.46398292890352444,3,1,1,1,1,1,1,1,0,2,eng25
1085,2,TERLİK,12,1,eng,0.8204713648780362,7.0,0.696091259952675,0.5066572368400472,0.5257728831735692,0.34768037757970494,0.696091259952675,1.400117535109227,0.696091259952675,1,10,0.4287865404754614,3,0,0,1,0,0,2,0,0,5,eng25
1086,2,ŞİŞE,13,1,eng,0.7647121882014548,6.0,0.48286947750654785,0.5499448956946027,0.3819127146955258,0.48136196903837525,0.48286947750654785,2.5950422587511555,0.6761578317891384,3,9,0.4817366979806599,3,0,1,1,0,1,2,0,0,0,eng25
1087,2,İLAÇ,14,0,eng,0.5590760257125165,2.0,0.4800476716497196,0.5448715225207514,0.4160576782268482,0.4817609225114332,0.4800476716497196,3.6398446722320816,0.5590760257125165,2,11,0.49094817505603383,3,0,0,1,0,0,1,0,0,4,eng25
1088,2,CÜZDAN,15,1,eng,0.874047692873124,10.0,0.5041218058236524,0.5740713499849113,0.6128739073587915,0.38787447880601167,0.5041218058236524,3.2300599595579778,0.8193907759305923,3,11,0.43599413013405974,3,0,0,1,0,0,2,1,0,5,eng25
1089,2,SPOR,16,0,eng,0.5270647491536371,4.0,0.1563360266248111,0.7388345207683046,0.18749829611126287,0.650444548623403,0.1563360266248111,3.4348225956301146,0.5270647491536371,4,11,0.6567405117322946,3,1,0,1,1,0,1,0,0,1,eng25
1090,2,KAPI,17,0,eng,0.8191831838889087,12.0,0.05391813730817713,0.7903128470525527,0.3573821129799314,0.5437566948836539,0.05391813730817713,1.8769173405691102,0.6490652151450355,2,14,0.5653043821979904,3,0,1,1,0,1,2,1,0,0,eng25
1091,3,DUVAR,1,1,eng,,,,0.6915257804515562,,0.48822404728916025,,0.0,1.0,0,0,1.0,1,1,1,0,3,1,0,0,0,3,eng25
1092,3,ODA,2,1,eng,0.2413366060924659,1.0,0.2413366060924659,0.6328149085266472,0.2413366060924659,0.5255609421678438,0.2413366060924659,0.0,0.2413366060924659,1,0,0.6915257804515562,1,1,1,0,3,1,0,1,1,3,eng25
1093,3,PARKUR,3,0,eng,0.2620478920563535,2.0,0.2103539304892988,0.6397889059999868,0.23620091127282614,0.5348310154712341,0.2103539304892988,0.2413366060924659,0.2620478920563535,2,0,0.63104987078396,1,1,1,0,3,1,0,1,1,3,eng25
1094,3,CAM,4,0,eng,0.4679686551087725,3.0,0.1519871759441923,0.5705534232804166,0.23809411575326614,0.5448443934778027,0.1519871759441923,0.7137384286381181,0.4679686551087725,3,0,0.6200657539556794,1,1,1,1,1,1,4,0,0,0,eng25
1095,3,DÜĞME,5,0,eng,0.6049927222974112,1.0,0.6049927222974112,0.513824096866174,0.43582220316673576,0.4182681564406512,0.6049927222974112,1.4280207758979166,0.6049927222974112,1,3,0.4709362363598487,2,1,1,1,1,1,4,1,1,0,eng25
1096,3,KİTAP,6,1,eng,0.35278921307620603,4.0,0.2625068698247951,0.6714521062039858,0.25870672248967014,0.5210926929123024,0.2625068698247951,1.636422428578779,0.35278921307620603,4,1,0.591633975267555,2,0,1,0,0,1,0,0,0,8,eng25
1097,3,YATAK,7,0,eng,0.7480478841854629,5.0,0.12180196860176906,0.6561358840130044,0.4235893826104328,0.42583907065703397,0.12180196860176906,1.7372691441879482,0.5065464660450255,2,4,0.5382856661436044,2,1,1,0,3,1,0,1,0,3,eng25
1098,3,TOPRAK,8,1,eng,0.2664981112240036,7.0,0.22068427270509827,0.6355709734453956,0.1582846341867654,0.5197769625753457,0.22068427270509827,1.8886676947304877,0.22068427270509827,1,6,0.6153601193734516,2,0,1,1,0,1,1,0,0,4,eng25
1099,3,HALI,9,0,eng,0.5504703171328947,4.0,0.2465664018231593,0.6292420123724674,0.3675305348434686,0.4583887954828778,0.2465664018231593,1.4508381645784665,0.5504703171328947,4,4,0.4786689009135483,2,0,1,0,0,1,0,0,0,5,eng25
1100,3,ÇİÇEK,10,0,eng,0.5057224384953654,2.0,0.24607374431845863,0.5733598698095181,0.3294895911944541,0.4550376168774398,0.24607374431845863,1.599321542497254,0.5057224384953654,2,7,0.5338370777403596,3,0,0,1,0,0,1,0,0,2,eng25
1101,3,KOKU,11,0,eng,0.700374303081745,6.0,0.5204208570906917,0.5776994353240681,0.33698997937631503,0.4335270447652356,0.5204208570906917,1.9419759185849133,0.5204208570906917,1,9,0.5111762384236411,3,0,1,1,0,1,1,1,0,4,eng25
1102,3,KALAS,12,0,eng,0.3044155480932671,2.0,0.14382481420518684,0.7069234950117373,0.20570560196181958,0.5593469665211224,0.14382481420518684,2.245682465303167,0.3044155480932671,2,9,0.5800778944144773,3,0,0,1,0,0,2,0,0,7,eng25
1103,3,DOLAP,13,0,eng,0.934522940334041,8.0,0.06873446823740795,0.5050947593730133,0.37354949229941864,0.39197234962309624,0.06873446823740795,1.7276102451200008,0.575263301574318,2,10,0.4678889250360869,3,1,1,1,1,1,4,0,0,0,eng25
1104,3,FIRIN,14,0,eng,0.8174243470308453,1.0,0.8174243470308453,0.4827938349045662,0.4779131898151851,0.3917221243751374,0.8174243470308453,2.084935694953365,0.8174243470308453,1,12,0.4600736828626232,3,1,1,1,1,1,4,1,1,0,eng25
1105,3,KÜÇÜK,15,0,eng,0.7185540294184415,5.0,0.4014299143246429,0.6024566351576177,0.5150026388042394,0.4494641946019423,0.4014299143246429,2.4650993523796125,0.5165683044205327,3,11,0.4812441854842189,3,0,0,1,0,0,2,1,0,7,eng25
1106,3,SALÇA,16,0,eng,0.9607896067400263,11.0,0.39402197153244783,0.4667847218340532,0.6378672413895667,0.31965657024670036,0.39402197153244783,2.4444539258043765,0.9575447667524211,2,13,0.36168508125932364,3,1,1,1,1,1,4,1,0,0,eng25
1107,3,LAMBA,17,1,eng,0.9823856774645168,12.0,0.8145371713165205,0.4874703710894732,0.5420010183537628,0.4362348850161588,0.8145371713165205,3.8048296834417172,0.8145371713165205,1,15,0.43637938232524953,3,1,1,1,1,1,4,1,1,0,eng25
1108,4,HARİTA,1,1,eng,,,,0.70291873556804,,0.5480277428598115,,0.0,1.0,0,0,1.0,1,1,1,0,1,1,0,0,0,1,eng25
1109,4,FIRIN,2,0,eng,0.21217400787210836,1.0,0.21217400787210836,0.5554665594460486,0.21217400787210836,0.5346385313328995,0.21217400787210836,0.0,0.21217400787210836,1,0,0.70291873556804,1,1,0,1,2,0,1,0,0,0,eng25
1110,4,TAHTA,3,0,eng,0.6122989307190158,1.0,0.6122989307190158,0.54217250826124,0.44868256683364816,0.4604083314575399,0.6122989307190158,0.21217400787210836,0.6122989307190158,1,1,0.526751413239961,1,1,0,1,2,0,1,1,1,0,eng25
1111,4,DERGİ,4,0,eng,0.2025272670194464,1.0,0.2025272670194464,0.685562320305632,0.147421852785903,0.5875651967024293,0.2025272670194464,1.1095391415394047,0.2025272670194464,1,2,0.6473435426110544,1,1,0,1,1,0,1,0,0,8,eng25
1112,4,KALIP,5,0,eng,0.3760697705037864,3.0,0.08000607142125885,0.6823126628569952,0.2767110059014635,0.4761846965696367,0.08000607142125885,1.5518046998971138,0.3760697705037864,3,1,0.5481831694690803,2,0,1,0,0,1,0,0,0,9,eng25
1113,4,HALKA,6,0,eng,0.2771574834493138,3.0,0.13820405341712544,0.63821691162803,0.15140477574356362,0.5063149249666565,0.13820405341712544,1.7171800910467956,0.2771574834493138,3,2,0.6281241452702963,2,0,1,0,0,2,0,0,0,7,eng25
1114,4,SIRA,7,0,eng,0.24573466174940206,1.0,0.24573466174940206,0.6768324412373845,0.12145111558988982,0.6077348057995837,0.24573466174940206,1.0814603366938722,0.24573466174940206,1,5,0.6153484127154583,2,1,1,0,1,1,0,0,0,1,eng25
1115,4,ÇORAP,8,0,eng,0.7259905593396109,3.0,0.04312821108588731,0.7419691571736817,0.367353315074711,0.4356234839926205,0.04312821108588731,0.7397624742819945,0.7259905593396109,3,4,0.5420240056819583,2,0,1,1,0,1,3,0,0,5,eng25
1116,4,MEKTUP,9,1,eng,0.531413672102889,3.0,0.05638370469242686,0.7182487402506283,0.23349829873396422,0.5428461280672723,0.05638370469242686,1.5708187591896883,0.531413672102889,3,5,0.6027263311587759,2,0,1,0,0,2,0,1,0,7,eng25
1117,4,KASA,10,0,eng,0.5221174508039267,2.0,0.12327705017558624,0.6647552166374906,0.2623357544362005,0.4879155511761012,0.12327705017558624,1.1965585736834823,0.5221174508039267,2,7,0.5750389630481425,3,0,1,1,0,1,3,1,0,5,eng25
1118,4,ZEMİN,11,0,eng,0.5305487251469482,6.0,0.17292068355874507,0.6032648951859123,0.2239982912618171,0.4636320955881549,0.17292068355874507,0.919334671567449,0.2867144584794895,3,7,0.5902887987032013,3,0,0,1,0,0,3,0,0,3,eng25
1119,4,BAHÇE,12,0,eng,0.5990619609063522,9.0,0.4555404593460384,0.5645972791413203,0.24558554633674104,0.4817870850423923,0.4555404593460384,1.3494951526981998,0.4555404593460384,1,10,0.5603703869229,3,0,0,1,0,0,3,1,1,3,eng25
1120,4,KUTU,13,0,eng,0.808938780912267,10.0,0.3078966444328167,0.5998946969848262,0.3785141597167305,0.47588056867151984,0.3078966444328167,1.1679537258626678,0.3299174432520417,3,9,0.5145131620831406,3,1,0,1,2,0,1,0,0,0,eng25
1121,4,MARKET,14,0,eng,0.7216362036201042,4.0,0.30132479486025143,0.617648795994856,0.4083427966485472,0.4221437812411427,0.30132479486025143,1.7109952347944382,0.7216362036201042,4,9,0.4385048976431054,3,0,1,1,0,1,3,1,0,5,eng25
1122,4,SİLGİ,15,1,eng,0.5408118683387342,7.0,0.2198682759358459,0.6197688674329656,0.2801218354430789,0.5045992084705337,0.2198682759358459,2.244933151804208,0.37753416215806646,3,11,0.560893886669434,3,1,0,1,1,0,1,0,0,8,eng25
1123,4,TERAS,16,0,eng,0.9242042644743286,4.0,0.311884553103573,0.6624251682556135,0.5433353587775311,0.4147774147115073,0.311884553103573,1.8520220262778322,0.9242042644743286,4,11,0.43819776210277905,3,0,0,1,0,0,3,1,0,3,eng25
1124,4,PARA,17,1,eng,0.60207201097775,7.0,0.15421371477310106,0.7280685365898458,0.2846048050081856,0.5602952724561284,0.15421371477310106,1.75295883724738,0.45404855151860135,3,13,0.5224052103779719,3,0,1,1,0,1,3,1,0,5,eng25
1131,1,ÖLÇEK,1,1,eng,,,,0.6055934760010979,,0.5391103034009582,,0.0,1.0,0,0,1.0,1,1,0,1,1,0,1,0,0,1,eng24
1132,1,RAKAM,2,1,eng,0.496776122821186,1.0,0.496776122821186,0.5501747332292697,0.496776122821186,0.5084238452217344,0.496776122821186,0.0,0.496776122821186,1,0,0.6055934760010979,1,1,1,1,1,1,1,0,0,8,eng24
1133,1,BARDAK,3,1,eng,0.27619314493617364,1.0,0.27619314493617364,0.5527524360632716,0.23382927395759068,0.4754132563174839,0.27619314493617364,0.496776122821186,0.27619314493617364,1,1,0.635830068564945,1,1,0,1,1,0,1,0,0,2,eng24
1134,1,ÇANTA,4,0,eng,0.4930966381115681,1.0,0.4930966381115681,0.5989009134163599,0.2597167482933806,0.461599188906178,0.4930966381115681,0.9644346707363673,0.4930966381115681,1,2,0.5998578507143161,1,1,0,0,1,0,0,0,0,5,eng24
1135,1,YAZI,5,0,eng,0.7057482398165602,3.0,0.19881469839452814,0.7000797804922038,0.38090961001632995,0.5112580087874294,0.19881469839452814,1.743584915616509,0.7057482398165602,3,1,0.4914426119519776,2,1,1,1,1,1,1,1,0,8,eng24
1136,1,ŞİŞE,6,0,eng,0.9133266973789964,3.0,0.07959490084333107,0.676288360603464,0.40719739610722216,0.4639962172369263,0.07959490084333107,2.0401653673532065,0.9133266973789964,3,2,0.4961243134797322,2,0,1,1,0,2,1,0,0,0,eng24
1137,1,PARK,7,0,eng,0.3403780110726855,3.0,0.1888897550122847,0.568614760343853,0.19013920320183905,0.5054860640168861,0.1888897550122847,2.5923069633639066,0.3403780110726855,3,3,0.5906170825704189,2,0,1,0,0,2,0,0,0,3,eng24
1138,1,BİNA,8,0,eng,0.526662887280119,1.0,0.526662887280119,0.5437184295799249,0.26287993563681755,0.5078787320208737,0.526662887280119,1.7105873557831404,0.526662887280119,1,6,0.530089993633107,2,0,1,0,0,2,0,1,1,3,eng24
1139,1,MASA,9,0,eng,0.5064377657308211,5.0,0.32865309713256186,0.5631415842876139,0.3343794967981794,0.4861594988771659,0.32865309713256186,1.3836717011438862,0.33712849981012194,3,5,0.5274450309142462,2,0,1,1,0,2,1,1,0,0,eng24
1140,1,KAĞIT,10,0,eng,0.7632916113080702,7.0,0.41702465629263336,0.5877241503738488,0.3892347634866098,0.4192589559732831,0.41702465629263336,1.9084458820894352,0.6004810975542849,4,5,0.5081889794908407,3,0,0,1,0,0,2,0,0,9,eng24
1141,1,KALE,11,0,eng,0.4948033738522656,4.0,0.17425219913190834,0.6856027763490178,0.23668246898441758,0.5290869973209515,0.17425219913190834,2.0034384572260855,0.4948033738522656,4,6,0.5714610978303044,3,0,1,1,0,2,1,1,0,0,eng24
1142,1,KOLAY,12,1,eng,0.4734206706671342,2.0,0.09810323556270656,0.7114649587296009,0.17964631785419233,0.578302819318657,0.09810323556270656,1.4342856334459357,0.4734206706671342,2,9,0.593635199896035,3,0,0,1,0,0,1,0,0,7,eng24
1143,1,KALEM,13,1,eng,0.7730691951070705,8.0,0.09708840487306382,0.6937237001145724,0.3787732984015328,0.44810012912054953,0.09708840487306382,1.3665499641221135,0.6893193775666414,3,9,0.4716549747857369,3,1,1,1,1,1,1,0,0,8,eng24
1144,1,EKRAN,14,0,eng,0.17971877537199893,13.0,0.09029648641541374,0.720720780317019,0.08013738354438535,0.6435489487353261,0.09029648641541374,2.052378300590694,0.09029648641541374,1,12,0.6890693135643631,3,1,0,1,1,0,1,0,0,1,eng24
1145,1,KÖPEK,15,0,eng,0.6341294391066079,9.0,0.06892109976867276,0.5696355133262752,0.26021460206921126,0.4685731621406275,0.06892109976867276,0.9141081845160707,0.37362473772533766,2,12,0.588489576639365,3,0,0,1,0,0,2,0,0,6,eng24
1146,1,AĞAÇ,16,0,eng,0.8790552457670859,6.0,0.6954360267136221,0.5411361825365603,0.3328151029519778,0.4834010918910324,0.6954360267136221,0.8737080471555557,0.6954360267136221,1,14,0.5036176697501846,3,0,0,1,0,0,2,0,0,9,eng24
1147,1,SARI,17,0,eng,0.4571760663374574,7.0,0.20962666624132295,0.6275077253947581,0.1694405074263242,0.5705748604608887,0.20962666624132295,1.7351242333688266,0.282269608051793,4,12,0.609275473017536,3,1,0,1,1,0,1,0,0,2,eng24
1148,1,BEYİN,18,0,eng,0.7030623490479981,3.0,0.2585122819075487,0.6850936015775825,0.3575806716757064,0.48456644195216547,0.2585122819075487,1.248082101343459,0.7030623490479981,3,14,0.5057169232157723,3,0,0,1,0,0,2,1,0,6,eng24
1149,2,TABAK,1,0,eng,,,,0.5377285156773015,,0.4295241986405838,,0.0,1.0,0,0,1.0,1,1,1,1,1,1,1,0,0,2,eng24
1150,2,TERLİK,2,0,eng,0.696091259952675,1.0,0.696091259952675,0.4800254879849708,0.696091259952675,0.37654094369074353,0.696091259952675,0.0,0.696091259952675,1,0,0.5377285156773015,1,1,0,0,2,0,0,0,0,5,eng24
1151,2,İLAÇ,3,0,eng,0.5590760257125165,1.0,0.5590760257125165,0.53366900708656,0.4619597204673811,0.4990029320972811,0.5590760257125165,0.696091259952675,0.5590760257125165,1,1,0.5595860151209989,1,1,0,0,1,0,0,0,0,4,eng24
1152,2,CÜZDAN,4,0,eng,0.8193907759305923,2.0,0.5041218058236524,0.5036668304907903,0.6092530366241024,0.44056288174370406,0.5041218058236524,1.6200107008874371,0.8193907759305923,2,1,0.4627549819093747,1,1,0,0,2,0,0,1,0,5,eng24
1153,2,KAŞIK,5,0,eng,0.9312959692780304,4.0,0.6996668093983431,0.5445607429839103,0.6800608661417106,0.41297425969106627,0.6996668093983431,3.4477698107597443,0.9312959692780304,4,0,0.39768812895668526,2,1,1,1,1,1,1,1,0,2,eng24
1154,2,BÜYÜK,6,0,eng,0.42755153538344653,3.0,0.27468426196019957,0.6092506713852267,0.33359517784749143,0.5100029776555491,0.27468426196019957,3.671536102755573,0.42755153538344653,3,2,0.546240525721015,2,0,1,1,0,1,2,0,0,7,eng24
1155,2,SPOR,7,0,eng,0.5270647491536371,5.0,0.26721085646330167,0.6430653272746938,0.24857151462393187,0.5822772127685085,0.26721085646330167,2.639071659423058,0.26721085646330167,1,5,0.6226024302578743,2,0,1,0,0,2,0,0,0,1,eng24
1156,2,SEHPA,8,0,eng,0.8855161527891529,3.0,0.10302136975117399,0.6509833078012017,0.4548959315876778,0.39952610843270486,0.10302136975117399,1.8722838751232658,0.8855161527891529,3,4,0.47987412715491873,2,0,1,1,0,1,2,0,0,0,eng24
1157,2,GRUP,9,0,eng,0.5263829283054188,2.0,0.3182930925394769,0.6145105584983888,0.276212684187095,0.517198397528334,0.3182930925394769,1.881903010266625,0.5263829283054188,2,6,0.5194761441843172,2,0,1,0,0,2,0,1,0,1,eng24
1158,2,KAPI,10,1,eng,0.8191831838889087,2.0,0.3518004809128885,0.501831113547573,0.37431618234530195,0.48210640009711314,0.3518004809128885,1.5900101704998637,0.8191831838889087,2,7,0.5446220289487085,3,0,1,1,0,1,2,1,0,0,eng24
1159,2,KEDİ,11,0,eng,0.83247450901758,6.0,0.6249684131058864,0.5693029441924198,0.3364876887243556,0.452354586129489,0.6249684131058864,2.172599192706044,0.7842057585918668,3,7,0.5684581018526939,3,0,0,1,0,0,1,0,0,6,eng24
1160,2,KISA,12,0,eng,0.5207710106964843,6.0,0.09172829738561449,0.706267174091834,0.11494678779803742,0.5981689459977584,0.09172829738561449,2.962295593193226,0.26950637178403114,3,8,0.64880334397461,3,0,1,1,0,1,2,0,0,7,eng24
1161,2,DEFTER,13,0,eng,0.627572112708787,9.0,0.10483567669757902,0.7009766267441313,0.2759993259839198,0.5328964953938823,0.10483567669757902,1.4757597876309294,0.3119669231405654,2,10,0.5690253254727372,3,0,0,1,0,0,1,0,0,8,eng24
1162,2,ŞİŞE,14,0,eng,0.7647121882014548,9.0,0.06947761289234586,0.6260391117070002,0.24783958362562056,0.5341236696188923,0.06947761289234586,1.4688664812426,0.6761578317891384,3,10,0.5420568625533091,3,0,1,1,0,1,2,1,0,0,eng24
1163,2,ELMA,15,0,eng,0.710909757728838,10.0,0.3773973141605794,0.6420184560923958,0.2848836341861308,0.5330960312359169,0.3773973141605794,1.337527091790236,0.6297280067709563,4,10,0.5121439825557101,3,1,1,1,1,1,1,0,0,2,eng24
1164,2,TOPLU,16,0,eng,0.4690134993133757,4.0,0.045818250181442775,0.7654517131403564,0.22214841726268988,0.5717625892941316,0.045818250181442775,0.9405141287837563,0.4690134993133757,4,11,0.579098758161761,3,0,1,1,0,1,2,1,0,7,eng24
1165,2,KOLTUK,17,0,eng,0.7434975641506587,9.0,0.01849475765938148,0.8344276096169012,0.04253511350061869,0.73669512180131,0.01849475765938148,1.0313689578869192,0.1048976440344781,2,14,0.6994753260037477,3,0,0,1,0,0,1,0,0,3,eng24
1166,3,YATAK,1,0,eng,,,,0.701588891015765,,0.4360598963841553,,0.0,1.0,0,0,1.0,1,1,1,1,2,1,1,0,0,3,eng24
1167,3,ÇİÇEK,2,1,eng,0.21549039796171957,1.0,0.21549039796171957,0.6605891481876222,0.21549039796171957,0.5366353769012345,0.21549039796171957,0.0,0.21549039796171957,1,0,0.701588891015765,1,1,0,0,1,0,0,0,0,2,eng24
1168,3,PARKUR,3,0,eng,0.4104595139300559,2.0,0.13541752584958422,0.6796421910256139,0.2729385198898201,0.5440965519294243,0.13541752584958422,0.21549039796171957,0.4104595139300559,2,0,0.6072485362967401,1,1,1,1,2,1,1,1,0,3,eng24
1169,3,KOKU,4,0,eng,0.5204208570906917,2.0,0.15750480766813932,0.5397358971819034,0.3037993357267787,0.5187373098957806,0.15750480766813932,0.7613674377413597,0.5204208570906917,2,1,0.5497102887875567,1,1,0,1,1,0,1,0,0,4,eng24
1170,3,SALÇA,5,0,eng,0.7679684291054976,1.0,0.7679684291054976,0.5920640389312155,0.5000901915919891,0.4433235960988171,0.7679684291054976,1.6727654449216958,0.7679684291054976,1,3,0.422019767114756,2,0,1,1,0,2,4,0,0,0,eng24
1171,3,ODA,6,0,eng,0.7480478841854629,5.0,0.08933526342486525,0.6478731575170232,0.25414234686557263,0.5314380939245404,0.08933526342486525,2.306513602945719,0.2103539304892988,3,2,0.6535704105137519,2,1,1,1,2,1,1,1,0,3,eng24
1172,3,KÜÇÜK,7,0,eng,0.7185540294184415,5.0,0.2985323326171385,0.6031656779720617,0.41777584747090335,0.4427846887719953,0.2985323326171385,1.6544672555066797,0.483801849303868,3,3,0.5234044943983405,2,0,1,1,0,1,1,0,0,7,eng24
1173,3,KİTAP,8,0,eng,0.35278921307620603,2.0,0.3321806870903763,0.6918114267251458,0.26028547357112214,0.5344381070645741,0.3321806870903763,2.2052619387190857,0.35278921307620603,2,5,0.5581905272650893,2,0,1,0,0,1,0,0,0,8,eng24
1174,3,CAM,9,0,eng,0.49834917923103184,4.0,0.061728587671636026,0.7075174269347038,0.19549350652530456,0.5485748360408076,0.061728587671636026,1.57534322153285,0.49834917923103184,4,4,0.6295013843042822,2,0,1,1,0,2,4,1,0,0,eng24
1175,3,TOPRAK,10,1,eng,0.5057224384953654,8.0,0.12393020828866583,0.7062626250467605,0.245525407676534,0.5373849677425478,0.12393020828866583,1.3870617678312456,0.3969815277750878,3,6,0.5871551129723265,3,1,0,1,1,0,1,0,0,4,eng24
1176,3,DÜĞME,11,0,eng,0.9607896067400263,6.0,0.1484630998214299,0.4271516243358596,0.3459107672714793,0.3697948279460189,0.1484630998214299,1.3531609295751696,0.6049927222974112,2,8,0.470831082044636,3,0,1,1,0,2,4,1,0,0,eng24
1177,3,LAMBA,12,0,eng,0.9823856774645168,1.0,0.9823856774645168,0.40126009973509047,0.4664554942738742,0.38422190323515726,0.9823856774645168,1.3924569754842868,0.9823856774645168,1,10,0.41958042612832547,3,0,1,1,0,2,4,1,1,0,eng24
1178,3,KALAS,13,0,eng,0.5165683044205327,6.0,0.17883395389095832,0.6546134910612829,0.15808849107508494,0.5894635670029638,0.17883395389095832,2.6537143420203764,0.3025544957014579,3,9,0.6439179305923837,3,0,1,1,0,1,1,0,0,7,eng24
1179,3,HALI,14,0,eng,0.751662779508489,9.0,0.20096276037223693,0.5448916530263997,0.31513398784797675,0.49209102754014655,0.20096276037223693,1.9561965218587043,0.5504703171328947,3,10,0.5277452222832388,3,0,0,1,0,0,1,0,0,5,eng24
1180,3,DOLAP,15,0,eng,0.934522940334041,4.0,0.5556237903853873,0.467181473647588,0.504660805125757,0.3630075158922518,0.5556237903853873,2.361418592942161,0.934522940334041,4,10,0.42219876388111954,3,0,1,1,0,2,4,1,0,0,eng24
1181,3,DUVAR,16,1,eng,0.7200170034852962,1.0,0.7200170034852962,0.5524722672148215,0.4786896085761697,0.47993591862093343,0.7200170034852962,2.1292165204476348,0.7200170034852962,1,14,0.4849289991172585,3,1,1,1,2,1,1,0,0,3,eng24
1182,3,FIRIN,17,1,eng,0.9575447667524211,12.0,0.323485653835385,0.6621022645427806,0.5041146105330518,0.43947921177898563,0.323485653835385,2.100912828035187,0.8174243470308453,2,14,0.4721168102383958,3,0,1,1,0,2,4,1,0,0,eng24
1183,4,PARA,1,1,eng,,,,0.634379610828566,,0.4999450008385691,,0.0,1.0,0,0,1.0,1,1,0,1,2,0,2,0,0,5,eng24
1184,4,SİLGİ,2,0,eng,0.4072161704521243,1.0,0.4072161704521243,0.5953018862821151,0.4072161704521243,0.49550569552581525,0.4072161704521243,0.0,0.4072161704521243,1,0,0.634379610828566,1,1,1,0,1,1,0,0,0,8,eng24
1185,4,MARKET,3,0,eng,0.45404855151860135,2.0,0.2198682759358459,0.6671526140563759,0.3369584137272236,0.4785676693015265,0.2198682759358459,0.4072161704521243,0.45404855151860135,2,0,0.5841716387185552,1,1,0,1,2,0,2,1,0,5,eng24
1186,4,MEKTUP,4,0,eng,0.36239623619342476,2.0,0.14360736451266068,0.6215463223892956,0.27813383172973566,0.494497476683435,0.14360736451266068,1.0811329979065716,0.36239623619342476,2,1,0.5895366279121286,1,1,1,0,1,1,0,0,0,7,eng24
1187,4,DERGİ,5,0,eng,0.36777367596527766,2.0,0.3551170103613303,0.676287409778792,0.2958541333889261,0.5383795990157534,0.3551170103613303,1.9155344930957787,0.36777367596527766,2,2,0.5555552231933687,2,1,1,0,1,1,0,1,0,8,eng24
1188,4,HALKA,6,0,eng,0.531413672102889,2.0,0.0458795740329172,0.6546843743151437,0.32149631608252094,0.4976558199018458,0.0458795740329172,1.7620831175431673,0.531413672102889,2,3,0.5647964690789925,2,1,1,0,1,1,0,1,0,7,eng24
1189,4,ZEMİN,7,0,eng,0.44897899543936426,4.0,0.3726544150948415,0.5825901857797872,0.28794611776756684,0.43212155521971574,0.3726544150948415,1.7531724920840035,0.44897899543936426,4,2,0.534920472904682,2,0,1,1,0,1,2,0,0,3,eng24
1190,4,KUTU,8,0,eng,0.3941588399247352,3.0,0.3050256329153812,0.5036674227305269,0.3207316532120387,0.4162415390847205,0.3050256329153812,1.6784339392860173,0.3941588399247352,3,4,0.5123888493430959,2,0,1,1,0,2,1,0,0,0,eng24
1191,4,TAHTA,9,0,eng,0.808938780912267,1.0,0.808938780912267,0.4217521820485445,0.3960049174894752,0.40678103156563516,0.808938780912267,1.6285896759402076,0.808938780912267,1,7,0.4572035353046694,2,0,1,1,0,2,1,1,1,0,eng24
1192,4,BAHÇE,10,0,eng,0.5990619609063522,1.0,0.5990619609063522,0.3816554972965095,0.3221969298682178,0.4577757112108872,0.5990619609063522,2.5224373258518518,0.5990619609063522,1,8,0.5230392443783286,3,0,1,1,0,1,2,1,0,3,eng24
1193,4,TERAS,11,0,eng,0.9242042644743286,1.0,0.9242042644743286,0.44700536534415414,0.48668791855242477,0.4488702557287546,0.9242042644743286,2.909540740726585,0.9242042644743286,1,9,0.42388077128612867,3,0,1,1,0,1,2,1,1,3,eng24
1194,4,HARİTA,12,0,eng,0.46457851757624713,4.0,0.2092665629199606,0.6066284465664133,0.3000250707524925,0.5392654261705652,0.2092665629199606,3.188247269908166,0.46457851757624713,4,7,0.5731105043056932,3,0,0,1,0,0,2,0,0,1,eng24
1195,4,KALIP,13,0,eng,0.6188865632814411,5.0,0.31308229432699825,0.48688865372899637,0.3381422912373359,0.4522183064529932,0.31308229432699825,2.4794804270537503,0.33768588735381055,4,8,0.5634614692234807,3,0,0,1,0,0,1,0,0,9,eng24
1196,4,ÇORAP,14,0,eng,0.7259905593396109,1.0,0.7259905593396109,0.6028488173823716,0.44993996984232343,0.45017943487377476,0.7259905593396109,1.9910154617126121,0.7259905593396109,1,12,0.510683240160861,3,1,0,1,2,0,2,0,0,5,eng24
1197,4,SIRA,15,0,eng,0.24573466174940206,9.0,0.04312821108588731,0.753102874472775,0.09299036643994842,0.6429320851663705,0.04312821108588731,1.8923452428054217,0.15853046183532515,2,12,0.6735513481499383,3,0,0,1,0,0,2,1,0,1,eng24
1198,4,FIRIN,16,0,eng,0.6122989307190158,7.0,0.055369895066235096,0.644663808127979,0.3077183208821295,0.5019938718820205,0.055369895066235096,1.3465811428738876,0.4273119086522751,2,13,0.5671391576009337,3,0,1,1,0,2,1,0,0,0,eng24
1199,4,KASA,17,0,eng,0.7216362036201042,14.0,0.3553933743716977,0.651361624477673,0.28934086794933556,0.5278161893989477,0.3553933743716977,1.7864008064831198,0.5221174508039267,3,13,0.5329771275401671,3,1,0,1,2,0,2,1,0,5,eng24
1206,1,BİNA,1,1,eng,,,,0.7253715452475609,,0.5481850799502127,,0.0,1.0,0,0,1.0,1,1,1,0,1,1,0,0,0,3,eng23
1207,1,YAZI,2,1,eng,0.15997577185003473,1.0,0.15997577185003473,0.598827948506202,0.15997577185003473,0.47168943185216394,0.15997577185003473,0.0,0.15997577185003473,1,0,0.7253715452475609,1,1,1,0,2,1,0,0,0,8,eng23
1208,1,KAĞIT,3,0,eng,0.4699779847941003,1.0,0.4699779847941003,0.533373797658233,0.33568915898451507,0.426639389684497,0.4699779847941003,0.15997577185003473,0.4699779847941003,1,1,0.5765398917708198,1,1,0,1,1,0,1,0,0,9,eng23
1209,1,RAKAM,4,1,eng,0.7057482398165602,2.0,0.5927579372620249,0.519160188608853,0.5029475942558482,0.4771906804333669,0.5927579372620249,0.8313540898190648,0.7057482398165602,2,1,0.468176052169321,1,1,1,0,2,1,0,1,0,8,eng23
1210,1,KALEM,5,0,eng,0.7730691951070705,3.0,0.5024065825084536,0.5863411562482268,0.5523751605224765,0.42409192099963067,0.5024065825084536,2.3401968725866094,0.7730691951070705,3,1,0.42441670977922286,2,1,1,0,2,1,0,1,1,8,eng23
1211,1,PARK,6,0,eng,0.526662887280119,5.0,0.18130720017977525,0.6811593393122746,0.24490319861569176,0.5092679673720073,0.18130720017977525,3.733279317054851,0.2572897456171004,3,2,0.6324406586833549,2,1,1,0,1,1,0,0,0,3,eng23
1212,1,SARI,7,0,eng,0.4571760663374574,4.0,0.09356134374069908,0.661208679543626,0.22141839457239337,0.5482636796089191,0.09356134374069908,2.3084925221029504,0.4571760663374574,4,2,0.5812956149230032,2,0,1,0,0,2,0,0,0,2,eng23
1213,1,MASA,8,0,eng,0.41702465629263336,5.0,0.24308325167759043,0.5962890970127402,0.30910635788146223,0.46446986141431124,0.24308325167759043,1.2769474988135523,0.3425588098709783,3,4,0.5282239952599335,2,0,1,1,0,1,2,0,0,0,eng23
1214,1,BARDAK,9,1,eng,0.7632916113080702,6.0,0.4671443744649894,0.5389472061659295,0.31113189067620184,0.39857543361538705,0.4671443744649894,1.4151879512495769,0.4671443744649894,1,7,0.5159359915869528,2,0,1,0,0,2,0,1,0,2,eng23
1215,1,ÇANTA,10,0,eng,0.6540926245962044,7.0,0.4930966381115681,0.5544985331994364,0.3649342361342939,0.45525831811182427,0.4930966381115681,1.5523575698754772,0.5064377657308211,2,7,0.5099432190357773,3,0,0,1,0,0,1,0,0,5,eng23
1216,1,AĞAÇ,11,0,eng,0.8790552457670859,8.0,0.456667922479698,0.5635920465193829,0.45116682298855454,0.42536437148370443,0.456667922479698,2.1401487439515647,0.7102854000778898,2,8,0.5096552687947943,3,1,0,1,1,0,1,0,0,9,eng23
1217,1,BEYİN,12,0,eng,0.5113822943249875,4.0,0.2947480750560708,0.5949324411889013,0.364472959304918,0.45610051919961603,0.2947480750560708,2.9129279627699196,0.5113822943249875,4,7,0.5125352547344755,3,0,0,1,0,0,2,0,0,6,eng23
1218,1,ŞİŞE,13,0,eng,0.9133266973789964,4.0,0.3926957632344366,0.5989305485258507,0.6032439462067172,0.4170125026827156,0.3926957632344366,2.7125201809612096,0.9133266973789964,4,8,0.379040637231549,3,0,1,1,0,1,2,0,0,0,eng23
1219,1,ÖLÇEK,14,1,eng,0.496776122821186,10.0,0.19672750050227128,0.613286015533854,0.24461921271395992,0.5250709362387005,0.19672750050227128,2.7942486394901453,0.462612321243832,3,10,0.5760420619977576,3,0,0,1,0,0,2,0,0,1,eng23
1220,1,KALE,15,0,eng,0.5201944127892401,10.0,0.30143518765657895,0.6745625594607323,0.2699428591411319,0.5526978899712328,0.30143518765657895,2.2649282801816493,0.37316492997265727,3,11,0.5534625586607549,3,0,1,1,0,1,2,1,0,0,eng23
1221,1,EKRAN,16,0,eng,0.17971877537199893,2.0,0.0565781266529315,0.7338919541686114,0.10266017508670913,0.6448690008648016,0.0565781266529315,1.739566164552766,0.17971877537199893,2,13,0.6569469852403529,3,0,0,1,0,0,2,1,0,1,eng23
1222,1,KOLAY,17,0,eng,0.4734206706671342,14.0,0.05184751822271495,0.6917189247054356,0.1516370383055802,0.5890137266964315,0.05184751822271495,1.002541831062466,0.28950066880510955,3,13,0.6209288032892808,3,0,0,1,0,0,1,0,0,7,eng23
1223,1,KÖPEK,18,1,eng,0.7030623490479981,6.0,0.19192980015035277,0.7112588511612159,0.21060504955536613,0.5606737978878124,0.19192980015035277,0.9771835122720405,0.19192980015035277,1,16,0.6398602456711417,3,0,0,1,0,0,2,0,0,6,eng23
1224,2,DEFTER,1,1,eng,,,,0.7539520510206589,,0.5874262671559405,,0.0,1.0,0,0,1.0,1,1,0,0,1,0,0,0,0,8,eng23
1225,2,KISA,2,1,eng,0.10483567669757902,1.0,0.10483567669757902,0.6039395971028183,0.10483567669757902,0.5806432193306318,0.10483567669757902,0.0,0.10483567669757902,1,0,0.7539520510206589,1,1,1,0,2,1,0,0,0,7,eng23
1226,2,TOPLU,3,1,eng,0.4690134993133757,1.0,0.4690134993133757,0.565953458741939,0.3745709956720784,0.5481903453878123,0.4690134993133757,0.10483567669757902,0.4690134993133757,1,1,0.5492093507789605,1,1,1,0,2,1,0,1,1,7,eng23
1227,2,SPOR,4,0,eng,0.18524182394017147,1.0,0.18524182394017147,0.6265591201857655,0.11250287184408703,0.5969271583126107,0.18524182394017147,0.8539776680417359,0.18524182394017147,1,2,0.6738843540216539,1,1,0,1,1,0,1,0,0,1,eng23
1228,2,BÜYÜK,5,1,eng,0.5207710106964843,3.0,0.26721085646330167,0.6466547421039697,0.30099873948249833,0.45657053476385145,0.26721085646330167,1.191486283573997,0.5207710106964843,3,1,0.5108125477556484,2,1,1,0,2,1,0,1,0,7,eng23
1229,2,KOLTUK,6,0,eng,0.0679469348657798,1.0,0.0679469348657798,0.7150844899322453,0.037939102106938835,0.6604962393197671,0.0679469348657798,1.7035380252685193,0.0679469348657798,1,4,0.7768458794315392,2,0,1,0,0,1,0,0,0,3,eng23
1230,2,ELMA,7,0,eng,0.3613344312106457,2.0,0.1048976440344781,0.6101575657425516,0.13441226236306564,0.4989542910033098,0.1048976440344781,0.782761753858922,0.3613344312106457,2,4,0.6350779626967262,2,0,1,1,0,1,2,0,0,2,eng23
1231,2,İLAÇ,8,1,eng,0.48588772879447206,7.0,0.34361601738704106,0.570210165025826,0.21573660874808268,0.4647807089266548,0.34361601738704106,0.873761561106554,0.42755153538344653,3,4,0.5667303071773881,2,0,1,0,0,1,0,0,0,4,eng23
1232,2,TERLİK,9,0,eng,0.5590760257125165,1.0,0.5590760257125165,0.4966699123545989,0.4192181617085053,0.35862890457232965,0.5590760257125165,1.3345496828791146,0.5590760257125165,1,7,0.46900467096946696,2,0,1,1,0,1,1,0,0,5,eng23
1233,2,KAŞIK,10,0,eng,0.710909757728838,3.0,0.6548200500864441,0.42917962391387476,0.4585507985188887,0.336879164428427,0.6548200500864441,1.7158653749581598,0.710909757728838,3,6,0.4344378011497705,3,0,1,1,0,1,2,1,0,2,eng23
1234,2,KEDİ,11,1,eng,0.83247450901758,1.0,0.83247450901758,0.4317974743865065,0.5817454136192323,0.380389565791709,0.83247450901758,3.122156300402314,0.83247450901758,1,9,0.40829974497589183,3,0,0,1,0,0,1,0,0,6,eng23
1235,2,CÜZDAN,12,0,eng,0.8193907759305923,3.0,0.6472935879145645,0.49018625464654486,0.5846718518171896,0.3924983165996947,0.6472935879145645,3.674198857915276,0.8193907759305923,3,8,0.42174340627424034,3,0,1,1,0,1,1,1,0,5,eng23
1236,2,ŞİŞE,13,0,eng,0.7647121882014548,3.0,0.5893168390070862,0.48145381552566746,0.5986208016307893,0.42900753893159094,0.5893168390070862,4.3325578308099875,0.7647121882014548,3,9,0.43550768154673125,3,0,0,1,0,0,3,0,0,0,eng23
1237,2,TABAK,14,0,eng,0.9312959692780304,4.0,0.6471321095142732,0.5074374166503576,0.6474895523740049,0.4003871152650442,0.6471321095142732,4.209621765328167,0.9312959692780304,4,9,0.43124784414589445,3,0,1,1,0,1,2,1,0,2,eng23
1238,2,GRUP,15,0,eng,0.5263829283054188,11.0,0.3324634122090019,0.5874899223911598,0.16324741866146222,0.6053526601156284,0.3324634122090019,3.5228287913501086,0.3324634122090019,1,13,0.6638137419072533,3,1,0,1,1,0,1,0,0,1,eng23
1239,2,KAPI,16,0,eng,0.6490652151450355,4.0,0.3518004809128885,0.531850534758003,0.4702547934344741,0.43325813616587205,0.3518004809128885,2.2826267942079537,0.6490652151450355,4,11,0.4934755179588879,3,0,0,1,0,0,3,1,0,0,eng23
1240,2,SEHPA,17,1,eng,0.8855161527891529,7.0,0.8191831838889087,0.48516608116433135,0.6983891293469546,0.3423838937296989,0.8191831838889087,2.139808341259169,0.8191831838889087,1,15,0.3703696727510968,3,0,0,1,0,0,3,1,1,0,eng23
1241,3,KÜÇÜK,1,0,eng,,,,0.6097599896119148,,0.498034099322758,,0.0,1.0,0,0,1.0,1,1,0,1,1,0,1,0,0,7,eng23
1242,3,KOKU,2,0,eng,0.483801849303868,1.0,0.483801849303868,0.5402102111521794,0.483801849303868,0.42508574525993914,0.483801849303868,0.0,0.483801849303868,1,0,0.6097599896119148,1,1,0,0,2,0,0,0,0,4,eng23
1243,3,TOPRAK,3,0,eng,0.41498650253533254,1.0,0.41498650253533254,0.6169801208819825,0.40598401515521015,0.5386145594329161,0.41498650253533254,0.483801849303868,0.41498650253533254,1,1,0.562601393971222,1,1,0,0,2,0,0,1,1,4,eng23
1244,3,DÜĞME,4,0,eng,0.700374303081745,2.0,0.1484630998214299,0.520434248029155,0.4466347373408266,0.32624865754028975,0.1484630998214299,1.2957698796142882,0.700374303081745,2,1,0.49845457045286357,1,1,1,1,1,3,2,0,0,0,eng23
1245,3,FIRIN,5,0,eng,0.7746284895080563,1.0,0.7746284895080563,0.5073849174492336,0.5536501362199627,0.4151842511524617,0.7746284895080563,2.635674091636768,0.7746284895080563,1,3,0.43732206660691486,2,1,1,1,1,3,2,1,1,0,eng23
1246,3,HALI,6,1,eng,0.5504703171328947,2.0,0.5062073470369703,0.5606588002548152,0.3772449972431016,0.45625365912698423,0.5062073470369703,3.076994535993715,0.5504703171328947,2,3,0.518421509730032,2,0,1,0,0,1,0,0,0,5,eng23
1247,3,LAMBA,7,1,eng,0.9823856774645168,3.0,0.3564879164371825,0.5386822241244342,0.5889816174294707,0.3749158662944114,0.3564879164371825,2.590663170275044,0.9823856774645168,3,3,0.4292050273416693,2,1,1,1,1,3,2,1,0,0,eng23
1248,3,DOLAP,8,0,eng,0.934522940334041,4.0,0.7685736311244618,0.45064916201911764,0.6543987808844445,0.324737976132105,0.7685736311244618,3.8579976571044425,0.934522940334041,4,3,0.36812349772497055,2,1,1,1,1,3,2,1,1,0,eng23
1249,3,PARKUR,9,0,eng,0.5442373948670083,1.0,0.5442373948670083,0.5714034852536338,0.33074917456924324,0.5204492839048852,0.5442373948670083,3.6921349415396696,0.5442373948670083,1,7,0.5776194538631967,2,0,1,1,0,1,3,0,0,3,eng23
1250,3,KİTAP,10,0,eng,0.6275266564175318,2.0,0.3038160401033261,0.663675982984298,0.31800415157191675,0.5285979860717023,0.3038160401033261,2.878062748267401,0.6275266564175318,2,7,0.5267207559297687,3,0,0,1,0,0,1,0,0,8,eng23
1251,3,YATAK,11,1,eng,0.6552667645315771,3.0,0.12180196860176906,0.6605496749056101,0.43284247260014885,0.4201786687526291,0.12180196860176906,2.9537190740507855,0.6552667645315771,3,7,0.5197040798596932,3,0,1,1,0,1,3,1,0,3,eng23
1252,3,ÇİÇEK,12,0,eng,0.7185540294184415,11.0,0.21549039796171957,0.7239985838830532,0.3011183101888163,0.5162699437354878,0.21549039796171957,2.663108338451268,0.4722767057524929,4,7,0.5594668783292994,3,0,0,1,0,0,1,0,0,2,eng23
1253,3,ODA,13,0,eng,0.7480478841854629,2.0,0.05137256349296766,0.7268810240971155,0.3712075074100568,0.54004154428298,0.05137256349296766,1.498184296745963,0.7480478841854629,2,10,0.5113100159576616,3,0,1,1,0,1,3,1,0,3,eng23
1254,3,CAM,14,0,eng,0.6049927222974112,10.0,0.09432651620683366,0.6434256492369368,0.1924464175378323,0.537070645697232,0.09432651620683366,1.8007008776176332,0.3310910802898509,3,10,0.613173979727359,3,1,1,1,1,3,2,0,0,0,eng23
1255,3,DUVAR,15,1,eng,0.7200170034852962,7.0,0.4679686551087725,0.5672274734143032,0.3234021666173618,0.47299653869896363,0.4679686551087725,1.7634271697134831,0.4679686551087725,1,13,0.5171858761136956,3,0,1,1,0,1,3,1,0,3,eng23
1256,3,KALAS,16,0,eng,0.5165683044205327,15.0,0.22795832464146074,0.6359719380727675,0.14320001053820897,0.6404563820865624,0.22795832464146074,1.4757797323224078,0.3044155480932671,4,11,0.6581107422232005,3,1,0,1,1,0,1,0,0,7,eng23
1257,3,SALÇA,17,0,eng,0.9607896067400263,13.0,0.2900514523098188,0.6737057145869283,0.3581384658825063,0.4926633243444364,0.2900514523098188,1.1384458905689008,0.49834917923103184,3,13,0.524995546373458,3,1,1,1,1,3,2,1,0,0,eng23
1258,4,HALKA,1,1,eng,,,,0.735863655063464,,0.5970364698141364,,0.0,1.0,0,0,1.0,1,1,1,0,1,1,0,0,0,7,eng23
1259,4,KALIP,2,1,eng,0.13820405341712544,1.0,0.13820405341712544,0.6823126628569952,0.13820405341712544,0.5315786800083131,0.13820405341712544,0.0,0.13820405341712544,1,0,0.735863655063464,1,1,0,0,1,0,0,0,0,9,eng23
1260,4,DERGİ,3,0,eng,0.08000607142125885,1.0,0.08000607142125885,0.6925003840752508,0.06294282272708802,0.6073330738860828,0.08000607142125885,0.13820405341712544,0.08000607142125885,1,1,0.7276056643811412,1,1,1,0,1,1,0,0,0,8,eng23
1261,4,TERAS,4,0,eng,0.19912885118227577,2.0,0.14697919147960853,0.6262345803741376,0.17575315490824575,0.5231531263378668,0.14697919147960853,0.2640896988713015,0.19912885118227577,2,1,0.5974112989936764,1,1,0,1,1,0,2,0,0,3,eng23
1262,4,TAHTA,5,0,eng,0.33847580703793356,1.0,0.33847580703793356,0.5857109207292913,0.2889616112151261,0.44772055837997715,0.33847580703793356,0.7913491635960388,0.33847580703793356,1,3,0.5121722828424283,2,0,1,1,0,2,1,0,0,0,eng23
1263,4,HARİTA,6,1,eng,0.31308229432699825,4.0,0.28506620294828056,0.6349802804249733,0.2203595839028151,0.5264793623950486,0.28506620294828056,1.3048030754943336,0.31308229432699825,4,1,0.5580300979463781,2,0,1,1,0,1,1,0,0,1,eng23
1264,4,FIRIN,7,1,eng,0.6122989307190158,2.0,0.21217400787210836,0.6143465090008547,0.3553601790881261,0.4870627829494436,0.21217400787210836,1.3134611587140146,0.6122989307190158,2,4,0.5128148608071013,2,0,1,1,0,2,1,1,0,0,eng23
1265,4,SİLGİ,8,1,eng,0.4265112590925666,3.0,0.3830295564092362,0.5431598538498352,0.32876697512623626,0.4603746191003083,0.3830295564092362,2.124947533813541,0.4265112590925666,3,4,0.5247152510899027,2,1,1,0,1,1,0,0,0,8,eng23
1266,4,MEKTUP,9,0,eng,0.531413672102889,8.0,0.36239623619342476,0.6008554920994476,0.1545930511591278,0.581297765512765,0.36239623619342476,2.128168909492385,0.36239623619342476,1,7,0.6418933373945371,2,1,1,0,1,1,0,0,0,7,eng23
1267,4,PARA,10,1,eng,0.42133583163229127,9.0,0.3283978944831216,0.5756505052237617,0.25002614003712914,0.4956916626617536,0.3283978944831216,1.2795325204824217,0.4072161704521243,2,7,0.5656934980624435,3,0,0,1,0,0,4,0,0,5,eng23
1268,4,KUTU,11,0,eng,0.808938780912267,6.0,0.36502025028410534,0.5725210124614968,0.3444287230749407,0.4410978170109833,0.36502025028410534,1.6583700531812238,0.3957480763403479,4,6,0.5132427298490077,3,0,1,1,0,2,1,1,0,0,eng23
1269,4,ZEMİN,12,0,eng,0.7799382870425406,8.0,0.3050256329153812,0.6304930393341674,0.2570101725150554,0.4993823187716816,0.3050256329153812,1.9598273225867793,0.3050256329153812,1,10,0.5817780530301743,3,1,0,1,1,0,2,0,0,3,eng23
1270,4,KASA,13,0,eng,0.60207201097775,3.0,0.17292068355874507,0.5985672272922027,0.31348689847910405,0.46419932238561246,0.17292068355874507,1.6345213093001631,0.60207201097775,3,9,0.5248689144350756,3,0,0,1,0,0,4,1,0,5,eng23
1271,4,ÇORAP,14,1,eng,0.7259905593396109,12.0,0.5221174508039267,0.5184032346669346,0.4011797445744885,0.44911779675333463,0.5221174508039267,1.9453865005240458,0.6721658308899058,3,10,0.44690375063083354,3,0,0,1,0,0,4,1,1,5,eng23
1272,4,BAHÇE,15,0,eng,0.9242042644743286,11.0,0.4082691226625164,0.5631906802358883,0.27078518714875643,0.5385430395300136,0.4082691226625164,2.28886149989949,0.4555404593460384,3,11,0.5460230219015957,3,1,0,1,1,0,2,1,0,3,eng23
1273,4,MARKET,16,1,eng,0.7216362036201042,3.0,0.42616662481035583,0.661588613515214,0.4961198376387907,0.44883190777336257,0.42616662481035583,1.985256546140131,0.7216362036201042,3,12,0.41355098904864906,3,0,0,1,0,0,4,1,0,5,eng23
1274,4,SIRA,17,0,eng,0.24573466174940206,16.0,0.04963276350244188,0.7942750085042922,0.08842524663525465,0.6643606124184349,0.04963276350244188,2.800376342650196,0.13598442188087762,2,14,0.6825964872963954,3,0,1,1,0,1,1,0,0,1,eng23
1281,1,ŞİŞE,1,1,eng,,,,0.7230070534248779,,0.4430545900387627,,0.0,1.0,0,0,1.0,1,1,1,1,1,1,1,0,0,0,eng22
1282,1,SARI,2,1,eng,0.16511979017404738,1.0,0.16511979017404738,0.6625437104632184,0.16511979017404738,0.5918417239126748,0.16511979017404738,0.0,0.16511979017404738,1,0,0.7230070534248779,1,1,1,0,1,1,0,0,0,2,eng22
1283,1,AĞAÇ,3,0,eng,0.6440032611822291,2.0,0.20962666624132295,0.5935678695416879,0.426814963711776,0.3876939491405167,0.20962666624132295,0.16511979017404738,0.6440032611822291,2,0,0.5426305740164565,1,1,1,0,1,1,0,0,0,9,eng22
1284,1,KALEM,4,0,eng,0.42908288592068916,1.0,0.42908288592068916,0.5744006171509854,0.3037269563532354,0.47955869715634536,0.42908288592068916,1.0187497175975992,0.42908288592068916,1,2,0.5584977299205535,1,1,0,1,1,0,2,0,0,8,eng22
1285,1,KÖPEK,5,0,eng,0.6954360267136221,2.0,0.37362473772533766,0.5705540043584607,0.46249877225553065,0.45271324117921996,0.37362473772533766,1.9299305866573053,0.6954360267136221,2,2,0.4638834872555738,2,0,1,1,0,1,1,0,0,6,eng22
1286,1,BARDAK,6,0,eng,0.9133266973789964,5.0,0.37934941818911777,0.5510185103491689,0.5306222719406178,0.3833408153203779,0.37934941818911777,2.13684481012932,0.7102854000778898,3,2,0.47256684093253243,2,1,1,0,1,1,0,1,0,2,eng22
1287,1,ÇANTA,7,1,eng,0.7290655094278011,6.0,0.4930966381115681,0.510277047320301,0.38580143969810504,0.4559669582010504,0.4930966381115681,2.9239395403430453,0.4944838721428647,2,4,0.48979406390269786,2,0,1,0,0,1,0,0,0,5,eng22
1288,1,KAĞIT,8,0,eng,0.8790552457670859,5.0,0.6540926245962044,0.5243574225822167,0.7101919990920902,0.37601869661186405,0.6540926245962044,2.445076562015772,0.7632916113080702,2,5,0.3788203423957546,2,1,1,0,1,1,0,0,0,9,eng22
1289,1,MASA,9,0,eng,0.5064377657308211,2.0,0.41702465629263336,0.6035870547630846,0.41207812869862465,0.4700771718100444,0.41702465629263336,3.349515300570274,0.5064377657308211,2,6,0.5061330767230965,2,1,1,1,1,1,1,0,0,0,eng22
1290,1,ÖLÇEK,10,0,eng,0.462612321243832,7.0,0.1693859104078601,0.6459940298842575,0.1765022811008338,0.518977993595976,0.1693859104078601,3.3010876705042866,0.36686193996346983,2,7,0.612649924093138,3,0,0,1,0,0,2,0,0,1,eng22
1291,1,EKRAN,11,0,eng,0.17971877537199893,1.0,0.17971877537199893,0.6948615762078129,0.11516698199918766,0.6134132707804656,0.17971877537199893,2.2119523768728673,0.17971877537199893,1,9,0.6538320825362709,3,0,0,1,0,0,2,1,1,1,eng22
1292,1,PARK,12,0,eng,0.5999582642389087,9.0,0.06923379954979036,0.670805029669565,0.23437926444138082,0.4896604620509232,0.06923379954979036,1.3349560684668287,0.27240773772874083,3,8,0.579752509538383,3,0,0,1,0,0,2,0,0,3,eng22
1293,1,BEYİN,13,1,eng,0.7030623490479981,8.0,0.2666543944223026,0.5983710920205771,0.32178328641226916,0.4406945836155577,0.2666543944223026,1.0533767390292161,0.5113822943249875,4,8,0.5190660008506431,3,0,1,1,0,1,1,0,0,6,eng22
1294,1,KALE,14,0,eng,0.5201944127892401,10.0,0.37316492997265727,0.6593307042668689,0.272710564359426,0.5338335573446249,0.37316492997265727,1.1548955164743389,0.4948033738522656,2,11,0.5301999043084471,3,1,1,1,1,1,1,0,0,0,eng22
1295,1,RAKAM,15,0,eng,0.5927579372620249,7.0,0.04510067835094734,0.5826329974829122,0.23942158940495034,0.49171805220036857,0.04510067835094734,1.3929947843787978,0.4029670298152104,2,12,0.6152870608481331,3,1,0,1,1,0,2,0,0,8,eng22
1296,1,YAZI,16,0,eng,0.7730691951070705,12.0,0.7057482398165602,0.5703118620582901,0.343916618150416,0.48924857859880655,0.7057482398165602,1.6681020853823378,0.7057482398165602,1,14,0.5010184077225348,3,1,0,1,1,0,2,1,1,8,eng22
1297,1,BİNA,17,0,eng,0.526662887280119,5.0,0.15997577185003473,0.6501225167174247,0.2781373255589726,0.5160907854233125,0.15997577185003473,2.2517373625241093,0.3183272189245442,4,12,0.5888777184293654,3,0,0,1,0,0,2,0,0,3,eng22
1298,1,KOLAY,18,0,eng,0.4734206706671342,10.0,0.21757328697261005,0.7007586271454835,0.21383420589667348,0.5668714476453598,0.21757328697261005,1.534430092649179,0.28700924183537696,2,15,0.5727443130688423,3,0,0,1,0,0,1,0,0,7,eng22
1299,2,KISA,1,0,eng,,,,0.7430348821968645,,0.6905703219602009,,0.0,1.0,0,0,1.0,1,1,1,1,1,1,1,0,0,7,eng22
1300,2,KAŞIK,2,1,eng,0.1243362218240441,1.0,0.1243362218240441,0.5169947414820028,0.1243362218240441,0.35888898720471096,0.1243362218240441,0.0,0.1243362218240441,1,0,0.7430348821968645,1,1,1,0,1,2,0,0,0,2,eng22
1301,2,KEDİ,3,1,eng,0.83247450901758,1.0,0.83247450901758,0.4230536531519222,0.46210140320159726,0.4164052025000641,0.83247450901758,0.1243362218240441,0.83247450901758,1,1,0.5883573319213726,1,1,0,0,1,0,0,0,0,6,eng22
1302,2,TERLİK,4,0,eng,0.6789120984624636,1.0,0.6789120984624636,0.5163376770312009,0.5488004219547652,0.38856671901900497,0.6789120984624636,1.0485390282272387,0.6789120984624636,1,2,0.4595281576615189,1,1,1,0,1,1,0,0,0,5,eng22
1303,2,ELMA,5,0,eng,0.710909757728838,3.0,0.4192738136834496,0.6473521021029105,0.47146659270216984,0.48588171299461647,0.4192738136834496,2.694940294091534,0.710909757728838,3,1,0.49090565157947164,2,1,1,0,1,2,0,1,0,2,eng22
1304,2,KOLTUK,6,0,eng,0.2597987541429509,2.0,0.1048976440344781,0.6778980510221626,0.16718735589256822,0.5988985160135932,0.1048976440344781,3.9261182357497315,0.2597987541429509,2,3,0.6288756065588261,2,0,1,0,0,1,0,0,0,3,eng22
1305,2,TABAK,7,0,eng,0.9312959692780304,5.0,0.24766921532422653,0.5835906691320908,0.5604308940710443,0.4033503227230365,0.24766921532422653,2.345767232107212,0.696091259952675,3,3,0.4800764226980143,2,1,1,0,1,2,0,1,0,2,eng22
1306,2,CÜZDAN,8,0,eng,0.8193907759305923,4.0,0.5042465281180626,0.5591469151791977,0.48146734066069874,0.4158510718419939,0.5042465281180626,2.196146817931086,0.8193907759305923,4,3,0.5032042697273054,2,1,1,0,1,1,0,1,0,5,eng22
1307,2,BÜYÜK,9,0,eng,0.5207710106964843,8.0,0.2985866110533916,0.6246687925162542,0.2790042915940473,0.4935103628013273,0.2985866110533916,1.7616353296103475,0.3613344312106457,4,4,0.5622299827907729,2,1,1,1,1,1,1,0,0,7,eng22
1308,2,KAPI,10,0,eng,0.6490652151450355,2.0,0.29598254673402624,0.5813823134683718,0.36589427585942186,0.4613278675303957,0.29598254673402624,1.6382448356733856,0.6490652151450355,2,7,0.47606786555636393,3,0,0,1,0,0,3,0,0,0,eng22
1309,2,GRUP,11,0,eng,0.502224383114703,7.0,0.3518004809128885,0.6018405741886306,0.22027840214432431,0.4900716269019113,0.3518004809128885,2.4823675311023417,0.3518004809128885,1,9,0.5661204857775819,3,0,0,1,0,0,2,0,0,1,eng22
1310,2,DEFTER,12,0,eng,0.627572112708787,4.0,0.20722865546321656,0.678789364125658,0.3130352248251641,0.501309742136886,0.20722865546321656,1.921361142351341,0.627572112708787,4,7,0.5516566351621619,3,0,0,1,0,0,1,0,0,8,eng22
1311,2,SPOR,13,0,eng,0.5270647491536371,9.0,0.09651783689816874,0.6740842747237661,0.2200731571199755,0.5786846161993418,0.09651783689816874,1.526359368104633,0.5263829283054188,2,10,0.578519939932086,3,0,0,1,0,0,2,1,0,1,eng22
1312,2,TOPLU,14,0,eng,0.4690134993133757,13.0,0.18524182394017147,0.63327304712599,0.2642036233675971,0.5264844724808126,0.18524182394017147,1.4973036495125152,0.3821091830560145,3,10,0.537935669261342,3,1,1,1,1,1,1,0,0,7,eng22
1313,2,SEHPA,15,0,eng,0.8855161527891529,13.0,0.30747062185491775,0.4738413500284825,0.408495606405614,0.41180947348554486,0.30747062185491775,1.6776089196937711,0.4945097639935926,3,11,0.5448389584854896,3,0,0,1,0,0,3,0,0,0,eng22
1314,2,ŞİŞE,16,0,eng,0.7647121882014548,14.0,0.7635464497441882,0.501605318305949,0.20514084311181505,0.581847490285063,0.7635464497441882,1.4668899084688056,0.7635464497441882,1,14,0.6354398198143455,3,0,0,1,0,0,3,1,1,0,eng22
1315,2,İLAÇ,17,0,eng,0.5590760257125165,13.0,0.4800476716497196,0.6109645306716565,0.2960942308523508,0.5112268852074404,0.4800476716497196,1.4689879375985477,0.4800476716497196,1,15,0.553869668942678,3,0,0,1,0,0,1,0,0,4,eng22
1316,3,ÇİÇEK,1,1,eng,,,,0.6027149440259818,,0.506054676251201,,0.0,1.0,0,0,1.0,1,1,0,0,1,0,0,0,0,2,eng22
1317,3,TOPRAK,2,1,eng,0.5057224384953654,1.0,0.5057224384953654,0.5360748218865629,0.5057224384953654,0.509044134857414,0.5057224384953654,0.0,0.5057224384953654,1,0,0.6027149440259818,1,1,0,1,1,0,1,0,0,4,eng22
1318,3,FIRIN,3,1,eng,0.3643275149525329,1.0,0.3643275149525329,0.5383698756412856,0.28520467431439406,0.4315989365523728,0.3643275149525329,0.5057224384953654,0.3643275149525329,1,1,0.6168125307695003,1,1,1,1,1,3,2,0,0,0,eng22
1319,3,HALI,4,0,eng,0.5062073470369703,1.0,0.5062073470369703,0.5198542170325098,0.33294916439286276,0.4874030780610136,0.5062073470369703,1.0761317871241536,0.5062073470369703,1,2,0.5439208807573066,1,1,0,0,1,0,0,0,0,5,eng22
1320,3,YATAK,5,0,eng,0.5074386632811121,1.0,0.5074386632811121,0.5412020784824567,0.3423846439582457,0.4728618745339933,0.5074386632811121,2.074979280302742,0.5074386632811121,1,3,0.5118659185560055,2,0,1,1,0,1,3,0,0,3,eng22
1321,3,KÜÇÜK,6,0,eng,0.7185540294184415,5.0,0.3466276637668677,0.6019333660269257,0.42693230689347283,0.4551329918334148,0.3466276637668677,2.2711494416839257,0.4014299143246429,3,2,0.5253603830418432,2,0,1,1,0,1,1,0,0,7,eng22
1322,3,LAMBA,7,0,eng,0.6878179095248221,4.0,0.2602424259120512,0.45171498534266386,0.40509500637325113,0.3851170875016702,0.2602424259120512,2.45869722947697,0.6878179095248221,4,2,0.48250705328570764,2,1,1,1,1,3,2,1,0,0,eng22
1323,3,DÜĞME,8,0,eng,0.9823856774645168,1.0,0.9823856774645168,0.4206496148032123,0.6610195518539597,0.3172495454572678,0.9823856774645168,2.2111105212357676,0.9823856774645168,1,6,0.3751662636001518,2,1,1,1,1,3,2,1,1,0,eng22
1324,3,CAM,9,0,eng,0.6049927222974112,1.0,0.6049927222974112,0.5757449795184721,0.38940641680862215,0.5043061119563537,0.6049927222974112,3.0561144949639965,0.6049927222974112,1,7,0.5096106922821309,2,1,1,1,1,3,2,1,1,0,eng22
1325,3,KALAS,10,0,eng,0.5165683044205327,4.0,0.09685968246760344,0.6872671817762125,0.19226205997208307,0.605663283435403,0.09685968246760344,3.1284533727747226,0.5165683044205327,4,5,0.6272771325718838,3,0,1,1,0,1,1,1,0,7,eng22
1326,3,DUVAR,11,0,eng,0.5635340067284889,3.0,0.22795832464146074,0.5889509453003987,0.4200981035877086,0.4399151173000654,0.22795832464146074,2.497611310577245,0.5635340067284889,3,7,0.4942478826400626,3,0,1,1,0,1,3,0,0,3,eng22
1327,3,SALÇA,12,0,eng,0.9607896067400263,4.0,0.44545718329862005,0.4711289173029001,0.6018369185792036,0.40094492453018316,0.44545718329862005,2.0535913588881085,0.9607896067400263,4,7,0.44000261340670976,3,1,1,1,1,3,2,1,0,0,eng22
1328,3,KOKU,13,0,eng,0.7679684291054976,1.0,0.7679684291054976,0.5397358971819034,0.41176817194496584,0.5121136130336545,0.7679684291054976,2.0266444770573075,0.7679684291054976,1,11,0.5950903634438118,3,1,0,1,1,0,1,0,0,4,eng22
1329,3,PARKUR,14,0,eng,0.41385861769400684,7.0,0.15750480766813932,0.6464233757284312,0.21084333268610692,0.5242370536991098,0.15750480766813932,2.2463746985450177,0.2620478920563535,3,10,0.5882220438566064,3,0,1,1,0,1,3,1,0,3,eng22
1330,3,ODA,15,1,eng,0.7480478841854629,10.0,0.2103539304892988,0.5845463962311916,0.14452479975873259,0.559878714230021,0.2103539304892988,2.261795539196654,0.2413366060924659,4,10,0.6089146658073361,3,0,1,1,0,1,3,1,1,3,eng22
1331,3,DOLAP,16,1,eng,0.934522940334041,8.0,0.4934739458063485,0.5134506730339095,0.6225482465961238,0.36017988753214947,0.4934739458063485,1.6544672555066797,0.7797495872476483,4,11,0.4237206951195842,3,1,1,1,1,3,2,1,0,0,eng22
1332,3,KİTAP,17,1,eng,0.6275266564175318,1.0,0.6275266564175318,0.5623768259397224,0.3193546674365533,0.5269685436453163,0.6275266564175318,2.1524354731403816,0.6275266564175318,1,15,0.5252264095113014,3,0,0,1,0,0,1,0,0,8,eng22
1333,4,SİLGİ,1,1,eng,,,,0.7190102720475051,,0.4993219151744067,,0.0,1.0,0,0,1.0,1,1,0,1,1,0,1,0,0,8,eng22
1334,4,SIRA,2,0,eng,0.17400912797612597,1.0,0.17400912797612597,0.6944258429087483,0.17400912797612597,0.6114355131330678,0.17400912797612597,0.0,0.17400912797612597,1,0,0.7190102720475051,1,1,0,1,1,0,1,0,0,1,eng22
1335,4,ZEMİN,3,1,eng,0.2447279106095894,2.0,0.09962009418798418,0.6766090076576375,0.17217400239878677,0.49239831511689736,0.09962009418798418,0.17400912797612597,0.2447279106095894,2,0,0.6929216978441768,1,1,1,1,1,1,1,0,0,3,eng22
1336,4,PARA,4,0,eng,0.4072161704521243,3.0,0.17043047953602236,0.6714370870673114,0.2566973595656787,0.5269369799909273,0.17043047953602236,0.5183571327736995,0.4072161704521243,3,0,0.5954806492123264,1,1,0,1,1,0,3,0,0,5,eng22
1337,4,FIRIN,5,0,eng,0.3830295564092362,4.0,0.13332205821462237,0.6232308588397514,0.23712663605408812,0.5000906433088443,0.13332205821462237,1.2884492114707355,0.3830295564092362,4,0,0.5967798123998787,2,0,1,1,0,2,1,0,0,0,eng22
1338,4,KALIP,6,0,eng,0.5305487251469482,3.0,0.3760697705037864,0.6040662490981423,0.33538690659604076,0.44713575987680865,0.3760697705037864,1.027972990240012,0.5305487251469482,3,2,0.5090951716459959,2,0,1,0,0,1,0,0,0,9,eng22
1339,4,BAHÇE,7,1,eng,0.4712827091989037,2.0,0.22192786004215398,0.6253381221769837,0.26545215769619385,0.520422128929646,0.22192786004215398,1.8386971650090849,0.4712827091989037,2,4,0.5562704266535934,2,1,1,1,1,1,1,1,0,3,eng22
1340,4,KUTU,8,0,eng,0.6188865632814411,2.0,0.3078966444328167,0.5769170936098598,0.3985154334508184,0.3998300782389297,0.3078966444328167,1.4966688330539086,0.6188865632814411,2,5,0.46276489531626386,2,0,1,1,0,2,1,1,0,0,eng22
1341,4,HALKA,9,0,eng,0.42133583163229127,5.0,0.3255837512663188,0.6174442501709769,0.22883995305932459,0.5186557285305617,0.3255837512663188,2.39181162379945,0.3255837512663188,1,7,0.6094944584176182,2,0,1,1,0,1,1,0,0,7,eng22
1342,4,ÇORAP,10,0,eng,0.7259905593396109,4.0,0.2592308117623375,0.6826608737697,0.4985936466613291,0.441869994269246,0.2592308117623375,1.739028965612333,0.7259905593396109,4,5,0.4234822265426471,3,1,0,1,1,0,3,0,0,5,eng22
1343,4,MEKTUP,11,0,eng,0.531413672102889,2.0,0.05638370469242686,0.716728202059967,0.2235423149232632,0.5505365034762515,0.05638370469242686,2.0996762541863725,0.531413672102889,2,8,0.5772341725582553,3,0,1,1,0,1,1,1,0,7,eng22
1344,4,HARİTA,12,0,eng,0.46457851757624713,4.0,0.06883563012778018,0.704577562360166,0.16759685647490197,0.5671709410416855,0.06883563012778018,2.122343017807385,0.46457851757624713,4,7,0.6157344197590835,3,1,0,1,1,0,1,0,0,1,eng22
1345,4,DERGİ,13,1,eng,0.3941588399247352,5.0,0.13114612730878486,0.6607910798965111,0.21283107052811467,0.5510378291931737,0.13114612730878486,1.0970283245890209,0.3551170103613303,2,10,0.6048463272961947,3,1,0,1,1,0,1,0,0,8,eng22
1346,4,TAHTA,14,1,eng,0.808938780912267,6.0,0.2025272670194464,0.6045391786825343,0.33872758788851476,0.44088782785438374,0.2025272670194464,0.7672640473966643,0.6705631921729135,4,9,0.4926360322214982,3,0,1,1,0,2,1,0,0,0,eng22
1347,4,TERAS,15,0,eng,0.9242042644743286,8.0,0.33847580703793356,0.6090963907898845,0.23221444415473255,0.5215304768700264,0.33847580703793356,1.3010160316182418,0.33847580703793356,1,13,0.5996094693832239,3,1,1,1,1,1,1,0,0,3,eng22
1348,4,KASA,16,0,eng,0.60207201097775,12.0,0.2561213107564255,0.5304256686142959,0.18558933871359687,0.5231919076394751,0.2561213107564255,1.3134611587140146,0.32879602048655415,2,13,0.5854440660072501,3,1,0,1,1,0,3,0,0,5,eng22
1349,4,MARKET,17,0,eng,0.7216362036201042,1.0,0.7216362036201042,0.5279207704137966,0.47993654952431875,0.4040881093577964,0.7216362036201042,1.376696590125646,0.7216362036201042,1,15,0.3929502826626168,3,1,0,1,1,0,3,1,1,5,eng22
1356,1,ÇANTA,1,1,eng,,,,0.7058590120423334,,0.48299772011330266,,0.0,1.0,0,0,1.0,1,1,0,0,1,0,0,0,0,5,eng21
1357,1,KALE,2,1,eng,0.20492638778021305,1.0,0.20492638778021305,0.6623813979031802,0.20492638778021305,0.5705615195937841,0.20492638778021305,0.0,0.20492638778021305,1,0,0.7058590120423334,1,1,1,1,1,1,1,0,0,0,eng21
1358,1,KAĞIT,3,1,eng,0.6540926245962044,2.0,0.17425219913190834,0.4895984459487046,0.4141724118640564,0.38970271378062393,0.17425219913190834,0.20492638778021305,0.6540926245962044,2,0,0.5605323628302311,1,1,0,0,2,0,0,0,0,9,eng21
1359,1,AĞAÇ,4,1,eng,0.8790552457670859,1.0,0.8790552457670859,0.42841662919849255,0.5348365114396607,0.41536601459481903,0.8790552457670859,1.0332712115083258,0.8790552457670859,1,2,0.44720013416649373,1,1,0,0,2,0,0,1,1,9,eng21
1360,1,ÖLÇEK,5,0,eng,0.462612321243832,1.0,0.462612321243832,0.5984598875449687,0.3072647321864399,0.499771957786057,0.462612321243832,2.637780745827308,0.462612321243832,1,3,0.5469914666858475,2,0,1,1,0,1,1,0,0,1,eng21
1361,1,MASA,6,0,eng,0.5064377657308211,5.0,0.1693859104078601,0.5980698650568252,0.30194307959979294,0.473294406120255,0.1693859104078601,2.4530032598350733,0.41702465629263336,3,2,0.5758656808876852,2,1,1,1,1,1,1,1,0,0,eng21
1362,1,BARDAK,7,0,eng,0.7632916113080702,4.0,0.4671443744649894,0.5411514407043877,0.4901710550467315,0.4465465776274712,0.4671443744649894,2.5742359355798348,0.7632916113080702,4,2,0.4377942941134597,2,0,1,1,0,1,1,0,0,2,eng21
1363,1,BEYİN,8,0,eng,0.5113822943249875,2.0,0.4806540371260736,0.5391252621886224,0.3970207979784675,0.42986948609331854,0.4806540371260736,2.280189271078532,0.5113822943249875,2,5,0.5012323759432471,2,0,1,1,0,1,1,0,0,6,eng21
1364,1,RAKAM,9,0,eng,0.5927579372620249,6.0,0.4029670298152104,0.6054542867440573,0.3582673856119388,0.46721569615522707,0.4029670298152104,2.094173378265728,0.496776122821186,4,4,0.5162155332384522,2,0,1,1,0,1,2,0,0,8,eng21
1365,1,BİNA,10,0,eng,0.41104945982499863,6.0,0.21033660568895937,0.6686088218975852,0.25730915783838304,0.4874633822699598,0.21033660568895937,2.4087982145048024,0.32865309713256186,4,5,0.5692212415877038,3,0,0,1,0,0,2,0,0,3,eng21
1366,1,EKRAN,11,1,eng,0.17971877537199893,6.0,0.10864459957961448,0.6867806894564927,0.1318175795678887,0.6145530164588844,0.10864459957961448,1.819131548793055,0.16685243706845343,2,8,0.6340112446144535,3,0,1,1,0,1,1,0,0,1,eng21
1367,1,YAZI,12,1,eng,0.7057482398165602,3.0,0.11523388533427606,0.6513567310924535,0.32924764957716296,0.5046308072755535,0.11523388533427606,1.339688051005632,0.7057482398165602,3,8,0.5199126808321057,3,0,1,1,0,1,2,1,0,8,eng21
1368,1,KÖPEK,13,0,eng,0.7030623490479981,5.0,0.22948143705468504,0.6010169576592179,0.3266980432412878,0.45148217097137744,0.22948143705468504,1.466791539337898,0.3241388164109434,4,8,0.5700981254200767,3,0,1,1,0,1,1,0,0,6,eng21
1369,1,PARK,14,0,eng,0.5999582642389087,10.0,0.3129821028808094,0.6704138037247691,0.23362698994243658,0.5434020626838308,0.3129821028808094,0.9901433075114231,0.526662887280119,4,9,0.540859592140944,3,0,0,1,0,0,2,1,0,3,eng21
1370,1,KOLAY,15,0,eng,0.4734206706671342,12.0,0.042956397263476304,0.7153155879285608,0.15826324888890622,0.5747404952746892,0.042956397263476304,0.9696968056207433,0.28700924183537696,3,11,0.6246104091147452,3,0,0,1,0,0,1,0,0,7,eng21
1371,1,ŞİŞE,16,0,eng,0.9133266973789964,9.0,0.13463222087784976,0.6622995571857426,0.22078542649894942,0.5426535868811809,0.13463222087784976,1.2382034602172103,0.6341294391066079,3,12,0.5646431296980725,3,1,1,1,1,1,1,0,0,0,eng21
1372,1,SARI,17,0,eng,0.4571760663374574,14.0,0.16511979017404738,0.6273552849246153,0.1413101679606393,0.5796312833055167,0.16511979017404738,1.5055197152913808,0.16511979017404738,1,15,0.6183865151155125,3,0,1,1,0,1,1,0,0,2,eng21
1373,1,KALEM,18,0,eng,0.7730691951070705,6.0,0.282269608051793,0.6764704732470659,0.22682366518343872,0.5436035335319322,0.282269608051793,0.784130458112112,0.282269608051793,1,16,0.5686812798859393,3,0,1,1,0,1,2,0,0,8,eng21
1374,2,DEFTER,1,0,eng,,,,0.7036092729306616,,0.5791896375689245,,0.0,1.0,0,0,1.0,1,1,0,0,1,0,0,0,0,8,eng21
1375,2,BÜYÜK,2,1,eng,0.2104612106089422,1.0,0.2104612106089422,0.6281386962300506,0.2104612106089422,0.5346912855462178,0.2104612106089422,0.0,0.2104612106089422,1,0,0.7036092729306616,1,1,1,1,1,1,1,0,0,7,eng21
1376,2,KAŞIK,3,0,eng,0.39321858833781304,2.0,0.27468426196019957,0.4816189971184829,0.33395142514900633,0.37722698839957214,0.27468426196019957,0.2104612106089422,0.39321858833781304,2,0,0.5774486496089458,1,1,1,0,1,2,0,0,0,2,eng21
1377,2,ŞİŞE,4,0,eng,0.7647121882014548,1.0,0.7647121882014548,0.5342009710982749,0.32427886296726366,0.4692111635766495,0.7647121882014548,0.8783640609069548,0.7647121882014548,1,2,0.5769068195613578,1,1,1,1,1,1,1,0,0,0,eng21
1378,2,KAPI,5,0,eng,0.3506965628825089,2.0,0.3272292429471809,0.647461616219918,0.3088409907970904,0.4985804926275288,0.3272292429471809,1.8512006498087459,0.3506965628825089,2,2,0.526489609049664,2,1,1,1,1,1,1,1,1,0,eng21
1379,2,ELMA,6,0,eng,0.710909757728838,3.0,0.11185007485085907,0.6392945010071016,0.3481959120947492,0.4995502564448374,0.11185007485085907,2.151951590533361,0.710909757728838,3,2,0.5277812271158541,2,1,1,0,1,2,0,1,0,2,eng21
1380,2,TABAK,7,0,eng,0.9312959692780304,4.0,0.46841613079330613,0.6060220129203473,0.5562661679274872,0.41988286815049936,0.46841613079330613,2.6427951407714216,0.9312959692780304,4,2,0.4123615538317862,2,1,1,0,1,2,0,1,1,2,eng21
1381,2,KISA,8,0,eng,0.5207710106964843,6.0,0.09724092333483803,0.713951883080157,0.10096084959152399,0.6006633114630775,0.09724092333483803,2.3302354873275783,0.12595479262543527,2,5,0.6658867575273126,2,1,1,1,1,1,1,0,0,7,eng21
1382,2,KEDİ,9,1,eng,0.83247450901758,6.0,0.09172829738561449,0.6788671230381722,0.4962528888117158,0.43940943563467616,0.09172829738561449,1.2755840969541272,0.6297280067709563,3,5,0.45311074664312256,2,0,1,0,0,1,0,0,0,6,eng21
1383,2,TOPLU,10,0,eng,0.4690134993133757,2.0,0.23672253868890353,0.6150131272125476,0.24098664785005858,0.5149061815534177,0.23672253868890353,1.871750045917134,0.4690134993133757,2,7,0.5784468421616646,3,1,1,1,1,1,1,1,0,7,eng21
1384,2,SPOR,11,0,eng,0.26721085646330167,9.0,0.18524182394017147,0.6744440540110472,0.08226412489608885,0.5862771605745641,0.18524182394017147,1.538779367146533,0.18524182394017147,1,9,0.6717831281594641,3,0,0,1,0,0,2,0,0,1,eng21
1385,2,SEHPA,12,1,eng,0.8855161527891529,9.0,0.10302136975117399,0.6106761944792638,0.3990823465450689,0.3910764996465721,0.10302136975117399,1.0677330587909863,0.7842057585918668,3,8,0.5187124662725243,3,1,1,1,1,1,1,0,0,0,eng21
1386,2,TERLİK,13,0,eng,0.8204713648780362,1.0,0.8204713648780362,0.4914527603247244,0.5356719166065674,0.350234438279143,0.8204713648780362,1.6459400575960337,0.8204713648780362,1,11,0.39409044183528874,3,0,0,1,0,0,2,0,0,5,eng21
1387,2,GRUP,14,0,eng,0.5263829283054188,3.0,0.502224383114703,0.6419996385278205,0.3585708502339625,0.5061956627241573,0.502224383114703,2.282512182801249,0.5263829283054188,3,10,0.47568727623574325,3,0,0,1,0,0,2,1,0,1,eng21
1388,2,KOLTUK,15,1,eng,0.7434975641506587,3.0,0.09120182909373199,0.7421208990177314,0.23026168116314905,0.6414699180586151,0.09120182909373199,2.797457887742446,0.7434975641506587,3,11,0.6334007225661431,3,0,0,1,0,0,1,0,0,3,eng21
1389,2,İLAÇ,16,1,eng,0.5590760257125165,3.0,0.029203119997723542,0.6843240179562085,0.24849879598326644,0.5598784166163269,0.029203119997723542,2.7354869879195576,0.5590760257125165,3,12,0.5917093329828008,3,0,0,1,0,0,1,0,0,4,eng21
1390,2,CÜZDAN,17,0,eng,0.874047692873124,5.0,0.5041218058236524,0.6032303115993252,0.5015150461387864,0.4665153741392333,0.5041218058236524,1.743048932167667,0.8193907759305923,4,12,0.50798445492463,3,0,0,1,0,0,2,1,0,5,eng21
1391,3,HALI,1,0,eng,,,,0.5882061841500025,,0.5412777412238171,,0.0,1.0,0,0,1.0,1,1,0,0,1,0,0,0,0,5,eng21
1392,3,DÜĞME,2,0,eng,0.5504703171328947,1.0,0.5504703171328947,0.5606526595804043,0.5504703171328947,0.44915790065213423,0.5504703171328947,0.0,0.5504703171328947,1,0,0.5882061841500025,1,1,1,1,1,3,2,0,0,0,eng21
1393,3,ODA,3,0,eng,0.22252433529445556,1.0,0.22252433529445556,0.6392836664912802,0.17431018402883375,0.5436571149910923,0.22252433529445556,0.5504703171328947,0.22252433529445556,1,1,0.6871489766334973,1,1,1,1,1,1,2,0,0,3,eng21
1394,3,TOPRAK,4,0,eng,0.2465664018231593,3.0,0.17086017070388432,0.5991414378934782,0.18862989078282452,0.5363246849954795,0.17086017070388432,0.8990906851905623,0.2465664018231593,3,0,0.6157118355862446,1,1,0,1,1,0,1,0,0,4,eng21
1395,3,ÇİÇEK,5,1,eng,0.5057224384953654,1.0,0.5057224384953654,0.5122725501883016,0.29303281780100265,0.5405980362674203,0.5057224384953654,1.4649803575390357,0.5057224384953654,1,3,0.587704682555244,2,0,1,0,0,1,0,0,0,2,eng21
1396,3,DOLAP,6,0,eng,0.934522940334041,4.0,0.4722767057524929,0.481352959889378,0.5303493155651513,0.3331909569652092,0.4722767057524929,1.4679051327053219,0.934522940334041,4,1,0.43047328593478407,2,1,1,1,1,3,2,1,0,0,eng21
1397,3,YATAK,7,0,eng,0.7480478841854629,4.0,0.6552667645315771,0.5405361390671719,0.46920715708577665,0.41244394199385226,0.6552667645315771,1.8895550197985456,0.7480478841854629,4,2,0.4385256630796861,2,1,1,1,1,1,2,1,0,3,eng21
1398,3,FIRIN,8,0,eng,0.8174243470308453,2.0,0.42592524188505293,0.5100403459868864,0.4035045790574068,0.45859213162943646,0.42592524188505293,2.2652897749937404,0.8174243470308453,2,5,0.47890847552344684,2,1,1,1,1,3,2,1,0,0,eng21
1399,3,LAMBA,9,0,eng,0.9823856774645168,7.0,0.6878179095248221,0.4782237038031336,0.509705278344452,0.3786393322773073,0.6878179095248221,2.792465290837943,0.7685736311244618,3,5,0.42853396193580373,2,1,1,1,1,3,2,1,1,0,eng21
1400,3,SALÇA,10,0,eng,0.9607896067400263,8.0,0.8145371713165205,0.48491975920284847,0.7053042260990876,0.3606179177057649,0.8145371713165205,3.824253346752989,0.9575447667524211,2,7,0.3346476389251011,3,1,1,1,1,3,2,1,1,0,eng21
1401,3,PARKUR,11,0,eng,0.5442373948670083,5.0,0.2577027320836103,0.6301399609918323,0.3460777945507882,0.5175407366510171,0.2577027320836103,3.8622608961657,0.41385861769400684,2,8,0.5812953150097586,3,1,1,1,1,1,2,1,0,3,eng21
1402,3,DUVAR,12,0,eng,0.7200170034852962,6.0,0.2620478920563535,0.6042373878993861,0.3765297925142054,0.4490110123909792,0.2620478920563535,3.23559191155064,0.5543222271122044,3,8,0.526395910002411,3,1,1,1,1,1,2,1,1,3,eng21
1403,3,KİTAP,13,0,eng,0.6275266564175318,7.0,0.3126929017723875,0.692306402804792,0.21433520170009776,0.580027448013218,0.3126929017723875,2.7479258235613155,0.3126929017723875,1,11,0.5727595572947369,3,0,0,1,0,0,1,0,0,8,eng21
1404,3,CAM,14,0,eng,0.6049927222974112,12.0,0.061728587671636026,0.7171604647281147,0.3444589809536032,0.5375258655111057,0.061728587671636026,1.6902005031061131,0.49834917923103184,4,9,0.5604704772083593,3,1,1,1,1,3,2,1,0,0,eng21
1405,3,KALAS,15,1,eng,0.3044155480932671,10.0,0.09685968246760344,0.6482728209398755,0.19195197415363108,0.5602322357064646,0.09685968246760344,1.5602412526566678,0.22795832464146074,3,11,0.6253874438664484,3,0,0,1,0,0,2,0,0,7,eng21
1406,3,KÜÇÜK,16,1,eng,0.7185540294184415,11.0,0.5165683044205327,0.5137491063277932,0.31538595630204036,0.47974397515405587,0.5165683044205327,1.2871245073328934,0.5165683044205327,1,14,0.5267275553708526,3,0,0,1,0,0,2,1,1,7,eng21
1407,3,KOKU,17,0,eng,0.7679684291054976,7.0,0.483801849303868,0.6097599896119148,0.2556915301270682,0.5664912523799943,0.483801849303868,1.3747580484902366,0.483801849303868,1,15,0.5981250743670379,3,1,0,1,1,0,1,0,0,4,eng21
1408,4,HARİTA,1,0,eng,,,,0.704092453583661,,0.5960516113429218,,0.0,1.0,0,0,1.0,1,1,0,0,2,0,0,0,0,1,eng21
1409,4,TERAS,2,0,eng,0.2092665629199606,1.0,0.2092665629199606,0.7034290778775293,0.2092665629199606,0.49085471465772323,0.2092665629199606,0.0,0.2092665629199606,1,0,0.704092453583661,1,1,1,1,1,1,1,0,0,3,eng21
1410,4,SIRA,3,0,eng,0.08792184239253005,2.0,0.03938689500512195,0.7343487443353326,0.063654368698826,0.6378943640709724,0.03938689500512195,0.2092665629199606,0.08792184239253005,2,0,0.7318864157113011,1,1,0,0,2,0,0,1,0,1,eng21
1411,4,MEKTUP,4,0,eng,0.06883563012778018,3.0,0.06066751229053965,0.7325526427841933,0.056301533537146696,0.599016006956378,0.06066751229053965,0.33657530031761257,0.06883563012778018,3,0,0.7009427377512933,1,1,1,0,1,1,0,0,0,7,eng21
1412,4,ÇORAP,5,0,eng,0.4269492011430399,3.0,0.05638370469242686,0.6604242852092166,0.13609722270372257,0.4951863013036367,0.05638370469242686,0.5054799009290527,0.4269492011430399,3,1,0.6453391688803901,2,0,1,1,0,2,2,0,0,5,eng21
1413,4,ZEMİN,6,0,eng,0.7799382870425406,4.0,0.2867144584794895,0.588958271596247,0.35443261724982367,0.46061596873589283,0.2867144584794895,0.6659169824101359,0.7799382870425406,4,1,0.5023059891735691,2,1,1,1,1,1,1,1,0,3,eng21
1414,4,FIRIN,7,0,eng,0.46766602231624255,5.0,0.3767850345262588,0.6237103518239668,0.2742281995979412,0.5007285048421621,0.3767850345262588,0.7345957857243529,0.4273119086522751,2,4,0.5886122934820164,2,0,1,1,0,1,2,0,0,0,eng21
1415,4,HALKA,8,0,eng,0.531413672102889,4.0,0.13254603580841035,0.6583932115282978,0.30831591930357605,0.4730641760544275,0.13254603580841035,1.3792850487671702,0.531413672102889,4,3,0.5169532941625916,2,1,1,0,1,1,0,1,0,7,eng21
1416,4,KASA,9,0,eng,0.5221174508039267,4.0,0.21304607543417697,0.5542203592228436,0.2773509268688265,0.4557708440749285,0.21304607543417697,1.8552426643236124,0.5221174508039267,4,4,0.5386806445541246,2,0,1,1,0,2,2,1,0,5,eng21
1417,4,PARA,10,0,eng,0.60207201097775,1.0,0.60207201097775,0.5357179322966408,0.35913553167347595,0.48647728298156234,0.60207201097775,1.6233456187941304,0.60207201097775,1,8,0.5107044090883109,3,0,1,1,0,2,2,1,1,5,eng21
1418,4,TAHTA,11,0,eng,0.6705631921729135,6.0,0.2557476057021561,0.6149541815787462,0.38141546051415387,0.39452161294785304,0.2557476057021561,1.8577153864389486,0.6122989307190158,4,6,0.5077752266503213,3,0,1,1,0,1,2,1,0,0,eng21
1419,4,SİLGİ,12,0,eng,0.5408118683387342,7.0,0.4265112590925666,0.6209322872740162,0.37109511958418057,0.4616458095226075,0.4265112590925666,2.098155027682242,0.4265112590925666,1,10,0.5121968398044825,3,0,0,1,0,0,2,0,0,8,eng21
1420,4,KUTU,13,0,eng,0.808938780912267,2.0,0.21923152408049593,0.6116550271383275,0.4097383499590458,0.4199333744367898,0.21923152408049593,2.359590371142548,0.808938780912267,2,10,0.4922096653328055,3,0,1,1,0,1,2,1,0,0,eng21
1421,4,MARKET,14,0,eng,0.7216362036201042,5.0,0.30132479486025143,0.574298118554204,0.4720211189845399,0.41271931203825407,0.30132479486025143,2.482665590523715,0.6632277689878967,3,10,0.4979942405732284,3,0,1,1,0,2,2,1,0,5,eng21
1422,4,BAHÇE,15,0,eng,0.9242042644743286,13.0,0.42616662481035583,0.6272678747465481,0.3506369460641173,0.534831905744476,0.42616662481035583,2.639102403869324,0.5990619609063522,4,10,0.5031222632388056,3,1,1,1,1,1,1,0,0,3,eng21
1423,4,DERGİ,16,0,eng,0.3941588399247352,3.0,0.12195549148340473,0.7003214250418398,0.2799471657934984,0.5646676240442661,0.12195549148340473,1.8520220262778322,0.3941588399247352,3,12,0.5434984226939525,3,0,0,1,0,0,2,1,0,8,eng21
1424,4,KALIP,17,0,eng,0.7259905593396109,12.0,0.08000607142125885,0.7698063966491088,0.3149022254548915,0.5218602335125564,0.08000607142125885,1.9192760714768415,0.6188865632814411,4,12,0.5397630952408234,3,0,0,1,0,0,1,0,0,9,eng21
1431,1,PARK,1,1,soc,,,,0.7776537153812529,,0.6003011244810403,,0.0,1.0,0,0,1.0,1,1,0,1,1,0,1,0,0,3,soc20
1432,1,EKRAN,2,1,soc,0.06923379954979036,1.0,0.06923379954979036,0.7139253644411231,0.06923379954979036,0.6445620245191429,0.06923379954979036,0.0,0.06923379954979036,1,0,0.7776537153812529,1,1,1,0,1,1,0,0,0,1,soc20
1433,1,BARDAK,3,0,soc,0.1621720899227609,2.0,0.12098721353028635,0.660056744296319,0.14157965172652362,0.5008323636821641,0.12098721353028635,0.06923379954979036,0.1621720899227609,2,0,0.6604132768798614,1,1,0,1,1,0,1,0,0,2,soc20
1434,1,YAZI,4,1,soc,0.17840851920768158,1.0,0.17840851920768158,0.6436929065557258,0.15582896185815578,0.48469716713848776,0.17840851920768158,0.3523931030028376,0.17840851920768158,1,2,0.6225815061304987,1,1,1,1,1,1,1,0,0,8,soc20
1435,1,KÖPEK,5,0,soc,0.37934941818911777,2.0,0.22948143705468504,0.6311390796226903,0.24768351447332124,0.4910251315139058,0.22948143705468504,0.8198799885773049,0.37934941818911777,2,2,0.5573426126789638,2,0,1,1,0,1,1,0,0,6,soc20
1436,1,RAKAM,6,0,soc,0.7057482398165602,2.0,0.3241388164109434,0.5440427923828739,0.31166886344021705,0.4426735249178929,0.3241388164109434,1.0923815730847197,0.7057482398165602,2,3,0.47768071779507204,2,1,1,1,1,1,1,1,0,8,soc20
1437,1,KAĞIT,7,0,soc,0.7632916113080702,4.0,0.5927579372620249,0.5361660400792478,0.4926299936570544,0.37738424170164386,0.5927579372620249,2.0933195756151615,0.7632916113080702,4,2,0.4136846609507182,2,0,1,1,0,1,1,0,0,9,soc20
1438,1,ÖLÇEK,8,0,soc,0.496776122821186,2.0,0.36686193996346983,0.6475273987097134,0.3104838241364332,0.5032093247233749,0.36686193996346983,2.887305551560763,0.496776122821186,2,5,0.5446536218924958,2,1,1,0,1,1,0,0,0,1,soc20
1439,1,ÇANTA,9,0,soc,0.6540926245962044,2.0,0.09814947988187869,0.6323855266871513,0.3266889603804342,0.4857626283172043,0.09814947988187869,2.4023846249520258,0.6540926245962044,2,6,0.5187060571074529,2,0,1,0,0,1,0,0,0,5,soc20
1440,1,KALEM,10,1,soc,0.7730691951070705,6.0,0.36836082413049515,0.5596796042769652,0.45202853016903244,0.464890481628246,0.36836082413049515,2.396542231411458,0.6893193775666414,3,6,0.4614589852092926,3,1,1,1,1,1,1,1,0,8,soc20
1441,1,BEYİN,11,0,soc,0.7030623490479981,6.0,0.39902049243806387,0.5872636532770392,0.3554750427496778,0.48865626086226366,0.39902049243806387,2.503215375052924,0.4241782244223956,4,6,0.5245226078841299,3,0,1,1,0,1,1,0,0,6,soc20
1442,1,KOLAY,12,0,soc,0.4734206706671342,5.0,0.18410154805952028,0.6433741724825645,0.25802090652826626,0.547157781067728,0.18410154805952028,1.7431713924373915,0.28950066880510955,4,7,0.5887483710049315,3,0,0,1,0,0,1,0,0,7,soc20
1443,1,BİNA,13,0,soc,0.526662887280119,12.0,0.21757328697261005,0.5826820230987628,0.2643169899149769,0.49731038190507104,0.21757328697261005,1.5716326178475557,0.3183272189245442,2,10,0.5500036182383164,3,1,0,1,1,0,1,0,0,3,soc20
1444,1,AĞAÇ,14,0,soc,0.8790552457670859,7.0,0.41104945982499863,0.5043548174994081,0.3569111165019489,0.4319427720555319,0.41104945982499863,1.4608164381755426,0.42908288592068916,4,9,0.5080726428889764,3,0,1,1,0,1,1,0,0,9,soc20
1445,1,ŞİŞE,15,1,soc,0.9133266973789964,12.0,0.6440032611822291,0.4905038130103122,0.3251727051014693,0.4778328965473,0.6440032611822291,1.6188068280660324,0.6440032611822291,1,13,0.5070781678358968,3,0,0,1,0,0,3,0,0,0,soc20
1446,1,KABLO,16,0,soc,0.5725258870121184,7.0,0.5459483882654621,0.5345274763195254,0.3436666931148275,0.49406858075754023,0.5459483882654621,1.8549693732115824,0.5459483882654621,1,14,0.4855688352427533,3,0,0,1,0,0,3,1,1,0,soc20
1447,1,KALE,17,0,soc,0.5201944127892401,7.0,0.328774756070349,0.5579481356257445,0.21448998519609425,0.5347567103702655,0.328774756070349,2.7156917772476854,0.328774756070349,1,15,0.5795485535114371,3,0,0,1,0,0,3,1,1,0,soc20
1448,1,SARI,18,0,soc,0.4571760663374574,11.0,0.36595312886614795,0.6478624337479864,0.1924668433388885,0.5897139101887626,0.36595312886614795,2.521437223906505,0.36595312886614795,1,16,0.6023099861612505,3,1,0,1,1,0,1,0,0,2,soc20
1449,2,TAŞLIK,1,0,soc,,,,0.5088510397760224,,0.46378194553702745,,0.0,1.0,0,0,1.0,1,1,1,1,2,1,1,0,0,2,soc20
1450,2,CÜZDAN,2,0,soc,0.7680447986436185,1.0,0.7680447986436185,0.5409092876586994,0.7680447986436185,0.5023003777648951,0.7680447986436185,0.0,0.7680447986436185,1,0,0.5088510397760224,1,1,0,1,1,0,1,0,0,5,soc20
1451,2,BÜYÜK,3,0,soc,0.30354360867134944,2.0,0.2985866110533916,0.5912155573852087,0.30106510986237056,0.511499817540015,0.2985866110533916,0.7680447986436185,0.30354360867134944,2,0,0.6184312338954283,1,1,1,1,1,1,1,0,0,7,soc20
1452,2,ELMA,4,0,soc,0.5483627664133884,3.0,0.3613344312106457,0.6862965411646597,0.3875278258809433,0.5796696208612071,0.3613344312106457,1.3701750183683596,0.5483627664133884,3,0,0.5410868581737124,1,1,1,1,2,1,1,1,0,2,soc20
1453,2,GRUP,5,0,soc,0.27864611701875786,4.0,0.034088818642586005,0.7342677139016303,0.15966530604183576,0.5056586463318301,0.034088818642586005,2.5327584960111897,0.27864611701875786,4,0,0.6625179024663043,2,0,1,0,0,2,0,0,0,1,soc20
1454,2,KOLTUK,6,0,soc,0.1835195313214784,4.0,0.09120182909373199,0.6799609024679643,0.10744138840747013,0.6354377329294006,0.09120182909373199,1.2728224294314183,0.1835195313214784,4,1,0.6463273320596177,2,0,1,0,0,1,0,0,0,3,soc20
1455,2,TABAK,7,0,soc,0.7655858167531391,6.0,0.24766921532422653,0.6428675309677108,0.3778142602870088,0.4204829280717871,0.24766921532422653,0.8589005216081359,0.46841613079330613,3,3,0.4788827121534871,2,1,1,1,2,1,1,1,0,2,soc20
1456,2,SPOR,8,0,soc,0.5263829283054188,3.0,0.10699570731402533,0.6659637769298749,0.1945922373230189,0.5527491024490365,0.10699570731402533,1.2787370500973307,0.5263829283054188,3,4,0.6103787405939252,2,0,1,0,0,2,0,1,0,1,soc20
1457,2,TOPLU,9,0,soc,0.3821091830560145,4.0,0.18524182394017147,0.6457325849501734,0.16341124565076556,0.5507015769426986,0.18524182394017147,1.3430285930154267,0.3821091830560145,4,4,0.5950042687959408,2,1,1,1,1,1,1,0,0,7,soc20
1458,2,İLAÇ,10,0,soc,0.5041218058236524,8.0,0.16186573971751173,0.6142904134770009,0.19478074525964256,0.4901076760431379,0.16186573971751173,0.7821092184236447,0.36484341522224567,3,6,0.6056347878751189,3,0,0,1,0,0,1,0,0,4,soc20
1459,2,KAŞIK,11,0,soc,0.9312959692780304,4.0,0.4344606358040247,0.5408575405044179,0.40026528678500944,0.37503617297589387,0.4344606358040247,1.1207855308654624,0.9312959692780304,4,6,0.45322492748039966,3,1,1,1,2,1,1,1,0,2,soc20
1460,2,TERLİK,12,1,soc,0.9044878180247089,11.0,0.6548200500864441,0.5703279852025301,0.555258867625717,0.36012014913444845,0.6548200500864441,1.3157053725444534,0.6548200500864441,1,10,0.4208488632292883,3,1,0,1,1,0,1,0,0,5,soc20
1461,2,DEFTER,13,0,soc,0.627572112708787,11.0,0.17034196864977283,0.6151514080364664,0.2852189229422016,0.5045740276687407,0.17034196864977283,2.3913559367486457,0.48588772879447206,3,9,0.5203162364421281,3,0,0,1,0,0,1,0,0,8,soc20
1462,2,SEHPA,14,0,soc,0.8855161527891529,3.0,0.4945097639935926,0.4472223357545684,0.5488382572722119,0.3832875095465844,0.4945097639935926,2.697804997385043,0.8855161527891529,3,10,0.44217350231135144,3,0,0,1,0,0,2,0,0,0,soc20
1463,2,KEDİ,15,0,soc,0.83247450901758,4.0,0.7842057585918668,0.6168943514681924,0.6244029656089446,0.41020779307579025,0.7842057585918668,3.4188778887348117,0.83247450901758,4,10,0.4086715497592667,3,0,0,1,0,0,1,0,0,6,soc20
1464,2,KISA,16,0,soc,0.5207710106964843,13.0,0.09172829738561449,0.7270478074370623,0.1434816136121873,0.6556387010000533,0.09172829738561449,3.2604078777162973,0.3126691173153878,4,11,0.6581698596245111,3,1,1,1,1,1,1,0,0,7,soc20
1465,2,KAPI,17,1,soc,0.8191831838889087,3.0,0.07391156028830964,0.7741567429893764,0.4618234684718174,0.48184106780644476,0.07391156028830964,1.8710851746475292,0.8191831838889087,3,13,0.5004420104347966,3,0,0,1,0,0,2,1,0,0,soc20
1466,3,YATAK,1,1,soc,,,,0.6022423241669983,,0.5084192905624683,,0.0,1.0,0,0,1.0,1,1,1,1,1,1,2,0,0,3,soc20
1467,3,SALÇA,2,0,soc,0.5071903540306528,1.0,0.5071903540306528,0.5141352856224972,0.5071903540306528,0.38519607331209704,0.5071903540306528,0.0,0.5071903540306528,1,0,0.6022423241669983,1,1,1,1,2,1,2,0,0,0,soc20
1468,3,ÇİÇEK,3,0,soc,0.46749925114819574,1.0,0.46749925114819574,0.5560524204807149,0.34149482455495767,0.48320242807148195,0.46749925114819574,0.5071903540306528,0.46749925114819574,1,1,0.6190599646223691,1,1,0,1,1,0,1,0,0,2,soc20
1469,3,DOLAP,4,0,soc,0.7797495872476483,2.0,0.4722767057524929,0.47161643542149456,0.6357643525105727,0.3535205795217363,0.4722767057524929,1.190180003140568,0.7797495872476483,2,1,0.43100464541588557,1,1,1,1,2,1,2,1,0,0,soc20
1470,3,DUVAR,5,0,soc,0.7200170034852962,1.0,0.7200170034852962,0.500882721446598,0.4401217142242749,0.4492177183073002,0.7200170034852962,3.0974730606722862,0.7200170034852962,1,3,0.5040182964605302,2,1,1,1,1,1,2,1,0,3,soc20
1471,3,DÜĞME,6,0,soc,0.9607896067400263,4.0,0.5635340067284889,0.5681450663944214,0.6668711089489602,0.3805671044335437,0.5635340067284889,3.1826763947769727,0.9607896067400263,4,1,0.37335416422536016,2,1,1,1,2,1,2,1,0,0,soc20
1472,3,TOPRAK,7,0,soc,0.5057224384953654,4.0,0.1484630998214299,0.6181640366025397,0.2923104978245938,0.5237771387060646,0.1484630998214299,3.356989845042257,0.5057224384953654,4,2,0.5660082291794892,2,0,1,1,0,1,1,0,0,4,soc20
1473,3,KALAS,8,0,soc,0.3044155480932671,5.0,0.3025544957014579,0.6394088024660709,0.1991881608635931,0.5830390367910643,0.3025544957014579,2.8288843571407463,0.3025544957014579,1,6,0.621513362881216,2,0,1,1,0,1,1,0,0,7,soc20
1474,3,KİTAP,9,0,soc,0.6275266564175318,5.0,0.11991635567103318,0.6325289216251915,0.30269565425321926,0.49660068364619325,0.11991635567103318,1.6012860057612128,0.3126929017723875,4,4,0.571433285716461,2,0,1,0,0,1,0,0,0,8,soc20
1475,3,LAMBA,10,0,soc,0.9823856774645168,4.0,0.2957067338444503,0.6245123055596269,0.45258598392961985,0.41470276400309836,0.2957067338444503,1.1165542762434366,0.9823856774645168,4,5,0.4400598709365964,3,1,1,1,2,1,2,1,0,0,soc20
1476,3,ODA,11,0,soc,0.7480478841854629,10.0,0.24147935154831993,0.6350099947934604,0.19952983533492602,0.5697419978795439,0.24147935154831993,1.339528354024218,0.35278921307620603,2,8,0.5950927512186379,3,1,1,1,1,1,2,0,0,3,soc20
1477,3,PARKUR,12,0,soc,0.5442373948670083,8.0,0.2103539304892988,0.6494883959018602,0.25210254930063103,0.5344387102781939,0.2103539304892988,1.1987217140827322,0.41385861769400684,2,9,0.5475633217824912,3,1,1,1,1,1,2,1,1,3,soc20
1478,3,KÜÇÜK,13,1,soc,0.7185540294184415,10.0,0.19396905448262136,0.5432051921344611,0.320298560904544,0.445210718786352,0.19396905448262136,1.818003886755608,0.3321806870903763,4,8,0.554975539300651,3,0,1,1,0,1,1,0,0,7,soc20
1479,3,KOLA,14,0,soc,0.8559760341270273,12.0,0.5828482985109196,0.5777477713212948,0.29477322568698566,0.506233137974861,0.5828482985109196,1.6184357127434366,0.6244519163230536,4,9,0.5796330388525315,3,1,0,1,1,0,1,0,0,2,soc20
1480,3,HALI,15,0,soc,0.751662779508489,13.0,0.22286194459119285,0.6221970161553948,0.24315913814665305,0.52323662314176,0.22286194459119285,1.482254230176773,0.271068399182324,2,12,0.5965364829894897,3,0,0,1,0,0,1,0,0,5,soc20
1481,3,KOKU,16,1,soc,0.7679684291054976,14.0,0.31191252104015954,0.5413105383126527,0.3417206415411075,0.4687645194814497,0.31191252104015954,1.6640888322700347,0.5837819369581021,2,13,0.49872883003608903,3,0,1,1,0,1,1,0,0,4,soc20
1482,3,FIRIN,17,1,soc,0.9575447667524211,15.0,0.6742146260946187,0.5458262784200583,0.43356794209160193,0.4460642354640787,0.6742146260946187,2.456274949586566,0.6742146260946187,1,15,0.44293936158954195,3,1,1,1,2,1,2,0,0,0,soc20
1483,4,DERGİ,1,0,soc,,,,0.6386185986233357,,0.5994888610102653,,0.0,1.0,0,0,1.0,1,1,0,1,1,0,1,0,0,8,soc20
1484,4,KUTU,2,0,soc,0.3941588399247352,1.0,0.3941588399247352,0.5481895919992775,0.3941588399247352,0.5071382765828378,0.3941588399247352,0.0,0.3941588399247352,1,0,0.6386185986233357,1,1,0,1,1,0,1,0,0,0,soc20
1485,4,HALKA,3,0,soc,0.3255837512663188,1.0,0.3255837512663188,0.5762079801749023,0.185731662649618,0.5132459232268833,0.3255837512663188,0.3941588399247352,0.3255837512663188,1,1,0.6693313466178812,1,1,1,0,1,1,0,0,0,7,soc20
1486,4,ZEMİN,4,0,soc,0.3726544150948415,1.0,0.3726544150948415,0.5370697169576624,0.28765583690541213,0.455473990376008,0.3726544150948415,0.7656221652239712,0.3726544150948415,1,2,0.5590463705073314,1,1,1,0,1,2,0,0,0,3,soc20
1487,4,BAHÇE,5,0,soc,0.4555404593460384,1.0,0.4555404593460384,0.6044898038810764,0.2529806721086843,0.45521864092647313,0.4555404593460384,1.6285896759402076,0.4555404593460384,1,3,0.5585407444370278,2,1,1,0,1,2,0,1,1,3,soc20
1488,4,SIRA,6,0,soc,0.24573466174940206,3.0,0.13598442188087762,0.6951373523749058,0.12482983558484614,0.6251604540578284,0.13598442188087762,1.893230996227874,0.24573466174940206,3,2,0.6353186722163248,2,0,1,1,0,1,1,0,0,1,soc20
1489,4,MEKTUP,7,0,soc,0.531413672102889,4.0,0.06066751229053965,0.7356283508914971,0.22923351859596375,0.5712657294211118,0.06066751229053965,1.436064145431621,0.531413672102889,4,2,0.5943498926668074,2,1,1,0,1,1,0,1,0,7,soc20
1490,4,TERAS,8,0,soc,0.9242042644743286,3.0,0.039401458193120256,0.6325963565230542,0.3928164653555929,0.45520098485178595,0.039401458193120256,1.0283336491983226,0.9242042644743286,3,4,0.47686452356460307,2,1,1,0,1,2,0,1,0,3,soc20
1491,4,MARKET,9,0,soc,0.4909798771227458,1.0,0.4909798771227458,0.48646411981862425,0.3118731250775137,0.4245423849752664,0.4909798771227458,1.2880839083488456,0.4909798771227458,1,7,0.5619487872738755,2,0,1,1,0,1,3,0,0,5,soc20
1492,4,TAHTA,10,0,soc,0.808938780912267,8.0,0.6632277689878967,0.5604718899335142,0.38706044765146463,0.4253087907236238,0.6632277689878967,0.8236758706266303,0.6632277689878967,1,8,0.5151644812693923,3,1,0,1,1,0,1,0,0,0,soc20
1493,4,KASA,11,0,soc,0.7216362036201042,2.0,0.32879602048655415,0.5689996223375755,0.30871826551155046,0.45625997465426127,0.32879602048655415,1.9340160697069766,0.7216362036201042,2,8,0.5097927852485005,3,0,1,1,0,1,3,1,0,5,soc20
1494,4,ÇORAP,12,0,soc,0.6721658308899058,10.0,0.5221174508039267,0.4746668952807678,0.451701223655237,0.4151590226458901,0.5221174508039267,2.79923698801166,0.6705631921729135,2,9,0.44398459947040725,3,0,1,1,0,1,3,1,1,5,soc20
1495,4,KALIP,13,0,soc,0.7259905593396109,1.0,0.7259905593396109,0.48688865372899637,0.37914578104816676,0.4657817225597749,0.7259905593396109,3.4888332055352738,0.7259905593396109,1,11,0.5211254253446556,3,0,0,1,0,0,1,0,0,9,soc20
1496,4,HARİTA,14,1,soc,0.46457851757624713,12.0,0.31308229432699825,0.6343105423087585,0.17761936237962503,0.5979135459972498,0.31308229432699825,2.9246305634050462,0.31308229432699825,1,12,0.6293690720241667,3,0,1,1,0,1,1,0,0,1,soc20
1497,4,SULUK,15,1,soc,0.5589713957306179,10.0,0.15385076133239106,0.6265521503262799,0.3591977395025737,0.5008009253223781,0.15385076133239106,2.034550850416043,0.5382124150449655,2,12,0.5423355503095373,3,0,0,1,0,0,1,0,0,2,soc20
1498,4,PARA,16,1,soc,0.60207201097775,5.0,0.26556614306776877,0.5882149240482695,0.34262870009345603,0.4823557779780179,0.26556614306776877,2.2003383569280413,0.46851727800669357,4,11,0.5617289029255965,3,0,1,1,0,1,3,1,0,5,soc20
1499,4,SİLGİ,17,0,soc,0.5408118683387342,5.0,0.4072161704521243,0.634379610828566,0.3628690463463908,0.49016028722930016,0.4072161704521243,1.6476996821871916,0.4072161704521243,1,15,0.5178804063817357,3,1,0,1,1,0,1,0,0,8,soc20
1506,1,KÖPEK,1,1,eng,,,,0.665703838008779,,0.5238809661197212,,0.0,1.0,0,0,1.0,1,1,0,1,1,0,1,0,0,6,eng20
1507,1,PARK,2,1,eng,0.3129821028808094,1.0,0.3129821028808094,0.6253952309571857,0.3129821028808094,0.5407725499228908,0.3129821028808094,0.0,0.3129821028808094,1,0,0.665703838008779,1,1,1,0,1,1,0,0,0,3,eng20
1508,1,YAZI,3,1,eng,0.22948143705468504,2.0,0.1738444810325097,0.5537866612240268,0.20166295904359738,0.5122138995734202,0.1738444810325097,0.3129821028808094,0.22948143705468504,2,0,0.6460765429161954,1,1,0,1,2,0,1,0,0,8,eng20
1509,1,RAKAM,4,0,eng,0.7057482398165602,1.0,0.7057482398165602,0.5252487849867242,0.371766245065486,0.46898293536890023,0.7057482398165602,0.7163080209680042,0.7057482398165602,1,2,0.5297281973749688,1,1,0,1,2,0,1,1,1,8,eng20
1510,1,BİNA,5,1,eng,0.526662887280119,3.0,0.21033660568895937,0.6344310494180464,0.3012154446858133,0.4895754458363136,0.21033660568895937,1.8316067561644622,0.526662887280119,3,1,0.5316854096007735,2,1,1,0,1,1,0,1,0,3,eng20
1511,1,KOLAY,6,0,eng,0.28700924183537696,3.0,0.21757328697261005,0.683920940301413,0.2043704886549939,0.5475319294349843,0.21757328697261005,1.8619796646371376,0.28700924183537696,3,2,0.5986261984046493,2,0,1,0,0,1,0,0,0,7,eng20
1512,1,MASA,7,0,eng,0.32865309713256186,2.0,0.06617799880503447,0.6528410370687251,0.23299331021847128,0.49123082791497996,0.06617799880503447,1.8630268632166949,0.32865309713256186,2,4,0.5777887415007321,2,0,1,1,0,1,2,0,0,0,eng20
1513,1,BARDAK,8,0,eng,0.4671443744649894,1.0,0.4671443744649894,0.5718194749829428,0.28414004335649856,0.41236964544221166,0.4671443744649894,1.3755820394896874,0.4671443744649894,1,6,0.5243149345596412,2,0,1,1,0,1,1,0,0,2,eng20
1514,1,ÖLÇEK,9,0,eng,0.496776122821186,5.0,0.19146540297900771,0.6867174443368708,0.2891406920313839,0.4956580327561877,0.19146540297900771,1.5785029355488438,0.29857535514375605,4,4,0.5622666822372817,2,0,1,1,0,1,1,0,0,1,eng20
1515,1,SARI,10,0,eng,0.31398877234069655,2.0,0.10400989602343721,0.671911943425785,0.1938955881733443,0.5328200479657614,0.10400989602343721,1.5519750213335555,0.31398877234069655,2,7,0.583480502491662,3,0,1,1,0,1,1,1,0,2,eng20
1516,1,AĞAÇ,11,0,eng,0.7102854000778898,3.0,0.20962666624132295,0.6201295731109286,0.37096549773925724,0.4136512986194115,0.20962666624132295,1.4890776078935817,0.7102854000778898,3,7,0.49667924771240946,3,0,0,1,0,0,2,0,0,9,eng20
1517,1,BEYİN,12,0,eng,0.7030623490479981,11.0,0.2947480750560708,0.5949324411889013,0.36388760947549803,0.4513226173671052,0.2947480750560708,1.9919884589061863,0.4806540371260736,4,7,0.531649875974576,3,1,0,1,1,0,1,0,0,6,eng20
1518,1,ŞİŞE,13,1,eng,0.9133266973789964,5.0,0.3926957632344366,0.6075176063157488,0.4623746024943961,0.4371075032498267,0.3926957632344366,1.6036505994350216,0.6440032611822291,2,10,0.5079535890813516,3,0,1,1,0,1,2,0,0,0,eng20
1519,1,KALEM,14,1,eng,0.7730691951070705,11.0,0.19982837508722395,0.559582949562597,0.327326498082401,0.4477868304152339,0.19982837508722395,1.9647058377956557,0.42908288592068916,3,10,0.5253198618474109,3,1,0,1,2,0,1,0,0,8,eng20
1520,1,KAĞIT,15,1,eng,0.8790552457670859,4.0,0.6893193775666414,0.5631511680405112,0.6100420023295731,0.38156515821859516,0.6893193775666414,2.3593788529187134,0.8790552457670859,4,10,0.36864617503129227,3,0,0,1,0,0,2,1,0,9,eng20
1521,1,KALE,16,0,eng,0.5201944127892401,2.0,0.17425219913190834,0.6901533389417018,0.30755986643800315,0.5397868073680134,0.17425219913190834,2.705523330303046,0.5201944127892401,2,13,0.5465399558549616,3,0,1,1,0,1,2,1,0,0,eng20
1522,1,EKRAN,17,0,eng,0.17971877537199893,8.0,0.0565781266529315,0.7300093542104458,0.08360737767009939,0.6662269515802506,0.0565781266529315,2.385476886353311,0.09029648641541374,3,13,0.6899379230256402,3,0,1,1,0,1,1,0,0,1,eng20
1523,1,ÇANTA,18,1,eng,0.7290655094278011,5.0,0.07316413466278651,0.7747058208957828,0.4059218961195,0.4664829537204511,0.07316413466278651,1.6025619012547627,0.6540926245962044,3,14,0.5293356687630797,3,0,0,1,0,0,1,0,0,5,eng20
1524,2,TERLİK,1,1,eng,,,,0.4850624614523953,,0.41780356835607435,,0.0,1.0,0,0,1.0,1,1,0,0,2,0,0,0,0,5,eng20
1525,2,CÜZDAN,2,0,eng,0.8193907759305923,1.0,0.8193907759305923,0.5125851215643888,0.8193907759305923,0.4538176724571328,0.8193907759305923,0.0,0.8193907759305923,1,0,0.4850624614523953,1,1,0,0,2,0,0,1,1,5,eng20
1526,2,BÜYÜK,3,0,eng,0.3308774658499728,2.0,0.2985866110533916,0.6109617721701774,0.3147320384516822,0.5094646869743279,0.2985866110533916,0.8193907759305923,0.3308774658499728,2,0,0.6151422486869664,1,1,1,1,1,1,1,0,0,7,eng20
1527,2,SPOR,4,0,eng,0.5270647491536371,3.0,0.26721085646330167,0.6513246911609952,0.3168705440805833,0.6223558302767908,0.26721085646330167,1.4488548528339567,0.5270647491536371,3,0,0.5719031804560477,1,1,0,1,1,0,1,0,0,1,eng20
1528,2,DEFTER,5,0,eng,0.627572112708787,3.0,0.09651783689816874,0.6609780808394528,0.2762232822164177,0.5464369613450831,0.09651783689816874,2.3994664850757066,0.627572112708787,3,1,0.5905112156561789,2,0,1,0,0,1,0,0,0,8,eng20
1529,2,TABAK,6,0,eng,0.696091259952675,5.0,0.2584585347202295,0.5591269761281105,0.38041360901908783,0.4400181357102525,0.2584585347202295,1.6566846543574025,0.5042465281180626,4,1,0.5543183135911369,2,0,1,1,0,2,1,0,0,2,eng20
1530,2,ELMA,7,0,eng,0.46841613079330613,1.0,0.46841613079330613,0.5680995468249791,0.2592362036617796,0.5328440959286114,0.46841613079330613,1.275920160995114,0.46841613079330613,1,5,0.5762384540160417,2,0,1,1,0,2,1,1,1,2,eng20
1531,2,ŞİŞE,8,0,eng,0.6471321095142732,2.0,0.3773973141605794,0.6300460842478768,0.2526604381168678,0.5269878979143261,0.3773973141605794,1.14393238601188,0.6471321095142732,2,5,0.5623493368146955,2,0,1,1,0,1,2,0,0,0,eng20
1532,2,KISA,9,1,eng,0.5207710106964843,6.0,0.08336074988499283,0.7209858651425332,0.09342821944735319,0.5724909561846881,0.08336074988499283,2.000369684603558,0.12595479262543527,2,6,0.6559716312393489,2,1,1,1,1,1,1,0,0,7,eng20
1533,2,KAPI,10,1,eng,0.6490652151450355,8.0,0.07391156028830964,0.6776343751567759,0.2345314207544748,0.4681861294668378,0.07391156028830964,1.7995020203134249,0.3982106150613792,4,5,0.5920215762633256,3,0,1,1,0,1,2,1,0,0,eng20
1534,2,İLAÇ,11,0,eng,0.5590760257125165,10.0,0.22709939504792645,0.6430380681472426,0.3503694305627611,0.4649992344458227,0.22709939504792645,1.0997037347573573,0.4800476716497196,3,7,0.49271675041034635,3,0,0,1,0,0,1,0,0,4,eng20
1535,2,TOPLU,12,0,eng,0.4690134993133757,3.0,0.16186573971751173,0.611703426637894,0.20474870659220593,0.5373553223612244,0.16186573971751173,1.5278892733250022,0.4690134993133757,3,8,0.5580506206414232,3,1,1,1,1,1,1,1,0,7,eng20
1536,2,GRUP,13,0,eng,0.5263829283054188,9.0,0.3821091830560145,0.6098534692548238,0.277586667294684,0.5309525606924015,0.3821091830560145,1.5361175855237494,0.3821091830560145,1,11,0.5135641691719408,3,1,0,1,1,0,1,0,0,1,eng20
1537,2,KOLTUK,14,0,eng,0.3743629275058095,4.0,0.09120182909373199,0.6507310192726234,0.10269336270284153,0.6249699588308317,0.09120182909373199,1.6924063564901357,0.3743629275058095,4,9,0.6593058096750182,3,0,0,1,0,0,1,0,0,3,eng20
1538,2,KEDİ,15,1,eng,0.6789120984624636,14.0,0.25315691501291404,0.5121267445212815,0.3386296139588302,0.43568362598275623,0.25315691501291404,0.9844194496304044,0.5144555388322474,4,10,0.5398027595664335,3,0,0,1,0,0,1,0,0,6,eng20
1539,2,KAŞIK,16,1,eng,0.9312959692780304,10.0,0.83247450901758,0.39749601501042964,0.3874333551251916,0.42040661430502346,0.83247450901758,1.0455298876651449,0.83247450901758,1,14,0.4686760927432616,3,0,1,1,0,2,1,0,0,2,eng20
1540,2,SEHPA,17,1,eng,0.8855161527891529,1.0,0.8855161527891529,0.447092515093546,0.6077966379852147,0.3542513883750933,0.8855161527891529,1.6690183158779426,0.8855161527891529,1,15,0.34808394060847914,3,0,1,1,0,1,2,0,0,0,eng20
1541,3,FIRIN,1,1,eng,,,,0.7063351362641501,,0.49320980835093287,,0.0,1.0,0,0,1.0,1,1,1,1,2,1,3,0,0,0,eng20
1542,3,ODA,2,1,eng,0.20376395774234762,1.0,0.20376395774234762,0.5321581084195003,0.20376395774234762,0.5649913206289767,0.20376395774234762,0.0,0.20376395774234762,1,0,0.7063351362641501,1,1,0,1,2,0,2,0,0,3,eng20
1543,3,YATAK,3,1,eng,0.7480478841854629,1.0,0.7480478841854629,0.4773429186146635,0.5869865630352579,0.43063620032416505,0.7480478841854629,0.20376395774234762,0.7480478841854629,1,1,0.46077293183513546,1,1,0,1,2,0,2,1,1,3,eng20
1544,3,CAM,4,0,eng,0.34951301918183575,3.0,0.3310910802898509,0.5571116576288078,0.25831020522617343,0.5301023856634159,0.3310910802898509,1.3777370838128635,0.34951301918183575,3,0,0.6200290389757621,1,1,1,1,2,1,3,1,0,0,eng20
1545,3,LAMBA,5,0,eng,0.6878179095248221,4.0,0.5422613068123834,0.5408112659948361,0.4852010051354389,0.429616573786032,0.5422613068123834,2.1526676994913836,0.6878179095248221,4,0,0.4649834362320988,2,1,1,1,2,1,3,1,1,0,eng20
1546,3,TOPRAK,6,0,eng,0.3643275149525329,5.0,0.2516813273359696,0.6008945535982599,0.2262966987972302,0.5190521704546145,0.2516813273359696,2.426451591699081,0.2516813273359696,1,4,0.6127635937920379,2,0,1,1,0,1,1,0,0,4,eng20
1547,3,KALAS,7,1,eng,0.3025544957014579,1.0,0.3025544957014579,0.5554408858317144,0.13300292590974663,0.589842101134751,0.3025544957014579,1.938893648088198,0.3025544957014579,1,5,0.638003018660941,2,0,1,0,0,2,0,0,0,7,eng20
1548,3,KÜÇÜK,8,0,eng,0.5165683044205327,1.0,0.5165683044205327,0.46260274739210416,0.3535848706087189,0.45934527303874895,0.5165683044205327,1.4961209744970385,0.5165683044205327,1,6,0.5317594124777663,2,0,1,0,0,2,0,1,1,7,eng20
1549,3,ÇİÇEK,9,0,eng,0.7185540294184415,1.0,0.7185540294184415,0.522544712290744,0.4445997629328999,0.4553188524674625,0.7185540294184415,1.9068620350360574,0.7185540294184415,1,7,0.44537719497514094,2,0,1,0,0,1,0,0,0,2,eng20
1550,3,PARKUR,10,0,eng,0.41385861769400684,5.0,0.13541752584958422,0.6115311521852582,0.21514587124854717,0.5349695182103692,0.13541752584958422,2.7447963439041527,0.22497405567823917,3,6,0.6288711722910034,3,1,0,1,2,0,2,0,0,3,eng20
1551,3,DOLAP,11,1,eng,0.8174243470308453,10.0,0.5442373948670083,0.4574197400324346,0.34715137219162157,0.37909931121715346,0.5442373948670083,2.0938985179426863,0.5442373948670083,1,9,0.5095748164803395,3,1,1,1,2,1,3,0,0,0,eng20
1552,3,DUVAR,12,1,eng,0.7200170034852962,1.0,0.7200170034852962,0.553941399172782,0.3588814376750892,0.4617655599956788,0.7200170034852962,2.5191138069238597,0.7200170034852962,1,10,0.5116803463814541,3,1,0,1,2,0,2,1,0,3,eng20
1553,3,HALI,13,0,eng,0.5556237903853873,2.0,0.32761648091339823,0.5478740707118259,0.3279327625117845,0.4740837000882424,0.32761648091339823,2.4316731858554546,0.5556237903853873,2,10,0.5313525053776748,3,0,0,1,0,0,1,0,0,5,eng20
1554,3,SALÇA,14,0,eng,0.9575447667524211,13.0,0.751662779508489,0.40610548463084795,0.5404143066573127,0.36239261009792356,0.751662779508489,2.6488239594667977,0.7797495872476483,3,10,0.4180986120273251,3,1,1,1,2,1,3,1,0,0,eng20
1555,3,KOKU,15,0,eng,0.7679684291054976,1.0,0.7679684291054976,0.5541538628845384,0.43675271087450956,0.4785028726488535,0.7679684291054976,3.580126824838839,0.7679684291054976,1,13,0.5041758615661289,3,0,1,1,0,1,1,0,0,4,eng20
1556,3,KİTAP,16,0,eng,0.6275266564175318,5.0,0.20415767379388639,0.6516013861648129,0.31297114685627764,0.5452117099841887,0.20415767379388639,2.9757318888505977,0.3126929017723875,4,11,0.5774832478675134,3,0,0,1,0,0,1,0,0,8,eng20
1557,3,DÜĞME,17,1,eng,0.9823856774645168,12.0,0.2625068698247951,0.6836228465896464,0.6075350207015899,0.39091659850404603,0.2625068698247951,2.4561799057456155,0.9607896067400263,3,13,0.4108356155561078,3,1,1,1,2,1,3,1,0,0,eng20
1558,4,MEKTUP,1,0,eng,,,,0.8047725295928576,,0.5548835499386997,,0.0,1.0,0,0,1.0,1,1,1,0,1,1,0,0,0,7,eng20
1559,4,TERAS,2,0,eng,0.039401458193120256,1.0,0.039401458193120256,0.7091182403261599,0.039401458193120256,0.6011593306615772,0.039401458193120256,0.0,0.039401458193120256,1,0,0.8047725295928576,1,1,0,1,1,0,2,0,0,3,eng20
1560,4,PARA,3,0,eng,0.3283978944831216,2.0,0.15421371477310106,0.6404673034006505,0.24130580462811135,0.445558998029045,0.15421371477310106,0.039401458193120256,0.3283978944831216,2,0,0.6045088355033017,1,1,1,1,1,2,1,0,0,5,eng20
1561,4,SIRA,4,0,eng,0.19244542870888942,1.0,0.19244542870888942,0.6402410154055154,0.09749994533485033,0.6285056762599464,0.19244542870888942,0.522013067449343,0.19244542870888942,1,2,0.6692249352791825,1,1,0,1,1,0,1,0,0,1,eng20
1562,4,HALKA,5,0,eng,0.531413672102889,4.0,0.24573466174940206,0.5879763019019896,0.34490889688685883,0.49211637347120984,0.24573466174940206,0.8145129034538938,0.531413672102889,4,0,0.4906587941623093,2,1,1,0,1,1,0,1,0,7,eng20
1563,4,KUTU,6,0,eng,0.36502025028410534,3.0,0.3255837512663188,0.526905650822251,0.2498482818136801,0.44065320752012593,0.3255837512663188,1.2342679539316588,0.36502025028410534,3,2,0.5653092663675594,2,0,1,1,0,2,1,0,0,0,eng20
1564,4,ÇORAP,7,0,eng,0.6721658308899058,1.0,0.6721658308899058,0.4818813207903311,0.37399826657757285,0.4059304832309515,0.6721658308899058,1.621522271921008,0.6721658308899058,1,5,0.521308836914977,2,1,1,1,1,2,1,1,0,5,eng20
1565,4,KASA,8,0,eng,0.60207201097775,5.0,0.5221174508039267,0.5689996223375755,0.3561827445973956,0.4820070358524772,0.5221174508039267,1.6172456150338523,0.5221174508039267,1,6,0.5511977531459719,2,1,1,1,1,2,1,1,1,5,eng20
1566,4,TAHTA,9,0,eng,0.808938780912267,3.0,0.32879602048655415,0.5972819759138663,0.43233367689871394,0.4237142468541846,0.32879602048655415,2.3220613634087077,0.808938780912267,3,5,0.4469472793053807,2,0,1,1,0,2,1,1,0,0,eng20
1567,4,DERGİ,10,1,eng,0.3941588399247352,4.0,0.2025272670194464,0.6336782515102206,0.17684329506711652,0.5711512906494545,0.2025272670194464,3.332498718517609,0.3941588399247352,4,5,0.6123334876745553,3,0,0,1,0,0,2,0,0,8,eng20
1568,4,SİLGİ,11,1,eng,0.5408118683387342,4.0,0.31332055457462793,0.5635732882532736,0.3678245021035643,0.4771430050998019,0.31332055457462793,1.9656547248413245,0.5408118683387342,4,6,0.49489338142277484,3,0,0,1,0,0,2,1,1,8,eng20
1569,4,KALIP,12,0,eng,0.7259905593396109,5.0,0.36024447841269697,0.5880491393836346,0.3686808899551215,0.46192350947879046,0.36024447841269697,1.71419939895027,0.36024447841269697,1,10,0.558679497895555,3,0,0,1,0,0,1,0,0,9,eng20
1570,4,HARİTA,13,0,eng,0.46457851757624713,7.0,0.31308229432699825,0.6245095821407167,0.21086777916779642,0.5443106885002305,0.31308229432699825,1.7202955178744075,0.31308229432699825,1,11,0.5670512598637568,3,1,0,1,1,0,1,0,0,1,eng20
1571,4,MARKET,14,0,eng,0.7216362036201042,6.0,0.15606522192556957,0.593853930363008,0.3400762193862993,0.43899264961899176,0.15606522192556957,1.4068884784955447,0.36777367596527766,4,9,0.5427026200635352,3,1,1,1,1,2,1,0,0,5,eng20
1572,4,BAHÇE,15,0,eng,0.9242042644743286,13.0,0.42616662481035583,0.5469832937695108,0.2541979534521752,0.4984135876907133,0.42616662481035583,1.5517953771691948,0.42616662481035583,1,13,0.5532265555688437,3,1,0,1,1,0,2,0,0,3,eng20
1573,4,ZEMİN,16,1,eng,0.7799382870425406,14.0,0.4555404593460384,0.558772955545958,0.4195209064186038,0.4450741969945946,0.4555404593460384,1.534093783988879,0.5305487251469482,4,11,0.44742777804632383,3,1,0,1,1,0,2,1,1,3,eng20
1574,4,FIRIN,17,0,eng,0.6122989307190158,8.0,0.3767850345262588,0.6442962365114087,0.40022479878172124,0.47584291057200134,0.3767850345262588,2.0279653718393025,0.5648124718075491,3,13,0.49026868789284594,3,0,1,1,0,2,1,0,0,0,eng20
1581,1,YAZI,1,1,soc,,,,0.6447186694489719,,0.46487013479282757,,0.0,1.0,0,0,1.0,1,1,1,0,2,1,0,0,0,8,soc2
1582,1,AĞAÇ,2,1,soc,0.3754979357132496,1.0,0.3754979357132496,0.5463361309876666,0.3754979357132496,0.43420840076450606,0.3754979357132496,0.0,0.3754979357132496,1,0,0.6447186694489719,1,1,0,1,1,0,1,0,0,9,soc2
1583,1,ÇANTA,3,0,soc,0.456667922479698,1.0,0.456667922479698,0.5858461804120924,0.3277413104371131,0.47084418746880274,0.456667922479698,0.3754979357132496,0.456667922479698,1,1,0.5930081099449744,1,1,0,0,1,0,0,0,0,5,soc2
1584,1,RAKAM,4,0,soc,0.7057482398165602,3.0,0.18790412688669486,0.6410546264145784,0.4128652211176704,0.5059874107654709,0.18790412688669486,1.0309805565874757,0.7057482398165602,3,0,0.5027180551924557,1,1,1,0,2,1,0,1,0,8,soc2
1585,1,BİNA,5,0,soc,0.41104945982499863,3.0,0.21033660568895937,0.6373646854937312,0.25594135974755655,0.49407827295416684,0.21033660568895937,2.269576219940487,0.41104945982499863,3,1,0.567379581880729,2,0,1,0,0,2,0,0,0,3,soc2
1586,1,KALEM,6,1,soc,0.7730691951070705,5.0,0.24470548690774038,0.628431043490019,0.4635249949148898,0.4261161840247537,0.24470548690774038,1.8533050131563404,0.5024065825084536,2,3,0.5025230625087962,2,1,1,0,2,1,0,1,0,8,soc2
1587,1,ŞİŞE,7,0,soc,0.7290655094278011,4.0,0.19982837508722395,0.6395418924182976,0.38897468464131435,0.44112400678963826,0.19982837508722395,1.7561172277485768,0.7290655094278011,4,2,0.529023110212069,2,0,1,1,0,1,2,0,0,0,soc2
1588,1,PARK,8,0,soc,0.5999582642389087,6.0,0.1888897550122847,0.672356863355491,0.2645299065027638,0.49691421261479307,0.1888897550122847,1.5292533277016949,0.526662887280119,3,4,0.5533263341045236,2,0,1,0,0,2,0,1,0,3,soc2
1589,1,SARI,9,0,soc,0.282269608051793,3.0,0.09356134374069908,0.7160226679001279,0.16447337942233173,0.5357288137917058,0.09356134374069908,1.5960976095927504,0.282269608051793,3,5,0.6069430992659722,2,0,1,1,0,1,1,0,0,2,soc2
1590,1,KABLO,10,0,soc,0.5725258870121184,7.0,0.07220956163168167,0.6592270820298424,0.33235853719366915,0.4696567072841197,0.07220956163168167,1.1109760722458233,0.5459483882654621,3,6,0.5146519370743121,3,0,1,1,0,1,2,1,0,0,soc2
1591,1,KALE,11,1,soc,0.5201944127892401,5.0,0.328774756070349,0.5917559769134275,0.38222541916040287,0.4684214823208529,0.328774756070349,1.3840111394937245,0.4948033738522656,3,7,0.49480160408702467,3,0,1,1,0,1,2,1,1,0,soc2
1592,1,BARDAK,12,1,soc,0.9133266973789964,5.0,0.31866848640370055,0.5641727382581956,0.40743609265907893,0.4107958208119077,0.31866848640370055,1.673584464830693,0.3290244172492405,2,9,0.5400414442263357,3,0,1,1,0,1,1,1,0,2,soc2
1593,1,BEYİN,13,0,soc,0.4868718316772624,12.0,0.4806540371260736,0.5641951254094222,0.296707470563358,0.4590647597285603,0.4806540371260736,1.7286191225618164,0.4806540371260736,1,11,0.5450535100017112,3,0,0,1,0,0,2,0,0,6,soc2
1594,1,KAĞIT,14,1,soc,0.8790552457670859,12.0,0.4241782244223956,0.6409683130254804,0.42750305880443823,0.4236721031217652,0.4241782244223956,1.934838336210229,0.7632916113080702,2,11,0.4993884746286009,3,1,0,1,1,0,1,0,0,9,soc2
1595,1,EKRAN,15,0,soc,0.34175146148381974,5.0,0.07192129869862778,0.6932600204132939,0.14475965205890312,0.6082980815455157,0.07192129869862778,2.5342094883648056,0.13256015992885034,2,12,0.6755277846008045,3,0,0,1,0,0,2,0,0,1,soc2
1596,1,ÖLÇEK,16,0,soc,0.496776122821186,12.0,0.17971877537199893,0.6785668270504802,0.262724532986773,0.5239112697318651,0.17971877537199893,1.993592545014304,0.36686193996346983,2,13,0.5564142466817846,3,0,0,1,0,0,2,1,1,1,soc2
1597,1,KÖPEK,17,0,soc,0.7030623490479981,4.0,0.05664867227195266,0.6907891216094827,0.35463653510003795,0.5095430945207271,0.05664867227195266,1.449381757348152,0.7030623490479981,4,12,0.5315372989067381,3,0,0,1,0,0,2,1,0,6,soc2
1598,1,KOLAY,18,0,soc,0.4734206706671342,4.0,0.19192980015035277,0.7112588511612159,0.23816004118096634,0.558962358150392,0.19192980015035277,1.3092729222971706,0.4734206706671342,4,13,0.56381313165321,3,0,0,1,0,0,1,0,0,7,soc2
1599,2,SPOR,1,1,soc,,,,0.7325979060636111,,0.5808920872743151,,0.0,1.0,0,0,1.0,1,1,0,0,2,0,0,0,0,1,soc2
1600,2,TAŞLIK,2,1,soc,0.14479414979768762,1.0,0.14479414979768762,0.6468357267578109,0.14479414979768762,0.43953432531418657,0.14479414979768762,0.0,0.14479414979768762,1,0,0.7325979060636111,1,1,1,1,1,2,1,0,0,2,soc2
1601,2,GRUP,3,0,soc,0.5263829283054188,2.0,0.27864611701875786,0.6225241385137108,0.4025145226620883,0.49433016428313803,0.27864611701875786,0.14479414979768762,0.5263829283054188,2,0,0.5464253972396297,1,1,0,0,2,0,0,1,0,1,soc2
1602,2,İLAÇ,4,0,soc,0.4144573313521442,2.0,0.3015448201060412,0.5623628111953267,0.27748292757095866,0.5002175396068527,0.3015448201060412,0.9498231951218642,0.4144573313521442,2,1,0.6077028001004983,1,1,0,0,1,0,0,0,0,4,soc2
1603,2,ELMA,5,0,soc,0.5483627664133884,3.0,0.34361601738704106,0.6488323481248515,0.2400309490515855,0.5469169756248291,0.34361601738704106,1.7822719778347405,0.5483627664133884,3,1,0.6369549988807102,2,1,1,1,1,2,1,1,0,2,soc2
1604,2,TOPLU,6,0,soc,0.3821091830560145,3.0,0.045818250181442775,0.7214682388755389,0.2242654339643689,0.519564290982842,0.045818250181442775,1.9207158709199585,0.3821091830560145,3,2,0.5960180406038795,2,0,1,1,0,2,1,0,0,7,soc2
1605,2,TABAK,7,0,soc,0.7655858167531391,5.0,0.18539221341681766,0.6874519982797609,0.4233401976789021,0.4259609991510872,0.18539221341681766,1.2690428290906373,0.46841613079330613,2,4,0.49547949459078255,2,1,1,1,1,2,1,1,0,2,soc2
1606,2,KISA,8,0,soc,0.4690134993133757,2.0,0.09724092333483803,0.8210505517389994,0.25959124811291057,0.5712157423799866,0.09724092333483803,1.569951766718365,0.4690134993133757,2,5,0.5558808149267388,2,0,1,1,0,2,1,1,0,7,soc2
1607,2,KOLTUK,9,1,soc,0.24766921532422653,2.0,0.00020417925756111615,0.8179086420279985,0.08009378325467416,0.6335719137532853,0.00020417925756111615,1.3918358096652157,0.24766921532422653,2,6,0.728732679750705,2,0,1,0,0,1,0,0,0,3,soc2
1608,2,KAŞIK,10,0,soc,0.9312959692780304,3.0,0.21787928701493695,0.5821967893442417,0.44526249361013714,0.3724243820872445,0.21787928701493695,1.0180147883062005,0.9312959692780304,3,6,0.4773785007155682,3,1,1,1,1,2,1,1,0,2,soc2
1609,2,DEFTER,11,0,soc,0.5239858730667456,9.0,0.39321858833781304,0.5385733950129541,0.22027508595387046,0.5181851763495264,0.39321858833781304,1.618625796033637,0.39321858833781304,1,9,0.5928529544643593,3,0,0,1,0,0,1,0,0,8,soc2
1610,2,CÜZDAN,12,0,soc,0.7680447986436185,10.0,0.627572112708787,0.46161458806232136,0.44997911007911134,0.367016939918562,0.627572112708787,0.9052080911148839,0.6996668093983431,2,9,0.45270174132754726,3,0,0,1,0,0,2,0,0,5,soc2
1611,2,KAPI,13,1,soc,0.6693976666138138,11.0,0.6490652151450355,0.5121529194948257,0.34189837528926176,0.43863773540570317,0.6490652151450355,2.186590466764308,0.6490652151450355,1,11,0.492779549739486,3,0,0,1,0,0,2,0,0,0,soc2
1612,2,TERLİK,14,1,soc,0.9044878180247089,12.0,0.529598574451337,0.5092082161162496,0.48679002465221943,0.40688735743638615,0.529598574451337,2.9816748990971327,0.8193907759305923,2,11,0.4602901319679391,3,0,0,1,0,0,2,1,0,5,soc2
1613,2,SEHPA,15,1,soc,0.8855161527891529,5.0,0.8204713648780362,0.546970939362693,0.7787456316845629,0.3219419967989239,0.8204713648780362,3.0574242575101698,0.874047692873124,3,11,0.34542285812246065,3,0,0,1,0,0,2,1,0,0,soc2
1614,2,BÜYÜK,16,0,soc,0.5207710106964843,8.0,0.17567105967957808,0.6793568275403278,0.2623157787851822,0.5758723498813123,0.17567105967957808,4.511756807167034,0.3308774658499728,2,13,0.594092515557259,3,0,1,1,0,2,1,0,0,7,soc2
1615,2,KEDİ,17,1,soc,0.83247450901758,7.0,0.18014166300082507,0.7163142843194984,0.5831043042151213,0.43631109335393314,0.18014166300082507,2.9717841954818587,0.7842057585918668,2,14,0.4531031637549301,3,0,0,1,0,0,1,0,0,6,soc2
1616,3,TOPRAK,1,0,soc,,,,0.682162179303582,,0.5424326924994335,,0.0,1.0,0,0,1.0,1,1,1,0,1,1,0,0,0,4,soc2
1617,3,DUVAR,2,1,soc,0.2664981112240036,1.0,0.2664981112240036,0.6016657480111289,0.2664981112240036,0.5111464189144405,0.2664981112240036,0.0,0.2664981112240036,1,0,0.682162179303582,1,1,0,1,2,0,2,0,0,3,soc2
1618,3,PARKUR,3,0,soc,0.2620478920563535,1.0,0.2620478920563535,0.6375679223746187,0.18477899729731895,0.5530704399309879,0.2620478920563535,0.2664981112240036,0.2620478920563535,1,1,0.6487846479706403,1,1,0,1,2,0,2,1,1,3,soc2
1619,3,KOLA,4,1,soc,0.3028795353044267,2.0,0.1540597377436229,0.5538052495350758,0.23884675589001136,0.4433154551445969,0.1540597377436229,0.6360561058186415,0.3028795353044267,2,1,0.578391315686977,1,1,0,1,1,0,1,0,0,2,soc2
1620,3,KÜÇÜK,5,1,soc,0.5828482985109196,1.0,0.5828482985109196,0.5481345173242305,0.36512654627906127,0.4503447439119045,0.5828482985109196,1.3525963734886755,0.5828482985109196,1,3,0.4947662877101291,2,0,1,1,0,1,1,0,0,7,soc2
1621,3,SALÇA,6,0,soc,0.8559760341270273,2.0,0.39402197153244783,0.4692567050583385,0.45963551301527783,0.3349746837611244,0.39402197153244783,1.7825118224455603,0.8559760341270273,2,3,0.43583896295163127,2,0,1,1,0,2,3,0,0,0,soc2
1622,3,HALI,7,0,soc,0.751662779508489,1.0,0.751662779508489,0.5418732480636886,0.36249820039095165,0.489477680836791,0.751662779508489,2.4385778284802493,0.751662779508489,1,5,0.5333774910235529,2,0,1,0,0,1,0,0,0,5,soc2
1623,3,LAMBA,8,0,soc,0.8145371713165205,2.0,0.3564879164371825,0.5205337783911974,0.493915609536563,0.3724557164694876,0.3564879164371825,3.0784394274524005,0.8145371713165205,2,5,0.4849919441167536,2,0,1,1,0,2,3,1,0,0,soc2
1624,3,KOKU,9,0,soc,0.7679684291054976,3.0,0.6665352563848626,0.48562268471608294,0.5627999985584979,0.40552061744805945,0.6665352563848626,2.8480206638890153,0.7679684291054976,3,5,0.4668348762144886,2,1,1,0,1,1,0,0,0,4,soc2
1625,3,ÇİÇEK,10,0,soc,0.7185540294184415,5.0,0.5204208570906917,0.5342116638411196,0.4647511906113129,0.4667375646320253,0.5204208570906917,3.6691040737927114,0.5204208570906917,1,8,0.5311839677216754,3,1,0,1,1,0,1,0,0,2,soc2
1626,3,DOLAP,11,0,soc,0.7797495872476483,5.0,0.4722767057524929,0.43837612353349664,0.6302974032168617,0.32860720320238934,0.4722767057524929,2.4726383663521316,0.7685736311244618,3,7,0.41672617945278667,3,0,1,1,0,2,3,1,0,0,soc2
1627,3,DÜĞME,12,0,soc,0.9823856774645168,4.0,0.934522940334041,0.39023725657088426,0.7073431525820834,0.3560663303647412,0.934522940334041,3.3742778230076036,0.9823856774645168,4,7,0.328708714641492,3,0,1,1,0,2,3,1,1,0,soc2
1628,3,FIRIN,13,0,soc,0.9575447667524211,7.0,0.7746284895080563,0.6092991390304662,0.6320334411669195,0.4457546822815064,0.7746284895080563,3.5718206327305078,0.8174243470308453,2,10,0.4355294995109603,3,0,1,1,0,2,3,1,1,0,soc2
1629,3,KİTAP,14,0,soc,0.6275266564175318,3.0,0.050976578988509026,0.7238090328831541,0.2912733258648461,0.537145799298937,0.050976578988509026,3.5738968411989096,0.6275266564175318,3,10,0.5866447243919533,3,0,0,1,0,0,1,0,0,8,soc2
1630,3,KALAS,15,1,soc,0.5165683044205327,10.0,0.11991635567103318,0.7818258581098787,0.15419642697666316,0.654054539280239,0.11991635567103318,3.4675858821037786,0.18563779523723575,2,12,0.6596301249617943,3,0,1,1,0,1,1,0,0,7,soc2
1631,3,ODA,16,1,soc,0.4934739458063485,5.0,0.009996106051764403,0.5562237866986022,0.2565095115942244,0.5005453120656109,0.009996106051764403,1.4859440568740012,0.35278921307620603,2,13,0.593857082914083,3,1,0,1,2,0,2,0,0,3,soc2
1632,3,YATAK,17,0,soc,0.7480478841854629,1.0,0.7480478841854629,0.5172946855447434,0.37581839043085186,0.44516298050342695,0.7480478841854629,0.923080006767096,0.7480478841854629,1,15,0.4623747263797856,3,1,0,1,2,0,2,1,1,3,soc2
1633,4,HARİTA,1,1,soc,,,,0.7282402172094322,,0.5843245262489487,,0.0,1.0,0,0,1.0,1,1,0,1,1,0,1,0,0,1,soc2
1634,4,SULUK,2,0,soc,0.15385076133239106,1.0,0.15385076133239106,0.6838990977494195,0.15385076133239106,0.5349049099098422,0.15385076133239106,0.0,0.15385076133239106,1,0,0.7282402172094322,1,1,0,0,1,0,0,0,0,2,soc2
1635,4,HALKA,3,0,soc,0.16323673201005123,2.0,0.08615704887144095,0.6477310431536021,0.12469689044074608,0.5439578177726717,0.08615704887144095,0.15385076133239106,0.16323673201005123,2,0,0.678047132132642,1,1,0,1,1,0,1,0,0,7,soc2
1636,4,MARKET,4,0,soc,0.33362723194720234,2.0,0.3093811951089286,0.6154443515936032,0.2663578829939002,0.4304622926364785,0.3093811951089286,0.40324454221388323,0.33362723194720234,2,1,0.5624757887090568,1,1,1,1,1,1,2,0,0,5,soc2
1637,4,SİLGİ,5,0,soc,0.2994713075355786,2.0,0.2198682759358459,0.6055356529298586,0.2563530744999557,0.4626661085173339,0.2198682759358459,1.2023181911955838,0.2994713075355786,2,2,0.543001788898594,2,0,1,0,0,2,0,0,0,8,soc2
1638,4,TAHTA,6,0,soc,0.6632277689878967,2.0,0.4265112590925666,0.6149541815787462,0.42895386144230196,0.44509533044629357,0.4265112590925666,1.545488821476217,0.6632277689878967,2,3,0.4547531503751435,2,0,1,1,0,1,1,0,0,0,soc2
1639,4,PARA,7,0,soc,0.45404855151860135,3.0,0.2557476057021561,0.6421777225722434,0.36078286047458835,0.4998703685606388,0.2557476057021561,2.19561729011013,0.45404855151860135,3,3,0.5063454354137675,2,1,1,1,1,1,2,1,0,5,soc2
1640,4,DERGİ,8,0,soc,0.36777367596527766,4.0,0.14720529265446836,0.6654699392605539,0.21534127284934748,0.5737343785488906,0.14720529265446836,2.426619631689191,0.36777367596527766,4,3,0.5834266249487496,2,0,1,0,0,2,0,1,0,8,soc2
1641,4,TERAS,9,0,soc,0.4909798771227458,5.0,0.14697919147960853,0.47910315115880475,0.2885066287033924,0.44471762402515624,0.14697919147960853,1.7525281494953897,0.33847580703793356,3,5,0.5806530271352092,2,0,1,1,0,1,2,0,0,3,soc2
1642,4,BAHÇE,10,0,soc,0.9242042644743286,1.0,0.9242042644743286,0.5054752815578438,0.41305624340702957,0.4759595539512915,0.9242042644743286,1.245148878666714,0.9242042644743286,1,8,0.4937285461414592,3,0,1,1,0,1,2,1,1,3,soc2
1643,4,SIRA,11,0,soc,0.24573466174940206,8.0,0.13598442188087762,0.7163490961866361,0.10308746097867516,0.6215180076410948,0.13598442188087762,1.5370832928779068,0.19244542870888942,4,6,0.6433749817383677,3,1,0,1,1,0,1,0,0,1,soc2
1644,4,ÇORAP,12,0,soc,0.6705631921729135,6.0,0.04312821108588731,0.680723864391762,0.29694352278218855,0.4325232925588035,0.04312821108588731,1.4399179161493072,0.4269492011430399,3,8,0.5789956166047101,3,1,1,1,1,1,2,0,0,5,soc2
1645,4,ZEMİN,13,1,soc,0.7799382870425406,4.0,0.2867144584794895,0.5682451770280814,0.3614201523524133,0.4636090904236212,0.2867144584794895,1.9779221162517717,0.7799382870425406,4,8,0.5036572203200145,3,0,1,1,0,1,2,1,0,3,soc2
1646,4,KALIP,14,1,soc,0.7259905593396109,2.0,0.5305487251469482,0.5416941136099072,0.36722529150926275,0.4473380400561968,0.5305487251469482,1.4292567676427934,0.7259905593396109,2,11,0.4939555755525311,3,0,0,1,0,0,1,0,0,9,soc2
1647,4,KASA,15,0,soc,0.7216362036201042,11.0,0.3394774532482303,0.5967845885830447,0.2575941402838799,0.5297832758595871,0.3394774532482303,1.8445325100752452,0.5221174508039267,3,11,0.5608047333584739,3,1,1,1,1,1,2,1,0,5,soc2
1648,4,KUTU,16,0,soc,0.808938780912267,10.0,0.3299174432520417,0.586399632042337,0.39947956372375415,0.4738298227496096,0.3299174432520417,2.5777693305769507,0.6721658308899058,4,11,0.4775826065792742,3,0,1,1,0,1,1,0,0,0,soc2
1649,4,MEKTUP,17,0,soc,0.531413672102889,14.0,0.2775652470935073,0.6781554926529882,0.1618434802344362,0.612412704900142,0.2775652470935073,2.2967765014027877,0.2775652470935073,1,15,0.6050246442563941,3,1,0,1,1,0,1,0,0,7,soc2
1656,1,KÖPEK,1,1,eng,,,,0.7112588511612159,,0.526906833997081,,0.0,1.0,0,0,1.0,1,1,1,0,1,1,0,0,0,6,eng2
1657,1,KOLAY,2,1,eng,0.19192980015035277,1.0,0.19192980015035277,0.618272719123595,0.19192980015035277,0.5448911709344105,0.19192980015035277,0.0,0.19192980015035277,1,0,0.7112588511612159,1,1,0,0,1,0,0,0,0,7,eng2
1658,1,BARDAK,3,1,eng,0.37934941818911777,2.0,0.36830066587155413,0.6288043984684006,0.37382504203033595,0.5299662477493435,0.36830066587155413,0.19192980015035277,0.37934941818911777,2,0,0.5582756256629609,1,1,0,1,1,0,1,0,0,2,eng2
1659,1,BİNA,4,1,eng,0.30788651392414,3.0,0.13065351230209385,0.6562718157776928,0.21870443773294798,0.5344990195641105,0.13065351230209385,0.9395798842110248,0.30788651392414,3,0,0.5968229252167356,1,1,0,1,1,0,1,0,0,3,eng2
1660,1,RAKAM,5,1,eng,0.3241388164109434,4.0,0.21033660568895937,0.5252487849867242,0.27326307102230746,0.4602798354896499,0.21033660568895937,1.5956931974098687,0.3241388164109434,4,0,0.5470572083964889,2,0,1,1,0,2,1,0,0,8,eng2
1661,1,YAZI,6,1,eng,0.7057482398165602,1.0,0.7057482398165602,0.5811448398435282,0.3121246419528677,0.46803416330490333,0.7057482398165602,1.4854409328245446,0.7057482398165602,1,4,0.52567590175113,2,0,1,1,0,2,1,1,1,8,eng2
1662,1,EKRAN,7,1,eng,0.16685243706845343,2.0,0.11523388533427606,0.6814631369982738,0.11271313074706905,0.5946430476952113,0.11523388533427606,1.6613157938015033,0.16685243706845343,2,4,0.6358277397225813,2,0,1,0,0,2,0,0,0,1,eng2
1663,1,ÖLÇEK,8,1,eng,0.496776122821186,3.0,0.17971877537199893,0.625454825660784,0.32144052779249965,0.47835658388660607,0.17971877537199893,1.4667915393378983,0.496776122821186,3,4,0.504322605284976,2,0,1,0,0,2,0,1,1,1,eng2
1664,1,BEYİN,9,1,eng,0.7030623490479981,8.0,0.2741413589628098,0.6513959383986684,0.32297351986173545,0.4782260674769604,0.2741413589628098,2.1049964430590244,0.4868718316772624,3,5,0.5319095599802949,2,1,1,0,1,1,0,0,0,6,eng2
1665,1,KABLO,10,1,eng,0.34175146148381974,3.0,0.10455170938820792,0.6459607223239696,0.17790978696717888,0.46924039247266536,0.10455170938820792,1.6291929939217473,0.34175146148381974,3,6,0.5784221462276404,3,0,0,1,0,0,3,0,0,0,eng2
1666,1,KAĞIT,11,1,eng,0.7632916113080702,8.0,0.31861719282235945,0.5444167505230599,0.3303113281401906,0.39159593589305586,0.31861719282235945,1.2137987720517174,0.4241782244223956,2,8,0.5422956784395964,3,0,0,1,0,0,2,0,0,9,eng2
1667,1,ŞİŞE,12,1,eng,0.9133266973789964,9.0,0.6004810975542849,0.5044088673787901,0.3605067132422257,0.4471134467554013,0.6004810975542849,1.6694257324752733,0.6004810975542849,1,10,0.4628212869746714,3,0,0,1,0,0,3,1,0,0,eng2
1668,1,AĞAÇ,13,1,eng,0.8790552457670859,2.0,0.6440032611822291,0.5171544418193015,0.5625883862682945,0.382351249275127,0.6440032611822291,2.3864723756871467,0.8790552457670859,2,10,0.39961877767031573,3,0,0,1,0,0,2,1,0,9,eng2
1669,1,ÇANTA,14,1,eng,0.7290655094278011,2.0,0.456667922479698,0.5841108334052088,0.5378840103251462,0.43831736355741535,0.456667922479698,3.5206282136836764,0.7290655094278011,2,11,0.43173786608451514,3,0,0,1,0,0,1,0,0,5,eng2
1670,1,KALE,15,1,eng,0.37316492997265727,6.0,0.20492638778021305,0.5889486170676577,0.23562822665573607,0.491632452727896,0.20492638778021305,3.9633656610073036,0.26878636607219825,2,12,0.6136424522611403,3,0,0,1,0,0,3,1,0,0,eng2
1671,1,SARI,16,1,eng,0.4571760663374574,5.0,0.36595312886614795,0.5958536692269261,0.262854718648975,0.5550840874611258,0.36595312886614795,2.5048508711661515,0.36595312886614795,1,14,0.5902351315958979,3,1,0,1,1,0,1,0,0,2,eng2
1672,1,KALEM,17,1,eng,0.7730691951070705,11.0,0.282269608051793,0.6142444224081602,0.35994722119588823,0.4968925617668861,0.282269608051793,1.6223584130654796,0.5201944127892401,2,14,0.4814557588246007,3,0,1,1,0,2,1,0,0,8,eng2
1673,1,PARK,18,0,eng,0.5999582642389087,5.0,0.18130720017977525,0.715807173877798,0.34200163861686683,0.5074893729776239,0.18130720017977525,1.8581023032437887,0.4948033738522656,3,14,0.5572480632046064,3,1,0,1,1,0,1,0,0,3,eng2
1674,2,CÜZDAN,1,0,eng,,,,0.741889479045817,,0.48199227873259354,,0.0,1.0,0,0,1.0,1,1,0,1,1,0,1,0,0,5,eng2
1675,2,GRUP,2,1,eng,0.12649542474508482,1.0,0.12649542474508482,0.635240863713082,0.12649542474508482,0.5292316370103676,0.12649542474508482,0.0,0.12649542474508482,1,0,0.741889479045817,1,1,1,0,1,1,0,0,0,1,eng2
1676,2,TABAK,3,1,eng,0.5042465281180626,2.0,0.3324634122090019,0.5792134676707459,0.41835497016353224,0.5071710277984836,0.3324634122090019,0.12649542474508482,0.5042465281180626,2,0,0.568604484981887,1,1,1,1,1,1,2,0,0,2,eng2
1677,2,BÜYÜK,4,1,eng,0.3362760149904467,1.0,0.3362760149904467,0.566809866012255,0.27809782993491755,0.4827801544343818,0.3362760149904467,0.9632053650721493,0.3362760149904467,1,2,0.585451977238852,1,1,1,1,1,1,1,0,0,7,eng2
1678,2,İLAÇ,5,1,eng,0.5041218058236524,4.0,0.42755153538344653,0.52659695245666,0.39951539413384646,0.4711276757797789,0.42755153538344653,1.797498854876902,0.5041218058236524,4,0,0.49899534564902226,2,0,1,0,0,1,0,0,0,4,eng2
1679,2,DEFTER,6,1,eng,0.627572112708787,5.0,0.48588772879447206,0.5499661145601702,0.3579216484591295,0.498837143076455,0.48588772879447206,1.9621100616720963,0.48588772879447206,1,4,0.5409259406566469,2,0,1,0,0,1,0,0,0,8,eng2
1680,2,TOPLU,7,1,eng,0.3821091830560145,5.0,0.28012849203078116,0.6214448966221591,0.24300950167647803,0.5271674632811558,0.28012849203078116,2.0834784397197827,0.28012849203078116,1,5,0.5943400843249931,2,1,1,1,1,1,1,1,0,7,eng2
1681,2,SPOR,8,1,eng,0.5263829283054188,6.0,0.18524182394017147,0.7017401922610813,0.15448257117407155,0.6025282437729165,0.18524182394017147,1.7714465866964189,0.26721085646330167,4,3,0.6137230337696964,2,1,1,0,1,1,0,0,0,1,eng2
1682,2,ELMA,9,0,eng,0.46841613079330613,6.0,0.03405619376332644,0.7161246781502357,0.19286257501305595,0.5468788536591951,0.03405619376332644,1.3260882526357958,0.34361601738704106,4,4,0.6270340421603978,2,1,1,1,1,1,2,0,0,2,eng2
1683,2,KAPI,10,1,eng,0.6490652151450355,9.0,0.11185007485085907,0.649730620879114,0.18446199109627223,0.48997414378666293,0.11185007485085907,0.8212505793367143,0.2679867376497533,3,6,0.5960834748666674,3,0,0,1,0,0,2,0,0,0,eng2
1684,2,TERLİK,11,1,eng,0.8193907759305923,10.0,0.529598574451337,0.5092082161162496,0.39710427183230174,0.3673112683183172,0.529598574451337,0.6988712176937302,0.529598574451337,1,9,0.4184525782457874,3,1,0,1,1,0,1,0,0,5,eng2
1685,2,SEHPA,12,1,eng,0.874047692873124,11.0,0.8204713648780362,0.4234337596764681,0.45898014291038114,0.3508859169285492,0.8204713648780362,1.6757615432107864,0.8204713648780362,1,10,0.4429255467441662,3,0,0,1,0,0,2,1,0,0,eng2
1686,2,TAŞLIK,13,1,eng,0.9044878180247089,2.0,0.8011967601163709,0.6196707751304311,0.613647832193194,0.37360262607765404,0.8011967601163709,2.94513118593146,0.9044878180247089,2,10,0.36934462834711745,3,1,1,1,1,1,2,1,0,2,eng2
1687,2,KOLTUK,14,1,eng,0.7434975641506587,2.0,0.08964100272188237,0.8675241790328903,0.3144395785111559,0.5973699150271241,0.08964100272188237,4.544335367973176,0.7434975641506587,2,11,0.5581149145576021,3,0,0,1,0,0,1,0,0,3,eng2
1688,2,KISA,15,1,eng,0.5207710106964843,11.0,0.00020417925756111615,0.8218318131921548,0.12452359730818778,0.6936925191809118,0.00020417925756111615,3.6190932640346083,0.3126691173153878,4,10,0.7378958247239986,3,1,1,1,1,1,1,0,0,7,eng2
1689,2,KAŞIK,16,1,eng,0.9312959692780304,13.0,0.1243362218240441,0.5169947414820028,0.5475560548949133,0.39485769222114986,0.1243362218240441,1.8703726359261532,0.8855161527891529,4,11,0.4738848424477229,3,1,1,1,1,1,2,1,0,2,eng2
1690,2,KEDİ,17,1,eng,0.83247450901758,1.0,0.83247450901758,0.4783656347529617,0.5346452470840325,0.45049957455480494,0.83247450901758,1.4392836284197819,0.83247450901758,1,15,0.4815379794188036,3,0,0,1,0,0,1,0,0,6,eng2
1691,3,DOLAP,1,1,eng,,,,0.48604264923271,,0.3504362697732081,,0.0,1.0,0,0,1.0,1,1,1,1,3,1,1,0,0,0,eng2
1692,3,FIRIN,2,1,eng,0.8174243470308453,1.0,0.8174243470308453,0.5268488573331643,0.8174243470308453,0.480041441775375,0.8174243470308453,0.0,0.8174243470308453,1,0,0.48604264923271,1,1,1,1,3,1,1,1,1,0,eng2
1693,3,DUVAR,3,1,eng,0.7200170034852962,2.0,0.323485653835385,0.5683703150105126,0.5217513286603406,0.466804983012824,0.323485653835385,0.8174243470308453,0.7200170034852962,2,0,0.5524722672148215,1,1,0,1,1,0,3,0,0,3,eng2
1694,3,LAMBA,4,1,eng,0.7685736311244618,3.0,0.5543222271122044,0.5561761924111386,0.6702379225871627,0.39745814934743606,0.5543222271122044,1.8609270043515265,0.7685736311244618,3,0,0.43011783429865413,1,1,1,1,3,1,1,1,0,0,eng2
1695,3,KALAS,5,1,eng,0.22795832464146074,2.0,0.17883395389095832,0.6723986806711263,0.1652911355017657,0.5690680422813896,0.17883395389095832,3.8716407721130146,0.22795832464146074,2,2,0.6358503503191408,2,0,1,0,0,2,0,0,0,7,eng2
1696,3,KİTAP,6,1,eng,0.6275266564175318,5.0,0.11991635567103318,0.6381068162749293,0.2813638453387824,0.5603354926148914,0.11991635567103318,2.1580558642420664,0.3126929017723875,3,2,0.6117188695629339,2,0,1,0,0,1,0,0,0,8,eng2
1697,3,KÜÇÜK,7,1,eng,0.5165683044205327,2.0,0.3321806870903763,0.5716069502502041,0.35942572721904387,0.44230741918667793,0.3321806870903763,1.6894304969324945,0.5165683044205327,2,4,0.5173961827524263,2,0,1,0,0,2,0,1,0,7,eng2
1698,3,SALÇA,8,1,eng,0.9575447667524211,6.0,0.39402197153244783,0.47232509501822817,0.41051030644984465,0.3860674610964304,0.39402197153244783,1.703448460829402,0.8145371713165205,4,3,0.4908894160360394,2,1,1,1,3,1,1,1,0,0,eng2
1699,3,KOLA,9,1,eng,0.8559760341270273,1.0,0.8559760341270273,0.4104297991371767,0.48994744183328953,0.46514318828930534,0.8559760341270273,1.7612225248160247,0.8559760341270273,1,7,0.49338756120530713,2,0,1,1,0,1,1,0,0,2,eng2
1700,3,DÜĞME,10,1,eng,0.9823856774645168,6.0,0.8477058793990766,0.5067048529666459,0.5308694265455149,0.39415290145198656,0.8477058793990766,2.3435260445767474,0.9607896067400263,2,7,0.38407861053180803,3,1,1,1,3,1,1,1,0,0,eng2
1701,3,TOPRAK,11,1,eng,0.3969815277750878,4.0,0.1484630998214299,0.6766967050874442,0.26818015076670687,0.5037853281186215,0.1484630998214299,4.1324085994288025,0.3969815277750878,4,6,0.5815997984924468,3,0,0,1,0,0,2,0,0,4,eng2
1702,3,ODA,12,1,eng,0.4934739458063485,11.0,0.17086017070388432,0.6776161399847811,0.1647485956747031,0.5599980651316263,0.17086017070388432,3.417555258744228,0.22252433529445556,2,9,0.6649927197996601,3,1,0,1,1,0,3,0,0,3,eng2
1703,3,HALI,13,1,eng,0.751662779508489,5.0,0.12609603276321196,0.6480728838531851,0.37953149516378953,0.49289761341457383,0.12609603276321196,1.691645356174003,0.5504703171328947,3,9,0.5758286311968548,3,0,0,1,0,0,1,0,0,5,eng2
1704,3,KOKU,14,1,eng,0.7679684291054976,6.0,0.31191252104015954,0.616931499777231,0.4365314712701215,0.46785467505252076,0.31191252104015954,1.4649803575390357,0.700374303081745,4,9,0.5241896498383785,3,0,0,1,0,0,2,1,0,4,eng2
1705,3,YATAK,15,1,eng,0.7480478841854629,3.0,0.23347234242150494,0.6393849027215192,0.44323792572764076,0.417057611686107,0.23347234242150494,1.442023721601016,0.7480478841854629,3,11,0.4365352012641134,3,1,0,1,1,0,3,1,0,3,eng2
1706,3,ÇİÇEK,16,1,eng,0.7185540294184415,9.0,0.21549039796171957,0.6605891481876222,0.3078160002718406,0.5498939315847078,0.21549039796171957,2.09856953642672,0.5204208570906917,2,13,0.5922040536795432,3,0,1,1,0,1,1,0,0,2,eng2
1707,3,PARKUR,17,1,eng,0.5442373948670083,16.0,0.13541752584958422,0.7372707617916965,0.23060343513928644,0.5586833286619453,0.13541752584958422,2.0348085261136464,0.4104595139300559,2,14,0.5754800601836684,3,1,0,1,1,0,3,1,0,3,eng2
1708,4,HARİTA,1,1,eng,,,,0.7271960887851552,,0.6000939317892768,,0.0,1.0,0,0,1.0,1,1,1,0,1,1,0,0,0,1,eng2
1709,4,MARKET,2,1,eng,0.15606522192556957,1.0,0.15606522192556957,0.6030683799809979,0.15606522192556957,0.4969365397546007,0.15606522192556957,0.0,0.15606522192556957,1,0,0.7271960887851552,1,1,1,1,1,2,1,0,0,5,eng2
1710,4,DERGİ,3,1,eng,0.36777367596527766,1.0,0.36777367596527766,0.6198684364170628,0.24945990163703124,0.580418709904553,0.36777367596527766,0.15606522192556957,0.36777367596527766,1,1,0.6180241277270839,1,1,1,0,1,1,0,0,0,8,eng2
1711,4,ZEMİN,4,1,eng,0.44897899543936426,2.0,0.1852874627060137,0.5994234655818151,0.35069163323215236,0.4969306511386311,0.1852874627060137,0.6549850251996321,0.44897899543936426,2,1,0.5326485370173404,1,1,0,1,1,0,2,0,0,3,eng2
1712,4,SULUK,5,1,eng,0.4605589123087372,1.0,0.4605589123087372,0.5355558492701178,0.27411328438138943,0.49239489304487094,0.4605589123087372,1.7070599248960892,0.4605589123087372,1,3,0.5489900313571949,2,0,1,0,0,1,0,0,0,2,eng2
1713,4,ÇORAP,6,1,eng,0.5824925694638781,4.0,0.4512745529905392,0.6821981036638775,0.2952526311680498,0.44678704973464645,0.4512745529905392,1.9446425103038225,0.5824925694638781,4,1,0.5209150669621634,2,1,1,1,1,2,1,1,0,5,eng2
1714,4,SIRA,7,1,eng,0.09962009418798418,3.0,0.04312821108588731,0.727172545714466,0.07234725084670547,0.6251256135482054,0.04312821108588731,1.6701054194348126,0.09962009418798418,3,3,0.6743302690838913,2,1,1,0,1,1,0,0,0,1,eng2
1715,4,KASA,8,1,eng,0.7216362036201042,6.0,0.11376074251908228,0.6753326189587707,0.21448804912779043,0.49259563804051565,0.11376074251908228,1.4392437626838852,0.5221174508039267,2,5,0.5769478884645243,2,1,1,1,1,2,1,1,0,5,eng2
1716,4,SİLGİ,9,1,eng,0.5408118683387342,3.0,0.339247304431397,0.5798271679563116,0.3191559946866135,0.45456270425501766,0.339247304431397,1.388072866442204,0.5408118683387342,3,5,0.5218532934512408,2,1,1,0,1,1,0,0,0,8,eng2
1717,4,KALIP,10,1,eng,0.7259905593396109,4.0,0.36024447841269697,0.5894875541328888,0.4244910735761658,0.47565136709947786,0.36024447841269697,1.7330747051551534,0.7259905593396109,4,5,0.5146408659974504,3,0,0,1,0,0,1,0,0,9,eng2
1718,4,TAHTA,11,1,eng,0.6705631921729135,5.0,0.33768588735381055,0.5266823795027193,0.3679538533156732,0.4569506058583156,0.33768588735381055,1.4852695684228576,0.4265112590925666,2,8,0.5603110972268117,3,0,0,1,0,0,2,0,0,0,eng2
1719,4,BAHÇE,12,1,eng,0.5990619609063522,1.0,0.5990619609063522,0.6401432099665212,0.2948405552553731,0.5006807535429638,0.5990619609063522,2.1319624030252555,0.5990619609063522,1,10,0.5561319344910256,3,1,0,1,1,0,2,0,0,3,eng2
1720,4,PARA,13,1,eng,0.60207201097775,5.0,0.042525338012995656,0.6378057433719493,0.3118204444452946,0.47902604604736265,0.042525338012995656,2.3229656079656467,0.4072161704521243,4,8,0.6011105307755509,3,1,1,1,1,2,1,0,0,5,eng2
1721,4,HALKA,14,1,eng,0.42133583163229127,1.0,0.42133583163229127,0.5319976435243025,0.2525397538413573,0.5039092173374249,0.42133583163229127,1.7084897490989153,0.42133583163229127,1,12,0.5598149868071705,3,0,0,1,0,0,2,0,0,7,eng2
1722,4,MEKTUP,15,1,eng,0.531413672102889,1.0,0.531413672102889,0.6186632647180241,0.27409686223322455,0.5419862827758899,0.531413672102889,1.7223583128755864,0.531413672102889,1,13,0.5317786493676655,3,0,0,1,0,0,2,1,1,7,eng2
1723,4,TERAS,16,1,eng,0.9242042644743286,4.0,0.039401458193120256,0.6910619867931898,0.3274893333082673,0.5150150049446445,0.039401458193120256,1.5386421859086323,0.9242042644743286,4,11,0.5245084609013717,3,1,0,1,1,0,2,1,0,3,eng2
1724,4,KUTU,17,1,eng,0.808938780912267,6.0,0.2096698121444681,0.7039292142615761,0.2971471410442432,0.5093024335023895,0.2096698121444681,1.6559139932473763,0.36502025028410534,4,12,0.5293148485396799,3,0,0,1,0,0,2,0,0,0,eng2
1731,1,KALE,1,1,soc,,,,0.5980463529226094,,0.5500475333159138,,0.0,1.0,0,0,1.0,1,1,1,1,1,1,1,0,0,0,soc19
1732,1,KALEM,2,1,soc,0.5201944127892401,1.0,0.5201944127892401,0.48875099253418,0.5201944127892401,0.44261666075297157,0.5201944127892401,0.0,0.5201944127892401,1,0,0.5980463529226094,1,1,1,0,2,1,0,0,0,8,soc19
1733,1,RAKAM,3,0,soc,0.5024065825084536,1.0,0.5024065825084536,0.6036159250608751,0.27375363042970047,0.5251239897881158,0.5024065825084536,0.5201944127892401,0.5024065825084536,1,1,0.6491957643909958,1,1,1,0,2,1,0,1,1,8,soc19
1734,1,SARI,4,0,soc,0.36595312886614795,3.0,0.13199108536387683,0.6132339115536258,0.26007127409393926,0.5389055862544845,0.13199108536387683,1.0677016736486409,0.36595312886614795,3,0,0.5767466101527876,1,1,1,0,1,1,0,0,0,2,soc19
1735,1,KAĞIT,5,0,soc,0.6893193775666414,3.0,0.4571760663374574,0.49507306988794997,0.478376395074508,0.35643948739754594,0.4571760663374574,1.847915495930459,0.6893193775666414,3,1,0.4581790069648485,2,0,1,1,0,1,1,0,0,9,soc19
1736,1,ŞİŞE,6,0,soc,0.6004810975542849,1.0,0.6004810975542849,0.5586781736501524,0.25682061188465577,0.4651543883604887,0.6004810975542849,2.655920657090247,0.6004810975542849,1,4,0.570294250243621,2,1,1,1,1,1,1,0,0,0,soc19
1737,1,ÖLÇEK,7,0,soc,0.496776122821186,4.0,0.19672750050227128,0.6755256121254962,0.2981613176449198,0.5061356720930537,0.19672750050227128,2.064798349075402,0.496776122821186,4,2,0.5595622295212022,2,0,1,1,0,1,1,0,0,1,soc19
1738,1,BARDAK,8,0,soc,0.9133266973789964,2.0,0.19146540297900771,0.6576524925434011,0.49165312578858894,0.39375062539607997,0.19146540297900771,1.890376290554968,0.9133266973789964,2,5,0.4002055129857507,2,1,1,0,1,1,0,1,0,2,soc19
1739,1,YAZI,9,0,soc,0.7730691951070705,7.0,0.17840851920768158,0.6212081582344127,0.26214845137196063,0.5167179797850638,0.17840851920768158,3.0321542496861005,0.4699779847941003,4,4,0.5726100372000573,2,1,1,0,2,1,0,0,0,8,soc19
1740,1,AĞAÇ,10,0,soc,0.8790552457670859,5.0,0.3754979357132496,0.5463361309876666,0.6142908327968573,0.35331585893750317,0.3754979357132496,2.0001900035578375,0.7102854000778898,2,7,0.4278110389456169,3,0,1,1,0,1,1,0,0,9,soc19
1741,1,ÇANTA,11,1,soc,0.7290655094278011,5.0,0.456667922479698,0.5657958567550394,0.3951588496590948,0.46625371674808247,0.456667922479698,2.3589365618682105,0.4930966381115681,3,7,0.5547122053201157,3,0,0,1,0,0,1,0,0,5,soc19
1742,1,BEYİN,12,0,soc,0.4868718316772624,3.0,0.2770681081099094,0.5284569396315548,0.36269668218642515,0.45105137167641485,0.2770681081099094,2.4127711139846153,0.4868718316772624,3,8,0.5077024367711316,3,0,0,1,0,0,2,0,0,6,soc19
1743,1,KÖPEK,13,1,soc,0.7030623490479981,1.0,0.7030623490479981,0.5231793037320285,0.5003626206296576,0.4479640483112055,0.7030623490479981,2.0896685714307184,0.7030623490479981,1,11,0.4386581326488076,3,0,0,1,0,0,2,1,1,6,soc19
1744,1,PARK,14,0,soc,0.5999582642389087,4.0,0.3129821028808094,0.543802178042808,0.33876345072944314,0.48906153037882805,0.3129821028808094,2.921466353550163,0.5999582642389087,4,9,0.5124194278276575,3,0,0,1,0,0,2,0,0,3,soc19
1745,1,BİNA,15,1,soc,0.526662887280119,1.0,0.526662887280119,0.5820107220824137,0.36126593631600706,0.47814628450366725,0.526662887280119,2.39462883767657,0.526662887280119,1,13,0.5151277223216457,3,0,0,1,0,0,2,1,1,3,soc19
1746,1,EKRAN,16,0,soc,0.17971877537199893,9.0,0.10864459957961448,0.7151042092138618,0.09050475869794289,0.6195740151592735,0.10864459957961448,2.4355754664799134,0.13256015992885034,4,11,0.6718579592517591,3,0,1,1,0,1,1,0,0,1,soc19
1747,1,KOLAY,17,1,soc,0.4734206706671342,12.0,0.05184751822271495,0.6967122171656872,0.13768171013373487,0.6034398732837389,0.05184751822271495,1.394331002983146,0.21757328697261005,2,14,0.6419318139365762,3,0,0,1,0,0,1,0,0,7,soc19
1748,1,KABLO,18,0,soc,0.5725258870121184,7.0,0.20784660507107872,0.7046684621156782,0.28410836421823543,0.4995503027418744,0.20784660507107872,1.0169184888683251,0.34175146148381974,2,15,0.5086347596502747,3,1,1,1,1,1,1,0,0,0,soc19
1749,2,CÜZDAN,1,1,soc,,,,0.6939891213674392,,0.5132752486843181,,0.0,1.0,0,0,1.0,1,1,0,1,1,0,1,0,0,5,soc19
1750,2,KISA,2,1,soc,0.23489056884888554,1.0,0.23489056884888554,0.6201203750448245,0.23489056884888554,0.5563292199602756,0.23489056884888554,0.0,0.23489056884888554,1,0,0.6939891213674392,1,1,1,0,1,2,0,0,0,7,soc19
1751,2,GRUP,3,0,soc,0.26950637178403114,1.0,0.26950637178403114,0.6066807738343953,0.19800089826455797,0.5493080616257977,0.26950637178403114,0.23489056884888554,0.26950637178403114,1,1,0.642801331635193,1,1,0,1,1,0,1,0,0,1,soc19
1752,2,SEHPA,4,0,soc,0.874047692873124,3.0,0.3182930925394769,0.6129976402108533,0.4253931800836373,0.4229939863836657,0.3182930925394769,0.6308923653780015,0.874047692873124,3,0,0.5585359929111235,1,1,0,1,1,0,1,0,0,0,soc19
1753,2,BÜYÜK,5,0,soc,0.5207710106964843,3.0,0.17567105967957808,0.6081963178887525,0.2986148862975921,0.48304365120824755,0.17567105967957808,1.9070719056289134,0.5207710106964843,3,1,0.5320772969972675,2,1,1,0,1,2,0,1,0,7,soc19
1754,2,ELMA,6,0,soc,0.3613344312106457,1.0,0.3613344312106457,0.5521679814326086,0.2038036993352664,0.5268134801647943,0.3613344312106457,1.567511153298796,0.3613344312106457,1,4,0.6296825606114385,2,0,1,1,0,2,2,0,0,2,soc19
1755,2,TABAK,7,0,soc,0.7168752276890751,3.0,0.46841613079330613,0.5617924585747724,0.39025434180333357,0.44557298386330546,0.46841613079330613,1.3335724400120703,0.7168752276890751,3,3,0.4598571450974367,2,0,1,1,0,2,2,1,1,2,soc19
1756,2,TOPLU,8,0,soc,0.4690134993133757,6.0,0.18539221341681766,0.7307196686322613,0.22526842973409159,0.549615065668644,0.18539221341681766,2.303327038541921,0.30747062185491775,4,3,0.6360200322177187,2,1,1,0,1,2,0,1,0,7,soc19
1757,2,KOLTUK,9,0,soc,0.7434975641506587,5.0,0.01849475765938148,0.7676783137214847,0.2365012232069049,0.5648639136647021,0.01849475765938148,1.602788920753924,0.24766921532422653,2,6,0.6652742793871739,2,0,1,0,0,1,0,0,0,3,soc19
1758,2,DEFTER,10,0,soc,0.627572112708787,9.0,0.06473413798294957,0.6548751896449333,0.19865407157314524,0.5087409625937858,0.06473413798294957,1.0706882114096528,0.28012849203078116,2,7,0.5774017332063816,3,0,0,1,0,0,1,0,0,8,soc19
1759,2,KEDİ,11,1,soc,0.7842057585918668,7.0,0.3119669231405654,0.5170432630935089,0.37805125572406456,0.3710288310930756,0.3119669231405654,1.0548773511343859,0.45868189500698364,4,6,0.5065560222287664,3,0,0,1,0,0,1,0,0,6,soc19
1760,2,KAPI,12,0,soc,0.8191831838889087,8.0,0.6249684131058864,0.5423053960678119,0.38539686078949476,0.4601890704432424,0.6249684131058864,1.1652037645154953,0.6249684131058864,1,10,0.46827322604830723,3,1,0,1,1,0,1,0,0,0,soc19
1761,2,KAŞIK,13,0,soc,0.9312959692780304,6.0,0.3506965628825089,0.5620624802162945,0.407232035891535,0.4058174583777938,0.3506965628825089,1.8906449273727701,0.83247450901758,2,10,0.4603266314369856,3,0,1,1,0,2,2,0,0,2,soc19
1762,2,TERLİK,14,0,soc,0.8204713648780362,10.0,0.6548200500864441,0.4966699123545989,0.4586942891585936,0.37013145147527404,0.6548200500864441,2.774780607108999,0.6789120984624636,3,10,0.45969314933376004,3,1,0,1,1,0,1,0,0,5,soc19
1763,2,İLAÇ,15,1,soc,0.5590760257125165,1.0,0.5590760257125165,0.5555274832430768,0.4441958648382375,0.4852583623590828,0.5590760257125165,3.6714702080062196,0.5590760257125165,1,13,0.5263444922072562,3,0,0,1,0,0,1,0,0,4,soc19
1764,2,TAŞLIK,16,1,soc,0.9044878180247089,2.0,0.4144573313521442,0.5963208895658276,0.7110464268325685,0.37750030436231385,0.4144573313521442,2.755751243984758,0.9044878180247089,2,13,0.37990547911019446,3,0,1,1,0,2,2,1,0,2,soc19
1765,2,SPOR,17,0,soc,0.5270647491536371,3.0,0.14479414979768762,0.7325979060636111,0.20360459542748224,0.6340660774776763,0.14479414979768762,3.8225304237398263,0.5270647491536371,3,13,0.6222359930980222,3,1,0,1,1,0,1,0,0,1,soc19
1766,3,KOLA,1,1,soc,,,,0.46545425643119187,,0.4565638813662769,,0.0,1.0,0,0,1.0,1,1,1,0,1,1,0,0,0,2,soc19
1767,3,SALÇA,2,0,soc,0.8559760341270273,1.0,0.8559760341270273,0.38203893963709634,0.8559760341270273,0.416898060618776,0.8559760341270273,0.0,0.8559760341270273,1,0,0.46545425643119187,1,1,0,1,2,0,3,0,0,0,soc19
1768,3,LAMBA,3,0,soc,0.8145371713165205,1.0,0.8145371713165205,0.5172856850046477,0.7194945438197871,0.45120772323234015,0.8145371713165205,0.8559760341270273,0.8145371713165205,1,1,0.4735061083339853,1,1,0,1,2,0,3,1,1,0,soc19
1769,3,KİTAP,4,0,soc,0.2957067338444503,1.0,0.2957067338444503,0.6199092432634342,0.15806859572014217,0.5553127789627225,0.2957067338444503,2.2949651217666016,0.2957067338444503,1,2,0.6708024836083153,1,1,0,0,1,0,0,0,0,8,soc19
1770,3,TOPRAK,5,0,soc,0.3450196440346835,3.0,0.19083548758034863,0.5796403440173403,0.2617843633932465,0.4919729087643733,0.19083548758034863,2.7691709089270278,0.3450196440346835,3,1,0.5714603122148028,2,0,1,1,0,1,1,0,0,4,soc19
1771,3,ÇİÇEK,6,0,soc,0.6641148065340642,5.0,0.5057224384953654,0.5716531887367631,0.4639486835115821,0.426890547219803,0.5057224384953654,2.006264117903789,0.5057224384953654,1,4,0.48676381200397034,2,1,1,0,1,1,0,0,0,2,soc19
1772,3,PARKUR,7,0,soc,0.41385861769400684,4.0,0.13541752584958422,0.678812529901818,0.24366100365376236,0.5498862550586806,0.13541752584958422,1.9263529086364188,0.41385861769400684,4,2,0.5755929395320178,2,0,1,1,0,1,3,0,0,3,soc19
1773,3,KÜÇÜK,8,0,soc,0.7185540294184415,2.0,0.19396905448262136,0.5693059132167071,0.38038554493571564,0.428286909120544,0.19396905448262136,1.5545004448664168,0.7185540294184415,2,5,0.4663155982527597,2,0,1,0,0,2,0,0,0,7,soc19
1774,3,KALAS,9,0,soc,0.5165683044205327,1.0,0.5165683044205327,0.6086997968010532,0.293685751912906,0.5409926083143434,0.5165683044205327,2.0581546785593847,0.5165683044205327,1,7,0.5224075221723702,2,0,1,0,0,2,0,1,1,7,soc19
1775,3,KOKU,10,0,soc,0.7679684291054976,8.0,0.14382481420518684,0.5297232254962921,0.34410776616064365,0.43329863740495456,0.14382481420518684,2.093898517942686,0.5204208570906917,4,5,0.5221271006266843,3,0,1,1,0,1,1,0,0,4,soc19
1776,3,FIRIN,11,0,soc,0.9575447667524211,9.0,0.6742146260946187,0.5178930625685585,0.31429897670240237,0.41931504901041106,0.6742146260946187,1.7206428857585874,0.6742146260946187,1,9,0.49764718870448543,3,1,0,1,2,0,3,0,0,0,soc19
1777,3,DUVAR,12,0,soc,0.5543222271122044,9.0,0.323485653835385,0.5802417948396537,0.2942627339730498,0.47152561547394156,0.323485653835385,2.4054773035860846,0.3711144949844335,2,9,0.5432423932378119,3,0,1,1,0,1,3,0,0,3,soc19
1778,3,DÜĞME,13,0,soc,0.9823856774645168,10.0,0.5635340067284889,0.5008135877611906,0.5243763152163933,0.37800542605974075,0.5635340067284889,1.9262357089983204,0.7746284895080563,2,10,0.4132630479884656,3,1,0,1,2,0,3,1,0,0,soc19
1779,3,YATAK,14,1,soc,0.5071903540306528,12.0,0.5065464660450255,0.5409723590770241,0.30801008961139925,0.4190660602943783,0.5065464660450255,3.4073515742327274,0.5065464660450255,1,12,0.5401593779110572,3,0,1,1,0,1,3,1,0,3,soc19
1780,3,HALI,15,1,soc,0.751662779508489,13.0,0.5074386632811121,0.52798047706087,0.44072906588090693,0.49614834189020207,0.5074386632811121,2.8914558642704726,0.5504703171328947,2,12,0.47832224850971794,3,0,0,1,0,0,1,0,0,5,soc19
1781,3,DOLAP,16,0,soc,0.934522940334041,3.0,0.5556237903853873,0.49495926925808764,0.7365709691534293,0.3414127332679623,0.5556237903853873,2.752941940369383,0.934522940334041,3,12,0.37087595982000543,3,1,0,1,2,0,3,1,0,0,soc19
1782,3,ODA,17,1,soc,0.7480478841854629,3.0,0.4934739458063485,0.6066546359352594,0.36629576082838894,0.5309338382312303,0.4934739458063485,3.7098689417100372,0.7480478841854629,3,13,0.5400574577654504,3,0,1,1,0,1,3,1,0,3,soc19
1783,4,SULUK,1,0,soc,,,,0.6068689530908105,,0.5054590105545879,,0.0,1.0,0,0,1.0,1,1,0,0,1,0,0,0,0,2,soc19
1784,4,TAHTA,2,0,soc,0.4928065927334522,1.0,0.4928065927334522,0.5665901252825216,0.4928065927334522,0.46466324789568025,0.4928065927334522,0.0,0.4928065927334522,1,0,0.6068689530908105,1,1,0,1,1,0,1,0,0,0,soc19
1785,4,MEKTUP,3,1,soc,0.2583237938526194,1.0,0.2583237938526194,0.6758095235190094,0.21916382097812906,0.5689060385318738,0.2583237938526194,0.4928065927334522,0.2583237938526194,1,1,0.6403553503921906,1,1,1,0,1,1,0,0,0,7,soc19
1786,4,BAHÇE,4,0,soc,0.5990619609063522,2.0,0.08843935650485751,0.6195548804377259,0.41549090438060926,0.5057132565213316,0.08843935650485751,0.9311342346897103,0.5990619609063522,2,1,0.5250042513046342,1,1,0,1,1,0,2,0,0,3,soc19
1787,4,MARKET,5,0,soc,0.6632277689878967,3.0,0.42616662481035583,0.661588613515214,0.3916572475645289,0.43391566558439343,0.42616662481035583,2.1776069478315376,0.6632277689878967,3,1,0.4982765758118898,2,0,1,1,0,3,1,0,0,5,soc19
1788,4,SIRA,6,0,soc,0.13598442188087762,2.0,0.04963276350244188,0.6801779489831368,0.08408902775552568,0.6106891485088282,0.04963276350244188,2.1788268695747424,0.13598442188087762,2,3,0.6794147055455673,2,0,1,1,0,1,1,0,0,1,soc19
1789,4,HALKA,7,0,soc,0.531413672102889,4.0,0.24573466174940206,0.616106980149848,0.29804342111660215,0.5059595231533867,0.24573466174940206,0.9044980435017331,0.531413672102889,4,2,0.5158029950319254,2,1,1,0,1,1,0,1,0,7,soc19
1790,4,KASA,8,0,soc,0.7216362036201042,3.0,0.21304607543417697,0.5822536360168115,0.26228288860767296,0.49591851310317625,0.21304607543417697,1.293429760224483,0.7216362036201042,3,4,0.5462854740317413,2,0,1,1,0,3,1,1,0,5,soc19
1791,4,ÇORAP,9,0,soc,0.6705631921729135,7.0,0.5221174508039267,0.4746668952807678,0.3630476331557092,0.4199268005432186,0.5221174508039267,1.653191641934136,0.5824925694638781,4,4,0.5304981461362667,2,0,1,1,0,3,1,1,1,5,soc19
1792,4,KALIP,10,0,soc,0.7259905593396109,1.0,0.7259905593396109,0.594257619878801,0.3311297363914396,0.4487251607456042,0.7259905593396109,1.3970179533548128,0.7259905593396109,1,8,0.5309795612077899,3,0,0,1,0,0,1,0,0,9,soc19
1793,4,DERGİ,11,0,soc,0.36777367596527766,6.0,0.08000607142125885,0.6925294326439319,0.08778881832772509,0.5789080910696718,0.08000607142125885,2.1980664040054076,0.13785380101280587,2,8,0.6737649394981884,3,0,0,1,0,0,2,0,0,8,soc19
1794,4,ZEMİN,12,1,soc,0.5305487251469482,2.0,0.1852874627060137,0.6248873047146826,0.3096251489972076,0.4576635650293689,0.1852874627060137,1.9092423291715104,0.5305487251469482,2,9,0.5458295052453492,3,1,0,1,1,0,2,0,0,3,soc19
1795,4,KUTU,13,0,soc,0.808938780912267,11.0,0.3050256329153812,0.615357424545373,0.46403086205270094,0.4280506622257404,0.3050256329153812,1.9464010781061272,0.6721658308899058,4,8,0.4472786858917607,3,1,0,1,1,0,1,0,0,0,soc19
1796,4,SİLGİ,14,0,soc,0.5408118683387342,5.0,0.21923152408049593,0.6425936803748173,0.3356672672032289,0.479519720922139,0.21923152408049593,2.113913295395778,0.36024447841269697,4,9,0.5463014931674168,3,0,0,1,0,0,2,1,0,8,soc19
1797,4,HARİTA,15,1,soc,0.46457851757624713,2.0,0.20908895245117776,0.6872022583863447,0.30714086664285745,0.5176531196105323,0.20908895245117776,1.6617519248108432,0.46457851757624713,2,12,0.5315631991198775,3,0,1,1,0,1,1,0,0,1,soc19
1798,4,PARA,16,1,soc,0.60207201097775,8.0,0.12544697133362123,0.6713678425172265,0.24306383285206837,0.5591275063118684,0.12544697133362123,1.8604609791839706,0.4072161704521243,2,13,0.5712440421026155,3,0,1,1,0,3,1,0,0,5,soc19
1799,4,TERAS,17,0,soc,0.9242042644743286,13.0,0.15421371477310106,0.7280685365898458,0.33299458599672865,0.5085239574570366,0.15421371477310106,1.790582386177772,0.311884553103573,3,13,0.5899131663300763,3,1,0,1,1,0,2,0,0,3,soc19
1806,1,PARK,1,0,eng,,,,0.694876516815284,,0.536614335156244,,0.0,1.0,0,0,1.0,1,1,0,1,1,0,1,0,0,3,eng19
1807,1,ÖLÇEK,2,1,eng,0.23258702823858693,1.0,0.23258702823858693,0.5748338647762385,0.23258702823858693,0.5265248590637854,0.23258702823858693,0.0,0.23258702823858693,1,0,0.694876516815284,1,1,0,1,1,0,1,0,0,1,eng19
1808,1,YAZI,3,0,eng,0.4406669826465497,1.0,0.4406669826465497,0.5276472303493742,0.3072557318395297,0.49904777207315143,0.4406669826465497,0.23258702823858693,0.4406669826465497,1,1,0.6050396521450689,1,1,0,1,1,0,2,0,0,8,eng19
1809,1,BEYİN,4,0,eng,0.4868718316772624,1.0,0.4868718316772624,0.5620357366937812,0.3425558616874583,0.4516295875228301,0.4868718316772624,0.8470984919176463,0.4868718316772624,1,2,0.5340734742156612,1,1,1,0,1,1,0,0,0,6,eng19
1810,1,AĞAÇ,5,1,eng,0.5999582642389087,4.0,0.2947480750560708,0.46431943762460315,0.4332041490630153,0.3730938511813817,0.2947480750560708,1.8747660769800212,0.5999582642389087,4,0,0.4676702914139661,2,0,1,0,0,2,0,0,0,9,eng19
1811,1,KAĞIT,6,1,eng,0.8790552457670859,1.0,0.8790552457670859,0.42860423603844733,0.4794726281128304,0.3743863906114051,0.8790552457670859,2.3345385052997747,0.8790552457670859,1,4,0.41975294304149857,2,0,1,0,0,2,0,1,1,9,eng19
1812,1,KÖPEK,7,0,eng,0.7030623490479981,3.0,0.5652011362224488,0.5972964456408274,0.4499659242621414,0.4424147901100517,0.5652011362224488,2.930329297430165,0.7030623490479981,3,3,0.4510026839063519,2,1,1,0,1,1,0,1,0,6,eng19
1813,1,SARI,8,0,eng,0.4571760663374574,2.0,0.14680488547655493,0.6786533985083694,0.24284275386620488,0.5407757941150197,0.14680488547655493,3.5616810572296216,0.4571760663374574,2,5,0.5844571353847567,2,0,1,1,0,1,1,0,0,2,eng19
1814,1,ŞİŞE,9,0,eng,0.6440032611822291,4.0,0.16511979017404738,0.6516195031628276,0.4872858702503211,0.4201469315086762,0.16511979017404738,2.9533000267584923,0.6440032611822291,4,4,0.4692575831030339,2,0,1,1,0,1,2,0,0,0,eng19
1815,1,KALEM,10,1,eng,0.7730691951070705,7.0,0.19982837508722395,0.6636239550824767,0.39482499687033706,0.44430338875219666,0.19982837508722395,2.5689124148714013,0.6893193775666414,4,5,0.5103741909733971,3,1,0,1,1,0,2,0,0,8,eng19
1816,1,EKRAN,11,0,eng,0.17971877537199893,9.0,0.09029648641541374,0.7187225419536614,0.06947002557111663,0.6446320414331077,0.09029648641541374,1.8017768356215647,0.09029648641541374,1,9,0.6858371629529755,3,1,0,1,1,0,1,0,0,1,eng19
1817,1,ÇANTA,12,0,eng,0.7290655094278011,3.0,0.07316413466278651,0.6680645529277953,0.35629445639796936,0.4467649133177284,0.07316413466278651,0.8537255027013471,0.7290655094278011,3,8,0.5177045249558738,3,0,0,1,0,0,1,0,0,5,eng19
1818,1,KALE,13,0,eng,0.5201944127892401,3.0,0.20492638778021305,0.6276920161657927,0.2698106960625089,0.5155841761791922,0.20492638778021305,1.527396146378394,0.5201944127892401,3,9,0.5682600034867593,3,0,1,1,0,1,2,1,0,0,eng19
1819,1,BARDAK,14,1,eng,0.9133266973789964,5.0,0.31866848640370055,0.5777538517417355,0.43644802142818795,0.4307356922796378,0.31866848640370055,1.31352037243108,0.4930966381115681,2,11,0.5203881452942454,3,0,1,1,0,1,1,0,0,2,eng19
1820,1,RAKAM,15,0,eng,0.7057482398165602,12.0,0.27619314493617364,0.6106578657189413,0.2356913939501446,0.5390469337203263,0.27619314493617364,1.267420987141486,0.27619314493617364,1,13,0.6096650064407575,3,1,0,1,1,0,2,0,0,8,eng19
1821,1,KOLAY,16,0,eng,0.4734206706671342,10.0,0.28238371705315357,0.6093815043292978,0.2093256753893265,0.5507432550990871,0.28238371705315357,1.5258894624692976,0.36830066587155413,2,13,0.5672416357179786,3,0,0,1,0,0,1,0,0,7,eng19
1822,1,KABLO,17,0,eng,0.5725258870121184,5.0,0.20784660507107872,0.6045891829194325,0.302548827090913,0.49160756513045156,0.20784660507107872,1.3887499281782358,0.3290244172492405,3,13,0.5603977443933112,3,0,1,1,0,1,2,1,0,0,eng19
1823,1,BİNA,18,0,eng,0.526662887280119,17.0,0.32746373475713425,0.6607477423867685,0.21228225675440063,0.5504261751204242,0.32746373475713425,1.5383210202329793,0.32746373475713425,1,16,0.5640591218884785,3,1,0,1,1,0,1,0,0,3,eng19
1824,2,KEDİ,1,1,eng,,,,0.7163142843194984,,0.5139143887996969,,0.0,1.0,0,0,1.0,1,1,0,0,1,0,0,0,0,6,eng19
1825,2,BÜYÜK,2,1,eng,0.18014166300082507,1.0,0.18014166300082507,0.6793568275403278,0.18014166300082507,0.5143494686859414,0.18014166300082507,0.0,0.18014166300082507,1,0,0.7163142843194984,1,1,1,1,1,1,1,0,0,7,eng19
1826,2,SEHPA,3,1,eng,0.7842057585918668,2.0,0.17567105967957808,0.5724326884002373,0.47993840913572244,0.448880574157412,0.17567105967957808,0.18014166300082507,0.7842057585918668,2,0,0.49827415450818957,1,1,0,1,1,0,1,0,0,0,eng19
1827,2,TAŞLIK,4,1,eng,0.8011967601163709,1.0,0.8011967601163709,0.4241608757266855,0.6054670413999692,0.41138346335456155,0.8011967601163709,1.14001848127227,0.8011967601163709,1,2,0.43704016434482906,1,1,1,1,1,2,1,0,0,2,eng19
1828,2,TABAK,5,0,eng,0.7655858167531391,1.0,0.7655858167531391,0.6400414158809522,0.5693547386099111,0.44081039442143866,0.7655858167531391,2.9564196054721776,0.7655858167531391,1,3,0.4580360688332217,2,1,1,1,1,2,1,1,1,2,eng19
1829,2,KISA,6,0,eng,0.5207710106964843,4.0,0.09724092333483803,0.6513752402147617,0.18911467221932343,0.5713453416381313,0.09724092333483803,3.099148487899959,0.5207710106964843,4,1,0.5990711168074574,2,1,1,1,1,1,1,1,0,7,eng19
1830,2,GRUP,7,0,eng,0.3324634122090019,2.0,0.26950637178403114,0.6786973540725012,0.27966797146243644,0.48597765413565475,0.26950637178403114,2.6167318575731033,0.3324634122090019,2,4,0.5452185035150597,2,0,1,1,0,1,1,0,0,1,eng19
1831,2,ELMA,8,0,eng,0.6297280067709563,7.0,0.034088818642586005,0.7291962672134584,0.284315336530717,0.5617114133330388,0.034088818642586005,1.8954370159411373,0.5483627664133884,4,3,0.6089173340283318,2,1,1,1,1,2,1,1,0,2,eng19
1832,2,KOLTUK,9,0,eng,0.7434975641506587,6.0,0.1048976440344781,0.7298903186455965,0.10672277408637601,0.6657100859313525,0.1048976440344781,1.3276704493891984,0.24766921532422653,4,4,0.6992364642406574,2,0,1,0,0,1,0,0,0,3,eng19
1833,2,TOPLU,10,0,eng,0.4690134993133757,4.0,0.01849475765938148,0.7022498367479654,0.22016558072540643,0.5234997929627302,0.01849475765938148,0.6258536354378237,0.4690134993133757,4,5,0.5606488940193365,3,1,1,1,1,1,1,1,0,7,eng19
1834,2,SPOR,11,0,eng,0.5263829283054188,4.0,0.18524182394017147,0.666388642040358,0.16794908029437194,0.5739000406410315,0.18524182394017147,0.6766104826676348,0.5263829283054188,4,6,0.5839024227429535,3,0,1,1,0,1,1,1,0,1,eng19
1835,2,İLAÇ,12,0,eng,0.5144555388322474,11.0,0.11644663125469065,0.638684121929219,0.19053526569260165,0.4861979908394112,0.11644663125469065,0.4268241703478225,0.34361601738704106,4,7,0.58248672214063,3,0,0,1,0,0,1,0,0,4,eng19
1836,2,CÜZDAN,13,0,eng,0.874047692873124,10.0,0.5041218058236524,0.4985930270025518,0.29430696459790573,0.38746936965360834,0.5041218058236524,0.5495675733385011,0.5041218058236524,1,11,0.4936259545596794,3,0,0,1,0,0,2,0,0,5,eng19
1837,2,TERLİK,14,0,eng,0.9044878180247089,10.0,0.8193907759305923,0.44271908588233344,0.5009145116326018,0.3826368898472964,0.8193907759305923,1.4986832065616285,0.8193907759305923,1,12,0.4141313474854744,3,0,0,1,0,0,2,1,1,5,eng19
1838,2,KAŞIK,15,0,eng,0.9312959692780304,10.0,0.6548200500864441,0.5620624802162945,0.44132760742337335,0.4570342467016062,0.6548200500864441,2.6824360144999,0.6996668093983431,2,12,0.4927696002820846,3,1,1,1,1,2,1,0,0,2,eng19
1839,2,KAPI,16,0,eng,0.8191831838889087,13.0,0.3506965628825089,0.6007854280016854,0.362075576966997,0.5374536291330905,0.3506965628825089,3.6715361027555726,0.6490652151450355,3,12,0.5329497258279442,3,1,0,1,1,0,1,0,0,0,eng19
1840,2,DEFTER,17,0,eng,0.627572112708787,4.0,0.2614556106246453,0.6840089730248962,0.387695201823098,0.5103749936805264,0.2614556106246453,3.703237987894261,0.627572112708787,4,12,0.5552171357493394,3,0,0,1,0,0,1,0,0,8,eng19
1841,3,HALI,1,0,eng,,,,0.6606956273478934,,0.46676741900915875,,0.0,1.0,0,0,1.0,1,1,0,0,1,0,0,0,0,5,eng19
1842,3,DUVAR,2,0,eng,0.32761648091339823,1.0,0.32761648091339823,0.6067915700982616,0.32761648091339823,0.5021837401475457,0.32761648091339823,0.0,0.32761648091339823,1,0,0.6606956273478934,1,1,1,1,1,1,2,0,0,3,eng19
1843,3,KALAS,3,0,eng,0.22795832464146074,1.0,0.22795832464146074,0.6396642457033497,0.21446054250684882,0.591702427885969,0.22795832464146074,0.32761648091339823,0.22795832464146074,1,1,0.6387581316508302,1,1,0,1,1,0,1,0,0,7,eng19
1844,3,FIRIN,4,0,eng,0.5062073470369703,3.0,0.18563779523723575,0.5067569562012781,0.338443598703197,0.42668428294121097,0.18563779523723575,0.7565375659270959,0.5062073470369703,3,0,0.5291570156864274,1,1,1,1,1,1,3,0,0,0,eng19
1845,3,DÜĞME,5,0,eng,0.7746284895080563,1.0,0.7746284895080563,0.4612649361775978,0.4952276952534529,0.32600986967660384,0.7746284895080563,1.7718683620366869,0.7746284895080563,1,3,0.4323351117629174,2,1,1,1,1,1,3,1,1,0,eng19
1846,3,YATAK,6,0,eng,0.5074386632811121,5.0,0.5065464660450255,0.6089381257045126,0.36280335378332074,0.4237670105890431,0.5065464660450255,2.1675222375949987,0.5065464660450255,1,4,0.536175897607257,2,1,1,1,1,1,2,1,0,3,eng19
1847,3,KOKU,7,0,eng,0.700374303081745,2.0,0.23347234242150494,0.5666737612583987,0.4246001161574978,0.431534920525,0.23347234242150494,2.0617863517566914,0.700374303081745,2,4,0.4805772216559575,2,0,1,1,0,1,1,0,0,4,eng19
1848,3,KOLA,8,0,eng,0.8477058793990766,3.0,0.5837819369581021,0.4797775169157963,0.5193050401752546,0.43945354284363913,0.5837819369581021,3.315161469036003,0.8477058793990766,3,4,0.4495679015294153,2,0,1,0,0,2,0,0,0,2,eng19
1849,3,ÇİÇEK,9,0,eng,0.6641148065340642,1.0,0.6641148065340642,0.5242273184780275,0.3950140840319899,0.5213171878713188,0.6641148065340642,3.2386155429207433,0.6641148065340642,1,7,0.4964869296325152,2,0,1,0,0,2,0,1,1,2,eng19
1850,3,LAMBA,10,0,eng,0.9823856774645168,5.0,0.3712080710807768,0.5945211924946884,0.6227652747818879,0.3779827299814109,0.3712080710807768,2.5840149559813717,0.6665352563848626,3,6,0.439834634573286,3,1,1,1,1,1,3,0,0,0,eng19
1851,3,ODA,11,1,eng,0.7480478841854629,5.0,0.24147935154831993,0.5963430231445266,0.25099855365903817,0.5295463008522634,0.24147935154831993,3.4305128443715507,0.24147935154831993,1,9,0.6697115164841847,3,1,1,1,1,1,2,0,0,3,eng19
1852,3,DOLAP,12,0,eng,0.934522940334041,7.0,0.4934739458063485,0.537750295888235,0.5911448774043924,0.35763333356819726,0.4934739458063485,1.9951175853123542,0.7685736311244618,2,9,0.40418086579897594,3,1,1,1,1,1,3,1,0,0,eng19
1853,3,PARKUR,13,0,eng,0.5442373948670083,1.0,0.5442373948670083,0.5739108903453074,0.2915854413287042,0.5299833032112633,0.5442373948670083,2.398384268805368,0.5442373948670083,1,11,0.5565824631322248,3,1,1,1,1,1,2,1,0,3,eng19
1854,3,SALÇA,14,1,eng,0.9607896067400263,9.0,0.2577027320836103,0.5825198782348293,0.4817648010441681,0.47542412145781254,0.2577027320836103,2.6719768715294445,0.8145371713165205,4,9,0.5297778843774326,3,1,1,1,1,1,3,1,0,0,eng19
1855,3,TOPRAK,15,1,eng,0.5057224384953654,6.0,0.3450196440346835,0.6208179650843073,0.21418408803206174,0.5571594128514104,0.3450196440346835,2.3748528539187794,0.3450196440346835,1,13,0.6190059894083356,3,0,1,1,0,1,1,0,0,4,eng19
1856,3,KİTAP,16,1,eng,0.6275266564175318,4.0,0.19083548758034863,0.6178073962852547,0.3166902301938457,0.5043679637809927,0.19083548758034863,2.2300686563187213,0.6275266564175318,4,11,0.5379319246353818,3,0,0,1,0,0,1,0,0,8,eng19
1857,3,KÜÇÜK,17,1,eng,0.7185540294184415,8.0,0.3321806870903763,0.6591475490729997,0.35436246748684896,0.4952879228648769,0.3321806870903763,1.3133677601320688,0.3969815277750878,2,14,0.5098236697200527,3,1,0,1,1,0,1,0,0,7,eng19
1858,4,DERGİ,1,0,eng,,,,0.797938523144337,,0.5943441242760698,,0.0,1.0,0,0,1.0,1,1,0,1,1,0,1,0,0,8,eng19
1859,4,HALKA,2,0,eng,0.0458795740329172,1.0,0.0458795740329172,0.6836939346517388,0.0458795740329172,0.5210610869987911,0.0458795740329172,0.0,0.0458795740329172,1,0,0.797938523144337,1,1,0,0,2,0,0,0,0,7,eng19
1860,4,TAHTA,3,0,eng,0.2771574834493138,1.0,0.2771574834493138,0.6203567079819429,0.2398423752343801,0.4551604513050086,0.2771574834493138,0.0458795740329172,0.2771574834493138,1,1,0.6044791812112491,1,1,1,0,1,1,0,0,0,0,eng19
1861,4,MEKTUP,4,0,eng,0.531413672102889,2.0,0.2583237938526194,0.6391995971553812,0.3816181587722796,0.5194067149226247,0.2583237938526194,0.5255643245016774,0.531413672102889,2,1,0.5006645254233109,1,1,0,0,2,0,0,1,0,7,eng19
1862,4,ZEMİN,5,0,eng,0.4330772622137296,2.0,0.1880818049880254,0.5916508113340742,0.2947752362506525,0.462993630512203,0.1880818049880254,1.6704188008185161,0.4330772622137296,2,2,0.53485225969439,2,0,1,1,0,1,2,0,0,3,eng19
1863,4,SULUK,6,0,eng,0.4928065927334522,3.0,0.4605589123087372,0.6188194485415155,0.2735885267908993,0.48866086371961426,0.4605589123087372,2.0607084317014186,0.4928065927334522,3,2,0.5471509014666865,2,0,1,0,0,1,0,0,0,2,eng19
1864,4,SIRA,7,0,eng,0.24573466174940206,5.0,0.09794753363124817,0.7241103478368686,0.11603654186633901,0.6101041574881383,0.09794753363124817,2.0128522142002025,0.09962009418798418,2,4,0.6742475772837156,2,0,1,1,0,1,1,0,0,1,eng19
1865,4,KUTU,8,0,eng,0.808938780912267,5.0,0.07140234828000107,0.6066065898397535,0.36750041301950315,0.4148925638921963,0.07140234828000107,1.086879705510173,0.3745700558963594,2,5,0.563718903070022,2,1,1,0,1,1,0,0,0,0,eng19
1866,4,KALIP,9,0,eng,0.6188865632814411,1.0,0.6188865632814411,0.5325271310845191,0.40201755190626304,0.430887143433343,0.6188865632814411,1.4091245772197112,0.6188865632814411,1,7,0.4597590279915731,2,0,1,0,0,1,0,0,0,9,eng19
1867,4,HARİTA,10,0,eng,0.46457851757624713,2.0,0.31308229432699825,0.6381158187094285,0.2874483714358491,0.5376034498249371,0.31308229432699825,1.8595493779693404,0.46457851757624713,2,7,0.5641104952819833,3,0,1,1,0,1,1,1,0,1,eng19
1868,4,PARA,11,0,eng,0.42133583163229127,9.0,0.12544697133362123,0.5933373147369061,0.2400039780951663,0.4605690962565877,0.12544697133362123,1.7144020276925427,0.36502025028410534,3,7,0.5626744032495843,3,0,0,1,0,0,4,0,0,5,eng19
1869,4,ÇORAP,12,0,eng,0.7259905593396109,3.0,0.46851727800669357,0.5206287274336028,0.3855459306431267,0.4187624716774231,0.46851727800669357,2.1385556938838595,0.7259905593396109,3,8,0.471849954144828,3,0,0,1,0,0,4,1,1,5,eng19
1870,4,MARKET,13,0,eng,0.6632277689878967,10.0,0.5824925694638781,0.5116933091340987,0.35747545837704137,0.42619862363572036,0.5824925694638781,1.9025059739819068,0.5824925694638781,1,11,0.5061207688815634,3,0,0,1,0,0,4,1,1,5,eng19
1871,4,TERAS,14,0,eng,0.7799382870425406,9.0,0.4909798771227458,0.5484315206303895,0.2961076414282246,0.4630786395753609,0.4909798771227458,1.8044983661419,0.4909798771227458,1,12,0.5367608313683263,3,0,1,1,0,1,2,0,0,3,eng19
1872,4,SİLGİ,15,0,eng,0.5408118683387342,3.0,0.311884553103573,0.5868112955977329,0.337773964056291,0.48225071448840995,0.311884553103573,2.5772011920280598,0.5408118683387342,3,11,0.5178267617430452,3,1,0,1,1,0,1,0,0,8,eng19
1873,4,KASA,16,0,eng,0.7216362036201042,3.0,0.339247304431397,0.6522011503050439,0.48823885611792067,0.4566832664236563,0.339247304431397,2.5729863451078163,0.7216362036201042,3,12,0.47378182136116354,3,0,0,1,0,0,4,1,0,5,eng19
1874,4,BAHÇE,17,1,eng,0.9242042644743286,3.0,0.13969437128941514,0.7351177684130805,0.45517370907893645,0.4777550852387099,0.13969437128941514,2.3397375249700914,0.9242042644743286,3,13,0.48863547332382307,3,0,1,1,0,1,2,1,0,3,eng19
1881,1,KOLAY,1,0,soc,,,,0.6739003991344552,,0.5901472762503931,,0.0,1.0,0,0,1.0,1,1,0,0,1,0,0,0,0,7,soc18
1882,1,ÖLÇEK,2,1,soc,0.28950066880510955,1.0,0.28950066880510955,0.622483017852048,0.28950066880510955,0.4966540314158977,0.28950066880510955,0.0,0.28950066880510955,1,0,0.6739003991344552,1,1,1,0,1,1,0,0,0,1,soc18
1883,1,KABLO,3,1,soc,0.20784660507107872,2.0,0.18107530691603066,0.6020992947430898,0.19446095599355467,0.4889882882658184,0.18107530691603066,0.28950066880510955,0.20784660507107872,2,0,0.6440787711399916,1,1,1,1,1,1,1,0,0,0,soc18
1884,1,KALEM,4,1,soc,0.3978887006445183,1.0,0.3978887006445183,0.5924272657565329,0.27380274481060557,0.44493130206506515,0.3978887006445183,0.678422580792219,0.3978887006445183,1,2,0.5688613185670925,1,1,1,1,1,1,1,0,0,8,soc18
1885,1,BİNA,5,1,soc,0.32746373475713425,2.0,0.24470548690774038,0.6478779924311717,0.2720794659453102,0.5187126923054838,0.24470548690774038,1.4998308152240356,0.32746373475713425,2,2,0.5396507299069326,2,0,1,1,0,1,1,0,0,3,soc18
1886,1,KALE,6,0,soc,0.5201944127892401,2.0,0.17538414405120553,0.6317051469260452,0.284778347226016,0.5044984820266069,0.17538414405120553,1.7761397132834142,0.5201944127892401,2,3,0.5247865843428245,2,1,1,1,1,1,1,1,0,0,soc18
1887,1,YAZI,7,0,soc,0.7730691951070705,3.0,0.23788465289147187,0.6422487125408209,0.35983891789823685,0.4884253958542478,0.23788465289147187,1.9944112352201875,0.7730691951070705,3,3,0.5268999884037795,2,1,1,1,1,1,1,1,0,8,soc18
1888,1,EKRAN,8,0,soc,0.34175146148381974,5.0,0.11523388533427606,0.7125050653120375,0.1425009118932111,0.6188619425017321,0.11523388533427606,2.111213663596763,0.11523388533427606,1,6,0.6653998516203211,2,1,1,0,1,1,0,0,0,1,soc18
1889,1,SARI,9,0,soc,0.36595312886614795,3.0,0.04953042631819528,0.6939540094463327,0.19785442047710383,0.5281970709809831,0.04953042631819528,0.8537011803595341,0.36595312886614795,3,5,0.5932202764157386,2,0,1,1,0,1,1,0,0,2,soc18
1890,1,ŞİŞE,10,0,soc,0.5459483882654621,7.0,0.16511979017404738,0.5852486257606546,0.15350016740433414,0.4481598208196955,0.16511979017404738,0.9672740894311631,0.2014014242240119,4,5,0.6202909744054885,3,1,1,1,1,1,1,1,0,0,soc18
1891,1,KAĞIT,11,1,soc,0.6893193775666414,7.0,0.6004810975542849,0.42372274498702156,0.35476172930327576,0.3733188160542209,0.6004810975542849,0.618253688692664,0.6004810975542849,1,9,0.46283794400596,3,0,0,1,0,0,2,0,0,9,soc18
1892,1,AĞAÇ,12,0,soc,0.8790552457670859,1.0,0.8790552457670859,0.46431943762460315,0.4371892211457958,0.3990512786442957,0.8790552457670859,1.4109094957372863,0.8790552457670859,1,10,0.4576350691761272,3,0,0,1,0,0,2,1,1,9,soc18
1893,1,BEYİN,13,0,soc,0.4868718316772624,6.0,0.2947480750560708,0.5948792655323937,0.30053890090986046,0.45638159760736685,0.2947480750560708,2.9554621272564274,0.4241782244223956,2,10,0.5356189559039779,3,0,0,1,0,0,2,0,0,6,soc18
1894,1,BARDAK,14,0,soc,0.9133266973789964,4.0,0.4806540371260736,0.5644075577506078,0.6363093036463453,0.3878931941193977,0.4806540371260736,3.235161667216503,0.9133266973789964,4,9,0.35632011785139095,3,0,1,1,0,1,1,0,0,2,soc18
1895,1,KÖPEK,15,1,soc,0.7030623490479981,2.0,0.37934941818911777,0.5748206670819285,0.595435673855959,0.4047532232827621,0.37934941818911777,3.552212593757586,0.7030623490479981,2,12,0.43371657884743375,3,0,0,1,0,0,2,1,0,6,soc18
1896,1,RAKAM,16,0,soc,0.7057482398165602,9.0,0.3241388164109434,0.625407278945042,0.38820004501482164,0.5267393886863885,0.3241388164109434,3.2635353062107724,0.4029670298152104,3,12,0.5424023805621692,3,1,1,1,1,1,1,0,0,8,soc18
1897,1,ÇANTA,17,1,soc,0.7290655094278011,7.0,0.18790412688669486,0.5963340266733856,0.38184413354614705,0.4858830880228937,0.18790412688669486,2.566364795525517,0.4944838721428647,2,14,0.5246204389658271,3,0,0,1,0,0,1,0,0,5,soc18
1898,1,PARK,18,0,soc,0.5999582642389087,6.0,0.3403780110726855,0.6563819020893796,0.23351965545350256,0.5672207554479445,0.3403780110726855,2.1551660166773625,0.3403780110726855,1,16,0.5814533230555732,3,0,1,1,0,1,1,0,0,3,soc18
1899,2,SPOR,1,1,soc,,,,0.7903128470525527,,0.56572509727923,,0.0,1.0,0,0,1.0,1,1,1,0,1,1,0,0,0,1,soc18
1900,2,KAPI,2,1,soc,0.05391813730817713,1.0,0.05391813730817713,0.6763476095838067,0.05391813730817713,0.5218182509581626,0.05391813730817713,0.0,0.05391813730817713,1,0,0.7903128470525527,1,1,0,1,1,0,1,0,0,0,soc18
1901,2,TOPLU,3,1,soc,0.2679867376497533,1.0,0.2679867376497533,0.6338643946334033,0.22661428079496237,0.5267058219726258,0.2679867376497533,0.05391813730817713,0.2679867376497533,1,1,0.610824399183004,1,1,1,1,1,1,1,0,0,7,soc18
1902,2,TAŞLIK,4,1,soc,0.6693976666138138,2.0,0.34629217292670406,0.48936083043088285,0.3868279964460685,0.3912921592784756,0.34629217292670406,0.5071466988981019,0.6693976666138138,2,1,0.49971480847555094,1,1,1,1,1,2,1,0,0,2,soc18
1903,2,TERLİK,5,0,soc,0.9044878180247089,1.0,0.9044878180247089,0.4880306095882361,0.5750983487132488,0.37773773571888736,0.9044878180247089,1.6676306882363074,0.9044878180247089,1,3,0.41748499184742993,2,0,1,1,0,1,1,0,0,5,soc18
1904,2,GRUP,6,1,soc,0.5263829283054188,5.0,0.502224383114703,0.5759347787273397,0.40823261848155656,0.5066847942191024,0.502224383114703,3.0570052228896296,0.502224383114703,1,4,0.5243308682781038,2,1,1,0,1,1,0,0,0,1,soc18
1905,2,TABAK,7,0,soc,0.7655858167531391,3.0,0.3324634122090019,0.5792134676707459,0.4755486634786026,0.4458303920806792,0.3324634122090019,2.753001927364201,0.7655858167531391,3,3,0.5084808864606686,2,1,1,1,1,2,1,1,0,2,soc18
1906,2,BÜYÜK,8,0,soc,0.3362760149904467,1.0,0.3362760149904467,0.5873064842957737,0.27513596668678975,0.4837224994904997,0.3362760149904467,3.4794988070729858,0.3362760149904467,1,6,0.578473241845515,2,1,1,1,1,1,1,0,0,7,soc18
1907,2,ELMA,9,0,soc,0.5483627664133884,5.0,0.3613344312106457,0.6050251363176413,0.3662951921486752,0.5039581785942444,0.3613344312106457,2.3973633998777135,0.46841613079330613,2,6,0.5826556307003493,2,1,1,1,1,2,1,1,0,2,soc18
1908,2,DEFTER,10,0,soc,0.5239858730667456,6.0,0.17948798252282377,0.6378132889121115,0.20519567039299696,0.5171493846118208,0.17948798252282377,1.7320096716069007,0.2584585347202295,3,6,0.5757000721448773,3,0,0,1,0,0,1,0,0,8,soc18
1909,2,KEDİ,11,0,soc,0.7116607554121873,7.0,0.3119669231405654,0.6563359328463327,0.328872630414706,0.4393655532379387,0.3119669231405654,1.814434304846394,0.6297280067709563,2,8,0.4828137723598348,3,0,0,1,0,0,1,0,0,6,soc18
1910,2,KISA,12,0,soc,0.5207710106964843,4.0,0.09172829738561449,0.7003982904823967,0.18810614014799024,0.6026441870795097,0.09172829738561449,1.8731202172547583,0.5207710106964843,4,7,0.6067264768761139,3,1,1,1,1,1,1,1,0,7,soc18
1911,2,CÜZDAN,13,0,soc,0.8193907759305923,8.0,0.23489056884888554,0.541901276401737,0.4122458321088849,0.40462749184237434,0.23489056884888554,1.4437016791429742,0.6472935879145645,2,10,0.47028643472433684,3,0,1,1,0,1,1,0,0,5,soc18
1912,2,SEHPA,14,0,soc,0.874047692873124,1.0,0.874047692873124,0.35880067582683917,0.49627122889515274,0.389196971635293,0.874047692873124,2.0182871666959956,0.874047692873124,1,12,0.44332718300264495,3,1,0,1,1,0,1,0,0,0,soc18
1913,2,KAŞIK,15,1,soc,0.9312959692780304,8.0,0.8855161527891529,0.49088911949215064,0.5870424562733867,0.40367631856714736,0.8855161527891529,2.7160046604523664,0.8855161527891529,1,13,0.41983488406746106,3,1,1,1,1,2,1,0,0,2,soc18
1914,2,İLAÇ,16,0,soc,0.5590760257125165,11.0,0.4344606358040247,0.6805305337440073,0.40510040336243147,0.5065127586993896,0.4344606358040247,2.9022962005718607,0.5041218058236524,3,12,0.5175029204578913,3,0,0,1,0,0,1,0,0,4,soc18
1915,2,KOLTUK,17,1,soc,0.7434975641506587,3.0,0.029203119997723542,0.8173126855229538,0.23486073634847174,0.6915481410664925,0.029203119997723542,3.6340364795336573,0.7434975641506587,3,13,0.6313440441987983,3,0,0,1,0,0,1,0,0,3,soc18
1916,3,KOLA,1,1,soc,,,,0.6103840554899094,,0.571167804525418,,0.0,1.0,0,0,1.0,1,1,0,1,1,0,1,0,0,2,soc18
1917,3,FIRIN,2,1,soc,0.4818571088225179,1.0,0.4818571088225179,0.49648806557076897,0.4818571088225179,0.4846492544449794,0.4818571088225179,0.0,0.4818571088225179,1,0,0.6103840554899094,1,1,1,1,1,1,3,0,0,0,soc18
1918,3,KOKU,3,1,soc,0.6742146260946187,1.0,0.6742146260946187,0.5181026152003545,0.6289982815263604,0.4670881039678141,0.6742146260946187,0.4818571088225179,0.6742146260946187,1,1,0.4733794929293058,1,1,0,1,1,0,1,0,0,4,soc18
1919,3,PARKUR,4,0,soc,0.15750480766813932,1.0,0.15750480766813932,0.6464233757284312,0.13856508653034058,0.5541507910884118,0.15750480766813932,1.7398536718752386,0.15750480766813932,1,2,0.6656777307821757,1,1,1,1,1,1,2,0,0,3,soc18
1920,3,ODA,5,0,soc,0.2103539304892988,1.0,0.2103539304892988,0.6032898957771299,0.15705271432502171,0.5844205938108745,0.2103539304892988,2.15554893146626,0.2103539304892988,1,3,0.6326129609575895,2,1,1,1,1,1,2,1,1,3,soc18
1921,3,KİTAP,6,0,soc,0.35278921307620603,1.0,0.35278921307620603,0.5709547271945895,0.19635096109721756,0.5273675184903461,0.35278921307620603,1.5215701289089325,0.35278921307620603,1,4,0.5790324340688222,2,0,1,0,0,1,0,0,0,8,soc18
1922,3,HALI,7,0,soc,0.5062073470369703,5.0,0.31199474850576664,0.6007731769781852,0.2990984094210925,0.476535405344904,0.31199474850576664,1.4002237578661252,0.31199474850576664,1,5,0.5791337275121062,2,0,1,0,0,1,0,0,0,5,soc18
1923,3,KÜÇÜK,8,0,soc,0.5828482985109196,7.0,0.271068399182324,0.6307264599416802,0.3159104645352656,0.4586688513107998,0.271068399182324,1.5443313626971633,0.3321806870903763,2,5,0.5442758573655873,2,0,1,1,0,1,1,0,0,7,soc18
1924,3,SALÇA,9,0,soc,0.9575447667524211,7.0,0.39402197153244783,0.5880468874976856,0.3202413000682457,0.42265618181307696,0.39402197153244783,1.6926614132350233,0.751662779508489,2,6,0.5333679832219534,2,1,1,1,1,1,3,0,0,0,soc18
1925,3,KALAS,10,0,soc,0.5165683044205327,2.0,0.2900514523098188,0.6359719380727675,0.2274989957650772,0.597877249618473,0.2900514523098188,2.1694123396112195,0.5165683044205327,2,7,0.5701870957335722,3,0,1,1,0,1,1,1,0,7,soc18
1926,3,DUVAR,11,0,soc,0.44545718329862005,2.0,0.22795832464146074,0.4994242406073529,0.3200864389946966,0.4635449678871377,0.22795832464146074,2.4243356673258494,0.44545718329862005,2,8,0.5465285959287969,3,1,1,1,1,1,2,0,0,3,soc18
1927,3,DOLAP,12,0,soc,0.8174243470308453,10.0,0.7200170034852962,0.3949685746362407,0.5157567891818904,0.36126920800441875,0.7200170034852962,2.1607645405504963,0.7797495872476483,3,8,0.4497348462907548,3,1,1,1,1,1,3,1,0,0,soc18
1928,3,DÜĞME,13,0,soc,0.9607896067400263,4.0,0.934522940334041,0.443131678280656,0.6084382661132466,0.3490286441549161,0.934522940334041,2.531968019220252,0.9607896067400263,4,8,0.3796215508181163,3,1,1,1,1,1,3,1,1,0,soc18
1929,3,YATAK,14,1,soc,0.7480478841854629,9.0,0.5065464660450255,0.5725669994351519,0.40862199646253367,0.49433959054035403,0.5065464660450255,2.6070447110710666,0.6552667645315771,2,11,0.5266787411594105,3,1,1,1,1,1,2,1,0,3,soc18
1930,3,TOPRAK,15,1,soc,0.41498650253533254,12.0,0.22068427270509827,0.5693059299853679,0.22680983499989535,0.5313485384778712,0.22068427270509827,3.6772231873928924,0.2664981112240036,4,10,0.6070668148374433,3,1,0,1,1,0,1,0,0,4,soc18
1931,3,ÇİÇEK,16,1,soc,0.7185540294184415,8.0,0.5057224384953654,0.5359078261281875,0.37202574619030326,0.5063131237213587,0.5057224384953654,2.6613327389846586,0.5057224384953654,1,14,0.5166478650384874,3,1,0,1,1,0,1,0,0,2,soc18
1932,3,LAMBA,17,1,soc,0.9823856774645168,4.0,0.3712080710807768,0.6461295361506686,0.568618831932391,0.39856649133185795,0.3712080710807768,1.9658691999258577,0.9823856774645168,4,12,0.42443346132651716,3,1,1,1,1,1,3,1,0,0,soc18
1933,4,DERGİ,1,0,soc,,,,0.6386185986233357,,0.5831570515531159,,0.0,1.0,0,0,1.0,1,1,1,0,1,1,0,0,0,8,soc18
1934,4,KUTU,2,0,soc,0.3941588399247352,1.0,0.3941588399247352,0.5058012418093012,0.3941588399247352,0.42703669255710075,0.3941588399247352,0.0,0.3941588399247352,1,0,0.6386185986233357,1,1,1,0,1,1,0,0,0,0,soc18
1935,4,ÇORAP,3,0,soc,0.6721658308899058,1.0,0.6721658308899058,0.4936031119291635,0.4050098159513558,0.4585095254194209,0.6721658308899058,0.3941588399247352,0.6721658308899058,1,1,0.5610669857177302,1,1,0,1,1,0,3,0,0,5,soc18
1936,4,BAHÇE,4,1,soc,0.4082691226625164,1.0,0.4082691226625164,0.5715263880327262,0.27937375285957927,0.5049975079065535,0.4082691226625164,1.2041784718274469,0.4082691226625164,1,2,0.590897750807274,1,1,0,1,1,0,2,0,0,3,soc18
1937,4,SİLGİ,5,0,soc,0.5408118683387342,2.0,0.37753416215806646,0.5697566103407629,0.3627245272879811,0.454392017684481,0.37753416215806646,2.0422997304061847,0.5408118683387342,2,2,0.5194064743453812,2,1,1,0,1,1,0,1,0,8,soc18
1938,4,TAHTA,6,1,soc,0.808938780912267,4.0,0.4265112590925666,0.5316211396298384,0.5415204920207091,0.4077653911750251,0.4265112590925666,2.5259091525625355,0.808938780912267,4,1,0.38274632907695805,2,1,1,0,1,1,0,1,0,0,soc18
1939,4,SULUK,7,0,soc,0.5589713957306179,3.0,0.4928065927334522,0.5838980193117247,0.43492127188563784,0.45857712278307916,0.4928065927334522,3.022751565331149,0.5589713957306179,3,3,0.48337145740688825,2,0,1,0,0,1,0,0,0,2,soc18
1940,4,MEKTUP,8,0,soc,0.36239623619342476,3.0,0.18000384810363873,0.5518355670752594,0.18910938786939346,0.5509497815917455,0.18000384810363873,2.7518691326982765,0.36239623619342476,3,4,0.6103858551978694,2,0,1,0,0,2,0,0,0,7,soc18
1941,4,HALKA,9,0,soc,0.531413672102889,1.0,0.531413672102889,0.5319976435243025,0.26414592102633994,0.4997866931000372,0.531413672102889,2.0170254920529223,0.531413672102889,1,7,0.5408749093515959,2,0,1,0,0,2,0,1,1,7,soc18
1942,4,PARA,10,0,soc,0.46851727800669357,7.0,0.42133583163229127,0.5722819181725244,0.3356527290674924,0.44685029524773623,0.42133583163229127,1.825862439113354,0.42133583163229127,1,8,0.5221170563866626,3,1,0,1,1,0,3,0,0,5,soc18
1943,4,KALIP,11,0,soc,0.7259905593396109,8.0,0.2515410970814467,0.6217865166561785,0.28591060942399665,0.4865792659107878,0.2515410970814467,1.8128744382611504,0.5382124150449655,4,6,0.5667438972147711,3,0,0,1,0,0,1,0,0,9,soc18
1944,4,TERAS,12,0,soc,0.9242042644743286,8.0,0.19912885118227577,0.7043021724462066,0.18958528308730488,0.5059368455163056,0.19912885118227577,1.8348021429395092,0.19912885118227577,1,10,0.6265087903952211,3,1,0,1,1,0,2,0,0,3,soc18
1945,4,SIRA,13,0,soc,0.24573466174940206,4.0,0.03938689500512195,0.7205275879686784,0.13935299191785563,0.6061650832821602,0.03938689500512195,1.345574970149093,0.24573466174940206,4,8,0.6095822551016234,3,0,0,1,0,0,2,0,0,1,soc18
1946,4,KASA,14,0,soc,0.60207201097775,4.0,0.11376074251908228,0.5745137077969834,0.30489551858713304,0.4789830094148141,0.11376074251908228,0.9952464485861601,0.60207201097775,4,9,0.5096680966414234,3,1,0,1,1,0,3,1,0,5,soc18
1947,4,MARKET,15,1,soc,0.7216362036201042,1.0,0.7216362036201042,0.5092197221954688,0.40194870997615995,0.45308871287952157,0.7216362036201042,1.106405714546461,0.7216362036201042,1,13,0.4897676837517958,3,1,0,1,1,0,3,1,1,5,soc18
1948,4,HARİTA,16,0,soc,0.46457851757624713,14.0,0.15606522192556957,0.6089393395925442,0.17645824807375982,0.5616377243709333,0.15606522192556957,1.6715177925259215,0.2092665629199606,4,11,0.6256645485273424,3,0,0,1,0,0,2,1,0,1,soc18
1949,4,ZEMİN,17,1,soc,0.7799382870425406,5.0,0.41780844155107905,0.630955054691808,0.3838533003559426,0.4890428902799028,0.41780844155107905,1.2449720927634687,0.44897899543936426,2,14,0.5533555489107845,3,1,0,1,1,0,2,0,0,3,soc18
1956,1,AĞAÇ,1,1,eng,,,,0.6273213917435123,,0.48720533797900756,,0.0,1.0,0,0,1.0,1,1,1,0,1,1,0,0,0,9,eng18
1957,1,KALEM,2,1,eng,0.42908288592068916,1.0,0.42908288592068916,0.6121093952639334,0.42908288592068916,0.4839085056543345,0.42908288592068916,0.0,0.42908288592068916,1,0,0.6273213917435123,1,1,0,1,1,0,2,0,0,8,eng18
1958,1,KOLAY,3,1,eng,0.1930072392282881,2.0,0.09708840487306382,0.6829180611759841,0.14504782205067596,0.557403431110802,0.09708840487306382,0.42908288592068916,0.1930072392282881,2,0,0.6785911867640069,1,1,0,0,1,0,0,0,0,7,eng18
1959,1,BEYİN,4,0,eng,0.39902049243806387,2.0,0.18410154805952028,0.6713959835302197,0.29262337185121834,0.49095429583439054,0.18410154805952028,0.719178530022041,0.39902049243806387,2,1,0.5548543512698093,1,1,1,0,1,1,0,0,0,6,eng18
1960,1,KABLO,5,0,eng,0.5325230280922546,4.0,0.10455170938820792,0.713351371111921,0.3107025107990149,0.5068651722302566,0.10455170938820792,1.597048645575696,0.5325230280922546,4,0,0.5238034560172466,2,0,1,1,0,1,2,0,0,0,eng18
1961,1,SARI,6,1,eng,0.282269608051793,4.0,0.07220956163168167,0.7185649787480994,0.19631781377522023,0.5545659946602677,0.07220956163168167,1.390497460474453,0.282269608051793,4,1,0.5899685860763512,2,0,1,1,0,1,1,0,0,2,eng18
1962,1,ÇANTA,7,0,eng,0.5725258870121184,2.0,0.11639794162589923,0.5911968653574865,0.3160692002229851,0.46257956205319484,0.11639794162589923,0.986192657101792,0.5725258870121184,2,4,0.5201176273171582,2,0,1,0,0,1,0,0,0,5,eng18
1963,1,KAĞIT,8,0,eng,0.8790552457670859,7.0,0.6540926245962044,0.4828422843261845,0.46549695576911015,0.40565769903386295,0.6540926245962044,1.4012654896753651,0.6540926245962044,1,6,0.4438841117650155,2,1,1,0,1,1,0,0,0,9,eng18
1964,1,KÖPEK,9,0,eng,0.7030623490479981,5.0,0.5652011362224488,0.5481399664713633,0.42694999239989223,0.46954826385942594,0.5652011362224488,2.1910192740257206,0.5652011362224488,1,7,0.5217640041599367,2,1,1,0,1,1,0,0,0,6,eng18
1965,1,BARDAK,10,0,eng,0.7632916113080702,2.0,0.37934941818911777,0.6203656799214734,0.45575017143973867,0.47058174715102685,0.37934941818911777,2.4341565264014298,0.7632916113080702,2,7,0.45669800052502063,3,0,1,1,0,1,1,1,0,2,eng18
1966,1,EKRAN,11,0,eng,0.34175146148381974,6.0,0.12098721353028635,0.6638091592631721,0.07690483459571373,0.624335566594989,0.12098721353028635,3.3495153005702742,0.12098721353028635,1,9,0.6943519453253979,3,0,0,1,0,0,2,0,0,1,eng18
1967,1,ÖLÇEK,12,0,eng,0.462612321243832,11.0,0.17971877537199893,0.6116673472021177,0.17856885409366158,0.5074853650554265,0.17971877537199893,1.9696717777172235,0.36686193996346983,4,7,0.5922275928420264,3,0,0,1,0,0,2,1,1,1,eng18
1968,1,BİNA,13,1,eng,0.41104945982499863,12.0,0.29857535514375605,0.5418257004187672,0.20943206282490684,0.5057118065413928,0.29857535514375605,0.9970905821110361,0.30788651392414,4,8,0.5689426031112865,3,0,0,1,0,0,2,0,0,3,eng18
1969,1,PARK,14,1,eng,0.5999582642389087,13.0,0.526662887280119,0.569188819686447,0.26072758157441334,0.4988163566318262,0.526662887280119,1.0300448589067575,0.526662887280119,1,12,0.5522082916626809,3,0,0,1,0,0,2,1,1,3,eng18
1970,1,YAZI,15,0,eng,0.7730691951070705,13.0,0.1738444810325097,0.6485941420470387,0.21362592801421038,0.5154793636845199,0.1738444810325097,1.4154224451638657,0.4406669826465497,3,11,0.5796650198282917,3,1,0,1,1,0,2,0,0,8,eng18
1971,1,KALE,16,0,eng,0.5201944127892401,14.0,0.23788465289147187,0.6173731725204572,0.2532170970208907,0.5374008784076965,0.23788465289147187,1.8323125061915562,0.4948033738522656,2,13,0.5354532035044601,3,0,1,1,0,1,2,0,0,0,eng18
1972,1,ŞİŞE,17,0,eng,0.9133266973789964,7.0,0.2014014242240119,0.6467560734946385,0.18426349714150114,0.57927792872289,0.2014014242240119,1.7685553109576064,0.2547039051256068,4,12,0.5996628756704392,3,0,1,1,0,1,2,1,1,0,eng18
1973,1,RAKAM,18,0,eng,0.7057482398165602,3.0,0.11727237238371083,0.7468648710518528,0.23277391504182643,0.5637292463689919,0.11727237238371083,1.3764185878558748,0.7057482398165602,3,14,0.5787531378061415,3,1,0,1,1,0,2,1,0,8,eng18
1974,2,KISA,1,1,eng,,,,0.7539520510206589,,0.6182691573234347,,0.0,1.0,0,0,1.0,1,1,1,1,1,1,1,0,0,7,eng18
1975,2,DEFTER,2,0,eng,0.10483567669757902,1.0,0.10483567669757902,0.6356029655266843,0.10483567669757902,0.5454149604758562,0.10483567669757902,0.0,0.10483567669757902,1,0,0.7539520510206589,1,1,0,0,1,0,0,0,0,8,eng18
1976,2,KEDİ,3,1,eng,0.3119669231405654,1.0,0.3119669231405654,0.5558367616166013,0.20184761026308995,0.41500409332969823,0.3119669231405654,0.10483567669757902,0.3119669231405654,1,1,0.6563359328463327,1,1,0,0,1,0,0,0,0,6,eng18
1977,2,İLAÇ,4,0,eng,0.5144555388322474,1.0,0.5144555388322474,0.5458009302603506,0.4455279737111974,0.44351810041397477,0.5144555388322474,0.5085308972237589,0.5144555388322474,1,2,0.4797653330260262,1,1,0,0,1,0,0,0,0,4,eng18
1978,2,TABAK,5,0,eng,0.45868189500698364,2.0,0.36484341522224567,0.5506409805445301,0.2948061920710742,0.43360611947559446,0.36484341522224567,1.8451148183573511,0.45868189500698364,2,2,0.5452566829117496,2,0,1,1,0,2,2,0,0,2,eng18
1979,2,ELMA,6,0,eng,0.6297280067709563,3.0,0.46841613079330613,0.5591527688506115,0.3494405860199125,0.48082479882676643,0.46841613079330613,2.3942940357167437,0.6297280067709563,3,2,0.4976496898659779,2,0,1,1,0,2,2,1,1,2,eng18
1980,2,TERLİK,7,1,eng,0.696091259952675,2.0,0.4192738136834496,0.5099423262388669,0.5047390332921755,0.37986191600909724,0.4192738136834496,2.779741004012781,0.696091259952675,2,4,0.4289596517205063,2,0,1,1,0,1,1,0,0,5,eng18
1981,2,KAPI,8,1,eng,0.6249684131058864,5.0,0.529598574451337,0.5661107491216757,0.3783454145034776,0.4845803136242649,0.529598574451337,2.8513166627512336,0.529598574451337,1,6,0.5763248430824934,2,0,1,1,0,1,1,0,0,0,eng18
1982,2,BÜYÜK,9,1,eng,0.5207710106964843,8.0,0.29598254673402624,0.6120003899421873,0.3504043988337076,0.48269278680191974,0.29598254673402624,2.6234404687930057,0.3613344312106457,3,5,0.5315845378120281,2,1,1,1,1,1,1,0,0,7,eng18
1983,2,KAŞIK,10,0,eng,0.9312959692780304,5.0,0.27468426196019957,0.49492190403296066,0.5844813203872041,0.3688276696215549,0.27468426196019957,2.04891690678029,0.710909757728838,4,5,0.4482741474010461,3,0,1,1,0,2,2,1,0,2,eng18
1984,2,SEHPA,11,0,eng,0.8855161527891529,1.0,0.8855161527891529,0.3937717022681776,0.589119187082909,0.3460784157262351,0.8855161527891529,2.4366594619644886,0.8855161527891529,1,9,0.36674874177054384,3,0,1,1,0,1,1,1,0,0,eng18
1985,2,TAŞLIK,12,1,eng,0.9044878180247089,5.0,0.8011967601163709,0.5811989836140667,0.7067708832372462,0.3981669723565152,0.8011967601163709,2.8017337679343743,0.8552285627599883,2,9,0.3985872787149284,3,0,1,1,0,2,2,1,0,2,eng18
1986,2,SPOR,13,1,eng,0.5270647491536371,6.0,0.14479414979768762,0.6700533415278631,0.14894876458871184,0.5685675256650966,0.14479414979768762,3.295840405976639,0.26721085646330167,4,8,0.619803826178372,3,0,0,1,0,0,2,0,0,1,eng18
1987,2,TOPLU,14,0,eng,0.4690134993133757,13.0,0.18524182394017147,0.7022498367479654,0.25728954621757893,0.5348535152273544,0.18524182394017147,2.9655563048375924,0.34629217292670406,2,11,0.578000304205426,3,1,1,1,1,1,1,0,0,7,eng18
1988,2,KOLTUK,15,0,eng,0.7434975641506587,4.0,0.01849475765938148,0.7524812733029211,0.2215656224631764,0.6265003491257286,0.01849475765938148,1.8880168983870258,0.7434975641506587,4,10,0.6614894139879215,3,0,0,1,0,0,1,0,0,3,eng18
1989,2,CÜZDAN,16,0,eng,0.874047692873124,5.0,0.1835195313214784,0.6584274774832641,0.47132384573276453,0.49428138196070415,0.1835195313214784,0.8227794078148493,0.7680447986436185,4,11,0.5113351198133889,3,0,1,1,0,1,1,0,0,5,eng18
1990,2,GRUP,17,1,eng,0.5263829283054188,4.0,0.12649542474508482,0.741889479045817,0.28096709644380163,0.5029795605584146,0.12649542474508482,0.9565788195156555,0.5263829283054188,4,12,0.5132652332271437,3,0,0,1,0,0,2,1,0,1,eng18
1991,3,SALÇA,1,1,eng,,,,0.6386631754760403,,0.306499483716151,,0.0,1.0,0,0,1.0,1,1,1,1,2,2,1,0,0,0,eng18
1992,3,KÜÇÜK,2,0,eng,0.39402197153244783,1.0,0.39402197153244783,0.5908898288132804,0.39402197153244783,0.49171384870674106,0.39402197153244783,0.0,0.39402197153244783,1,0,0.6386631754760403,1,1,0,1,1,0,1,0,0,7,eng18
1993,3,YATAK,3,0,eng,0.5071903540306528,2.0,0.3466276637668677,0.5650298385992711,0.42690900889876027,0.4787849606243335,0.3466276637668677,0.39402197153244783,0.5071903540306528,2,0,0.5656396342587339,1,1,1,1,1,1,2,0,0,3,eng18
1994,3,FIRIN,4,0,eng,0.9575447667524211,3.0,0.42592524188505293,0.5072586934384975,0.5949666409873723,0.4290691775048694,0.42592524188505293,1.2478399893299683,0.9575447667524211,3,0,0.4540748914307178,1,1,1,1,2,2,1,1,0,0,eng18
1995,3,DÜĞME,5,1,eng,0.9607896067400263,4.0,0.7746284895080563,0.39043359344200557,0.6832578428531032,0.3149681418713638,0.7746284895080563,3.032739912292085,0.9607896067400263,4,0,0.3860044670658602,2,1,1,1,2,2,1,1,1,0,eng18
1996,3,KOLA,6,0,eng,0.8559760341270273,5.0,0.8477058793990766,0.5074355973553092,0.6270243871749661,0.4126301551890341,0.8477058793990766,2.94622458464895,0.8477058793990766,1,4,0.44386332250233373,2,0,1,0,0,2,0,0,0,2,eng18
1997,3,PARKUR,7,0,eng,0.4104595139300559,4.0,0.1540597377436229,0.6239339763387219,0.2429713537364294,0.5538130489593369,0.1540597377436229,3.4033978006750183,0.4104595139300559,4,2,0.5934302673198517,2,1,1,1,1,1,2,1,0,3,eng18
1998,3,LAMBA,8,0,eng,0.9823856774645168,3.0,0.41385861769400684,0.5556484351655766,0.6355519147325259,0.37766874445712384,0.41385861769400684,2.7146196779991207,0.9823856774645168,3,4,0.35434430677658346,2,1,1,1,2,2,1,1,0,0,eng18
1999,3,ÇİÇEK,9,0,eng,0.7185540294184415,7.0,0.3712080710807768,0.6107612961816606,0.3491569524075798,0.4909954284004653,0.3712080710807768,3.374699576970864,0.6641148065340642,3,5,0.5251988098698216,2,0,1,0,0,2,0,1,0,2,eng18
2000,3,HALI,10,0,eng,0.751662779508489,9.0,0.24607374431845863,0.6292420123724674,0.32303506404781657,0.5041883663119067,0.24607374431845863,2.3631106752251085,0.3564879164371825,2,7,0.5640964257432854,3,0,0,1,0,0,1,0,0,5,eng18
2001,3,TOPRAK,11,0,eng,0.5057224384953654,2.0,0.2465664018231593,0.5911177048809926,0.27421625296295266,0.4995843692809674,0.2465664018231593,1.7623272731393633,0.5057224384953654,2,8,0.5479070651058182,3,0,0,1,0,0,2,0,0,4,eng18
2002,3,KOKU,12,0,eng,0.7679684291054976,11.0,0.41498650253533254,0.6047179073453668,0.41427198894383715,0.4605851263471502,0.41498650253533254,1.9777398994909121,0.6665352563848626,4,7,0.4680722379536202,3,0,0,1,0,0,2,1,1,4,eng18
2003,3,KALAS,13,0,eng,0.5165683044205327,11.0,0.14382481420518684,0.7651169024618117,0.2261183144526214,0.5957563231450294,0.14382481420518684,2.245682465303167,0.3044155480932671,4,8,0.5800778944144773,3,1,0,1,1,0,1,0,0,7,eng18
2004,3,ODA,14,0,eng,0.7480478841854629,11.0,0.009996106051764403,0.6988648003404734,0.10598539314941938,0.5741938488026499,0.009996106051764403,1.620807495677533,0.17160209273526855,2,11,0.6477335314550348,3,1,1,1,1,1,2,0,0,3,eng18
2005,3,DUVAR,15,0,eng,0.5635340067284889,10.0,0.2413366060924659,0.5915775529026455,0.28690480357115244,0.4753709438565633,0.2413366060924659,1.2138241819328945,0.3711144949844335,3,11,0.5385812908057346,3,1,1,1,1,1,2,1,1,3,eng18
2006,3,DOLAP,16,1,eng,0.934522940334041,11.0,0.7200170034852962,0.442773237927895,0.41066758293017147,0.40943119169277664,0.7200170034852962,1.1658324387105798,0.7200170034852962,1,14,0.43352601529552404,3,1,1,1,2,2,1,0,0,0,eng18
2007,3,KİTAP,17,1,eng,0.6275266564175318,1.0,0.6275266564175318,0.5623768259397224,0.323416560146209,0.5123860808184274,0.6275266564175318,1.7615164543147437,0.6275266564175318,1,15,0.5184699673365334,3,0,0,1,0,0,1,0,0,8,eng18
2008,4,HALKA,1,0,eng,,,,0.7238680432925763,,0.5095161866758784,,0.0,1.0,0,0,1.0,1,1,0,0,2,0,0,0,0,7,eng18
2009,4,HARİTA,2,0,eng,0.16323673201005123,1.0,0.16323673201005123,0.7013817632258634,0.16323673201005123,0.5939295626746127,0.16323673201005123,0.0,0.16323673201005123,1,0,0.7238680432925763,1,1,1,0,1,1,0,0,0,1,eng18
2010,4,MEKTUP,3,0,eng,0.531413672102889,2.0,0.06883563012778018,0.694818528308883,0.3001246511153346,0.5498937693183967,0.06883563012778018,0.16323673201005123,0.531413672102889,2,0,0.6040549622316047,1,1,0,0,2,0,0,1,0,7,eng18
2011,4,MARKET,4,0,eng,0.3093811951089286,3.0,0.14360736451266068,0.5113998545381411,0.2030179271823863,0.4604274717318889,0.14360736451266068,0.7634860342407204,0.3093811951089286,3,0,0.6007967617477588,1,1,1,1,1,2,1,0,0,5,eng18
2012,4,KASA,5,1,eng,0.7216362036201042,1.0,0.7216362036201042,0.5582853767933549,0.293478662008402,0.48852557163510235,0.7216362036201042,1.3725398157878794,0.7216362036201042,1,3,0.5391361981181959,2,1,1,1,1,2,1,1,1,5,eng18
2013,4,ZEMİN,6,1,eng,0.44897899543936426,2.0,0.17292068355874507,0.6692250868227034,0.3200888681264111,0.4694456431298487,0.17292068355874507,1.3293767891654413,0.44897899543936426,2,3,0.5352355840977037,2,0,1,1,0,1,2,0,0,3,eng18
2014,4,PARA,7,1,eng,0.60207201097775,2.0,0.17043047953602236,0.6490919120658241,0.3360791815698233,0.4626598584274685,0.17043047953602236,1.7985021022944858,0.60207201097775,2,4,0.4865775527590084,2,1,1,1,1,2,1,1,0,5,eng18
2015,4,SULUK,8,0,eng,0.4605589123087372,2.0,0.26556614306776877,0.6551732166881024,0.27992010216777347,0.47835317517353804,0.26556614306776877,2.5700869246505875,0.4605589123087372,2,5,0.5570370662087328,2,0,1,0,0,1,0,0,0,2,eng18
2016,4,SIRA,9,0,eng,0.24573466174940206,8.0,0.09794753363124817,0.7205347157965178,0.11068131250992919,0.6177279905500344,0.09794753363124817,1.8313926048605438,0.19244542870888942,2,6,0.6379850296678251,2,1,1,0,1,1,0,0,0,1,eng18
2017,4,TAHTA,10,0,eng,0.6632277689878967,6.0,0.07621290747252103,0.6539209774062581,0.3173280777216826,0.44926626462888664,0.07621290747252103,1.28656859144065,0.4928065927334522,2,7,0.544759542280724,3,0,0,1,0,0,2,0,0,0,eng18
2018,4,KALIP,11,0,eng,0.5382124150449655,3.0,0.33768588735381055,0.5294963573153253,0.3633037172924992,0.47058335902693715,0.33768588735381055,1.380726211316036,0.5382124150449655,3,7,0.5351416159832225,3,0,0,1,0,0,1,0,0,9,eng18
2019,4,ÇORAP,12,0,eng,0.7259905593396109,1.0,0.7259905593396109,0.4652744178463779,0.47189475871912895,0.4078844476426685,0.7259905593396109,1.7013957980713226,0.7259905593396109,1,10,0.4865070531228234,3,1,1,1,1,2,1,0,0,5,eng18
2020,4,SİLGİ,13,0,eng,0.5408118683387342,1.0,0.5408118683387342,0.543539132521636,0.3597120991794689,0.47122863313167274,0.5408118683387342,2.0121112192600683,0.5408118683387342,1,11,0.5130560534510142,3,0,0,1,0,0,2,0,0,8,eng18
2021,4,BAHÇE,14,0,eng,0.5990619609063522,4.0,0.37753416215806646,0.3978911682521623,0.3485555055299933,0.45041589758042955,0.37753416215806646,3.061807244710333,0.5990619609063522,4,9,0.520070464986511,3,0,1,1,0,1,2,0,0,3,eng18
2022,4,TERAS,15,1,eng,0.9242042644743286,1.0,0.9242042644743286,0.47910315115880475,0.44012853538823016,0.48111319663250085,0.9242042644743286,2.634778050953779,0.9242042644743286,1,13,0.4552628478140316,3,0,1,1,0,1,2,1,1,3,eng18
2023,4,DERGİ,16,0,eng,0.36777367596527766,12.0,0.14697919147960853,0.6030848915508524,0.16002302199434118,0.5922941077907291,0.14697919147960853,2.9896531718802586,0.31332055457462793,3,12,0.6370759458355716,3,0,0,1,0,0,2,1,0,8,eng18
2024,4,KUTU,17,0,eng,0.808938780912267,7.0,0.3941588399247352,0.6386185986233357,0.36062453029448427,0.4993694086851742,0.3941588399247352,2.1958782172736093,0.3941588399247352,1,15,0.5478417749394914,3,0,0,1,0,0,2,0,0,0,eng18
2031,1,KALEM,1,1,soc,,,,0.661098806490829,,0.5123900257695394,,0.0,1.0,0,0,1.0,1,1,0,1,1,0,2,0,0,8,soc17
2032,1,ÖLÇEK,2,1,soc,0.3264311289142347,1.0,0.3264311289142347,0.5955075092329325,0.3264311289142347,0.5165160263762563,0.3264311289142347,0.0,0.3264311289142347,1,0,0.661098806490829,1,1,0,1,1,0,1,0,0,1,soc17
2033,1,KAĞIT,3,0,soc,0.6893193775666414,2.0,0.36686193996346983,0.4466409406749814,0.5280906587650556,0.39561082988268015,0.36686193996346983,0.3264311289142347,0.6893193775666414,2,0,0.4999288705819226,1,1,0,0,2,0,0,0,0,9,soc17
2034,1,AĞAÇ,4,0,soc,0.8790552457670859,1.0,0.8790552457670859,0.4159381789834663,0.5902501509772023,0.3709062597964795,0.8790552457670859,1.3826124464443459,0.8790552457670859,1,2,0.43310461291310065,1,1,0,0,2,0,0,1,1,9,soc17
2035,1,ŞİŞE,5,0,soc,0.6440032611822291,1.0,0.6440032611822291,0.5720456751172256,0.4102600585815023,0.4821401166221315,0.6440032611822291,3.153362899375953,0.6440032611822291,1,3,0.5093266174282908,2,0,1,1,0,2,1,0,0,0,soc17
2036,1,PARK,6,1,soc,0.5999582642389087,2.0,0.1888897550122847,0.5749913564413349,0.29200639865733125,0.5089075780434464,0.1888897550122847,3.1497413662131732,0.5999582642389087,2,3,0.5508551396836424,2,0,1,1,0,1,1,0,0,3,soc17
2037,1,KALE,7,0,soc,0.5201944127892401,6.0,0.4948033738522656,0.5259252849932814,0.2881357101873926,0.5159610932584915,0.4948033738522656,3.1696773693718936,0.4948033738522656,1,5,0.5637924979803863,2,0,1,1,0,2,1,1,0,0,soc17
2038,1,SARI,8,1,soc,0.4571760663374574,5.0,0.36595312886614795,0.602293552762341,0.25828739907193493,0.5397441913922196,0.36595312886614795,2.397842444581898,0.36595312886614795,1,6,0.5983035073135367,2,0,1,1,0,1,1,0,0,2,soc17
2039,1,KÖPEK,9,0,soc,0.6954360267136221,5.0,0.14680488547655493,0.6303792668747202,0.37814973813136776,0.42937603962794746,0.14680488547655493,1.5097288158694564,0.6341294391066079,4,4,0.5385861727723076,2,0,1,1,0,1,1,0,0,6,soc17
2040,1,RAKAM,10,0,soc,0.5927579372620249,7.0,0.3241388164109434,0.5897480464271151,0.14078292629568656,0.5125053759747014,0.3241388164109434,1.5155010712957215,0.3241388164109434,1,8,0.634283014172501,3,1,0,1,1,0,2,0,0,8,soc17
2041,1,BEYİN,11,0,soc,0.7030623490479981,2.0,0.4029670298152104,0.5738363815144809,0.4008721970331434,0.43329156399457736,0.4029670298152104,1.115384830947715,0.7030623490479981,2,8,0.4578065322860828,3,0,1,1,0,1,1,1,0,6,soc17
2042,1,BİNA,12,0,soc,0.526662887280119,6.0,0.3183272189245442,0.6046893281834282,0.2322719104740183,0.509811700021173,0.3183272189245442,1.9674764480221323,0.3183272189245442,1,10,0.5674245719920187,3,0,1,1,0,1,1,0,0,3,soc17
2043,1,KOLAY,13,1,soc,0.4734206706671342,10.0,0.21757328697261005,0.6270887465309773,0.20699186065587832,0.521036027228182,0.21757328697261005,2.266718533811795,0.28238371705315357,3,9,0.5849867298391858,3,0,0,1,0,0,1,0,0,7,soc17
2044,1,ÇANTA,14,0,soc,0.7290655094278011,9.0,0.24599324023650332,0.6325881622827814,0.28957058980044115,0.47984794117813767,0.24599324023650332,1.615689406513998,0.2770681081099094,3,10,0.5612214082955108,3,0,0,1,0,0,1,0,0,5,soc17
2045,1,YAZI,15,1,soc,0.7730691951070705,14.0,0.19881469839452814,0.6587562645724212,0.36768395671475246,0.4955770065949078,0.19881469839452814,1.4854670039293207,0.4868718316772624,4,10,0.5460713518737503,3,1,0,1,1,0,2,0,0,8,soc17
2046,1,EKRAN,16,0,soc,0.17971877537199893,14.0,0.11523388533427606,0.6319844832874366,0.09629005954564847,0.6021024605862302,0.11523388533427606,1.3517698409152867,0.11523388533427606,1,14,0.6595613821580489,3,1,0,1,1,0,1,0,0,1,soc17
2047,1,KABLO,17,0,soc,0.5725258870121184,3.0,0.34175146148381974,0.577678201546185,0.32743713506404165,0.47324598723594713,0.34175146148381974,0.9720627186861859,0.5725258870121184,3,13,0.505308048594584,3,0,1,1,0,2,1,0,0,0,soc17
2048,1,BARDAK,18,0,soc,0.9133266973789964,13.0,0.3290244172492405,0.6602175272248858,0.29796349079406614,0.5166332364748948,0.3290244172492405,1.4890880538835862,0.4930966381115681,4,13,0.548363894437756,3,0,1,1,0,1,1,0,0,2,soc17
2049,2,TERLİK,1,1,soc,,,,0.6304822532302518,,0.43099930453717417,,0.0,1.0,0,0,1.0,1,1,0,1,1,0,1,0,0,5,soc17
2050,2,ELMA,2,0,soc,0.4192738136834496,1.0,0.4192738136834496,0.5227308835699003,0.4192738136834496,0.5381704372104874,0.4192738136834496,0.0,0.4192738136834496,1,0,0.6304822532302518,1,1,1,1,1,1,2,0,0,2,soc17
2051,2,KEDİ,3,0,soc,0.6789120984624636,2.0,0.6297280067709563,0.547267862264036,0.6543200526167099,0.49660027171166,0.6297280067709563,0.4192738136834496,0.6789120984624636,2,0,0.47975056056267595,1,1,0,0,1,0,0,0,0,6,soc17
2052,2,BÜYÜK,4,0,soc,0.3613344312106457,2.0,0.18014166300082507,0.6793568275403278,0.2907845200204812,0.498296427249977,0.18014166300082507,1.7279139189168695,0.3613344312106457,2,1,0.5940317057816065,1,1,1,0,1,2,0,0,0,7,soc17
2053,2,SEHPA,5,0,soc,0.8204713648780362,4.0,0.17567105967957808,0.7006755925711121,0.5062755893320876,0.4227226346543822,0.17567105967957808,2.600267478978313,0.8204713648780362,4,0,0.47117492276918727,2,0,1,1,0,1,1,0,0,0,soc17
2054,2,KISA,6,0,soc,0.5207710106964843,2.0,0.08383875483831103,0.6548669026841708,0.2269923945722466,0.5389193209506042,0.08383875483831103,2.375835093432741,0.5207710106964843,2,3,0.61635072967159,2,1,1,0,1,2,0,1,0,7,soc17
2055,2,GRUP,7,0,soc,0.502224383114703,6.0,0.26950637178403114,0.5978272224126537,0.1770327621762416,0.5513846836196163,0.26950637178403114,1.8363565441926797,0.3182930925394769,2,4,0.5961518996103338,2,0,1,1,0,1,1,0,0,1,soc17
2056,2,TOPLU,8,0,soc,0.4690134993133757,2.0,0.3821091830560145,0.5879539943364598,0.32017354461489533,0.48210032812186854,0.3821091830560145,1.5675111532987958,0.4690134993133757,2,5,0.5085984544311095,2,1,1,0,1,2,0,1,0,7,soc17
2057,2,TAŞLIK,9,1,soc,0.9044878180247089,8.0,0.34629217292670406,0.48449994226471493,0.37633460671491037,0.3991224146772673,0.34629217292670406,1.8302315233861268,0.8011967601163709,4,4,0.5312860280590256,2,1,1,1,1,1,2,0,0,2,soc17
2058,2,KAŞIK,10,0,soc,0.8855161527891529,5.0,0.8552285627599883,0.50484242461802,0.4634866562325204,0.4230819318816633,0.8552285627599883,1.8975617189402527,0.8552285627599883,1,8,0.5671405421669701,3,1,1,1,1,1,2,1,1,2,soc17
2059,2,DEFTER,11,0,soc,0.5239858730667456,2.0,0.39321858833781304,0.623195062048878,0.30187945711922703,0.5136539101026076,0.39321858833781304,2.3146283795508813,0.5239858730667456,2,8,0.5461086725709496,3,0,0,1,0,0,1,0,0,8,soc17
2060,2,TABAK,12,0,soc,0.9312959692780304,2.0,0.2584585347202295,0.6540786653373458,0.4946391892754437,0.4353573466972859,0.2584585347202295,2.6407449213268688,0.9312959692780304,2,9,0.4589890474980921,3,1,1,1,1,1,2,1,0,2,soc17
2061,2,SPOR,13,0,soc,0.5270647491536371,12.0,0.10699570731402533,0.7321043558337419,0.14186976551465438,0.6199552303759122,0.10699570731402533,3.727773344915946,0.17579930962321877,3,9,0.6631370124058322,3,0,1,1,0,1,1,0,0,1,soc17
2062,2,KAPI,14,1,soc,0.8191831838889087,9.0,0.05391813730817713,0.6429560084905429,0.3467357184981049,0.48625111817645605,0.05391813730817713,1.9622859461714857,0.3982106150613792,2,11,0.5787787553611288,3,0,1,1,0,1,1,0,0,0,soc17
2063,2,KOLTUK,15,0,soc,0.7434975641506587,10.0,0.3743629275058095,0.6186264499520087,0.18859221371938895,0.6064717424049154,0.3743629275058095,1.1755564419266253,0.3743629275058095,1,13,0.6001527562224928,3,0,0,1,0,0,1,0,0,3,soc17
2064,2,CÜZDAN,16,0,soc,0.874047692873124,11.0,0.1835195313214784,0.5501932485413553,0.42414788278363486,0.41604855240134586,0.1835195313214784,1.2194721032826399,0.6490652151450355,2,13,0.483646166808558,3,1,0,1,1,0,1,0,0,5,soc17
2065,2,İLAÇ,17,0,soc,0.5590760257125165,16.0,0.5041218058236524,0.6032303115993252,0.24834287346924774,0.5742637972702783,0.5041218058236524,1.4555173386743339,0.5041218058236524,1,15,0.6063387603382573,3,0,0,1,0,0,1,0,0,4,soc17
2066,3,DÜĞME,1,0,soc,,,,0.3338309139943223,,0.3319135795542044,,0.0,1.0,0,0,1.0,1,1,1,1,2,2,1,0,0,0,soc17
2067,3,LAMBA,2,0,soc,0.9823856774645168,1.0,0.9823856774645168,0.4209214145207414,0.9823856774645168,0.4196183345052533,0.9823856774645168,0.0,0.9823856774645168,1,0,0.3338309139943223,1,1,1,1,2,2,1,1,1,0,soc17
2068,3,YATAK,3,0,soc,0.5065464660450255,2.0,0.4692454526562302,0.5300296015402628,0.48789595935062785,0.41438295019694327,0.4692454526562302,0.9823856774645168,0.5065464660450255,2,0,0.5723989220522234,1,1,1,1,1,1,2,0,0,3,soc17
2069,3,HALI,4,0,soc,0.5504703171328947,3.0,0.5074386632811121,0.5480148627061059,0.4714656322837298,0.49569842889763316,0.5074386632811121,1.9581775961657724,0.5504703171328947,3,0,0.5209024220571061,1,1,0,0,1,0,0,0,0,5,soc17
2070,3,KOKU,5,0,soc,0.700374303081745,4.0,0.31191252104015954,0.5808862677984568,0.4780736057320679,0.44770998478439916,0.31191252104015954,3.3725744930169617,0.700374303081745,4,0,0.5098719868281557,2,0,1,1,0,1,1,0,0,4,soc17
2071,3,SALÇA,6,1,soc,0.9607896067400263,5.0,0.7679684291054976,0.5920640389312155,0.7604296681402373,0.33550226677844863,0.7679684291054976,2.5450921522210517,0.8145371713165205,4,1,0.3546500295390419,2,1,1,1,2,2,1,1,0,0,soc17
2072,3,ODA,7,0,soc,0.7480478841854629,4.0,0.08933526342486525,0.7590903331072361,0.2753121249314257,0.5483126169050727,0.08933526342486525,3.079645089387416,0.7480478841854629,4,2,0.5712949345783751,2,1,1,1,1,1,2,1,0,3,soc17
2073,3,KOLA,8,1,soc,0.8559760341270273,2.0,0.0424908763331719,0.6715415629332095,0.4143690814049566,0.47972671337444983,0.0424908763331719,2.2185771185774916,0.8559760341270273,2,5,0.5594961566389554,2,0,1,1,0,1,1,0,0,2,soc17
2074,3,FIRIN,9,1,soc,0.9575447667524211,3.0,0.4818571088225179,0.6272121089881169,0.5647175612897751,0.42677671468400413,0.4818571088225179,2.5111546326839327,0.9575447667524211,3,5,0.4547685578961256,2,1,1,1,2,2,1,1,0,0,soc17
2075,3,KİTAP,10,0,soc,0.35278921307620603,3.0,0.050976578988509026,0.6689698648945008,0.15728450383491555,0.5270448951344296,0.050976578988509026,2.630968007202351,0.35278921307620603,3,6,0.6197490378868287,3,0,0,1,0,0,1,0,0,8,soc17
2076,3,DUVAR,11,1,soc,0.5635340067284889,10.0,0.3126929017723875,0.5939802206412583,0.3251703760606571,0.4709405552973973,0.3126929017723875,1.2018930344869128,0.323485653835385,2,8,0.5314214460966724,3,1,1,1,1,1,2,1,0,3,soc17
2077,3,ÇİÇEK,12,1,soc,0.6641148065340642,4.0,0.29767666384471936,0.5599004990212537,0.3060889435695029,0.4714506457536396,0.29767666384471936,1.5419070782473865,0.6641148065340642,4,7,0.4999286802813119,3,0,1,1,0,1,1,1,0,2,soc17
2078,3,TOPRAK,13,1,soc,0.5057224384953654,1.0,0.5057224384953654,0.5794455929751073,0.317396909374847,0.4956668247656727,0.5057224384953654,1.5021124824167642,0.5057224384953654,1,11,0.5111392599641549,3,0,1,1,0,1,1,0,0,4,soc17
2079,3,DOLAP,14,0,soc,0.934522940334041,13.0,0.1958491955474869,0.5914366307233907,0.5666187816467306,0.37481556049213427,0.1958491955474869,1.8846244532163325,0.7200170034852962,3,10,0.43178358320223287,3,1,1,1,2,2,1,0,0,0,soc17
2080,3,KÜÇÜK,15,0,soc,0.7185540294184415,3.0,0.4546590965537116,0.5962812951169526,0.4378165290370467,0.437947197806799,0.4546590965537116,2.4580401183493645,0.7185540294184415,3,11,0.47054581881068414,3,0,0,1,0,0,2,0,0,7,soc17
2081,3,PARKUR,16,0,soc,0.5442373948670083,2.0,0.19396905448262136,0.6494323418761468,0.24863639395877035,0.5593200076791798,0.19396905448262136,2.744042993542586,0.5442373948670083,2,13,0.5966334580426146,3,1,1,1,1,1,2,0,0,3,soc17
2082,3,KALAS,17,0,soc,0.5165683044205327,2.0,0.22497405567823917,0.6978372170051788,0.2834493744261809,0.5392356060106789,0.22497405567823917,1.8932063717642003,0.5165683044205327,2,14,0.5486351049900133,3,0,0,1,0,0,2,1,0,7,soc17
2083,4,KALIP,1,1,soc,,,,0.5653506740224126,,0.4759044079343604,,0.0,1.0,0,0,1.0,1,1,0,0,1,0,0,0,0,9,soc17
2084,4,KUTU,2,0,soc,0.6188865632814411,1.0,0.6188865632814411,0.5384525750510893,0.6188865632814411,0.4971595567316972,0.6188865632814411,0.0,0.6188865632814411,1,0,0.5653506740224126,1,1,1,0,1,1,0,0,0,0,soc17
2085,4,KASA,3,0,soc,0.3394774532482303,2.0,0.3299174432520417,0.5164480518672252,0.33469744825013603,0.5154379847430153,0.3299174432520417,0.6188865632814411,0.3394774532482303,2,0,0.5967845885830447,1,1,0,1,2,0,2,0,0,5,soc17
2086,4,MARKET,4,0,soc,0.7216362036201042,1.0,0.7216362036201042,0.4797792473138396,0.43880238419908735,0.44346912111281744,0.7216362036201042,1.2882814597817132,0.7216362036201042,1,2,0.49514659748049195,1,1,0,1,2,0,2,1,1,5,soc17
2087,4,SULUK,5,0,soc,0.5382124150449655,4.0,0.33362723194720234,0.6453778723545125,0.35156351957501186,0.46373776352373297,0.33362723194720234,2.604688612378975,0.5382124150449655,4,0,0.5367519606373525,2,0,1,0,0,1,0,0,0,2,soc17
2088,4,SIRA,6,0,soc,0.15853046183532515,5.0,0.09794753363124817,0.6993086819014667,0.0982547699536197,0.624667693190682,0.09794753363124817,2.2209201049874796,0.11376074251908228,3,2,0.6804224218244777,2,0,1,1,0,1,1,0,0,1,soc17
2089,4,BAHÇE,7,0,soc,0.5589713957306179,2.0,0.13598442188087762,0.6044898038810764,0.3137426916288167,0.4807058018697028,0.13598442188087762,1.4764488506315991,0.5589713957306179,2,4,0.5564558082884574,2,0,1,1,0,2,1,0,0,3,soc17
2090,4,ZEMİN,8,0,soc,0.5305487251469482,7.0,0.4555404593460384,0.5531088261676131,0.3275238289681738,0.47052668130853237,0.4555404593460384,1.602329971502744,0.4605589123087372,3,4,0.5213878587704525,2,0,1,1,0,2,1,1,1,3,soc17
2091,4,TAHTA,9,0,soc,0.808938780912267,7.0,0.4330772622137296,0.5685564141132233,0.45287729846279035,0.4388805525818227,0.4330772622137296,1.8086228170855034,0.5990619609063522,2,6,0.5148535174106238,2,1,1,0,1,1,0,0,0,0,soc17
2092,4,MEKTUP,10,0,soc,0.2775652470935073,8.0,0.2583237938526194,0.6726604221011363,0.15510326314793615,0.5426263918364809,0.2583237938526194,1.7994971060075031,0.2583237938526194,1,8,0.6294965867698006,3,0,0,1,0,0,2,0,0,7,soc17
2093,4,HARİTA,11,0,soc,0.46457851757624713,9.0,0.06883563012778018,0.703296670992989,0.196607549157313,0.5638882325190187,0.06883563012778018,2.022524637811623,0.41780844155107905,3,7,0.5836759120137859,3,0,1,1,0,1,1,0,0,1,soc17
2094,4,SİLGİ,12,0,soc,0.4265112590925666,3.0,0.20908895245117776,0.6019350949132779,0.32405170410096507,0.4427626659312812,0.20908895245117776,1.6511931356815142,0.4265112590925666,3,8,0.5272231699390424,3,0,0,1,0,0,2,0,0,8,soc17
2095,4,DERGİ,13,0,soc,0.3941588399247352,11.0,0.31332055457462793,0.6650242265825508,0.23747968439404063,0.5629215746475074,0.31332055457462793,1.6102220746658493,0.3551170103613303,3,9,0.5621086889791791,3,0,0,1,0,0,2,1,1,8,soc17
2096,4,PARA,14,0,soc,0.60207201097775,11.0,0.14720529265446836,0.6089400275067651,0.2528027869250983,0.4933652339920622,0.14720529265446836,1.4399045110171258,0.4072161704521243,2,11,0.570618601779932,3,1,0,1,2,0,2,0,0,5,soc17
2097,4,ÇORAP,15,0,soc,0.7259905593396109,14.0,0.46851727800669357,0.5735448641136023,0.24429888518883933,0.5273439742447027,0.46851727800669357,1.3334240687748045,0.5408118683387342,3,11,0.5696656258399863,3,1,0,1,2,0,2,1,1,5,soc17
2098,4,HALKA,16,1,soc,0.531413672102889,6.0,0.2592308117623375,0.6415317426918153,0.23783085139463514,0.5456630950394356,0.2592308117623375,2.0149249650394543,0.42133583163229127,2,13,0.5779714907403922,3,0,0,1,0,0,2,0,0,7,soc17
2099,4,TERAS,17,1,soc,0.9242042644743286,10.0,0.181151422062853,0.7158748545285648,0.24423561651243508,0.5639857284108036,0.181151422062853,1.4800225891015137,0.4269492011430399,2,14,0.5790921415723488,3,0,1,1,0,2,1,0,0,3,soc17
2106,1,AĞAÇ,1,1,eng,,,,0.532330206213368,,0.5049256920540572,,0.0,1.0,0,0,1.0,1,1,1,0,1,1,0,0,0,9,eng17
2107,1,BARDAK,2,1,eng,0.7102854000778898,1.0,0.7102854000778898,0.5047978627514719,0.7102854000778898,0.4632594967187368,0.7102854000778898,0.0,0.7102854000778898,1,0,0.532330206213368,1,1,0,0,2,0,0,0,0,2,eng17
2108,1,SARI,3,1,eng,0.31398877234069655,1.0,0.31398877234069655,0.6896342207903708,0.26180771929100977,0.5697061164474319,0.31398877234069655,0.7102854000778898,0.31398877234069655,1,1,0.6415280766443752,1,1,0,0,2,0,0,1,1,2,eng17
2109,1,EKRAN,4,0,eng,0.12098721353028635,2.0,0.04953042631819528,0.6993105567282596,0.08276021222452427,0.6420831670333953,0.04953042631819528,1.2339008386599093,0.12098721353028635,2,1,0.7039152754035686,1,1,1,0,1,1,0,0,0,1,eng17
2110,1,ÖLÇEK,5,1,eng,0.462612321243832,4.0,0.17971877537199893,0.625454825660784,0.23445159890456896,0.5098355760959881,0.17971877537199893,1.482181475333482,0.462612321243832,4,0,0.5618472903252325,2,1,1,0,1,1,0,1,1,1,eng17
2111,1,BEYİN,6,0,eng,0.4806540371260736,4.0,0.2741413589628098,0.5810211709809406,0.2881231825962707,0.474208416317597,0.2741413589628098,0.9597004865636221,0.4806540371260736,4,1,0.5368195523545792,2,0,1,1,0,1,1,0,0,6,eng17
2112,1,KALEM,7,1,eng,0.42908288592068916,6.0,0.39902049243806387,0.5596796042769652,0.2868357575071788,0.4509131671927715,0.39902049243806387,0.9984728985128403,0.39902049243806387,1,5,0.5391467807323093,2,0,1,1,0,1,2,0,0,8,eng17
2113,1,ÇANTA,8,0,eng,0.4930966381115681,6.0,0.36836082413049515,0.5326245393537888,0.18662809768219382,0.4938933277717511,0.36836082413049515,1.4021684020313714,0.36836082413049515,1,6,0.5892616937706572,2,0,1,0,0,1,0,0,0,5,eng17
2114,1,KAĞIT,9,0,eng,0.8790552457670859,8.0,0.6540926245962044,0.5617124668092044,0.4412746930494678,0.4300184406727724,0.6540926245962044,1.7431713924373915,0.6893193775666414,2,6,0.4178043419807713,2,1,1,0,1,1,0,0,0,9,eng17
2115,1,BİNA,10,0,eng,0.41104945982499863,9.0,0.20140033317492984,0.6446566845555004,0.26108239915544085,0.4908879637885073,0.20140033317492984,2.81203965126371,0.3183272189245442,4,5,0.5770056243968761,3,0,0,1,0,0,2,0,0,3,eng17
2116,1,KOLAY,11,0,eng,0.4734206706671342,2.0,0.21757328697261005,0.6602881576041505,0.24363543016176634,0.559019005451491,0.21757328697261005,2.4002822480022448,0.4734206706671342,2,8,0.5718458194753361,3,0,0,1,0,0,1,0,0,7,eng17
2117,1,KALE,12,0,eng,0.5201944127892401,5.0,0.09810323556270656,0.5797000958085028,0.23457207586305473,0.5291035011718254,0.09810323556270656,2.0348837572736156,0.20492638778021305,4,7,0.6129088747595524,3,0,0,1,0,0,3,0,0,0,eng17
2118,1,PARK,13,1,eng,0.5999582642389087,12.0,0.4948033738522656,0.5359939326964558,0.3324180830171294,0.4946637566653158,0.4948033738522656,1.3401338695604947,0.526662887280119,3,9,0.512500203838713,3,0,0,1,0,0,2,1,0,3,eng17
2119,1,KÖPEK,14,0,eng,0.7030623490479981,8.0,0.3129821028808094,0.5222851961693651,0.29587915793139913,0.46806672200018085,0.3129821028808094,1.555483324982383,0.3129821028808094,1,12,0.5661458175581038,3,0,1,1,0,1,1,0,0,6,eng17
2120,1,ŞİŞE,15,0,eng,0.9133266973789964,13.0,0.6341294391066079,0.6049041412100407,0.2827513488692722,0.5072512732740266,0.6341294391066079,1.2421711461888552,0.6341294391066079,1,13,0.5384694261055849,3,0,0,1,0,0,3,1,0,0,eng17
2121,1,YAZI,16,0,eng,0.7730691951070705,9.0,0.07959490084333107,0.5834917733760561,0.20156294273147496,0.5136411630258714,0.07959490084333107,1.933602331555224,0.23788465289147187,4,11,0.6044619346725746,3,0,1,1,0,1,2,0,0,8,eng17
2122,1,RAKAM,17,0,eng,0.7057482398165602,1.0,0.7057482398165602,0.5605126494326779,0.25553435718622325,0.5643455782772089,0.7057482398165602,1.6189221159302278,0.7057482398165602,1,15,0.5348155997871231,3,0,1,1,0,1,2,1,1,8,eng17
2123,1,KABLO,18,0,eng,0.5725258870121184,10.0,0.07457247005177867,0.7736742392901772,0.2703197730184885,0.5285622447712427,0.07457247005177867,2.0903652056158384,0.5459483882654621,3,14,0.5613559255484166,3,0,0,1,0,0,3,1,0,0,eng17
2124,2,KEDİ,1,1,eng,,,,0.6178156677356182,,0.5268928089895533,,0.0,1.0,0,0,1.0,1,1,0,0,1,0,0,0,0,6,eng17
2125,2,TABAK,2,0,eng,0.45868189500698364,1.0,0.45868189500698364,0.5837020828404216,0.45868189500698364,0.4800514598551415,0.45868189500698364,0.0,0.45868189500698364,1,0,0.6178156677356182,1,1,0,1,1,0,3,0,0,2,eng17
2126,2,TOPLU,3,0,eng,0.23672253868890353,2.0,0.18539221341681766,0.6642807706353682,0.2110573760528606,0.5510864472246253,0.18539221341681766,0.45868189500698364,0.23672253868890353,2,0,0.6437933080392735,1,1,0,1,1,0,2,0,0,7,eng17
2127,2,İLAÇ,4,0,eng,0.5144555388322474,3.0,0.16186573971751173,0.6295963813803702,0.3470548979240016,0.49193027671360556,0.16186573971751173,0.8807966471127048,0.5144555388322474,3,0,0.5378141810454142,1,1,0,0,1,0,0,0,0,4,eng17
2128,2,GRUP,5,0,eng,0.3821091830560145,2.0,0.3015448201060412,0.6242596533601368,0.2699905198813143,0.4814420061995719,0.3015448201060412,1.9219613408847094,0.3821091830560145,2,2,0.5662486365092956,2,0,1,0,0,2,0,0,0,1,eng17
2129,2,DEFTER,6,0,eng,0.48588772879447206,2.0,0.20722865546321656,0.6689228505283984,0.30873406682985294,0.5085240120086711,0.20722865546321656,1.7282187837276326,0.48588772879447206,2,3,0.5287748266693926,2,0,1,0,0,1,0,0,0,8,eng17
2130,2,KOLTUK,7,1,eng,0.25315691501291404,6.0,0.06473413798294957,0.6792253104234673,0.09026061201160263,0.6094329593306413,0.06473413798294957,1.8187646191680371,0.09120182909373199,2,4,0.7152592463734668,2,0,1,0,0,1,0,0,0,3,eng17
2131,2,TERLİK,8,1,eng,0.696091259952675,6.0,0.2597987541429509,0.5307717703973673,0.36613667696865115,0.363322357311765,0.2597987541429509,1.179800291438135,0.5590760257125165,4,3,0.46992209720452527,2,0,1,1,0,1,1,0,0,5,eng17
2132,2,SPOR,9,0,eng,0.5270647491536371,1.0,0.5270647491536371,0.6872996868622372,0.26094552927618747,0.5791127211806937,0.5270647491536371,1.2955297284473248,0.5270647491536371,1,7,0.550100397142761,2,0,1,0,0,2,0,1,0,1,eng17
2133,2,KAPI,10,0,eng,0.6249684131058864,9.0,0.05391813730817713,0.6817159598051009,0.3142271461605715,0.46270952993375103,0.05391813730817713,1.1567729475965014,0.529598574451337,2,7,0.5472617048813881,3,0,0,1,0,0,2,0,0,0,eng17
2134,2,KAŞIK,11,0,eng,0.9312959692780304,9.0,0.3506965628825089,0.5636480724864903,0.35848275958898435,0.3884415000857905,0.3506965628825089,1.783058643330934,0.6548200500864441,3,7,0.5245374616131784,3,1,0,1,1,0,3,0,0,2,eng17
2135,2,CÜZDAN,12,0,eng,0.8193907759305923,4.0,0.6996668093983431,0.46146261372202235,0.5015956716840521,0.3994243790413565,0.6996668093983431,2.2918973835053227,0.8193907759305923,4,7,0.43186977432397256,3,0,1,1,0,1,1,1,0,5,eng17
2136,2,TAŞLIK,13,1,eng,0.9044878180247089,5.0,0.7680447986436185,0.43279408575342104,0.6683905991679635,0.3702520846392994,0.7680447986436185,2.0854820609820943,0.8552285627599883,2,10,0.4144454481047144,3,1,0,1,1,0,3,1,0,2,eng17
2137,2,SEHPA,14,0,eng,0.8855161527891529,3.0,0.8011967601163709,0.6427327747632469,0.6965930318837461,0.4174699789083127,0.8011967601163709,3.992099615443308,0.8855161527891529,3,10,0.3198045439830952,3,0,0,1,0,0,2,1,0,0,eng17
2138,2,KISA,15,0,eng,0.4690134993133757,12.0,0.08383875483831103,0.7026224641425054,0.1337942961281839,0.6018437351495487,0.08383875483831103,4.883700776580597,0.23489056884888554,3,11,0.6673984537026267,3,1,0,1,1,0,2,0,0,7,eng17
2139,2,ELMA,16,0,eng,0.710909757728838,5.0,0.12595479262543527,0.6500333043156865,0.3765735541930653,0.5127007885343838,0.12595479262543527,2.914012950161679,0.5483627664133884,3,12,0.5889106623474745,3,1,0,1,1,0,3,1,0,2,eng17
2140,2,BÜYÜK,17,0,eng,0.5207710106964843,2.0,0.3613344312106457,0.6493900116565403,0.3319813442622898,0.49295098721950126,0.3613344312106457,1.956101623013744,0.5207710106964843,2,14,0.49959056201773133,3,1,0,1,1,0,2,1,0,7,eng17
2141,3,LAMBA,1,0,eng,,,,0.5086224380614954,,0.3912230798769678,,0.0,1.0,0,0,1.0,1,1,1,1,2,1,2,0,0,0,eng17
2142,3,DOLAP,2,0,eng,0.7685736311244618,1.0,0.7685736311244618,0.44196093650880597,0.7685736311244618,0.40476992056192485,0.7685736311244618,0.0,0.7685736311244618,1,0,0.5086224380614954,1,1,1,1,2,1,2,1,1,0,eng17
2143,3,YATAK,3,0,eng,0.6552667645315771,1.0,0.6552667645315771,0.5415197800914353,0.5622561085939036,0.4301081831119675,0.6552667645315771,0.7685736311244618,0.6552667645315771,1,1,0.519806535014866,1,1,1,1,1,2,1,0,0,3,eng17
2144,3,TOPRAK,4,0,eng,0.2516813273359696,3.0,0.22068427270509827,0.6084636984321102,0.22273826519618492,0.5502772298486598,0.22068427270509827,1.893085848312269,0.2516813273359696,3,0,0.6198886805431698,1,1,1,0,1,1,0,0,0,4,eng17
2145,3,KALAS,5,1,eng,0.3025544957014579,1.0,0.3025544957014579,0.6368438769929265,0.15672332731669333,0.6177000591161885,0.3025544957014579,2.5613006439008243,0.3025544957014579,1,3,0.6363999816116602,2,0,1,1,0,1,1,0,0,7,eng17
2146,3,DÜĞME,6,0,eng,0.9823856774645168,5.0,0.09227796764437182,0.651884137787802,0.532839230261877,0.3664797666065315,0.09227796764437182,1.5198595881599772,0.934522940334041,4,1,0.46159379819064394,2,1,1,1,2,1,2,1,0,0,eng17
2147,3,ODA,7,0,eng,0.7480478841854629,4.0,0.22252433529445556,0.6681770866944072,0.3289804884083831,0.5277108351259175,0.22252433529445556,1.3472966933543327,0.7480478841854629,4,2,0.5332075156889091,2,1,1,1,1,2,1,1,0,3,eng17
2148,3,KOKU,8,0,eng,0.700374303081745,2.0,0.17160209273526855,0.6762304231299512,0.33285201099580763,0.46518715753858975,0.17160209273526855,0.9466761752173639,0.700374303081745,2,5,0.5337111414448454,2,1,1,0,1,1,0,1,0,4,eng17
2149,3,PARKUR,9,1,eng,0.5442373948670083,7.0,0.15750480766813932,0.6640818397743098,0.21051612894410984,0.5396151328384913,0.15750480766813932,1.3405996190127922,0.3522377483465875,3,5,0.574782065430727,2,1,1,1,1,2,1,1,0,3,eng17
2150,3,KÜÇÜK,10,0,eng,0.5165683044205327,5.0,0.19396905448262136,0.5827915988514788,0.3967876699886931,0.43887308368677547,0.19396905448262136,1.8145972176154948,0.4910668091193048,4,5,0.5171926359415937,3,0,1,1,0,1,1,0,0,7,eng17
2151,3,FIRIN,11,0,eng,0.8174243470308453,9.0,0.4014299143246429,0.5331087281458856,0.4316335403697851,0.4302675515316474,0.4014299143246429,1.5157640672963346,0.6742146260946187,3,7,0.5229584899112432,3,1,1,1,2,1,2,0,0,0,eng17
2152,3,HALI,12,0,eng,0.5556237903853873,10.0,0.5062073470369703,0.5275336828210869,0.29091313955640397,0.48534521677454623,0.5062073470369703,2.01505096605315,0.5062073470369703,1,10,0.5238896893540739,3,0,0,1,0,0,1,0,0,5,eng17
2153,3,KİTAP,13,0,eng,0.6275266564175318,11.0,0.31199474850576664,0.6432481384072763,0.2406251456963729,0.5521433462076295,0.31199474850576664,1.7160868269651721,0.3321806870903763,3,9,0.581044007924841,3,0,0,1,0,0,1,0,0,8,eng17
2154,3,KOLA,14,0,eng,0.8477058793990766,8.0,0.0700152995241603,0.5927092927304158,0.3023284778384827,0.4577718190730502,0.0700152995241603,1.8738576751285891,0.5828482985109196,4,9,0.5348591795731299,3,0,0,1,0,0,2,0,0,2,eng17
2155,3,SALÇA,15,1,eng,0.9607896067400263,9.0,0.8559760341270273,0.45470566251049593,0.6135378611424402,0.3422779455472664,0.8559760341270273,1.643913027469117,0.9575447667524211,4,10,0.32555927360482717,3,1,1,1,2,1,2,1,0,0,eng17
2156,3,DUVAR,16,1,eng,0.7200170034852962,14.0,0.44545718329862005,0.5934533942660332,0.34242635102484353,0.5053112533802622,0.44545718329862005,2.320994560048452,0.44545718329862005,1,14,0.5289451722924854,3,1,1,1,1,2,1,0,0,3,eng17
2157,3,ÇİÇEK,17,1,eng,0.7185540294184415,7.0,0.29767666384471936,0.6710219108656866,0.3973126632289892,0.49549779912969527,0.29767666384471936,2.0955047078184377,0.6641148065340642,3,13,0.48181545839312234,3,0,0,1,0,0,2,1,0,2,eng17
2158,4,KUTU,1,1,eng,,,,0.648170608451931,,0.43993125204484107,,0.0,1.0,0,0,1.0,1,1,1,0,1,1,0,0,0,0,eng17
2159,4,PARA,2,1,eng,0.36502025028410534,1.0,0.36502025028410534,0.6110656327093811,0.36502025028410534,0.5210566882630976,0.36502025028410534,0.0,0.36502025028410534,1,0,0.648170608451931,1,1,1,1,1,2,1,0,0,5,eng17
2160,4,ZEMİN,3,1,eng,0.3050256329153812,2.0,0.17043047953602236,0.6226477202846503,0.23772805622570178,0.4890304964812924,0.17043047953602236,0.36502025028410534,0.3050256329153812,2,0,0.6291641198699194,1,1,0,1,1,0,2,0,0,3,eng17
2161,4,HALKA,4,0,eng,0.42133583163229127,2.0,0.3726544150948415,0.5911454337049938,0.37319133266448384,0.5240816700414304,0.3726544150948415,0.840476362735509,0.42133583163229127,2,1,0.5213365925425184,1,1,0,1,1,0,1,0,0,7,eng17
2162,4,TAHTA,5,0,eng,0.808938780912267,4.0,0.2771574834493138,0.5392879008692327,0.4437302830693666,0.3913902025588277,0.2771574834493138,1.9600503607289603,0.808938780912267,4,0,0.4625779557726146,2,1,1,0,1,1,0,1,0,0,eng17
2163,4,ÇORAP,6,0,eng,0.6721658308899058,5.0,0.6705631921729135,0.4347307047655,0.47143831426226795,0.41223385518282496,0.6705631921729135,1.9304030776283545,0.6705631921729135,1,4,0.4820900014571943,2,1,1,1,1,2,1,1,0,5,eng17
2164,4,KALIP,7,0,eng,0.7259905593396109,1.0,0.7259905593396109,0.5347509024094035,0.3967940644677884,0.4546042199183943,0.7259905593396109,2.2993976231726254,0.7259905593396109,1,5,0.49354202718276285,2,0,1,0,0,1,0,0,0,9,eng17
2165,4,MARKET,8,1,eng,0.6632277689878967,3.0,0.29344615411690644,0.6070431072499628,0.4595053366233948,0.4514416801305715,0.29344615411690644,2.4088319874951116,0.6632277689878967,3,4,0.4764798267058912,2,1,1,1,1,2,1,1,0,5,eng17
2166,4,SULUK,9,0,eng,0.5382124150449655,2.0,0.33362723194720234,0.5423239335937662,0.38041556831752005,0.47005679602469586,0.33362723194720234,3.2734061314350162,0.5382124150449655,2,6,0.4877404476261049,2,0,1,0,0,1,0,0,0,2,eng17
2167,4,BAHÇE,10,0,eng,0.5990619609063522,5.0,0.5589713957306179,0.5972536805381474,0.44287939283039923,0.4826949464642215,0.5589713957306179,2.925043482903103,0.5589713957306179,1,8,0.5183565435610453,3,1,0,1,1,0,2,0,0,3,eng17
2168,4,HARİTA,11,0,eng,0.46457851757624713,10.0,0.12340562876689512,0.6784803462750544,0.152866336049078,0.5812381286945165,0.12340562876689512,2.3723516816922023,0.31308229432699825,4,6,0.6024128181766528,3,0,0,1,0,0,2,0,0,1,eng17
2169,4,SİLGİ,12,0,eng,0.5408118683387342,6.0,0.20908895245117776,0.5871979147296151,0.2927439262070016,0.45711397616813876,0.20908895245117776,1.7520868645130319,0.37753416215806646,2,9,0.5433930971869968,3,0,0,1,0,0,2,0,0,8,eng17
2170,4,MEKTUP,13,0,eng,0.531413672102889,9.0,0.36239623619342476,0.7038268793470817,0.1686564870884724,0.5811645141323278,0.36239623619342476,1.7198346625163694,0.36239623619342476,1,11,0.6289918129027952,3,1,0,1,1,0,1,0,0,7,eng17
2171,4,SIRA,14,0,eng,0.24573466174940206,10.0,0.06066751229053965,0.7324629714776009,0.1113060876342643,0.6202075200148386,0.06066751229053965,1.229699966202202,0.17400912797612597,2,11,0.6402479283898471,3,0,0,1,0,0,2,1,0,1,eng17
2172,4,DERGİ,15,0,eng,0.3941588399247352,14.0,0.07140765182596576,0.7030308442665413,0.19858936711082273,0.5705298890014954,0.07140765182596576,0.9629193014315783,0.3551170103613303,2,12,0.5899316121110331,3,0,0,1,0,0,2,1,0,8,eng17
2173,4,KASA,16,0,eng,0.7216362036201042,8.0,0.10379699334567782,0.6536603464026061,0.1592074818550968,0.5695330490449124,0.10379699334567782,1.3369180932220144,0.339247304431397,4,11,0.618912326597123,3,1,1,1,1,2,1,0,0,5,eng17
2174,4,TERAS,17,0,eng,0.9242042644743286,7.0,0.2561213107564255,0.6859783424181927,0.15875468170756984,0.6103158621864757,0.2561213107564255,0.828026960518182,0.2561213107564255,1,15,0.6294659665483506,3,1,0,1,1,0,2,0,0,3,eng17
2181,1,ŞİŞE,1,1,soc,,,,0.7079569287950964,,0.5666076103104551,,0.0,1.0,0,0,1.0,1,1,1,0,2,1,0,0,0,0,soc16
2182,1,KALEM,2,1,soc,0.19982837508722395,1.0,0.19982837508722395,0.6077098962477749,0.19982837508722395,0.5186691669931718,0.19982837508722395,0.0,0.19982837508722395,1,0,0.7079569287950964,1,1,0,1,1,0,2,0,0,8,soc16
2183,1,BEYİN,3,1,soc,0.39902049243806387,1.0,0.39902049243806387,0.5720061172400559,0.39585812783625024,0.47924316092423735,0.39902049243806387,0.19982837508722395,0.39902049243806387,1,1,0.5498378398391559,1,1,0,1,1,0,1,0,0,6,soc16
2184,1,KALE,4,1,soc,0.5201944127892401,2.0,0.37316492997265727,0.6586676591668427,0.36492025566196973,0.5203690976619089,0.37316492997265727,0.9915446307597244,0.5201944127892401,2,1,0.5339371945469419,1,1,1,0,2,1,0,1,0,0,soc16
2185,1,EKRAN,5,0,soc,0.13256015992885034,2.0,0.0565781266529315,0.7338919541686114,0.08652889741296729,0.6260116810224003,0.0565781266529315,2.0863053977456336,0.13256015992885034,2,2,0.6757448626049083,2,0,1,1,0,1,1,0,0,1,soc16
2186,1,KOLAY,6,0,soc,0.18410154805952028,3.0,0.05184751822271495,0.6798629349787008,0.11315458551917108,0.563505487720454,0.05184751822271495,1.5718146081971567,0.18410154805952028,3,2,0.6502788750651642,2,0,1,0,0,1,0,0,0,7,soc16
2187,1,BARDAK,7,0,soc,0.9133266973789964,6.0,0.36830066587155413,0.5400984724669473,0.32495429492960065,0.4312072858014425,0.36830066587155413,0.8963555183993808,0.4806540371260736,4,2,0.5079512012609988,2,0,1,1,0,1,1,0,0,2,soc16
2188,1,ÇANTA,8,0,soc,0.7290655094278011,7.0,0.4930966381115681,0.5064466125580593,0.2588497017801961,0.47288931752613317,0.4930966381115681,1.014485246243894,0.4930966381115681,1,6,0.5613734819484185,2,0,1,0,0,1,0,0,0,5,soc16
2189,1,KABLO,9,0,soc,0.5725258870121184,1.0,0.5725258870121184,0.5058571917851906,0.35598462537732123,0.45641606829746184,0.5725258870121184,1.3533894106354132,0.5725258870121184,1,7,0.48822059748250124,2,1,1,0,2,1,0,0,0,0,soc16
2190,1,AĞAÇ,10,1,soc,0.7102854000778898,3.0,0.5325230280922546,0.5072493999276211,0.3940493173406443,0.39434192860215067,0.5325230280922546,2.2167874535520635,0.7102854000778898,3,6,0.4709005540148028,3,0,0,1,0,0,2,0,0,9,soc16
2191,1,ÖLÇEK,11,0,soc,0.462612321243832,1.0,0.462612321243832,0.6419961606179942,0.2445606359651717,0.5169964783633865,0.462612321243832,3.0941232930227693,0.462612321243832,1,9,0.5919932841942606,3,0,1,1,0,1,1,0,0,1,soc16
2192,1,KÖPEK,12,1,soc,0.7030623490479981,9.0,0.05664867227195266,0.6740555153781302,0.37022314168543036,0.4621930496397807,0.05664867227195266,2.3035539456258123,0.6954360267136221,2,9,0.5181237261958065,3,1,0,1,1,0,1,0,0,6,soc16
2193,1,RAKAM,13,1,soc,0.5024065825084536,11.0,0.3241388164109434,0.6612998439076674,0.28566696656407176,0.4859360093093601,0.3241388164109434,2.1534930743472867,0.496776122821186,2,10,0.5494200283331696,3,1,0,1,1,0,2,0,0,8,soc16
2194,1,PARK,14,0,soc,0.5999582642389087,4.0,0.08541167896895449,0.7046155601175349,0.30984427499936185,0.4949932309225513,0.08541167896895449,2.380555256111292,0.5999582642389087,4,9,0.5387083366045644,3,0,0,1,0,0,2,0,0,3,soc16
2195,1,SARI,15,1,soc,0.36595312886614795,11.0,0.09356134374069908,0.6961737672757407,0.1371987753691782,0.5797176555595773,0.09356134374069908,1.508544421592433,0.14680488547655493,3,11,0.6360653988648225,3,0,1,1,0,1,1,0,0,2,soc16
2196,1,BİNA,16,1,soc,0.526662887280119,2.0,0.14942506978124248,0.6637372871672085,0.2985772863636434,0.5135390382393344,0.14942506978124248,1.0948899128418381,0.526662887280119,2,13,0.5166022285352219,3,0,0,1,0,0,2,1,0,3,soc16
2197,1,KAĞIT,17,0,soc,0.8790552457670859,7.0,0.20140033317492984,0.5765398917708198,0.4147650437227922,0.44021730436985407,0.20140033317492984,1.1973886708238513,0.5927579372620249,4,12,0.4951105969241234,3,0,0,1,0,0,2,0,0,9,soc16
2198,1,YAZI,18,1,soc,0.7730691951070705,16.0,0.4699779847941003,0.6141939798673617,0.3303280693722691,0.519772760236796,0.4699779847941003,1.6855154459315482,0.4699779847941003,1,16,0.5740390412059737,3,1,0,1,1,0,2,0,0,8,soc16
2199,2,KAPI,1,1,soc,,,,0.6373007572957181,,0.5336678959658332,,0.0,1.0,0,0,1.0,1,1,0,0,2,0,0,0,0,0,soc16
2200,2,TABAK,2,0,soc,0.3982106150613792,1.0,0.3982106150613792,0.5575931090635871,0.3982106150613792,0.434139497801313,0.3982106150613792,0.0,0.3982106150613792,1,0,0.6373007572957181,1,1,1,1,1,2,1,0,0,2,soc16
2201,2,SEHPA,3,0,soc,0.8191831838889087,2.0,0.7168752276890751,0.5968791317200336,0.7680292057889919,0.3717110068234205,0.7168752276890751,0.3982106150613792,0.8191831838889087,2,0,0.4047006232259771,1,1,0,0,2,0,0,1,0,0,soc16
2202,2,KISA,4,0,soc,0.09724092333483803,2.0,0.08383875483831103,0.6933757894014618,0.0849970794871529,0.626147042808366,0.08383875483831103,1.934269026639363,0.09724092333483803,2,1,0.7113001018988429,1,1,0,1,1,0,2,0,0,7,soc16
2203,2,CÜZDAN,5,0,soc,0.874047692873124,2.0,0.23489056884888554,0.6099114858471225,0.5655625012462768,0.3815342707841436,0.23489056884888554,2.1892602651008217,0.874047692873124,2,2,0.4300762701373938,2,0,1,0,0,2,0,0,0,5,soc16
2204,2,ELMA,6,0,soc,0.46841613079330613,4.0,0.25288628001879576,0.5353596491089726,0.2407722904934531,0.5332454536075366,0.25288628001879576,2.511139695702296,0.46841613079330613,4,1,0.5718023162399348,2,1,1,1,1,2,1,1,0,2,soc16
2205,2,KAŞIK,7,1,soc,0.9312959692780304,5.0,0.710909757728838,0.4592500210331264,0.6703449822036817,0.3498674323720137,0.710909757728838,1.8163722633834207,0.8855161527891529,4,2,0.42622371184366814,2,1,1,1,1,2,1,1,1,2,soc16
2206,2,TERLİK,8,1,soc,0.8204713648780362,5.0,0.6548200500864441,0.5703279852025301,0.605325024378782,0.3549851148429516,0.6548200500864441,2.148644430444342,0.8193907759305923,3,4,0.45146832392052294,2,0,1,0,0,2,0,1,0,5,soc16
2207,2,DEFTER,9,1,soc,0.627572112708787,4.0,0.17034196864977283,0.7082305990698154,0.29509126578335515,0.5110087167565494,0.17034196864977283,3.556947486846463,0.627572112708787,4,4,0.5708257407709277,2,0,1,0,0,1,0,0,0,8,soc16
2208,2,KOLTUK,10,0,soc,0.7434975641506587,7.0,0.06473413798294957,0.7432108287089172,0.1661658708993588,0.6247397256968336,0.06473413798294957,2.5280521610091413,0.2597987541429509,2,7,0.6426714656507793,3,0,0,1,0,0,1,0,0,3,soc16
2209,2,SPOR,11,0,soc,0.5270647491536371,3.0,0.03831550076902224,0.7359247713161556,0.17435071804147467,0.5784176744454901,0.03831550076902224,1.7607927862148673,0.5270647491536371,3,7,0.6199409018511555,3,0,0,1,0,0,2,0,0,1,soc16
2210,2,TAŞLIK,12,0,soc,0.9044878180247089,4.0,0.14479414979768762,0.5963208895658276,0.5036274812742026,0.40167216639174474,0.14479414979768762,1.1567729475965014,0.9044878180247089,4,7,0.49995876145326545,3,1,1,1,1,2,1,0,0,2,soc16
2211,2,İLAÇ,13,1,soc,0.5590760257125165,5.0,0.4144573313521442,0.5569295764655127,0.32101416742230937,0.47803197607558234,0.4144573313521442,0.9579885012364562,0.48588772879447206,4,8,0.5816704821524841,3,0,0,1,0,0,1,0,0,4,soc16
2212,2,BÜYÜK,14,0,soc,0.5207710106964843,10.0,0.42755153538344653,0.6052795864457485,0.25534282919856394,0.5143891446383041,0.42755153538344653,0.8328577358931506,0.42755153538344653,1,12,0.5329777160588182,3,1,0,1,1,0,2,0,0,7,soc16
2213,2,KEDİ,15,1,soc,0.83247450901758,8.0,0.18014166300082507,0.6984378345922666,0.3377385634054348,0.5311440062952826,0.18014166300082507,1.67400411292262,0.7116607554121873,3,11,0.5584815850271636,3,0,0,1,0,0,1,0,0,6,soc16
2214,2,GRUP,16,1,soc,0.5263829283054188,5.0,0.06384466415419943,0.6491080527367608,0.2739698786690663,0.5097016081976057,0.06384466415419943,2.5518104326522,0.3015448201060412,3,12,0.6119911307553094,3,0,0,1,0,0,2,0,0,1,soc16
2215,2,TOPLU,17,1,soc,0.4690134993133757,13.0,0.3821091830560145,0.6425511437013038,0.2665083029100798,0.5460690431573938,0.3821091830560145,1.6869690852376737,0.3821091830560145,1,15,0.5577148019286193,3,1,0,1,1,0,2,1,0,7,soc16
2216,3,KOLA,1,0,soc,,,,0.5775224274495872,,0.5412072079604787,,0.0,1.0,0,0,1.0,1,1,0,0,2,0,0,0,0,2,soc16
2217,3,KÜÇÜK,2,0,soc,0.5828482985109196,1.0,0.5828482985109196,0.47388260278224226,0.5828482985109196,0.452953277280548,0.5828482985109196,0.0,0.5828482985109196,1,0,0.5775224274495872,1,1,0,1,1,0,1,0,0,7,soc16
2218,3,ÇİÇEK,3,0,soc,0.7185540294184415,1.0,0.7185540294184415,0.522544712290744,0.6913344179762528,0.5043353615888682,0.7185540294184415,0.5828482985109196,0.7185540294184415,1,1,0.45345636868384676,1,1,0,0,2,0,0,1,0,2,soc16
2219,3,PARKUR,4,0,soc,0.19396905448262136,2.0,0.13541752584958422,0.6456988010942264,0.16114877269194283,0.532689824127847,0.13541752584958422,1.9655171344634255,0.19396905448262136,2,1,0.6552595285641135,1,1,1,1,1,1,2,0,0,3,soc16
2220,3,HALI,5,0,soc,0.271068399182324,3.0,0.2392813977593541,0.6857578581646766,0.2448213714628324,0.5051209162961663,0.2392813977593541,2.4489634525392536,0.271068399182324,3,1,0.5778336075135042,2,0,1,0,0,1,0,0,0,5,soc16
2221,3,ODA,6,1,soc,0.2985323326171385,4.0,0.12609603276321196,0.718059752660396,0.14576914713915773,0.5749764159087487,0.12609603276321196,1.804364151010784,0.2985323326171385,4,1,0.6269171806916098,2,1,1,1,1,1,2,1,0,3,soc16
2222,3,SALÇA,7,0,soc,0.8559760341270273,6.0,0.08933526342486525,0.6187781569519938,0.3920443995395216,0.3674149114546701,0.08933526342486525,1.0085951946728753,0.751662779508489,2,4,0.4935328991035204,2,0,1,1,0,3,2,0,0,0,soc16
2223,3,LAMBA,8,0,soc,0.8145371713165205,1.0,0.8145371713165205,0.4246539246852111,0.4395142256153613,0.4108563187725862,0.8145371713165205,1.6744321360288295,0.8145371713165205,1,6,0.5084576697653469,2,0,1,1,0,3,2,1,1,0,soc16
2224,3,DOLAP,9,0,soc,0.7797495872476483,2.0,0.7685736311244618,0.5197513567025831,0.628331669886171,0.32652239196052424,0.7685736311244618,2.379598514998589,0.7797495872476483,2,6,0.40747521467100256,2,0,1,1,0,3,2,1,1,0,soc16
2225,3,TOPRAK,10,1,soc,0.5057224384953654,7.0,0.1958491955474869,0.6447593681239149,0.24199534788903673,0.5431338105138632,0.1958491955474869,3.1871489504681643,0.3450196440346835,3,6,0.6066125619415872,3,0,0,1,0,0,2,0,0,4,soc16
2226,3,DUVAR,11,0,soc,0.7200170034852962,2.0,0.2664981112240036,0.6011431783392364,0.445526226242518,0.46160177985422646,0.2664981112240036,3.1554105566067707,0.7200170034852962,2,8,0.46954994490873503,3,1,1,1,1,1,2,0,0,3,soc16
2227,3,FIRIN,12,1,soc,0.9575447667524211,5.0,0.323485653835385,0.5649771284283149,0.6301200384192013,0.395962776929911,0.323485653835385,2.7569414958294223,0.8174243470308453,3,8,0.44679645951990765,3,0,1,1,0,3,2,1,0,0,soc16
2228,3,YATAK,13,0,soc,0.7480478841854629,7.0,0.42592524188505293,0.5927131920595181,0.41369154760928445,0.49818884972125177,0.42592524188505293,2.68760182607555,0.6552667645315771,4,8,0.5119136700812764,3,1,1,1,1,1,2,1,0,3,soc16
2229,3,KİTAP,14,0,soc,0.6275266564175318,5.0,0.12180196860176906,0.6714521062039858,0.2607667186721092,0.5609141030972425,0.12180196860176906,1.8982568008705367,0.3126929017723875,3,10,0.6190378999212972,3,0,0,1,0,0,1,0,0,8,soc16
2230,3,DÜĞME,15,1,soc,0.9823856774645168,7.0,0.2625068698247951,0.6442193214515639,0.45113578638555907,0.4053459182877569,0.2625068698247951,1.5322183513515675,0.7746284895080563,3,11,0.41137898225214775,3,0,1,1,0,3,2,1,0,0,soc16
2231,3,KALAS,16,1,soc,0.5165683044205327,14.0,0.09227796764437182,0.7041235221826285,0.1405121669262101,0.6092340327104497,0.09227796764437182,2.142385614853208,0.18563779523723575,4,11,0.642598974946016,3,1,0,1,1,0,1,0,0,7,soc16
2232,3,KOKU,17,1,soc,0.7679684291054976,10.0,0.14382481420518684,0.733072997843616,0.3912087519193884,0.4688345707995487,0.14382481420518684,1.1798200192239439,0.700374303081745,2,14,0.5265501493121449,3,0,0,1,0,0,2,0,0,4,soc16
2233,4,TERAS,1,0,soc,,,,0.7082467423175942,,0.5396224036185089,,0.0,1.0,0,0,1.0,1,1,0,1,1,0,2,0,0,3,soc16
2234,4,KALIP,2,0,soc,0.19912885118227577,1.0,0.19912885118227577,0.5393491156444085,0.19912885118227577,0.46927660773138313,0.19912885118227577,0.0,0.19912885118227577,1,0,0.7082467423175942,1,1,0,0,1,0,0,0,0,9,soc16
2235,4,KUTU,3,0,soc,0.6188865632814411,1.0,0.6188865632814411,0.488691352868866,0.4142781877129546,0.4897367846657703,0.6188865632814411,0.19912885118227577,0.6188865632814411,1,1,0.5387824596296851,1,1,0,1,1,0,1,0,0,0,soc16
2236,4,ÇORAP,4,0,soc,0.7259905593396109,2.0,0.6721658308899058,0.4762802173513936,0.6083685304575188,0.4103003961711239,0.6721658308899058,1.027685226608185,0.7259905593396109,2,1,0.4199569664015934,1,1,1,1,1,2,1,0,0,5,soc16
2237,4,SİLGİ,5,1,soc,0.5408118683387342,1.0,0.5408118683387342,0.5871914943755931,0.358043105983875,0.4786822896826165,0.5408118683387342,2.8527908179807415,0.5408118683387342,1,3,0.5360614626945359,2,0,1,1,0,1,1,0,0,8,soc16
2238,4,MARKET,6,0,soc,0.5824925694638781,2.0,0.2198682759358459,0.5056357374339967,0.37762233429992553,0.4301330507400257,0.2198682759358459,3.137330824342885,0.5824925694638781,2,3,0.546376777128,2,1,1,1,1,2,1,1,0,5,soc16
2239,4,KASA,7,0,soc,0.7216362036201042,1.0,0.7216362036201042,0.5745137077969834,0.45047917107114,0.4564270430495764,0.7216362036201042,2.535894863569111,0.7216362036201042,1,5,0.47094793760088904,2,1,1,1,1,2,1,1,1,5,soc16
2240,4,SIRA,8,1,soc,0.17400912797612597,3.0,0.11376074251908228,0.661440828655248,0.09038663867270771,0.6132964080103906,0.11376074251908228,2.926173672593886,0.17400912797612597,3,4,0.6925068201944444,2,0,1,1,0,1,1,0,0,1,soc16
2241,4,HALKA,9,0,soc,0.3255837512663188,6.0,0.24573466174940206,0.5793061952533408,0.2653728103180847,0.5122987058053083,0.24573466174940206,1.6181544179849972,0.3093811951089286,3,5,0.5582451491253111,2,0,1,1,0,1,1,0,0,7,soc16
2242,4,PARA,10,1,soc,0.60207201097775,3.0,0.42133583163229127,0.5773800943913552,0.4154235986579312,0.47245184109689387,0.42133583163229127,1.653191641934136,0.60207201097775,3,6,0.47517873603897975,3,1,1,1,1,2,1,1,0,5,soc16
2243,4,TAHTA,11,0,soc,0.808938780912267,8.0,0.2557476057021561,0.618510397611705,0.32022835721968834,0.44280862360646656,0.2557476057021561,1.788394751021592,0.32879602048655415,4,6,0.5748297885401168,3,1,0,1,1,0,1,0,0,0,soc16
2244,4,DERGİ,12,0,soc,0.3941588399247352,9.0,0.2025272670194464,0.6760681458228851,0.1141633557756951,0.5698341921068437,0.2025272670194464,1.4686339187145736,0.2025272670194464,1,10,0.648119497944753,3,0,1,1,0,1,1,0,0,8,soc16
2245,4,BAHÇE,13,0,soc,0.9242042644743286,12.0,0.12195549148340473,0.6779406356404417,0.20521146109122151,0.5239876542741786,0.12195549148340473,1.3498530544905933,0.5990619609063522,2,10,0.599858318958761,3,1,0,1,1,0,2,0,0,3,soc16
2246,4,HARİTA,14,0,soc,0.46457851757624713,11.0,0.12340562876689512,0.6886866214066005,0.16566033247352657,0.5568233774602218,0.12340562876689512,1.3690229557788236,0.28506620294828056,3,10,0.6017995583554565,3,0,1,1,0,1,1,0,0,1,soc16
2247,4,SULUK,15,0,soc,0.5589713957306179,2.0,0.15385076133239106,0.6011205200157617,0.32392222496029144,0.4751910276656094,0.15385076133239106,1.4631626784331637,0.5589713957306179,2,12,0.5166324952449535,3,0,0,1,0,0,1,0,0,2,soc16
2248,4,ZEMİN,16,1,soc,0.7799382870425406,15.0,0.4605589123087372,0.5916508113340742,0.3904545076251196,0.4696910588393741,0.4605589123087372,1.2377456365593211,0.4605589123087372,1,14,0.4870047422628344,3,1,0,1,1,0,2,1,0,3,soc16
2249,4,MEKTUP,17,1,soc,0.531413672102889,8.0,0.1880818049880254,0.7128916355667216,0.1760955300171264,0.5871518926484972,0.1880818049880254,2.1701355990357585,0.1880818049880254,1,15,0.6422203316512883,3,0,1,1,0,1,1,0,0,7,soc16
2256,1,AĞAÇ,1,1,eng,,,,0.7039467557858515,,0.4367637528679358,,0.0,1.0,0,0,1.0,1,1,1,0,1,1,0,0,0,9,eng16
2257,1,SARI,2,1,eng,0.20962666624132295,1.0,0.20962666624132295,0.6415280766443752,0.20962666624132295,0.5664901511466272,0.20962666624132295,0.0,0.20962666624132295,1,0,0.7039467557858515,1,1,0,0,2,0,0,0,0,2,eng16
2258,1,BARDAK,3,1,eng,0.7102854000778898,2.0,0.31398877234069655,0.5896758719916774,0.5121370862092931,0.43423276120378884,0.31398877234069655,0.20962666624132295,0.7102854000778898,2,0,0.5047978627514719,1,1,0,0,2,0,0,1,1,2,eng16
2259,1,RAKAM,4,0,eng,0.34494329664975604,3.0,0.27619314493617364,0.5582201625011229,0.25104250898326885,0.5002027099609245,0.27619314493617364,1.2339008386599093,0.34494329664975604,3,0,0.5979389984139853,1,1,1,1,1,1,1,0,0,8,eng16
2260,1,KAĞIT,5,1,eng,0.8790552457670859,4.0,0.5927579372620249,0.4692308183922689,0.6730702151686596,0.3312335234454814,0.5927579372620249,1.9870283656097159,0.8790552457670859,4,0,0.3548959981760469,2,1,1,0,1,1,0,1,0,9,eng16
2261,1,KALEM,6,0,eng,0.6893193775666414,1.0,0.6893193775666414,0.5194206884560013,0.44784790515279316,0.4300893526208266,0.6893193775666414,2.5353986175482994,0.6893193775666414,1,4,0.47900913566934433,2,1,1,1,1,1,1,1,0,8,eng16
2262,1,ÇANTA,7,0,eng,0.6540926245962044,2.0,0.36836082413049515,0.6323855266871513,0.36397043107017235,0.4692158844979264,0.36836082413049515,3.160129725297752,0.6540926245962044,2,4,0.5042351764060882,2,0,1,0,0,1,0,0,0,5,eng16
2263,1,ÖLÇEK,8,1,eng,0.496776122821186,4.0,0.09814947988187869,0.6622410883952707,0.2959368149119554,0.4980975887154233,0.09814947988187869,2.994841472950514,0.496776122821186,4,3,0.5533613592615192,2,0,1,1,0,1,1,0,0,1,eng16
2264,1,PARK,9,0,eng,0.5999582642389087,8.0,0.23258702823858693,0.6929906366877965,0.21939473281542052,0.5445369294393257,0.23258702823858693,2.503215375052924,0.3403780110726855,2,6,0.5717694290592015,2,0,1,1,0,1,1,0,0,3,eng16
2265,1,KOLAY,10,0,eng,0.4734206706671342,5.0,0.042956397263476304,0.6735436956091786,0.22979187636905746,0.5530573570552537,0.042956397263476304,1.5472136724176562,0.28950066880510955,2,7,0.6236684572455369,3,0,0,1,0,0,1,0,0,7,eng16
2266,1,YAZI,11,1,eng,0.7730691951070705,5.0,0.28700924183537696,0.6211704355463672,0.37468091980320695,0.49719030376003814,0.28700924183537696,1.2495648254982403,0.4406669826465497,3,7,0.5388979065715735,3,1,1,1,1,1,1,0,0,8,eng16
2267,1,KABLO,12,0,eng,0.5725258870121184,5.0,0.1875979869960574,0.5597680899435281,0.29346561733296694,0.47388485210906783,0.1875979869960574,1.4665647998216091,0.31828230066954966,3,8,0.5623433744603442,3,0,0,1,0,0,3,0,0,0,eng16
2268,1,ŞİŞE,13,0,eng,0.9133266973789964,10.0,0.5459483882654621,0.4755681785635262,0.2291585531002398,0.49718143621688515,0.5459483882654621,1.2175370128680487,0.5459483882654621,1,11,0.5669088320419688,3,0,0,1,0,0,3,1,1,0,eng16
2269,1,KÖPEK,14,0,eng,0.6954360267136221,13.0,0.6341294391066079,0.5772703729848321,0.31874409966040995,0.4737914099867021,0.6341294391066079,1.442629343889156,0.6341294391066079,1,12,0.5158710096734591,3,0,0,1,0,0,2,0,0,6,eng16
2270,1,KALE,15,0,eng,0.5201944127892401,9.0,0.1013962364792445,0.6764251229036424,0.19351206104555674,0.546553722440176,0.1013962364792445,1.9019498713757381,0.328774756070349,3,11,0.5760936663832638,3,0,0,1,0,0,3,1,0,0,eng16
2271,1,BİNA,16,0,eng,0.526662887280119,7.0,0.17538414405120553,0.629545788792098,0.2450828139416243,0.527119644180694,0.17538414405120553,2.03684796325527,0.32746373475713425,4,11,0.5556334244888046,3,0,1,1,0,1,1,0,0,3,eng16
2272,1,BEYİN,17,0,eng,0.7030623490479981,3.0,0.3183272189245442,0.621064652721006,0.37836039411356887,0.4852127034020064,0.3183272189245442,1.6749016629108167,0.7030623490479981,3,13,0.46484067144974217,3,0,0,1,0,0,2,1,0,6,eng16
2273,1,EKRAN,18,0,eng,0.34175146148381974,6.0,0.13256015992885034,0.7387306164519822,0.08667696051694854,0.661003281165235,0.13256015992885034,1.97922139239979,0.13256015992885034,1,16,0.6666353118775676,3,0,1,1,0,1,1,0,0,1,eng16
2274,2,DEFTER,1,1,eng,,,,0.7165995010145076,,0.5475917783682414,,0.0,1.0,0,0,1.0,1,1,0,0,1,0,0,0,0,8,eng16
2275,2,ELMA,2,0,eng,0.17948798252282377,1.0,0.17948798252282377,0.6045176926668434,0.17948798252282377,0.5702588989051932,0.17948798252282377,0.0,0.17948798252282377,1,0,0.7165995010145076,1,1,1,1,1,1,2,0,0,2,eng16
2276,2,TERLİK,3,0,eng,0.4192738136834496,1.0,0.4192738136834496,0.5099423262388669,0.2948078911666112,0.3925367748774008,0.4192738136834496,0.17948798252282377,0.4192738136834496,1,1,0.588211073226709,1,1,1,0,1,1,0,0,0,5,eng16
2277,2,KAPI,4,0,eng,0.529598574451337,1.0,0.529598574451337,0.5121529194948257,0.3009680866422804,0.48910257655420164,0.529598574451337,0.7691037648560463,0.529598574451337,1,2,0.5948484172702779,1,1,1,0,1,1,0,0,0,0,eng16
2278,2,CÜZDAN,5,0,eng,0.8193907759305923,2.0,0.6490652151450355,0.4676363793896664,0.5872285959508026,0.38712323190838893,0.6490652151450355,1.6720080247828877,0.8193907759305923,2,2,0.4155598361808014,2,1,1,0,1,1,0,1,0,5,eng16
2279,2,SEHPA,6,1,eng,0.874047692873124,1.0,0.874047692873124,0.4044454990372045,0.6505932359625062,0.3691768207754239,0.874047692873124,2.782064734080069,0.874047692873124,1,4,0.38556599849476325,2,1,1,0,1,1,0,1,0,0,eng16
2280,2,TABAK,7,1,eng,0.7168752276890751,1.0,0.7168752276890751,0.5393465161985014,0.5567679523228996,0.43158603157724773,0.7168752276890751,4.511756807167034,0.7168752276890751,1,5,0.48564972465957335,2,1,1,1,1,1,2,0,0,2,eng16
2281,2,İLAÇ,8,0,eng,0.5590760257125165,5.0,0.36484341522224567,0.5577897990048957,0.3782728049303402,0.49914545121727993,0.36484341522224567,3.9616284627755847,0.5041218058236524,3,4,0.5715940051083855,2,0,1,0,0,1,0,0,0,4,eng16
2282,2,BÜYÜK,9,0,eng,0.42755153538344653,1.0,0.42755153538344653,0.6043764532352327,0.30681355356817785,0.516875434887991,0.42755153538344653,3.2003580525715196,0.42755153538344653,1,7,0.5445203538882593,2,0,1,1,0,1,2,0,0,7,eng16
2283,2,KOLTUK,10,1,eng,0.7434975641506587,4.0,0.0679469348657798,0.748026482663832,0.2543672731319734,0.6074932919497822,0.0679469348657798,2.2574406358101524,0.7434975641506587,4,5,0.6307148560424763,3,0,0,1,0,0,1,0,0,3,eng16
2284,2,SPOR,11,0,eng,0.5270647491536371,8.0,0.03831550076902224,0.7681199864153762,0.12639801311044277,0.5735746777298435,0.03831550076902224,1.4734902357838688,0.26721085646330167,2,8,0.6353660303321506,3,0,0,1,0,0,2,0,0,1,eng16
2285,2,KEDİ,12,1,eng,0.7842057585918668,6.0,0.0292779447690002,0.6244653810008757,0.2871427913243941,0.49273009088064035,0.0292779447690002,0.9466745787339645,0.5144555388322474,4,7,0.5543649406811348,3,0,0,1,0,0,1,0,0,6,eng16
2286,2,KAŞIK,13,1,eng,0.9312959692780304,6.0,0.83247450901758,0.40672438703727876,0.38705960068399203,0.43881324902761676,0.83247450901758,0.8360498148808431,0.83247450901758,1,11,0.4582979435496507,3,1,1,1,1,1,2,0,0,2,eng16
2287,2,TAŞLIK,14,0,eng,0.9044878180247089,11.0,0.8552285627599883,0.48449994226471493,0.420973615872619,0.4491322858755521,0.8552285627599883,1.5469034662066723,0.8552285627599883,1,12,0.4706653594081408,3,1,1,1,1,1,2,1,1,2,eng16
2288,2,TOPLU,15,1,eng,0.37467117920079085,10.0,0.34629217292670406,0.5879539943364598,0.20572850508399937,0.5012839576744481,0.34629217292670406,2.749235231379662,0.34629217292670406,1,13,0.5773049540691945,3,0,1,1,0,1,2,0,0,7,eng16
2289,2,GRUP,16,0,eng,0.5263829283054188,5.0,0.3821091830560145,0.5978272224126537,0.29228880082379416,0.5090935366520237,0.3821091830560145,3.2242697710101993,0.3821091830560145,1,14,0.6107181889742737,3,0,0,1,0,0,2,0,0,1,eng16
2290,2,KISA,17,0,eng,0.5207710106964843,8.0,0.26950637178403114,0.6810667578065772,0.22131575302968692,0.5707179786774437,0.26950637178403114,2.3146283795508813,0.4690134993133757,2,14,0.5605427305560846,3,0,1,1,0,1,2,1,0,7,eng16
2291,3,ODA,1,1,eng,,,,0.7200819082107082,,0.5877033720422055,,0.0,1.0,0,0,1.0,1,1,1,1,1,2,1,0,0,3,eng16
2292,3,KOKU,2,0,eng,0.17160209273526855,1.0,0.17160209273526855,0.6618674232868301,0.17160209273526855,0.5166301586919442,0.17160209273526855,0.0,0.17160209273526855,1,0,0.7200819082107082,1,1,1,0,1,1,0,0,0,4,eng16
2293,3,KALAS,3,0,eng,0.14382481420518684,1.0,0.14382481420518684,0.7069234950117373,0.07691046012847562,0.6292716404301715,0.14382481420518684,0.17160209273526855,0.14382481420518684,1,1,0.7651169024618117,1,1,0,1,1,0,1,0,0,7,eng16
2294,3,DOLAP,4,0,eng,0.575263301574318,2.0,0.06873446823740795,0.5400787007734515,0.37915723853935823,0.3764526415365096,0.06873446823740795,0.32542301299221976,0.575263301574318,2,1,0.4928948406492599,1,1,1,1,1,1,3,0,0,0,eng16
2295,3,DUVAR,5,1,eng,0.7200170034852962,1.0,0.7200170034852962,0.5160406047437774,0.39010660730091407,0.45664579015046247,0.7200170034852962,1.4628947286102945,0.7200170034852962,1,3,0.5101627119739444,2,1,1,1,1,2,1,1,0,3,eng16
2296,3,TOPRAK,6,0,eng,0.41498650253533254,4.0,0.2664981112240036,0.6465431841055196,0.27014969514243303,0.5031159433097107,0.2664981112240036,2.106912407128103,0.41498650253533254,4,1,0.5425937197788433,2,1,1,0,1,1,0,1,0,4,eng16
2297,3,PARKUR,7,0,eng,0.5442373948670083,3.0,0.1075101025382844,0.621537079355249,0.2592548505616049,0.5205317333968343,0.1075101025382844,1.781611598837113,0.5442373948670083,3,3,0.5544245081108325,2,1,1,1,1,2,1,1,0,3,eng16
2298,3,LAMBA,8,0,eng,0.7685736311244618,4.0,0.41385861769400684,0.5802092736911488,0.43345395143152016,0.3842043212112899,0.41385861769400684,2.096159699718433,0.7685736311244618,4,3,0.44887416428311444,2,1,1,1,1,1,3,1,0,0,eng16
2299,3,HALI,9,0,eng,0.5556237903853873,5.0,0.3564879164371825,0.602676748783137,0.34511519746369634,0.46841779479131873,0.3564879164371825,1.8559182779608223,0.3564879164371825,1,7,0.5387196320082304,2,0,1,0,0,1,0,0,0,5,eng16
2300,3,ÇİÇEK,10,0,eng,0.5204208570906917,8.0,0.24607374431845863,0.6123837817969207,0.3112196887177809,0.47546994603942305,0.24607374431845863,1.6153857635879567,0.5057224384953654,4,5,0.5349764886236148,3,0,0,1,0,0,2,0,0,2,eng16
2301,3,KİTAP,11,1,eng,0.6275266564175318,7.0,0.31119885029950817,0.6069740966482329,0.28271037206668,0.5506256675996364,0.31119885029950817,1.762327273139363,0.31199474850576664,2,8,0.5354383832490788,3,0,0,1,0,0,1,0,0,8,eng16
2302,3,DÜĞME,12,1,eng,0.9823856774645168,4.0,0.2625068698247951,0.47287189352062764,0.5033126275332026,0.3193557207697959,0.2625068698247951,1.892670064486143,0.9823856774645168,4,7,0.40425133856148354,3,1,1,1,1,1,3,1,0,0,eng16
2303,3,FIRIN,13,1,eng,0.8174243470308453,9.0,0.7746284895080563,0.5027867703518856,0.44514243174692264,0.42768608719359946,0.7746284895080563,2.051207054978642,0.7746284895080563,1,11,0.5255282537193491,3,1,1,1,1,1,3,1,1,0,eng16
2304,3,KÜÇÜK,14,0,eng,0.7185540294184415,4.0,0.4014299143246429,0.5715810661719403,0.44285996782701786,0.4447072540544237,0.4014299143246429,1.9743551471943426,0.7185540294184415,4,9,0.44439738799266226,3,1,0,1,1,0,1,0,0,7,eng16
2305,3,YATAK,15,1,eng,0.7480478841854629,14.0,0.3466276637668677,0.586327892247482,0.32327834765208696,0.5073977910603855,0.3466276637668677,2.3127893488556843,0.5065464660450255,3,11,0.526902018195683,3,1,1,1,1,2,1,0,0,3,eng16
2306,3,KOLA,16,0,eng,0.8477058793990766,4.0,0.36673461501528926,0.5197640808747235,0.46983224025439274,0.4369352639418953,0.36673461501528926,2.9462245846489497,0.8477058793990766,4,11,0.44386332250233373,3,0,0,1,0,0,2,0,0,2,eng16
2307,3,SALÇA,17,0,eng,0.9607896067400263,5.0,0.8559760341270273,0.46545425643119187,0.735104546636515,0.3064994837161509,0.8559760341270273,2.6054228423252903,0.9575447667524211,4,12,0.34063695089905655,3,1,1,1,1,1,3,1,0,0,eng16
2308,4,HALKA,1,1,eng,,,,0.6669472396826142,,0.55576207853754,,0.0,1.0,0,0,1.0,1,1,1,0,1,1,0,0,0,7,eng16
2309,4,MARKET,2,1,eng,0.3093811951089286,1.0,0.3093811951089286,0.5238217812267165,0.3093811951089286,0.5041110814622647,0.3093811951089286,0.0,0.3093811951089286,1,0,0.6669472396826142,1,1,0,1,1,0,3,0,0,5,eng16
2310,4,TAHTA,3,1,eng,0.6632277689878967,1.0,0.6632277689878967,0.5214521853487448,0.47019262621860525,0.4888579063520825,0.6632277689878967,0.3093811951089286,0.6632277689878967,1,1,0.5329936574660157,1,1,0,1,1,0,1,0,0,0,eng16
2311,4,KALIP,4,0,eng,0.33768588735381055,1.0,0.33768588735381055,0.6527455594503488,0.25644536496261416,0.5203385435062962,0.33768588735381055,1.249766447546139,0.33768588735381055,1,2,0.5930182703232902,1,1,0,0,1,0,0,0,0,9,eng16
2312,4,DERGİ,5,1,eng,0.36777367596527766,3.0,0.08000607142125885,0.6451054929784685,0.17404664710972503,0.5659158438512485,0.08000607142125885,2.0191025424339815,0.36777367596527766,3,1,0.6257888802675813,2,0,1,0,0,2,0,0,0,8,eng16
2313,4,MEKTUP,6,0,eng,0.531413672102889,5.0,0.3551170103613303,0.6518740305182442,0.29047428701042693,0.5334316796295009,0.3551170103613303,1.9446668248645966,0.3551170103613303,1,4,0.5697376929140097,2,1,1,0,1,1,0,0,0,7,eng16
2314,4,SIRA,7,1,eng,0.24573466174940206,6.0,0.06066751229053965,0.7146443864960567,0.0832902593853587,0.6242374416789502,0.06066751229053965,1.3975696242311006,0.15853046183532515,3,3,0.6569538554881893,2,0,1,1,0,1,1,0,0,1,eng16
2315,4,SİLGİ,8,0,eng,0.4265112590925666,5.0,0.17400912797612597,0.6358425757244497,0.32729633124988844,0.4535746125966581,0.17400912797612597,0.889638301957055,0.36239623619342476,2,5,0.5144918273832049,2,0,1,0,0,2,0,1,0,8,eng16
2316,4,SULUK,9,0,eng,0.5382124150449655,5.0,0.29698376207722066,0.5752607061872567,0.2523127581588601,0.46660170677721624,0.29698376207722066,1.3369180932220144,0.29698376207722066,1,7,0.6077105873460675,2,0,1,0,0,1,0,0,0,2,eng16
2317,4,ÇORAP,10,0,eng,0.7259905593396109,6.0,0.4512745529905392,0.5598021716415312,0.2458904276240787,0.4544396240705636,0.4512745529905392,1.172008020272198,0.5408118683387342,2,7,0.610762838083064,3,1,0,1,1,0,3,0,0,5,eng16
2318,4,BAHÇE,11,0,eng,0.5990619609063522,8.0,0.4082691226625164,0.6525050492688872,0.3138396917873872,0.47516086767207266,0.4082691226625164,1.6041550560997555,0.5589713957306179,2,8,0.5269187530835119,3,0,0,1,0,0,3,0,0,3,eng16
2319,4,KASA,12,0,eng,0.7216362036201042,10.0,0.13969437128941514,0.6253761497900796,0.25493284889106826,0.49534885711451127,0.13969437128941514,2.6338448639576946,0.5221174508039267,2,9,0.5706575515718314,3,1,0,1,1,0,3,1,0,5,eng16
2320,4,KUTU,13,0,eng,0.808938780912267,10.0,0.3299174432520417,0.5824565558474852,0.3807562997103239,0.4565355798951841,0.3299174432520417,2.2401712688885356,0.6721658308899058,3,9,0.4975247568794865,3,1,0,1,1,0,1,0,0,0,eng16
2321,4,ZEMİN,14,1,eng,0.5305487251469482,10.0,0.3050256329153812,0.5014755102652333,0.3361520293216783,0.46458008350703106,0.3050256329153812,2.380060863330623,0.4555404593460384,3,10,0.5522193542035425,3,0,0,1,0,0,3,1,0,3,eng16
2322,4,TERAS,15,0,eng,0.9242042644743286,4.0,0.7799382870425406,0.5310916273451649,0.5193765751121605,0.4380160133298898,0.7799382870425406,1.7109952347944382,0.9242042644743286,4,10,0.42296785813530535,3,0,0,1,0,0,3,1,1,3,eng16
2323,4,PARA,16,0,eng,0.60207201097775,4.0,0.15421371477310106,0.6713678425172265,0.2668523587167949,0.5379271993535505,0.15421371477310106,2.053593169669602,0.60207201097775,4,11,0.5169760849409752,3,1,0,1,1,0,3,1,0,5,eng16
2324,4,HARİTA,17,1,eng,0.46457851757624713,4.0,0.12544697133362123,0.742444207823137,0.2666111624369297,0.5529208793572639,0.12544697133362123,1.9842981766956187,0.46457851757624713,4,12,0.5392764862188784,3,0,1,1,0,1,1,0,0,1,eng16
2331,1,RAKAM,1,1,soc,,,,0.7390236323944114,,0.5477862738040646,,0.0,1.0,0,0,1.0,1,1,1,1,1,1,1,0,0,8,soc15
2332,1,SARI,2,0,soc,0.13199108536387683,1.0,0.13199108536387683,0.6709942515307061,0.13199108536387683,0.592780523209796,0.13199108536387683,0.0,0.13199108536387683,1,0,0.7390236323944114,1,1,0,1,1,0,1,0,0,2,soc15
2333,1,KOLAY,3,0,soc,0.28238371705315357,2.0,0.15897095104375475,0.639877924182114,0.22067733404845416,0.5411727059949434,0.15897095104375475,0.13199108536387683,0.28238371705315357,2,0,0.6334284813417166,1,1,0,0,1,0,0,0,0,7,soc15
2334,1,BİNA,4,0,soc,0.21757328697261005,1.0,0.21757328697261005,0.5826820230987628,0.1924449874809373,0.5208780052946169,0.21757328697261005,0.5733457534607851,0.21757328697261005,1,2,0.6057217409622784,1,1,0,1,1,0,1,0,0,3,soc15
2335,1,AĞAÇ,5,0,soc,0.41104945982499863,1.0,0.41104945982499863,0.5422080500003659,0.2896566654860914,0.4154208377339881,0.41104945982499863,1.1506807159035972,0.41104945982499863,1,3,0.5254385416707678,2,0,1,1,0,1,1,0,0,9,soc15
2336,1,ÇANTA,6,0,soc,0.456667922479698,1.0,0.456667922479698,0.5930081099449744,0.24987336657100584,0.4701240852725097,0.456667922479698,1.339652673092217,0.456667922479698,1,4,0.5478145169586769,2,0,1,0,0,1,0,0,0,5,soc15
2337,1,YAZI,7,0,soc,0.7057482398165602,6.0,0.19881469839452814,0.6280017618262539,0.232678303432266,0.518214539703924,0.19881469839452814,1.7666947503683317,0.3754979357132496,2,4,0.5593406202520504,2,1,1,1,1,1,1,0,0,8,soc15
2338,1,KALE,8,0,soc,0.36595312886614795,6.0,0.23788465289147187,0.6550751839762015,0.19701695727155905,0.5529814231808511,0.23788465289147187,1.8444093898887428,0.26878636607219825,3,4,0.5749052411520503,2,0,1,1,0,1,2,0,0,0,soc15
2339,1,KÖPEK,9,0,soc,0.6954360267136221,4.0,0.1013962364792445,0.5772703729848321,0.3657368172629113,0.4551649699563648,0.1013962364792445,1.742577963331359,0.6954360267136221,4,4,0.5059062856868312,2,0,1,1,0,1,1,0,0,6,soc15
2340,1,ŞİŞE,10,1,soc,0.7290655094278011,4.0,0.6341294391066079,0.6001558867779977,0.4576389069567962,0.44558521727157285,0.6341294391066079,1.4669872847430074,0.7290655094278011,4,5,0.4996635986983696,3,0,1,1,0,1,2,1,0,0,soc15
2341,1,EKRAN,11,0,soc,0.16685243706845343,10.0,0.06668081665467362,0.7370630219238739,0.0761156126146681,0.6139389308916373,0.06668081665467362,1.4838880905993523,0.11523388533427606,4,6,0.6705349687778408,3,0,0,1,0,0,2,0,0,1,soc15
2342,1,KAĞIT,12,0,soc,0.8790552457670859,7.0,0.07192129869862778,0.6626063085126932,0.37636674328027403,0.4119741252216237,0.07192129869862778,1.1291071428861423,0.6004810975542849,2,9,0.5080350201557311,3,0,1,1,0,1,1,0,0,9,soc15
2343,1,KABLO,13,0,soc,0.5725258870121184,7.0,0.31861719282235945,0.5908125257351762,0.35205790355031696,0.46795419528295035,0.31861719282235945,2.0073348880053157,0.5459483882654621,3,9,0.49882186091183456,3,0,1,1,0,1,2,1,0,0,soc15
2344,1,KALEM,14,1,soc,0.7730691951070705,7.0,0.3978887006445183,0.5414135844208938,0.350191535487827,0.4744355860135806,0.3978887006445183,1.9454002554792273,0.6893193775666414,2,11,0.5268465741456103,3,1,1,1,1,1,1,0,0,8,soc15
2345,1,BEYİN,15,0,soc,0.7030623490479981,6.0,0.39902049243806387,0.5810211709809406,0.2906012698823909,0.49234023881923694,0.39902049243806387,1.9097945176313806,0.4241782244223956,3,11,0.5627874535669934,3,0,1,1,0,1,1,0,0,6,soc15
2346,1,ÖLÇEK,16,0,soc,0.496776122821186,15.0,0.2741413589628098,0.6334473566899466,0.2656457020257088,0.5188910018223711,0.2741413589628098,2.333575697282187,0.36686193996346983,4,11,0.5507447232798857,3,0,0,1,0,0,2,0,0,1,soc15
2347,1,BARDAK,17,1,soc,0.9133266973789964,7.0,0.19146540297900771,0.654319336158294,0.42011930807575604,0.473043170507091,0.19146540297900771,1.6831086972638651,0.4806540371260736,2,14,0.5145898243219724,3,1,0,1,1,0,1,0,0,2,soc15
2348,1,PARK,18,0,soc,0.5999582642389087,13.0,0.1621720899227609,0.724357183278722,0.23220060268659504,0.5509269854924566,0.1621720899227609,2.0078734921365786,0.2666543944223026,3,14,0.5843408726837567,3,1,0,1,1,0,1,0,0,3,soc15
2349,2,SPOR,1,0,soc,,,,0.7550271238210361,,0.619688846268988,,0.0,1.0,0,0,1.0,1,1,0,1,1,0,1,0,0,1,soc15
2350,2,SEHPA,2,0,soc,0.10302136975117399,1.0,0.10302136975117399,0.5875257528218465,0.10302136975117399,0.47558882507176314,0.10302136975117399,0.0,0.10302136975117399,1,0,0.7550271238210361,1,1,0,1,1,0,1,0,0,0,soc15
2351,2,CÜZDAN,3,0,soc,0.874047692873124,1.0,0.874047692873124,0.4331814810175879,0.5151918597489675,0.40694783671951074,0.874047692873124,0.10302136975117399,0.874047692873124,1,1,0.5613283568722448,1,1,1,0,1,1,0,0,0,5,soc15
2352,2,KAŞIK,4,0,soc,0.8855161527891529,2.0,0.6996668093983431,0.5349054244985674,0.5869940906035715,0.3941833125302703,0.6996668093983431,1.1334050892491092,0.8855161527891529,2,1,0.4847562008069143,1,1,1,1,1,2,1,0,0,2,soc15
2353,2,İLAÇ,5,0,soc,0.5041218058236524,2.0,0.4344606358040247,0.5386381724658262,0.322813113931932,0.47115825055581373,0.4344606358040247,2.894387361059824,0.5041218058236524,2,2,0.5652192609423294,2,0,1,0,0,1,0,0,0,4,soc15
2354,2,TERLİK,6,0,soc,0.8204713648780362,4.0,0.5590760257125165,0.543399472887093,0.6761645931522453,0.3551651272072831,0.5590760257125165,3.6340364795336573,0.8204713648780362,4,1,0.3985963893713893,2,1,1,0,1,1,0,1,0,5,soc15
2355,2,KISA,7,0,soc,0.3362406535068727,2.0,0.3126691173153878,0.6544166658417198,0.21839506326670027,0.5731075645936943,0.3126691173153878,3.6715361027555726,0.3362406535068727,2,4,0.5877472558989292,2,0,1,1,0,1,2,0,0,7,soc15
2356,2,TAŞLIK,8,0,soc,0.9044878180247089,2.0,0.15199437484136924,0.5711863199115599,0.6188425771243657,0.35674602517484133,0.15199437484136924,2.4216027042492896,0.9044878180247089,2,5,0.4588082771195656,2,1,1,1,1,2,1,1,0,2,soc15
2357,2,ELMA,9,0,soc,0.710909757728838,5.0,0.5483627664133884,0.713271109983344,0.4296234295676304,0.5021601882522908,0.5483627664133884,2.6789253207529993,0.5483627664133884,1,7,0.5605174574483092,2,1,1,1,1,2,1,1,1,2,soc15
2358,2,GRUP,10,0,soc,0.5263829283054188,9.0,0.034088818642586005,0.7152519328514021,0.2772021021332238,0.5227262110976001,0.034088818642586005,2.462742682903739,0.502224383114703,4,5,0.605622372242695,3,1,0,1,1,0,1,0,0,1,soc15
2359,2,DEFTER,11,0,soc,0.627572112708787,8.0,0.20722865546321656,0.6277427702845524,0.23717603128002757,0.5211972979546676,0.20722865546321656,1.4085532413255681,0.5239858730667456,3,7,0.5829309895638825,3,0,0,1,0,0,1,0,0,8,soc15
2360,2,KAPI,12,1,soc,0.8191831838889087,10.0,0.2614556106246453,0.5820251351349262,0.2936830786581033,0.4578188505192087,0.2614556106246453,1.7718002131275183,0.6693976666138138,4,7,0.5395594351320014,3,1,0,1,1,0,1,0,0,0,soc15
2361,2,TABAK,13,0,soc,0.9312959692780304,9.0,0.3982106150613792,0.561673094882955,0.4446269019074112,0.4350920359567142,0.3982106150613792,1.1459116230170192,0.46841613079330613,4,8,0.47905141772364,3,1,1,1,1,2,1,1,0,2,soc15
2362,2,KEDİ,14,0,soc,0.83247450901758,10.0,0.45868189500698364,0.5778238612987744,0.41783798043571824,0.4489806991548715,0.45868189500698364,1.8096173089913612,0.6249684131058864,2,11,0.5239350404754993,3,0,0,1,0,0,1,0,0,6,soc15
2363,2,TOPLU,15,0,soc,0.4690134993133757,8.0,0.23672253868890353,0.6255538662788649,0.27046783296845406,0.5402807567675558,0.23672253868890353,2.3137419916596893,0.28012849203078116,4,10,0.5751249101016989,3,0,1,1,0,1,2,0,0,7,soc15
2364,2,BÜYÜK,16,0,soc,0.5207710106964843,9.0,0.20555188016126524,0.6619784641393103,0.24568266309910108,0.5555572900205707,0.20555188016126524,2.171962412929724,0.3362760149904467,3,12,0.5689749263598074,3,0,1,1,0,1,2,1,1,7,soc15
2365,2,KOLTUK,17,1,soc,0.7434975641506587,15.0,0.0679469348657798,0.7786424022199058,0.19232615007362228,0.5961714138812333,0.0679469348657798,1.6027662052652418,0.25315691501291404,3,13,0.6391082227735421,3,0,0,1,0,0,1,0,0,3,soc15
2366,3,SALÇA,1,1,soc,,,,0.7518237412272141,,0.533862959029725,,0.0,1.0,0,0,1.0,1,1,0,1,1,0,4,0,0,0,soc15
2367,3,KİTAP,2,0,soc,0.10848375379181596,1.0,0.10848375379181596,0.7369377734480418,0.10848375379181596,0.5298369126010547,0.10848375379181596,0.0,0.10848375379181596,1,0,0.7518237412272141,1,1,0,0,1,0,0,0,0,8,soc15
2368,3,KOLA,3,1,soc,0.8559760341270273,2.0,0.0700152995241603,0.7535456233154958,0.4629956668255938,0.5425928028765156,0.0700152995241603,0.10848375379181596,0.8559760341270273,2,0,0.5927092927304158,1,1,1,0,1,1,0,0,0,2,soc15
2369,3,ODA,4,1,soc,0.35278921307620603,2.0,0.0424908763331719,0.7023857742266211,0.16153845094474772,0.5745613875613272,0.0424908763331719,1.0344750874430035,0.35278921307620603,2,1,0.6379132392924933,1,1,1,1,1,2,1,0,0,3,soc15
2370,3,PARKUR,5,0,soc,0.3038160401033261,3.0,0.2103539304892988,0.6494883959018602,0.23148311010496453,0.5343512101209609,0.2103539304892988,1.5190904402772467,0.3038160401033261,3,1,0.5733275835830958,2,1,1,1,1,2,1,1,1,3,soc15
2371,3,KÜÇÜK,6,1,soc,0.5828482985109196,3.0,0.19396905448262136,0.6228066037761361,0.3603104688467007,0.4393761494682622,0.19396905448262136,1.1335250972697861,0.5828482985109196,3,2,0.5094284950310151,2,0,1,1,0,1,1,0,0,7,soc15
2372,3,DUVAR,7,0,soc,0.44545718329862005,6.0,0.28670730434761627,0.6104462354778526,0.28113284791465,0.4604717969227766,0.28670730434761627,1.482254230176773,0.3028795353044267,4,2,0.553502904582891,2,1,1,1,1,2,1,1,0,3,soc15
2373,3,TOPRAK,8,0,soc,0.3969815277750878,2.0,0.2664981112240036,0.5638384707574156,0.24029018137264888,0.5015766351356965,0.2664981112240036,1.4929471200854942,0.3969815277750878,2,5,0.5796766452961455,2,0,1,1,0,1,1,0,0,4,soc15
2374,3,ÇİÇEK,9,1,soc,0.7185540294184415,3.0,0.5057224384953654,0.5122725501883016,0.3417486442202156,0.49017130518721674,0.5057224384953654,1.513713992423967,0.7185540294184415,3,5,0.47125728004649514,2,1,1,0,1,1,0,0,0,2,soc15
2375,3,DOLAP,10,0,soc,0.7797495872476483,9.0,0.4722767057524929,0.47414509836096497,0.47740787924119915,0.3378707806738247,0.4722767057524929,2.4721400751052336,0.7200170034852962,3,6,0.4642456332967798,3,1,0,1,1,0,4,0,0,0,soc15
2376,3,LAMBA,11,0,soc,0.8145371713165205,10.0,0.7685736311244618,0.5386822241244342,0.4412055365130928,0.38164723713390325,0.7685736311244618,2.458040118349364,0.7685736311244618,1,9,0.4636264119078235,3,1,0,1,1,0,4,1,1,0,soc15
2377,3,HALI,12,0,soc,0.751662779508489,11.0,0.3564879164371825,0.6023804360841227,0.3464736667755172,0.46200957311379875,0.3564879164371825,2.5653113693365532,0.5556237903853873,2,9,0.530464071340317,3,0,0,1,0,0,1,0,0,5,soc15
2378,3,KOKU,13,1,soc,0.7679684291054976,12.0,0.31191252104015954,0.5413105383126527,0.4978236877250729,0.4257329006477846,0.31191252104015954,2.77024385909876,0.6665352563848626,2,10,0.46900127191368013,3,0,1,1,0,1,1,0,0,4,soc15
2379,3,FIRIN,14,0,soc,0.9575447667524211,13.0,0.6742146260946187,0.45937644066001926,0.5783492126727025,0.3990460963752649,0.6742146260946187,3.2343964169463715,0.8174243470308453,4,9,0.4029799162287029,3,1,0,1,1,0,4,1,0,0,soc15
2380,3,DÜĞME,15,0,soc,0.9823856774645168,4.0,0.7746284895080563,0.4612649361775978,0.7884763455042508,0.3244979188637498,0.7746284895080563,3.203175576518616,0.9823856774645168,4,10,0.34130239981149335,3,1,0,1,1,0,4,1,1,0,soc15
2381,3,YATAK,16,1,soc,0.7480478841854629,12.0,0.5065464660450255,0.6045546159074138,0.4285256332577852,0.49922670173057815,0.5065464660450255,3.5178076038944446,0.5074386632811121,4,11,0.5132455888317582,3,1,1,1,1,2,1,0,0,3,soc15
2382,3,KALAS,17,0,soc,0.5165683044205327,11.0,0.07677039143694914,0.772088918252277,0.13989474577919608,0.6309807809416097,0.07677039143694914,3.3151614690360027,0.18563779523723575,3,13,0.6566533133146095,3,0,1,1,0,1,1,0,0,7,soc15
2383,4,DERGİ,1,0,soc,,,,0.7545661090287967,,0.6502142116765496,,0.0,1.0,0,0,1.0,1,1,0,0,2,0,0,0,0,8,soc15
2384,4,KASA,2,1,soc,0.10379699334567782,1.0,0.10379699334567782,0.6178356002730023,0.10379699334567782,0.5288436035461015,0.10379699334567782,0.0,0.10379699334567782,1,0,0.7545661090287967,1,1,0,1,2,0,2,0,0,5,soc15
2385,4,ÇORAP,3,1,soc,0.5221174508039267,1.0,0.5221174508039267,0.5330049057823436,0.3299856259083663,0.41692008507479117,0.5221174508039267,0.10379699334567782,0.5221174508039267,1,1,0.5677577051259064,1,1,0,1,2,0,2,1,1,5,soc15
2386,4,SİLGİ,4,0,soc,0.5408118683387342,1.0,0.5408118683387342,0.556172499282729,0.39779324244825304,0.48096360129048576,0.5408118683387342,0.7637682451624104,0.5408118683387342,1,2,0.5218073700450268,1,1,0,0,2,0,0,1,0,8,soc15
2387,4,HALKA,5,0,soc,0.2994713075355786,1.0,0.2994713075355786,0.6635773418436217,0.20440694219125255,0.5225840116713933,0.2994713075355786,1.9571479725071694,0.2994713075355786,1,3,0.6124509680760033,2,0,1,1,0,1,1,0,0,7,soc15
2388,4,KALIP,6,0,soc,0.7259905593396109,3.0,0.13820405341712544,0.5910990067212316,0.3287845231677845,0.44971583484134414,0.13820405341712544,2.173924818306151,0.7259905593396109,3,2,0.5223097264269394,2,0,1,0,0,1,0,0,0,9,soc15
2389,4,ZEMİN,7,1,soc,0.5305487251469482,1.0,0.5305487251469482,0.5670505277133099,0.3215132385779227,0.47887369994281237,0.5305487251469482,2.3239530788060834,0.5305487251469482,1,5,0.5051655136033202,2,0,1,1,0,1,2,0,0,3,soc15
2390,4,KUTU,8,0,soc,0.6721658308899058,5.0,0.3050256329153812,0.569503258437685,0.42817866048670855,0.4191950036592088,0.3050256329153812,1.94585089021678,0.6188865632814411,2,5,0.49874203649448345,2,0,1,1,0,1,1,0,0,0,soc15
2391,4,HARİTA,9,0,soc,0.46457851757624713,1.0,0.46457851757624713,0.6133035366002738,0.3135589875831107,0.5260967756022149,0.46457851757624713,2.2909031411220564,0.46457851757624713,1,7,0.5235978075813028,2,0,1,1,0,1,1,0,0,1,soc15
2392,4,SIRA,10,0,soc,0.24573466174940206,5.0,0.08792184239253005,0.7112218946543674,0.1326418816890485,0.6148120944627697,0.08792184239253005,2.649930174798095,0.15853046183532515,4,5,0.6662960055028357,3,0,1,1,0,1,1,1,1,1,soc15
2393,4,MEKTUP,11,0,soc,0.531413672102889,6.0,0.06066751229053965,0.6817488982114777,0.15181195774449754,0.5643535212248658,0.06066751229053965,1.4463568769032227,0.2775652470935073,3,7,0.619778400676466,3,0,1,1,0,1,1,0,0,7,soc15
2394,4,TAHTA,12,1,soc,0.808938780912267,4.0,0.2583237938526194,0.6181461171815222,0.37232378947988354,0.40821042404739183,0.2583237938526194,1.0309710977606052,0.808938780912267,4,7,0.49356818993562246,3,0,1,1,0,1,1,1,0,0,soc15
2395,4,PARA,13,0,soc,0.60207201097775,11.0,0.2557476057021561,0.5920423282809872,0.25341163010237877,0.5142593890194435,0.2557476057021561,0.837027889084271,0.3283978944831216,2,10,0.5534173217830669,3,1,0,1,2,0,2,0,0,5,soc15
2396,4,MARKET,14,0,soc,0.7216362036201042,12.0,0.45404855151860135,0.5194729410673847,0.2933163340894341,0.46758693725375144,0.45404855151860135,1.1717951425098472,0.6632277689878967,2,11,0.5386692317554393,3,1,0,1,2,0,2,1,1,5,soc15
2397,4,TERAS,15,0,soc,0.7799382870425406,8.0,0.4909798771227458,0.5425515579659699,0.21249155042640452,0.49482989357034823,0.4909798771227458,2.103352979057056,0.4909798771227458,1,13,0.5844280184025328,3,0,1,1,0,1,2,0,0,3,soc15
2398,4,SULUK,16,0,soc,0.5382124150449655,10.0,0.3740309692251742,0.5670297661251049,0.3292069570154473,0.47801045234770834,0.3740309692251742,2.3566933251424347,0.4928065927334522,4,11,0.5156883816306671,3,0,0,1,0,0,1,0,0,2,soc15
2399,4,BAHÇE,17,0,soc,0.9242042644743286,2.0,0.5589713957306179,0.5854197239892239,0.51018591678693,0.44858918713883833,0.5589713957306179,2.0724664876545935,0.9242042644743286,2,14,0.4775521444834757,3,0,1,1,0,1,2,1,0,3,soc15
2406,1,MASA,1,0,soc,,,,0.6800148858517745,,0.5018714727100232,,0.0,1.0,0,0,1.0,1,1,0,1,1,0,2,0,0,0,soc14
2407,1,PARK,2,1,soc,0.27240773772874083,1.0,0.27240773772874083,0.6416979736894337,0.27240773772874083,0.5113752258441218,0.27240773772874083,0.0,0.27240773772874083,1,0,0.6800148858517745,1,1,1,0,1,1,0,0,0,3,soc14
2408,1,BARDAK,3,1,soc,0.4671443744649894,2.0,0.1621720899227609,0.630413991610996,0.3146582321938751,0.4864130730130525,0.1621720899227609,0.27240773772874083,0.4671443744649894,2,0,0.5913552879744601,1,1,1,0,1,1,0,0,0,2,soc14
2409,1,RAKAM,4,1,soc,0.27619314493617364,1.0,0.27619314493617364,0.6256013970676952,0.21068738591416544,0.5067396406734292,0.27619314493617364,0.9017242021164912,0.27619314493617364,1,2,0.6186338040038336,1,1,1,1,1,1,1,0,0,8,soc14
2410,1,BİNA,5,0,soc,0.526662887280119,3.0,0.21033660568895937,0.650508368074397,0.2990765256009335,0.4961439869179981,0.21033660568895937,1.5337863598589874,0.526662887280119,3,1,0.5201772749566118,2,1,1,0,1,1,0,1,0,3,soc14
2411,1,SARI,6,0,soc,0.31398877234069655,3.0,0.14942506978124248,0.6590199710904707,0.18640990458082107,0.551651113114991,0.14942506978124248,1.391429919099061,0.31398877234069655,3,2,0.6160817561086942,2,1,1,0,1,1,0,1,0,2,soc14
2412,1,AĞAÇ,7,0,soc,0.7102854000778898,4.0,0.20962666624132295,0.5908035553733859,0.4551726174065752,0.383257141069703,0.20962666624132295,1.2125881904130429,0.7102854000778898,4,2,0.4809245472532053,2,0,1,1,0,1,1,0,0,9,soc14
2413,1,YAZI,8,0,soc,0.7057482398165602,4.0,0.3754979357132496,0.6076946464814815,0.3123448671911333,0.4770808922836942,0.3754979357132496,1.457372183550156,0.7057482398165602,4,3,0.527688063121287,2,1,1,1,1,1,1,1,0,8,soc14
2414,1,ÇANTA,9,0,soc,0.5064377657308211,8.0,0.19881469839452814,0.6364824065921448,0.24043765820261073,0.49435159218910085,0.19881469839452814,1.4476687727789888,0.456667922479698,2,6,0.55529160251876,2,0,1,0,0,1,0,0,0,5,soc14
2415,1,BEYİN,10,0,soc,0.5113822943249875,9.0,0.2770681081099094,0.5915262685438586,0.3271055031350671,0.44119026874523315,0.2770681081099094,1.4990990338228385,0.4868718316772624,2,7,0.5096427004097988,3,0,0,1,0,0,2,0,0,6,soc14
2416,1,KAĞIT,11,0,soc,0.8790552457670859,4.0,0.4241782244223956,0.5547725678371792,0.5768960291834487,0.35808388900230126,0.4241782244223956,2.0896685714307184,0.8790552457670859,4,6,0.38481809120602284,3,0,1,1,0,1,1,1,0,9,soc14
2417,1,ÖLÇEK,12,0,soc,0.496776122821186,8.0,0.36686193996346983,0.6610565698361822,0.328486416539708,0.5053852759733022,0.36686193996346983,2.5110034719944005,0.4406669826465497,4,7,0.5493795855292494,3,0,0,1,0,0,2,0,0,1,soc14
2418,1,KÖPEK,13,0,soc,0.7030623490479981,3.0,0.05664867227195266,0.7190608166591641,0.4097754933479899,0.46729016758149766,0.05664867227195266,2.0944917359366677,0.7030623490479981,3,9,0.47698163268551586,3,0,0,1,0,0,2,1,0,6,soc14
2419,1,KALE,14,0,soc,0.4948033738522656,12.0,0.1013962364792445,0.6023507739859226,0.2310349882041204,0.5351972685610936,0.1013962364792445,2.390093680891075,0.37316492997265727,4,9,0.58096930222532,3,1,0,1,1,0,2,0,0,0,soc14
2420,1,KALEM,15,0,soc,0.7730691951070705,7.0,0.5201944127892401,0.5846920959834105,0.4617180298867035,0.46510176951895643,0.5201944127892401,1.5657953717256028,0.6893193775666414,4,10,0.43573548957325514,3,1,1,1,1,1,1,0,0,8,soc14
2421,1,KOLAY,16,1,soc,0.4734206706671342,5.0,0.09708840487306382,0.6863485460400099,0.23000855601167342,0.5682113359032186,0.09708840487306382,1.6797303758365887,0.28950066880510955,4,11,0.6119638381070331,3,0,0,1,0,0,1,0,0,7,soc14
2422,1,ŞİŞE,17,0,soc,0.9133266973789964,14.0,0.13463222087784976,0.69371571893344,0.27334379195959296,0.5312010776800954,0.13463222087784976,1.3823368275799452,0.6341294391066079,4,12,0.5371904208723013,3,1,0,1,1,0,2,1,0,0,soc14
2423,1,EKRAN,18,0,soc,0.17971877537199893,6.0,0.06668081665467362,0.779626866845603,0.06686480954288132,0.6706675090094518,0.06668081665467362,1.251248073414096,0.09029648641541374,3,14,0.6796699956385158,3,0,0,1,0,0,2,0,0,1,soc14
2424,2,SPOR,1,1,soc,,,,0.7903128470525527,,0.6880667604952454,,0.0,1.0,0,0,1.0,1,1,1,0,1,1,0,0,0,1,soc14
2425,2,KAPI,2,0,soc,0.05391813730817713,1.0,0.05391813730817713,0.5826196165010968,0.05391813730817713,0.48228822448126474,0.05391813730817713,0.0,0.05391813730817713,1,0,0.7903128470525527,1,1,0,1,1,0,2,0,0,0,soc14
2426,2,KEDİ,3,0,soc,0.6249684131058864,1.0,0.6249684131058864,0.49856721711798824,0.3271231789374433,0.4899034446945516,0.6249684131058864,0.05391813730817713,0.6249684131058864,1,1,0.594597961932878,1,1,0,0,1,0,0,0,0,6,soc14
2427,2,CÜZDAN,4,0,soc,0.6490652151450355,2.0,0.6472935879145645,0.54415445016142,0.4842316098948037,0.4212647558410787,0.6472935879145645,0.7081644951830637,0.6490652151450355,2,1,0.4608653779293961,1,1,0,1,1,0,1,0,0,5,soc14
2428,2,KOLTUK,5,0,soc,0.3743629275058095,3.0,0.1835195313214784,0.7523592806773979,0.21233871865230602,0.6376003908282086,0.1835195313214784,2.1608593248674746,0.3743629275058095,3,1,0.5910670917967776,2,0,1,0,0,1,0,0,0,3,soc14
2429,2,İLAÇ,6,1,soc,0.5144555388322474,3.0,0.029203119997723542,0.6468751905560037,0.27826529819124807,0.44752782523120227,0.029203119997723542,2.732366590005688,0.5144555388322474,3,2,0.5766151473776919,2,0,1,0,0,1,0,0,0,4,soc14
2430,2,DEFTER,7,0,soc,0.627572112708787,3.0,0.48588772879447206,0.5797526314684369,0.35032330265028383,0.5197459549902432,0.48588772879447206,2.1317504989025804,0.627572112708787,3,3,0.5265030356847484,2,0,1,0,0,1,0,0,0,8,soc14
2431,2,GRUP,8,0,soc,0.5263829283054188,7.0,0.20722865546321656,0.6134380573128051,0.15806307871245479,0.5293806313317769,0.20722865546321656,1.8950384366290631,0.3015448201060412,2,5,0.5912668864134528,2,1,1,0,1,1,0,0,0,1,soc14
2432,2,KISA,9,0,soc,0.3362406535068727,3.0,0.26950637178403114,0.5653914573563115,0.1891354900189859,0.535984627162412,0.26950637178403114,1.179800291438135,0.3362406535068727,3,5,0.6258333313066711,2,0,1,1,0,1,2,0,0,7,soc14
2433,2,BÜYÜK,10,0,soc,0.5207710106964843,1.0,0.5207710106964843,0.5680971536598471,0.2852323110631135,0.48589801703595215,0.5207710106964843,1.705243906352213,0.5207710106964843,1,8,0.5104919173934327,3,0,1,1,0,1,2,1,1,7,soc14
2434,2,ŞİŞE,11,0,soc,0.6761578317891384,8.0,0.13864678780799022,0.6199797167520105,0.17090106056989868,0.5031128350933838,0.13864678780799022,1.5122337890111677,0.13864678780799022,1,9,0.6615239511683426,3,1,0,1,1,0,2,0,0,0,soc14
2435,2,TERLİK,12,0,soc,0.8193907759305923,8.0,0.48286947750654785,0.5318449661686868,0.35979648248727686,0.3919178672815762,0.48286947750654785,1.2946882645488578,0.502224383114703,4,7,0.466689144314521,3,1,0,1,1,0,1,0,0,5,soc14
2436,2,TOPLU,13,0,soc,0.4690134993133757,4.0,0.33924225322331236,0.6389435583337739,0.2949952243705828,0.531753055463194,0.33924225322331236,1.869194609061376,0.4690134993133757,4,8,0.5552839207884541,3,0,1,1,0,1,2,1,0,7,soc14
2437,2,TABAK,14,1,soc,0.696091259952675,2.0,0.18539221341681766,0.501059717464338,0.39242650424181014,0.41314957170553857,0.18539221341681766,1.5762471706480345,0.696091259952675,2,11,0.4570487582875177,3,0,0,1,0,0,3,0,0,2,soc14
2438,2,KAŞIK,15,0,soc,0.9312959692780304,1.0,0.9312959692780304,0.3883408390023335,0.573480740346193,0.32804215233457834,0.9312959692780304,2.4297866197125724,0.9312959692780304,1,13,0.3700448351371548,3,0,0,1,0,0,3,1,1,2,soc14
2439,2,ELMA,16,1,soc,0.710909757728838,1.0,0.710909757728838,0.5500388830033329,0.4043630533095232,0.5227030899860604,0.710909757728838,3.0487329781621155,0.710909757728838,1,14,0.5408155906870642,3,0,0,1,0,0,3,1,1,2,soc14
2440,2,SEHPA,17,0,soc,0.8855161527891529,2.0,0.24475417417886924,0.6902310895435533,0.5950175082780103,0.420287093113885,0.24475417417886924,2.583723553603271,0.8855161527891529,2,14,0.4542963630674899,3,1,0,1,1,0,2,0,0,0,soc14
2441,3,FIRIN,1,1,soc,,,,0.6621022645427806,,0.46111619738748,,0.0,1.0,0,0,1.0,1,1,1,1,1,2,3,0,0,0,soc14
2442,3,DUVAR,2,0,soc,0.323485653835385,1.0,0.323485653835385,0.5966789940043761,0.323485653835385,0.5194794821951247,0.323485653835385,0.0,0.323485653835385,1,0,0.6621022645427806,1,1,0,1,1,0,3,0,0,3,soc14
2443,3,HALI,3,0,soc,0.5062073470369703,2.0,0.32761648091339823,0.5950677190329459,0.4169119139751843,0.48501163055069707,0.32761648091339823,0.323485653835385,0.5062073470369703,2,0,0.5496941592549089,1,1,0,0,1,0,0,0,0,5,soc14
2444,3,KÜÇÜK,4,0,soc,0.4014299143246429,3.0,0.271068399182324,0.6307264599416802,0.3197352059515277,0.45722268440450675,0.271068399182324,1.1573094817857537,0.4014299143246429,3,0,0.5601012384092097,1,1,1,0,1,1,0,0,0,7,soc14
2445,3,SALÇA,5,0,soc,0.9575447667524211,4.0,0.39402197153244783,0.5643811922507593,0.6371716752729945,0.3147866665749288,0.39402197153244783,2.116515099640337,0.9575447667524211,4,0,0.3511819048040138,2,1,1,1,1,2,3,1,0,0,soc14
2446,3,ÇİÇEK,6,0,soc,0.7185540294184415,2.0,0.46749925114819574,0.5659188591486017,0.38717710448121406,0.4728889311962593,0.46749925114819574,2.4765341187828955,0.7185540294184415,2,3,0.5061146327185942,2,0,1,0,0,1,0,0,0,2,soc14
2447,3,KALAS,7,0,soc,0.5165683044205327,3.0,0.3044155480932671,0.6245547482261239,0.3079912779674633,0.540046799267726,0.3044155480932671,2.8488801751083566,0.5165683044205327,3,3,0.5519182815662345,2,1,1,0,1,1,0,1,0,7,soc14
2448,3,LAMBA,8,0,soc,0.8145371713165205,3.0,0.17883395389095832,0.6341474720374038,0.3962619077274978,0.409799953762639,0.17883395389095832,2.6911105569227036,0.8145371713165205,3,4,0.5237191978847058,2,1,1,1,1,2,3,1,0,0,soc14
2449,3,TOPRAK,9,0,soc,0.5057224384953654,3.0,0.2516813273359696,0.6790525819624667,0.36039188666851285,0.5175593839017616,0.2516813273359696,2.426545447839537,0.5057224384953654,3,5,0.5182769952755187,2,0,1,1,0,1,1,0,0,4,soc14
2450,3,DÜĞME,10,0,soc,0.9823856774645168,2.0,0.1484630998214299,0.6207647807579258,0.5105757753135127,0.387190382200291,0.1484630998214299,1.9144158345977949,0.9823856774645168,2,7,0.45901911474323454,3,1,1,1,1,2,3,1,0,0,soc14
2451,3,PARKUR,11,1,soc,0.41385861769400684,3.0,0.3522377483465875,0.5735237216138235,0.2467996100213404,0.5079314989603259,0.3522377483465875,1.956196521858704,0.41385861769400684,3,7,0.5618332154969516,3,1,0,1,1,0,3,0,0,3,soc14
2452,3,DOLAP,12,1,soc,0.934522940334041,2.0,0.5442373948670083,0.48375106610310104,0.5023835260220813,0.3468569974463108,0.5442373948670083,2.256136573200795,0.934522940334041,2,9,0.3968314272302227,3,1,1,1,1,2,3,1,0,0,soc14
2453,3,KİTAP,13,0,soc,0.6275266564175318,1.0,0.6275266564175318,0.5701504216784992,0.3360783575540903,0.5388796686804123,0.6275266564175318,2.282820481454838,0.6275266564175318,1,11,0.5234379085699834,3,0,0,1,0,0,1,0,0,8,soc14
2454,3,ODA,14,1,soc,0.4934739458063485,2.0,0.35278921307620603,0.47242874872541185,0.2900003190740386,0.5077034504727884,0.35278921307620603,3.02484764989329,0.4934739458063485,2,11,0.5467781039382634,3,1,0,1,1,0,3,1,0,3,soc14
2455,3,YATAK,15,1,soc,0.7480478841854629,1.0,0.7480478841854629,0.488611809552684,0.4884245194587781,0.4304557894944122,0.7480478841854629,2.5321971807597197,0.7480478841854629,1,13,0.4551203760503887,3,1,0,1,1,0,3,1,1,3,soc14
2456,3,KOKU,16,0,soc,0.7679684291054976,11.0,0.23347234242150494,0.6932239694765412,0.26840004363862346,0.5806615838068601,0.23347234242150494,2.9989064326188952,0.575263301574318,4,11,0.5872666320484123,3,0,1,1,0,1,1,0,0,4,soc14
2457,3,CAM,17,0,soc,0.6049927222974112,7.0,0.07555881834796624,0.7729590757512141,0.2148579600101451,0.6161853492276158,0.07555881834796624,1.831871174814098,0.3310910802898509,2,14,0.6471556103850068,3,1,1,1,1,2,3,0,0,0,soc14
2458,4,FIRIN,1,0,soc,,,,0.6445308703674493,,0.5109471844927851,,0.0,1.0,0,0,1.0,1,1,0,1,2,0,1,0,0,0,soc14
2459,4,KALIP,2,0,soc,0.3760697705037864,1.0,0.3760697705037864,0.5190335201603151,0.3760697705037864,0.4638140946832665,0.3760697705037864,0.0,0.3760697705037864,1,0,0.6445308703674493,1,1,0,0,1,0,0,0,0,9,soc14
2460,4,KUTU,3,0,soc,0.6188865632814411,1.0,0.6188865632814411,0.5213560884313878,0.5073173198108945,0.4429560811799925,0.6188865632814411,0.3760697705037864,0.6188865632814411,1,1,0.5158081669801073,1,1,0,1,2,0,1,1,0,0,soc14
2461,4,MEKTUP,4,1,soc,0.2775652470935073,1.0,0.2775652470935073,0.6748375942381236,0.1618276595816123,0.5750560446455897,0.2775652470935073,1.3907044101255754,0.2775652470935073,1,2,0.650999245649766,1,1,0,1,1,0,1,0,0,7,soc14
2462,4,ÇORAP,5,1,soc,0.7259905593396109,3.0,0.05638370469242686,0.6035330138638975,0.47046300089355464,0.4373273765576531,0.05638370469242686,1.8761873888704124,0.7259905593396109,3,1,0.45388796542455223,2,0,1,1,0,3,1,0,0,5,soc14
2463,4,MARKET,6,1,soc,0.5824925694638781,1.0,0.5824925694638781,0.5313521620019928,0.3771366709522492,0.4086085972348953,0.5824925694638781,2.514901499519527,0.5824925694638781,1,4,0.5448552168128387,2,0,1,1,0,3,1,1,1,5,soc14
2464,4,PARA,7,1,soc,0.46851727800669357,2.0,0.45404855151860135,0.6099491150831453,0.3735050142747937,0.4745834563893937,0.45404855151860135,2.0335395115126302,0.46851727800669357,2,4,0.4912549024054912,2,0,1,1,0,3,1,1,1,5,soc14
2465,4,TERAS,8,1,soc,0.4909798771227458,2.0,0.15421371477310106,0.660944396495526,0.26424281267529504,0.4916961009068529,0.15421371477310106,2.033447362677382,0.4909798771227458,2,5,0.5788978263942637,2,0,1,1,0,1,2,0,0,3,soc14
2466,4,DERGİ,9,0,soc,0.3941588399247352,6.0,0.14697919147960853,0.6715716149192654,0.23098579429469818,0.5483133654211683,0.14697919147960853,2.5772011920280598,0.36777367596527766,3,5,0.6048010640979469,2,0,1,1,0,1,1,0,0,8,soc14
2467,4,HARİTA,10,1,soc,0.46457851757624713,7.0,0.13114612730878486,0.6777341478741565,0.1279705314762945,0.5725532224024218,0.13114612730878486,1.7612003035138026,0.2092665629199606,2,7,0.6146050463678734,3,0,0,1,0,0,2,0,0,1,soc14
2468,4,KASA,11,0,soc,0.7216362036201042,5.0,0.11595531880374066,0.6772496175797983,0.35991636750073963,0.4854037259355273,0.11595531880374066,0.9142578604695446,0.60207201097775,4,6,0.531597237454728,3,0,1,1,0,3,1,1,0,5,soc14
2469,4,ZEMİN,12,0,soc,0.7799382870425406,4.0,0.17292068355874507,0.620361293785568,0.34527707087888015,0.4581858746408929,0.17292068355874507,0.963265504614198,0.7799382870425406,4,7,0.4910147585933411,3,0,1,1,0,1,2,1,0,3,soc14
2470,4,TAHTA,13,0,soc,0.808938780912267,10.0,0.4330772622137296,0.5531263443555193,0.31758851194118887,0.46241844583450553,0.4330772622137296,1.1269150272740411,0.4330772622137296,1,11,0.5104057167715204,3,1,0,1,2,0,1,0,0,0,soc14
2471,4,SİLGİ,14,0,soc,0.5408118683387342,9.0,0.4265112590925666,0.5697566103407629,0.30657919623187174,0.46830992788860193,0.4265112590925666,1.753623929562129,0.4265112590925666,1,12,0.5300647084264267,3,0,1,1,0,1,1,0,0,8,soc14
2472,4,BAHÇE,15,0,soc,0.9242042644743286,7.0,0.37753416215806646,0.6525960111874589,0.33904731649335346,0.5195433534134373,0.37753416215806646,1.9452804403925819,0.5990619609063522,2,12,0.5206952591968043,3,0,1,1,0,1,2,1,0,3,soc14
2473,4,HALKA,16,0,soc,0.531413672102889,12.0,0.12653009317247732,0.6400903780171365,0.2577718749372776,0.5256912680734027,0.12653009317247732,2.5364530143263426,0.3726544150948415,4,11,0.5711372216297531,3,1,0,1,1,0,1,0,0,7,soc14
2474,4,SIRA,17,1,soc,0.24573466174940206,1.0,0.24573466174940206,0.6898610462407431,0.1463122426533822,0.6211566215698443,0.24573466174940206,2.1062662663143548,0.24573466174940206,1,15,0.622125678535,3,0,0,1,0,0,2,0,0,1,soc14
2481,1,RAKAM,1,0,soc,,,,0.6786487517000204,,0.5932634390521822,,0.0,1.0,0,0,1.0,1,1,0,1,2,0,1,0,0,8,soc13
2482,1,BARDAK,2,0,soc,0.27619314493617364,1.0,0.27619314493617364,0.5777538517417355,0.27619314493617364,0.4701719091439266,0.27619314493617364,0.0,0.27619314493617364,1,0,0.6786487517000204,1,1,0,1,1,0,1,0,0,2,soc13
2483,1,KALE,3,1,soc,0.31866848640370055,1.0,0.31866848640370055,0.5458717868666432,0.18188458237732394,0.5255829055838336,0.31866848640370055,0.27619314493617364,0.31866848640370055,1,1,0.6782153971883685,1,1,1,1,1,1,1,0,0,0,soc13
2484,1,KALEM,4,1,soc,0.5201944127892401,1.0,0.5201944127892401,0.5922429551389623,0.4529206890046941,0.4547801501090285,0.5201944127892401,0.6399623096908216,0.5201944127892401,1,2,0.4710454102869752,1,1,0,1,2,0,1,1,0,8,soc13
2485,1,PARK,5,1,soc,0.4948033738522656,2.0,0.18130720017977525,0.6209460372296198,0.23092358573093907,0.49904127535297627,0.18130720017977525,1.9987243767049039,0.4948033738522656,2,2,0.5716936127445174,2,0,1,1,0,1,1,0,0,3,soc13
2486,1,ÇANTA,6,0,soc,0.4930966381115681,4.0,0.3403780110726855,0.5206069634231344,0.3189331975963313,0.43497871139173494,0.3403780110726855,2.013306634864131,0.4930966381115681,4,1,0.5254662907998848,2,0,1,0,0,1,0,0,0,5,soc13
2487,1,KAĞIT,7,1,soc,0.7632916113080702,5.0,0.6540926245962044,0.49210891142962254,0.507649111643985,0.396173022200761,0.6540926245962044,2.1099702098046746,0.6893193775666414,3,3,0.48548555850623565,2,0,1,1,0,1,1,0,0,9,soc13
2488,1,ŞİŞE,8,0,soc,0.9133266973789964,6.0,0.6004810975542849,0.48465536607185666,0.3839332322611213,0.46776713013227866,0.6004810975542849,2.4907477831629024,0.7290655094278011,2,5,0.4976676289187483,2,1,1,1,1,1,1,0,0,0,soc13
2489,1,KÖPEK,9,0,soc,0.6341294391066079,1.0,0.6341294391066079,0.5290501640222636,0.4760842576156136,0.4350547412573461,0.6341294391066079,2.770196743280361,0.6341294391066079,1,7,0.4606604360822758,2,0,1,1,0,1,1,0,0,6,soc13
2490,1,BİNA,10,1,soc,0.526662887280119,5.0,0.30788651392414,0.5897199439507816,0.30661144822620584,0.49497287087499975,0.30788651392414,3.6774536790502124,0.30788651392414,1,8,0.5897120585376632,3,0,1,1,0,1,1,0,0,3,soc13
2491,1,AĞAÇ,11,1,soc,0.8790552457670859,4.0,0.41104945982499863,0.6215354838433083,0.6172423831935268,0.4087816955965905,0.41104945982499863,2.5638024251080185,0.8790552457670859,4,6,0.37987089780752015,3,0,1,1,0,1,1,1,0,9,soc13
2492,1,EKRAN,12,1,soc,0.16685243706845343,11.0,0.07776299682509119,0.7076838712298185,0.07878616230533597,0.6317147380525985,0.07776299682509119,2.9472086058772047,0.10864459957961448,2,9,0.686659709944844,3,0,0,1,0,0,2,0,0,1,soc13
2493,1,YAZI,13,0,soc,0.7730691951070705,9.0,0.11523388533427606,0.6491908193082111,0.1919567861591153,0.5040129597435915,0.11523388533427606,1.6697006966361392,0.3754979357132496,2,10,0.5752466031148498,3,1,0,1,2,0,1,0,0,8,soc13
2494,1,MASA,14,1,soc,0.5064377657308211,8.0,0.22727038358865126,0.615267045983853,0.2584975734984213,0.5004463696208872,0.22727038358865126,1.2481646491272647,0.32865309713256186,4,9,0.5509200192964483,3,1,1,1,1,1,1,0,0,0,soc13
2495,1,SARI,15,1,soc,0.4571760663374574,8.0,0.24308325167759043,0.6303638852167455,0.15875185667729835,0.5657972791721748,0.24308325167759043,1.2051045510984602,0.24308325167759043,1,13,0.6048653298636344,3,1,0,1,1,0,1,0,0,2,soc13
2496,1,BEYİN,16,0,soc,0.7030623490479981,7.0,0.2585122819075487,0.6232103148070711,0.33681492857894396,0.46821122358539013,0.2585122819075487,0.9072553040190923,0.5113822943249875,2,13,0.4893725749409079,3,0,1,1,0,1,1,0,0,6,soc13
2497,1,KOLAY,17,0,soc,0.4734206706671342,10.0,0.18410154805952028,0.6237889475236996,0.14962145159328027,0.5817569926476214,0.18410154805952028,1.869213912544181,0.28700924183537696,4,12,0.6111376619376867,3,0,0,1,0,0,1,0,0,7,soc13
2498,1,ÖLÇEK,18,0,soc,0.496776122821186,17.0,0.28950066880510955,0.6739003991344552,0.2555409633691533,0.5407321725210732,0.28950066880510955,1.4222283258184363,0.28950066880510955,1,16,0.583079905275337,3,0,0,1,0,0,2,0,0,1,soc13
2499,2,CÜZDAN,1,0,soc,,,,0.4850624614523953,,0.42465673472830945,,0.0,1.0,0,0,1.0,1,1,0,0,2,0,0,0,0,5,soc13
2500,2,TERLİK,2,0,soc,0.8193907759305923,1.0,0.8193907759305923,0.4970725918938851,0.8193907759305923,0.4285321517622056,0.8193907759305923,0.0,0.8193907759305923,1,0,0.4850624614523953,1,1,0,0,2,0,0,1,1,5,soc13
2501,2,ŞİŞE,3,1,soc,0.5893168390070862,2.0,0.48286947750654785,0.5703193265248543,0.536093158256817,0.5130425859794884,0.48286947750654785,0.8193907759305923,0.5893168390070862,2,0,0.5325147735341721,1,1,1,0,1,2,0,0,0,0,soc13
2502,2,ELMA,4,1,soc,0.4192738136834496,2.0,0.3773973141605794,0.6055215052069374,0.3498524692876083,0.5375638500043332,0.3773973141605794,1.8915770924442263,0.4192738136834496,2,1,0.5639101116107248,1,1,0,1,1,0,2,0,0,2,soc13
2503,2,KOLTUK,5,0,soc,0.2597987541429509,3.0,0.1048976440344781,0.7097944719776481,0.14314019451690768,0.5919903929564319,0.1048976440344781,2.9411345003070513,0.2597987541429509,3,1,0.6739862694841502,2,0,1,0,0,1,0,0,0,3,soc13
2504,2,DEFTER,6,0,soc,0.627572112708787,5.0,0.06473413798294957,0.6689596508032554,0.2223227629513358,0.5238227735135941,0.06473413798294957,1.6685818520967293,0.17948798252282377,2,3,0.641449169649075,2,0,1,0,0,1,0,0,0,8,soc13
2505,2,KAPI,7,0,soc,0.6490652151450355,6.0,0.2614556106246453,0.5300313661032933,0.32089928607596635,0.4615486377222139,0.2614556106246453,0.8203395401619,0.3743629275058095,2,4,0.5342400833785812,2,1,1,0,1,2,0,1,0,0,soc13
2506,2,SEHPA,8,0,soc,0.874047692873124,7.0,0.8191831838889087,0.4887671427512823,0.6130982271912435,0.35091821498053655,0.8191831838889087,1.0967883775215652,0.8191831838889087,1,6,0.37663687335342777,2,1,1,0,1,2,0,1,1,0,soc13
2507,2,BÜYÜK,9,1,soc,0.3613344312106457,5.0,0.17567105967957808,0.6523203211663999,0.2222792366197944,0.47345056308670785,0.17567105967957808,2.7577431881465646,0.29598254673402624,2,6,0.6112252703693739,2,0,1,1,0,1,2,0,0,7,soc13
2508,2,TOPLU,10,0,soc,0.37467117920079085,9.0,0.20555188016126524,0.5910434899727401,0.21592649787121979,0.4914861221043648,0.20555188016126524,2.2572633755296927,0.30747062185491775,2,7,0.5655101173114452,3,0,1,1,0,1,2,1,1,7,soc13
2509,2,GRUP,11,1,soc,0.502224383114703,9.0,0.3821091830560145,0.5237768892806477,0.2917724551465022,0.48287691023065693,0.3821091830560145,2.071846029968449,0.3821091830560145,1,9,0.5347867293354247,3,0,0,1,0,0,2,0,0,1,soc13
2510,2,SPOR,12,1,soc,0.5270647491536371,10.0,0.5263829283054188,0.5618954748806586,0.22715502315364863,0.5871375828678844,0.5263829283054188,1.5885267010521669,0.5263829283054188,1,10,0.5372221821600887,3,0,0,1,0,0,2,1,1,1,soc13
2511,2,KAŞIK,13,0,soc,0.8855161527891529,5.0,0.17579930962321877,0.6548661132145811,0.3576704136323975,0.4086612140663233,0.17579930962321877,1.7659275356870858,0.27468426196019957,4,8,0.5761880899349019,3,1,0,1,1,0,2,0,0,2,soc13
2512,2,KISA,14,0,soc,0.5207710106964843,5.0,0.1243362218240441,0.7217289412988992,0.28787521166237123,0.5307400975427026,0.1243362218240441,1.72188558871424,0.4690134993133757,4,9,0.5864263725374317,3,0,1,1,0,1,2,1,0,7,soc13
2513,2,KEDİ,15,0,soc,0.83247450901758,2.0,0.09172829738561449,0.6346447398923424,0.25080959080305953,0.5307581120936318,0.09172829738561449,1.362234897815214,0.83247450901758,2,12,0.6248298321301141,3,0,0,1,0,0,1,0,0,6,soc13
2514,2,TABAK,16,0,soc,0.9312959692780304,3.0,0.45868189500698364,0.5627579640042342,0.3853355814285758,0.47819907559592756,0.45868189500698364,1.3093652373133782,0.9312959692780304,3,12,0.5024856326164857,3,1,0,1,1,0,2,1,0,2,soc13
2515,2,İLAÇ,17,1,soc,0.5590760257125165,15.0,0.36484341522224567,0.6482289208144272,0.35328937492401624,0.4850988281538826,0.36484341522224567,2.5357578158470906,0.5144555388322474,2,14,0.48877668978571676,3,0,0,1,0,0,1,0,0,4,soc13
2516,3,KÜÇÜK,1,1,soc,,,,0.6074279181639886,,0.5128867728929734,,0.0,1.0,0,0,1.0,1,1,0,1,1,0,1,0,0,7,soc13
2517,3,DÜĞME,2,0,soc,0.4910668091193048,1.0,0.4910668091193048,0.4994706361297043,0.4910668091193048,0.46022143958530537,0.4910668091193048,0.0,0.4910668091193048,1,0,0.6074279181639886,1,1,0,1,2,0,4,0,0,0,soc13
2518,3,CAM,3,0,soc,0.6049927222974112,1.0,0.6049927222974112,0.663290199142301,0.42624857673323313,0.5755828905504012,0.6049927222974112,0.4910668091193048,0.6049927222974112,1,1,0.5713126794650285,1,1,0,1,2,0,4,1,1,0,soc13
2519,3,ODA,4,0,soc,0.2985323326171385,3.0,0.09432651620683366,0.6945282373797445,0.2051277280394759,0.5457260754390194,0.09432651620683366,1.3435639625857712,0.2985323326171385,3,0,0.651268410051784,1,1,1,1,1,2,1,0,0,3,soc13
2520,3,TOPRAK,5,0,soc,0.3969815277750878,4.0,0.17086017070388432,0.6839206417050032,0.21005875164726695,0.5192574310486096,0.17086017070388432,1.9589471467041986,0.3969815277750878,4,0,0.6018682941923549,2,0,1,0,0,2,0,0,0,4,soc13
2521,3,PARKUR,6,1,soc,0.3522377483465875,4.0,0.1075101025382844,0.6118480163527708,0.20321160236019686,0.5297118638245026,0.1075101025382844,1.3650970526126804,0.3522377483465875,4,1,0.5941847288225526,2,1,1,1,1,2,1,1,0,3,soc13
2522,3,YATAK,7,0,soc,0.7480478841854629,3.0,0.4104595139300559,0.6000792255603142,0.44336584343109864,0.40787228160950073,0.4104595139300559,0.8589681041711593,0.7480478841854629,3,3,0.4407531058180797,2,1,1,1,1,2,1,1,1,3,soc13
2523,3,KOKU,8,0,soc,0.700374303081745,6.0,0.23347234242150494,0.563263322624139,0.21062491274164233,0.48617162540086534,0.23347234242150494,1.8679158745520843,0.41498650253533254,3,4,0.5898737748401714,2,0,1,0,0,2,0,1,0,4,soc13
2524,3,ÇİÇEK,9,0,soc,0.7185540294184415,8.0,0.5204208570906917,0.5733598698095181,0.2856847565780657,0.5119276283706876,0.5204208570906917,1.5446175417984156,0.5204208570906917,1,7,0.5061133581988226,2,0,1,0,0,1,0,0,0,2,soc13
2525,3,HALI,10,1,soc,0.5504703171328947,8.0,0.24607374431845863,0.5769332207419446,0.3102545456444487,0.4628683015162306,0.24607374431845863,1.6727654449216955,0.5074386632811121,3,6,0.5168566165485936,3,0,0,1,0,0,1,0,0,5,soc13
2526,3,DOLAP,11,1,soc,0.934522940334041,9.0,0.5556237903853873,0.45661811005042663,0.5605335914221568,0.32616794012120287,0.5556237903853873,2.034808526113647,0.6552667645315771,4,6,0.4164718873010881,3,1,0,1,2,0,4,0,0,0,soc13
2527,3,FIRIN,12,1,soc,0.8174243470308453,1.0,0.8174243470308453,0.48137822031925315,0.5259706791447485,0.4127960197470827,0.8174243470308453,2.6815709201615086,0.8174243470308453,1,10,0.44225619736529764,3,1,0,1,2,0,4,1,1,0,soc13
2528,3,KALAS,13,0,soc,0.5165683044205327,12.0,0.18563779523723575,0.6396642457033497,0.18071507722906693,0.5761183334286182,0.18563779523723575,2.80368776820041,0.3044155480932671,4,8,0.6091245382399456,3,1,0,1,1,0,1,0,0,7,soc13
2529,3,DUVAR,14,1,soc,0.7200170034852962,3.0,0.22795832464146074,0.5471441406777011,0.3793508253440519,0.46582772777378023,0.22795832464146074,2.3345905083000837,0.7200170034852962,3,10,0.5151619669413734,3,1,1,1,1,2,1,0,0,3,soc13
2530,3,LAMBA,15,0,soc,0.9823856774645168,13.0,0.5543222271122044,0.5436578405202632,0.5092071276179257,0.4158672302147993,0.5543222271122044,2.343257592467631,0.7685736311244618,4,10,0.42526641555774625,3,1,0,1,2,0,4,1,0,0,soc13
2531,3,KİTAP,16,0,soc,0.6275266564175318,5.0,0.2957067338444503,0.6610070061671387,0.2813638453387824,0.5796853897609737,0.2957067338444503,2.1580558642420664,0.3126929017723875,2,13,0.6117188695629339,3,0,0,1,0,0,1,0,0,8,soc13
2532,3,SALÇA,17,1,soc,0.9607896067400263,15.0,0.10848375379181596,0.7518237412272141,0.5232148654938392,0.37781982798657365,0.10848375379181596,1.6894304969324947,0.8145371713165205,2,14,0.4863333873404353,3,1,0,1,2,0,4,1,0,0,soc13
2533,4,SIRA,1,0,soc,,,,0.7760103160560069,,0.645515457055567,,0.0,1.0,0,0,1.0,1,1,0,1,1,0,1,0,0,1,soc13
2534,4,DERGİ,2,1,soc,0.07140765182596576,1.0,0.07140765182596576,0.6841092391604164,0.07140765182596576,0.5585318660627039,0.07140765182596576,0.0,0.07140765182596576,1,0,0.7760103160560069,1,1,1,0,1,1,0,0,0,8,soc13
2535,4,ZEMİN,3,0,soc,0.1852874627060137,1.0,0.1852874627060137,0.6029911735735345,0.14245377844699894,0.5115945393481346,0.1852874627060137,0.07140765182596576,0.1852874627060137,1,1,0.6670990544395297,1,1,1,1,1,1,1,0,0,3,soc13
2536,4,MARKET,4,0,soc,0.44897899543936426,1.0,0.44897899543936426,0.5788994755383661,0.288795144969028,0.4485552114616539,0.44897899543936426,0.35631520871996364,0.44897899543936426,1,2,0.5735803339927341,1,1,1,1,1,1,2,0,0,5,soc13
2537,4,KALIP,5,1,soc,0.5305487251469482,2.0,0.29344615411690644,0.5914040309995445,0.26563285313010965,0.47558893377464584,0.29344615411690644,1.2227006436270473,0.5305487251469482,2,2,0.5495849353900919,2,0,1,0,0,1,0,0,0,9,soc13
2538,4,SİLGİ,6,1,soc,0.36024447841269697,1.0,0.36024447841269697,0.6176152277978153,0.2624340695017772,0.4707809710273285,0.36024447841269697,1.906041084795769,0.36024447841269697,1,4,0.5389305120581518,2,1,1,0,1,1,0,1,0,8,soc13
2539,4,KUTU,7,0,soc,0.6188865632814411,2.0,0.21923152408049593,0.6189721268574948,0.36772547101246095,0.4520520642167557,0.21923152408049593,2.0978145396613512,0.6188865632814411,2,4,0.5067276954597066,2,0,1,1,0,1,2,0,0,0,soc13
2540,4,KASA,8,0,soc,0.7216362036201042,4.0,0.3299174432520417,0.6253761497900796,0.38063981762210364,0.47099222083934955,0.3299174432520417,2.0130017906876376,0.7216362036201042,4,3,0.48605647831640286,2,1,1,1,1,1,2,1,0,5,soc13
2541,4,BAHÇE,9,1,soc,0.4555404593460384,6.0,0.13969437128941514,0.5296847645765401,0.2946439325465617,0.49630105682951975,0.13969437128941514,2.207004766706303,0.37753416215806646,3,5,0.5845703959011754,2,1,1,1,1,1,1,0,0,3,soc13
2542,4,TERAS,10,0,soc,0.9242042644743286,1.0,0.9242042644743286,0.5010339088374927,0.3802017583322142,0.48259266527014655,0.9242042644743286,1.713521449644233,0.9242042644743286,1,8,0.47744152306660936,3,1,1,1,1,1,1,1,1,3,soc13
2543,4,MEKTUP,11,0,soc,0.36239623619342476,5.0,0.039401458193120256,0.6532424374758434,0.1782158696320992,0.5662446070158367,0.039401458193120256,2.1675038463494958,0.2775652470935073,4,6,0.6412080625456097,3,0,0,1,0,0,2,0,0,7,soc13
2544,4,PARA,12,0,soc,0.60207201097775,4.0,0.3283978944831216,0.5759825862030841,0.29844584170621474,0.48769677345279716,0.3283978944831216,1.5711378113937333,0.60207201097775,4,7,0.5339568563731704,3,1,1,1,1,1,2,1,0,5,soc13
2545,4,HALKA,13,0,soc,0.531413672102889,2.0,0.42133583163229127,0.598054218333159,0.29469541888093753,0.5078500605865306,0.42133583163229127,1.5771820264415248,0.531413672102889,2,10,0.5192948967905868,3,0,0,1,0,0,2,1,0,7,soc13
2546,4,FIRIN,14,0,soc,0.5648124718075491,10.0,0.13254603580841035,0.6236286901811299,0.24976499259337465,0.49426445074605196,0.13254603580841035,1.6559139932473763,0.46766602231624255,4,9,0.6063611564099518,3,0,1,1,0,1,2,0,0,0,soc13
2547,4,ÇORAP,15,1,soc,0.7259905593396109,10.0,0.4273119086522751,0.6600320821942272,0.3276785808513546,0.48563720434164515,0.4273119086522751,1.591023629670029,0.46851727800669357,3,11,0.5276484691610719,3,1,1,1,1,1,2,1,0,5,soc13
2548,4,HARİTA,16,1,soc,0.46457851757624713,9.0,0.01792777389353618,0.7043614982331893,0.11752422304741943,0.6077788512543878,0.01792777389353618,1.8422639240766299,0.21217400787210836,2,13,0.6371525174215555,3,1,0,1,1,0,1,0,0,1,soc13
2549,4,TAHTA,17,1,soc,0.808938780912267,10.0,0.28506620294828056,0.6754738231208239,0.420166682998336,0.45378951886092966,0.28506620294828056,1.2124272699987186,0.6705631921729135,2,14,0.44411778291931125,3,0,1,1,0,1,2,1,0,0,soc13
2556,1,BARDAK,1,0,soc,,,,0.6107701382413728,,0.406411604625037,,0.0,1.0,0,0,1.0,1,1,1,0,1,1,0,0,0,2,soc12
2557,1,BEYİN,2,0,soc,0.4806540371260736,1.0,0.4806540371260736,0.5839006971234646,0.4806540371260736,0.5087432133273864,0.4806540371260736,0.0,0.4806540371260736,1,0,0.6107701382413728,1,1,1,0,1,1,0,0,0,6,soc12
2558,1,ŞİŞE,3,1,soc,0.9133266973789964,2.0,0.3926957632344366,0.5024529754018472,0.6530112303067165,0.4268619945646729,0.3926957632344366,0.4806540371260736,0.9133266973789964,2,0,0.4602547024141447,1,1,0,1,1,0,2,0,0,0,soc12
2559,1,AĞAÇ,4,1,soc,0.7102854000778898,3.0,0.6440032611822291,0.45806379126613206,0.5496789121053965,0.3848455102356271,0.6440032611822291,1.7866764977395067,0.7102854000778898,3,0,0.48305886579100343,1,1,0,1,1,0,1,0,0,9,soc12
2560,1,PARK,5,1,soc,0.5999582642389087,1.0,0.5999582642389087,0.5898180731223253,0.3044186258990642,0.49043398940447447,0.5999582642389087,3.4357132340556964,0.5999582642389087,1,3,0.5575125767254556,2,0,1,1,0,1,1,0,0,3,soc12
2561,1,SARI,6,0,soc,0.31398877234069655,5.0,0.09356134374069908,0.7029723069777217,0.20816177088086296,0.5765359352604131,0.09356134374069908,2.3869495131462326,0.2585122819075487,4,1,0.6145418291890445,2,1,1,0,1,1,0,0,0,2,soc12
2562,1,ÇANTA,7,0,soc,0.7290655094278011,4.0,0.11639794162589923,0.6876277373122957,0.3839154985431986,0.45833140591413457,0.11639794162589923,1.9011590805894918,0.7290655094278011,4,2,0.48851521616667215,2,0,1,0,0,1,0,0,0,5,soc12
2563,1,ÖLÇEK,8,0,soc,0.462612321243832,4.0,0.09814947988187869,0.7280761395371097,0.21881724517800122,0.5153847560944357,0.09814947988187869,1.8165901493992136,0.462612321243832,4,3,0.578699813713466,2,0,1,1,0,1,1,0,0,1,soc12
2564,1,KÖPEK,9,0,soc,0.7030623490479981,7.0,0.05664867227195266,0.6560190134423343,0.3412711118971607,0.46882330169262354,0.05664867227195266,0.9850837005831867,0.4944838721428647,2,6,0.5530201375640409,2,1,1,0,1,1,0,0,0,6,soc12
2565,1,BİNA,10,1,soc,0.526662887280119,5.0,0.30788651392414,0.6146828424148463,0.3049906855510982,0.4912809156362149,0.30788651392414,1.0164947474225874,0.30788651392414,1,8,0.5442934887904185,3,0,1,1,0,1,1,0,0,3,soc12
2566,1,RAKAM,11,0,soc,0.496776122821186,3.0,0.21033660568895937,0.5619216503384014,0.2702293514343321,0.479649225014009,0.21033660568895937,1.4981474949908258,0.496776122821186,3,7,0.5314936504227847,3,0,0,1,0,0,3,0,0,8,soc12
2567,1,KAĞIT,12,0,soc,0.8790552457670859,8.0,0.5927579372620249,0.5033382677630844,0.47606279424381553,0.41043989830118843,0.5927579372620249,1.6943620862609374,0.5927579372620249,1,10,0.48191557866084456,3,1,0,1,1,0,1,0,0,9,soc12
2568,1,KOLAY,13,0,soc,0.4734206706671342,1.0,0.4734206706671342,0.6323403992275498,0.290961628729672,0.5313468782278349,0.4734206706671342,2.201721342683446,0.4734206706671342,1,11,0.5478311772126953,3,0,0,1,0,0,1,0,0,7,soc12
2569,1,EKRAN,14,1,soc,0.17971877537199893,6.0,0.05184751822271495,0.7338919541686114,0.09363739066761669,0.6106308656913045,0.05184751822271495,1.977872550818812,0.16685243706845343,3,10,0.6633614590802484,3,0,1,1,0,1,1,0,0,1,soc12
2570,1,KALE,15,1,soc,0.4948033738522656,10.0,0.0565781266529315,0.6207745587877531,0.10988367674993986,0.5522544280287554,0.0565781266529315,1.6391835789721088,0.17425219913190834,3,11,0.660548189679552,3,1,0,1,1,0,2,0,0,0,soc12
2571,1,KALEM,16,1,soc,0.6893193775666414,4.0,0.5201944127892401,0.444754812172079,0.3798610528305625,0.4152692116564767,0.5201944127892401,0.9261230489360233,0.6893193775666414,4,11,0.499365664224673,3,0,0,1,0,0,3,0,0,8,soc12
2572,1,YAZI,17,1,soc,0.7730691951070705,1.0,0.7730691951070705,0.5303528730693658,0.37663499199245914,0.47773797356419123,0.7730691951070705,0.9141081845160706,0.7730691951070705,1,15,0.4897998219326243,3,0,0,1,0,0,3,1,1,8,soc12
2573,1,KABLO,18,1,soc,0.5725258870121184,11.0,0.1875979869960574,0.7130981378339365,0.2927719020531646,0.5057685047580837,0.1875979869960574,1.7932567591904038,0.3978887006445183,2,15,0.5230925936536872,3,1,0,1,1,0,2,1,0,0,soc12
2574,2,TAŞLIK,1,0,soc,,,,0.5888952491699782,,0.47640442021874585,,0.0,1.0,0,0,1.0,1,1,1,1,2,1,1,0,0,2,soc12
2575,2,ELMA,2,0,soc,0.5483627664133884,1.0,0.5483627664133884,0.5874410557219669,0.5483627664133884,0.586342305201563,0.5483627664133884,0.0,0.5483627664133884,1,0,0.5888952491699782,1,1,1,1,2,1,1,1,1,2,soc12
2576,2,CÜZDAN,3,0,soc,0.7680447986436185,2.0,0.25288628001879576,0.6301229324609978,0.5104655393312072,0.46256883629429035,0.25288628001879576,0.5483627664133884,0.7680447986436185,2,0,0.5905182664416778,1,1,1,0,1,1,0,0,0,5,soc12
2577,2,GRUP,4,1,soc,0.27864611701875786,3.0,0.12649542474508482,0.642801331635193,0.14641012013547625,0.546109228863207,0.12649542474508482,1.5692938450758027,0.27864611701875786,3,0,0.7079555898145008,1,1,0,1,1,0,1,0,0,1,soc12
2578,2,KISA,5,0,soc,0.26950637178403114,1.0,0.26950637178403114,0.7348905712781542,0.1955865270249303,0.5920044679714818,0.26950637178403114,2.0085242054822317,0.26950637178403114,1,3,0.589517889730837,2,0,1,1,0,1,2,0,0,7,soc12
2579,2,KOLTUK,6,1,soc,0.1835195313214784,3.0,0.00020417925756111615,0.8281233058714399,0.0938928372858264,0.6540208941069874,0.00020417925756111615,1.0438222566648185,0.1835195313214784,3,2,0.7119102941139828,2,0,1,0,0,1,0,0,0,3,soc12
2580,2,TERLİK,7,0,soc,0.9044878180247089,6.0,0.2597987541429509,0.5200336206221172,0.4626713688374167,0.3636575807083806,0.2597987541429509,0.9058179050507731,0.8193907759305923,4,2,0.4408276689988997,2,1,1,0,1,1,0,1,0,5,soc12
2581,2,İLAÇ,8,0,soc,0.5590760257125165,1.0,0.5590760257125165,0.5595860151209989,0.34603728502936126,0.43967569629024106,0.5590760257125165,1.435604634708366,0.5590760257125165,1,6,0.5430213141793401,2,0,1,0,0,1,0,0,0,4,soc12
2582,2,TABAK,9,0,soc,0.7655858167531391,8.0,0.36484341522224567,0.4866494931327189,0.34766164520859744,0.43713421769479943,0.36484341522224567,1.4971918499330124,0.696091259952675,2,6,0.5229813299219982,2,1,1,1,2,1,1,0,0,2,soc12
2583,2,KAŞIK,10,1,soc,0.9312959692780304,1.0,0.9312959692780304,0.45297429263520395,0.47255843280149606,0.39531017886012865,0.9312959692780304,2.156681790352338,0.9312959692780304,1,8,0.41758609056308615,3,1,1,1,2,1,1,1,1,2,soc12
2584,2,BÜYÜK,11,1,soc,0.5207710106964843,6.0,0.27468426196019957,0.662146214969799,0.2874672426099691,0.5120511913842961,0.27468426196019957,3.640587356055936,0.42755153538344653,3,7,0.5423207844137793,3,0,1,1,0,1,2,0,0,7,soc12
2585,2,KEDİ,12,1,soc,0.83247450901758,2.0,0.18014166300082507,0.6175391039275184,0.53293314086402,0.4238968954368012,0.18014166300082507,2.769111832638393,0.83247450901758,2,9,0.47110046013082085,3,0,0,1,0,0,1,0,0,6,soc12
2586,2,DEFTER,13,0,soc,0.627572112708787,10.0,0.3119669231405654,0.5937252874301957,0.3319985971204044,0.4914054521741996,0.3119669231405654,3.0135543132540654,0.39321858833781304,3,9,0.5618515945540599,3,0,0,1,0,0,1,0,0,8,soc12
2587,2,TOPLU,14,1,soc,0.4690134993133757,9.0,0.28012849203078116,0.6214448966221591,0.22993727130052077,0.532426432105358,0.28012849203078116,2.202947156065925,0.28012849203078116,1,12,0.5725219500479977,3,0,1,1,0,1,2,1,0,7,soc12
2588,2,SPOR,15,0,soc,0.5270647491536371,8.0,0.18524182394017147,0.6744440540110472,0.1508095543387722,0.6345416006386632,0.18524182394017147,1.4249727076312826,0.26721085646330167,4,10,0.6353688167058047,3,1,0,1,1,0,1,0,0,1,soc12
2589,2,SEHPA,16,1,soc,0.8855161527891529,6.0,0.10302136975117399,0.5040115524439113,0.3729757147742258,0.4055753003439745,0.10302136975117399,1.1398555594675905,0.7842057585918668,4,11,0.46061619654817154,3,0,0,1,0,0,2,0,0,0,soc12
2590,2,KAPI,17,0,soc,0.8191831838889087,1.0,0.8191831838889087,0.48516608116433135,0.4055024165154742,0.48763597280562987,0.8191831838889087,1.4668899084688056,0.8191831838889087,1,15,0.5503896631027454,3,0,0,1,0,0,2,1,1,0,soc12
2591,3,YATAK,1,0,soc,,,,0.6024496418228865,,0.4325897037379528,,0.0,1.0,0,0,1.0,1,1,1,1,1,2,1,0,0,3,soc12
2592,3,DÜĞME,2,0,soc,0.5065464660450255,1.0,0.5065464660450255,0.4502577568189605,0.5065464660450255,0.4497486882904317,0.5065464660450255,0.0,0.5065464660450255,1,0,0.6024496418228865,1,1,1,1,2,1,2,0,0,0,soc12
2593,3,SALÇA,3,0,soc,0.9607896067400263,1.0,0.9607896067400263,0.39963981318449615,0.7339899803853396,0.4698688344310846,0.9607896067400263,0.5065464660450255,0.9607896067400263,1,1,0.4305551680518901,1,1,1,1,2,1,2,1,1,0,soc12
2594,3,KALAS,4,0,soc,0.2900514523098188,1.0,0.2900514523098188,0.7848681123177151,0.15303327046371326,0.6260167340542221,0.2900514523098188,1.9745264268157046,0.2900514523098188,1,2,0.6850011073502573,1,1,0,1,1,0,1,0,0,7,soc12
2595,3,ODA,5,0,soc,0.7480478841854629,4.0,0.009996106051764403,0.6988648003404734,0.267475897239137,0.5297075936946232,0.009996106051764403,2.4336262382068448,0.7480478841854629,4,0,0.5580383258726966,2,1,1,1,1,2,1,1,0,3,soc12
2596,3,DUVAR,6,0,soc,0.5635340067284889,4.0,0.2413366060924659,0.6054232419229766,0.35512442540589995,0.471054467082355,0.2413366060924659,1.664974731465302,0.5635340067284889,4,1,0.5306963677888394,2,1,1,1,1,2,1,1,1,3,soc12
2597,3,ÇİÇEK,7,0,soc,0.46749925114819574,4.0,0.29767666384471936,0.5948018819416976,0.29798531029527375,0.49809707249195945,0.29767666384471936,1.3041349358189953,0.46749925114819574,4,2,0.6010878910885052,2,0,1,1,0,1,1,0,0,2,soc12
2598,3,KİTAP,8,0,soc,0.35278921307620603,3.0,0.31119885029950817,0.5983523972778937,0.24101621492219016,0.5035202216200174,0.31119885029950817,1.132755812216645,0.35278921307620603,3,4,0.5229031074554016,2,0,1,0,0,1,0,0,0,8,soc12
2599,3,LAMBA,9,1,soc,0.9823856774645168,7.0,0.2957067338444503,0.6066867763476529,0.328310067495342,0.4283571865304482,0.2957067338444503,1.5670667985782547,0.5543222271122044,3,5,0.508984379334368,2,1,1,1,2,1,2,0,0,0,soc12
2600,3,KÜÇÜK,10,1,soc,0.7185540294184415,3.0,0.2602424259120512,0.6336354729078261,0.37924335587712477,0.44248828216907665,0.2602424259120512,2.1428054479540464,0.7185540294184415,3,6,0.49081616457231925,3,1,0,1,1,0,1,0,0,7,soc12
2601,3,PARKUR,11,0,soc,0.41385861769400684,2.0,0.19396905448262136,0.587917021077129,0.2618218260371784,0.5479029565651918,0.19396905448262136,2.2890907976456045,0.41385861769400684,2,8,0.5693948060968397,3,1,1,1,1,2,1,0,0,3,soc12
2602,3,DOLAP,12,0,soc,0.934522940334041,10.0,0.5442373948670083,0.4102503269070962,0.5734546969430413,0.34735535131819706,0.5442373948670083,1.7997735591268322,0.7685736311244618,3,8,0.3924613104298279,3,1,1,1,2,1,2,1,0,0,soc12
2603,3,FIRIN,13,1,soc,0.9575447667524211,10.0,0.8174243470308453,0.46900602395075597,0.4123558928096157,0.4192301389278572,0.8174243470308453,2.635540220633861,0.8174243470308453,1,11,0.44990846322614675,3,1,1,1,2,1,2,1,1,0,soc12
2604,3,TOPRAK,14,0,soc,0.5057224384953654,7.0,0.3643275149525329,0.5778500063844623,0.26326993362987233,0.5223822649260086,0.3643275149525329,2.515850521438089,0.3969815277750878,4,9,0.5600852469306322,3,0,0,1,0,0,2,0,0,4,soc12
2605,3,KOKU,15,0,soc,0.7679684291054976,12.0,0.41498650253533254,0.5122205142617973,0.4611542174352553,0.4319962291295315,0.41498650253533254,2.1334792691154174,0.6742146260946187,2,12,0.4581654319883288,3,0,0,1,0,0,2,1,1,4,soc12
2606,3,KOLA,16,0,soc,0.8559760341270273,13.0,0.5837819369581021,0.5685789412473994,0.42508731618211365,0.48251805783277246,0.5837819369581021,3.042065487735134,0.6461368027643408,4,11,0.4736763190749975,3,0,1,1,0,1,1,0,0,2,soc12
2607,3,HALI,17,1,soc,0.751662779508489,14.0,0.22286194459119285,0.6986664213775883,0.3686344009753738,0.5148765070685764,0.22286194459119285,2.7787686839850885,0.5062073470369703,4,12,0.5402050526970542,3,0,0,1,0,0,1,0,0,5,soc12
2608,4,BAHÇE,1,0,soc,,,,0.7351177684130805,,0.45242577613073875,,0.0,1.0,0,0,1.0,1,1,1,0,1,2,0,0,0,3,soc12
2609,4,KASA,2,1,soc,0.13969437128941514,1.0,0.13969437128941514,0.5591350704848042,0.13969437128941514,0.5435257774568735,0.13969437128941514,0.0,0.13969437128941514,1,0,0.7351177684130805,1,1,1,1,2,1,1,0,0,5,soc12
2610,4,MARKET,3,0,soc,0.7216362036201042,1.0,0.7216362036201042,0.44181618584982374,0.57390141421523,0.41302612963807595,0.7216362036201042,0.13969437128941514,0.7216362036201042,1,1,0.46308382877499343,1,1,1,1,2,1,1,1,1,5,soc12
2611,4,TAHTA,4,1,soc,0.6632277689878967,1.0,0.6632277689878967,0.5257230002938265,0.530361916793601,0.41996884440544247,0.6632277689878967,1.287497199719875,0.6632277689878967,1,2,0.48626889036419707,1,1,0,1,1,0,1,0,0,0,soc12
2612,4,TERAS,5,0,soc,0.9242042644743286,4.0,0.33847580703793356,0.4859485938042287,0.5024453148478584,0.41871344988939785,0.33847580703793356,2.878582950100678,0.9242042644743286,4,0,0.4607646522760914,2,1,1,0,1,2,0,1,0,3,soc12
2613,4,ZEMİN,6,1,soc,0.7799382870425406,1.0,0.7799382870425406,0.4643943323732621,0.4580911375200836,0.438616999875581,0.7799382870425406,2.79923698801166,0.7799382870425406,1,4,0.500671682039532,2,1,1,0,1,2,0,1,1,3,soc12
2614,4,HARİTA,7,0,soc,0.41780844155107905,1.0,0.41780844155107905,0.6063344137727749,0.23683234962972607,0.56663952519478,0.41780844155107905,3.154677997844211,0.41780844155107905,1,5,0.5736493900943669,2,0,1,1,0,1,1,0,0,1,soc12
2615,4,SULUK,8,0,soc,0.5589713957306179,7.0,0.15385076133239106,0.585891707868993,0.36297489350939144,0.45711613972142273,0.15385076133239106,2.4636325637135243,0.4928065927334522,4,3,0.5176722562998488,2,0,1,0,0,1,0,0,0,2,soc12
2616,4,ÇORAP,9,0,soc,0.6705631921729135,5.0,0.4512745529905392,0.5368247202592851,0.3706858357359037,0.45683536814089654,0.4512745529905392,2.3954539343798826,0.4512745529905392,1,7,0.5806229621133886,2,1,1,1,2,1,1,0,0,5,soc12
2617,4,PARA,10,1,soc,0.60207201097775,8.0,0.46851727800669357,0.6051608002450761,0.23683491734344136,0.49748713022011315,0.46851727800669357,1.7881349005557725,0.46851727800669357,1,8,0.5685114277481618,3,1,1,1,2,1,1,1,1,5,soc12
2618,4,KALIP,11,0,soc,0.7259905593396109,2.0,0.2515410970814467,0.6390198930186108,0.4718750181879939,0.4484848626667677,0.2515410970814467,1.48258348062455,0.7259905593396109,2,8,0.4678611488835427,3,0,0,1,0,0,1,0,0,9,soc12
2619,4,MEKTUP,12,0,soc,0.3283978944831216,2.0,0.1639095942226352,0.6012914061734242,0.1595061343259205,0.5175474526774073,0.1639095942226352,2.701102045531025,0.3283978944831216,2,9,0.6097738626532042,3,0,0,1,0,0,2,0,0,7,soc12
2620,4,DERGİ,13,0,soc,0.36777367596527766,10.0,0.3551170103613303,0.676287409778792,0.1737196814774181,0.5680261514666627,0.3551170103613303,1.994740127825935,0.3551170103613303,1,11,0.6126608448394983,3,0,0,1,0,0,2,0,0,8,soc12
2621,4,HALKA,14,0,soc,0.531413672102889,2.0,0.0458795740329172,0.6693313466178812,0.27921278858951204,0.5016968506011314,0.0458795740329172,1.326176960224261,0.531413672102889,2,11,0.5515097564414642,3,0,0,1,0,0,2,1,0,7,soc12
2622,4,KUTU,15,0,soc,0.808938780912267,11.0,0.3255837512663188,0.6111311177728445,0.39624293037002156,0.47598881886312405,0.3255837512663188,1.314529975558156,0.6188865632814411,4,10,0.4615107941279144,3,1,0,1,1,0,1,0,0,0,soc12
2623,4,SİLGİ,16,1,soc,0.5408118683387342,7.0,0.21923152408049593,0.6307054451568499,0.3109328201593648,0.49945403435462876,0.21923152408049593,1.9297180947816979,0.36239623619342476,4,11,0.5363636911521206,3,0,0,1,0,0,2,1,0,8,soc12
2624,4,SIRA,17,0,soc,0.24573466174940206,3.0,0.17400912797612597,0.7190102720475051,0.1246442604244069,0.6400709396612406,0.17400912797612597,1.5976455514146735,0.24573466174940206,3,13,0.6384917575895236,3,0,1,1,0,1,1,0,0,1,soc12
2631,1,YAZI,1,1,eng,,,,0.717071494676951,,0.5547740222233802,,0.0,1.0,0,0,1.0,1,1,1,1,1,1,1,0,0,8,eng12
2632,1,BARDAK,2,1,eng,0.17840851920768158,1.0,0.17840851920768158,0.5912119943151702,0.17840851920768158,0.47525243172115195,0.17840851920768158,0.0,0.17840851920768158,1,0,0.717071494676951,1,1,1,0,1,1,0,0,0,2,eng12
2633,1,ÇANTA,3,1,eng,0.4930966381115681,1.0,0.4930966381115681,0.510277047320301,0.34595566825304813,0.49479776446227763,0.4930966381115681,0.17840851920768158,0.4930966381115681,1,1,0.5989009134163599,1,1,0,0,1,0,0,0,0,5,eng12
2634,1,KAĞIT,4,1,eng,0.7632916113080702,2.0,0.6540926245962044,0.5605323628302311,0.6291207402327916,0.4173789475121866,0.6540926245962044,0.8703198557137779,0.7632916113080702,2,1,0.4215953803534771,1,1,0,1,1,0,1,0,0,9,eng12
2635,1,KALE,5,1,eng,0.31866848640370055,3.0,0.17425219913190834,0.5776277083373254,0.23393293155182343,0.513551739392349,0.17425219913190834,2.7576820764121526,0.31866848640370055,3,1,0.5876014815255998,2,0,1,1,0,1,2,0,0,0,eng12
2636,1,PARK,6,0,eng,0.4948033738522656,1.0,0.4948033738522656,0.6182684830078489,0.2856975402994644,0.48972051982507603,0.4948033738522656,2.608327947331665,0.4948033738522656,1,4,0.5333185406918257,2,0,1,0,0,2,0,0,0,3,eng12
2637,1,SARI,7,1,eng,0.4571760663374574,3.0,0.09356134374069908,0.6961737672757407,0.26941545058218,0.5425220078142678,0.09356134374069908,2.125742342050377,0.4571760663374574,3,3,0.5727789929583147,2,1,1,0,1,1,0,0,0,2,eng12
2638,1,BİNA,8,0,eng,0.526662887280119,2.0,0.14942506978124248,0.650508368074397,0.2590552071827461,0.5009174487540168,0.14942506978124248,1.8430358575455785,0.526662887280119,2,5,0.5542247720491182,2,0,1,0,0,2,0,1,0,3,eng12
2639,1,RAKAM,9,0,eng,0.7057482398165602,8.0,0.21033660568895937,0.6594898970849459,0.21311959712695255,0.5223817718804351,0.21033660568895937,1.8057899475716797,0.21033660568895937,1,7,0.6447471606253329,2,1,1,1,1,1,1,0,0,8,eng12
2640,1,ŞİŞE,10,1,eng,0.9133266973789964,8.0,0.11727237238371083,0.5598683697894544,0.18547744938393232,0.4664911486430019,0.11727237238371083,1.1973886708238513,0.2547039051256068,2,7,0.5837960822733927,3,0,1,1,0,1,2,0,0,0,eng12
2641,1,AĞAÇ,11,1,eng,0.8790552457670859,7.0,0.6440032611822291,0.5269804534254873,0.44191618962744317,0.3814477439891957,0.6440032611822291,1.0288488285174437,0.6440032611822291,1,9,0.4684618307551701,3,1,0,1,1,0,1,0,0,9,eng12
2642,1,BEYİN,12,0,eng,0.4868718316772624,11.0,0.2947480750560708,0.5842121843943737,0.33345007378756214,0.46050827196556277,0.2947480750560708,1.9823089008552608,0.4029670298152104,3,8,0.5158925004899412,3,0,0,1,0,0,2,0,0,6,eng12
2643,1,KALEM,13,1,eng,0.7730691951070705,12.0,0.39902049243806387,0.5807730726527625,0.3550087645724342,0.47891742267719595,0.39902049243806387,2.1966297983214136,0.5024065825084536,4,8,0.5093718821354117,3,1,1,1,1,1,1,1,0,8,eng12
2644,1,KÖPEK,14,0,eng,0.7030623490479981,2.0,0.37362473772533766,0.6028602095027213,0.5460782738009018,0.45058620871523414,0.37362473772533766,2.359378852918714,0.7030623490479981,2,11,0.4047168148260294,3,0,0,1,0,0,2,1,0,6,eng12
2645,1,KABLO,15,0,eng,0.5725258870121184,12.0,0.22519771910959463,0.6233295622658241,0.36122190910000757,0.4674401148153855,0.22519771910959463,2.8949745669017815,0.5325230280922546,4,10,0.546199012652683,3,0,1,1,0,1,2,0,0,0,eng12
2646,1,ÖLÇEK,16,0,eng,0.496776122821186,7.0,0.18107530691603066,0.622483017852048,0.26018175766177193,0.5180690558756673,0.18107530691603066,2.2033457083537207,0.3264311289142347,3,12,0.5939852899075955,3,0,0,1,0,0,2,0,0,1,eng12
2647,1,KOLAY,17,1,eng,0.4734206706671342,13.0,0.28950066880510955,0.6797988844983156,0.194093405391825,0.5831988291608747,0.28950066880510955,1.5608662655816685,0.28950066880510955,1,15,0.5883744135100815,3,0,0,1,0,0,1,0,0,7,eng12
2648,1,EKRAN,18,1,eng,0.34175146148381974,3.0,0.05184751822271495,0.7921998240684738,0.14650706825252402,0.6082394940453537,0.05184751822271495,1.152198772324119,0.34175146148381974,3,14,0.6089632953259172,3,0,0,1,0,0,2,1,0,1,eng12
2649,2,GRUP,1,1,eng,,,,0.7818772128316901,,0.5144066903545177,,0.0,1.0,0,0,1.0,1,1,0,0,2,0,0,0,0,1,eng12
2650,2,KEDİ,2,1,eng,0.06384466415419943,1.0,0.06384466415419943,0.6709947620944421,0.06384466415419943,0.5830803126017009,0.06384466415419943,0.0,0.06384466415419943,1,0,0.7818772128316901,1,1,0,0,1,0,0,0,0,6,eng12
2651,2,TAŞLIK,3,1,eng,0.7116607554121873,1.0,0.7116607554121873,0.5243178250569418,0.4951534362154726,0.42028548387257414,0.7116607554121873,0.06384466415419943,0.7116607554121873,1,1,0.5001167428362708,1,1,1,1,1,1,2,0,0,2,eng12
2652,2,SPOR,4,0,eng,0.5263829283054188,3.0,0.14479414979768762,0.6700533415278631,0.23348500762403557,0.5537909990305094,0.14479414979768762,1.0541515365851446,0.5263829283054188,3,0,0.6062612599404369,1,1,0,0,2,0,0,1,0,1,eng12
2653,2,TOPLU,5,0,eng,0.3821091830560145,4.0,0.18524182394017147,0.6448777161202743,0.28759142965294837,0.5346927783458764,0.18524182394017147,1.7546065594572513,0.3821091830560145,4,0,0.5408202219342884,2,0,1,1,0,2,1,0,0,7,eng12
2654,2,TERLİK,6,0,eng,0.9044878180247089,3.0,0.33924225322331236,0.57556757717025,0.590386260395765,0.34500054393085666,0.33924225322331236,1.6539893855346544,0.9044878180247089,3,2,0.3904808845166704,2,0,1,1,0,1,1,0,0,5,eng12
2655,2,BÜYÜK,7,0,eng,0.3308774658499728,1.0,0.3308774658499728,0.6418161142695684,0.2574650948293429,0.5319057117347301,0.3308774658499728,2.447122967066221,0.3308774658499728,1,5,0.5647602025877727,2,0,1,1,0,2,1,1,0,7,eng12
2656,2,SEHPA,8,1,eng,0.8204713648780362,2.0,0.17567105967957808,0.5470582485311455,0.44156623525601535,0.3621451102931693,0.17567105967957808,1.8551890287916604,0.8204713648780362,2,5,0.5469917526312507,2,0,1,1,0,1,1,0,0,0,eng12
2657,2,TABAK,9,0,eng,0.7655858167531391,6.0,0.7168752276890751,0.5793493540468884,0.40832608467260795,0.42721925946372064,0.7168752276890751,2.1792846456470825,0.7168752276890751,1,7,0.48376108226035064,2,1,1,1,1,1,2,0,0,2,eng12
2658,2,KOLTUK,10,0,eng,0.7434975641506587,2.0,0.24766921532422653,0.6574973649353304,0.2674814452285995,0.602681843738766,0.24766921532422653,3.076262393039784,0.7434975641506587,2,7,0.571542956737306,3,0,0,1,0,0,1,0,0,3,eng12
2659,2,KAŞIK,11,0,eng,0.9312959692780304,2.0,0.21787928701493695,0.6051476378411133,0.5928391442257528,0.37348421512322805,0.21787928701493695,2.287936016699765,0.9312959692780304,2,8,0.41100047137896434,3,1,1,1,1,1,2,1,0,2,eng12
2660,2,KAPI,12,0,eng,0.8191831838889087,4.0,0.3506965628825089,0.6718131544053189,0.4476871672145265,0.4845898324472031,0.3506965628825089,3.7427334162460806,0.8191831838889087,4,7,0.494556263024827,3,0,1,1,0,1,1,1,0,0,eng12
2661,2,KISA,13,0,eng,0.5207710106964843,6.0,0.07391156028830964,0.6943498592783932,0.07590632790861278,0.6304640494149525,0.07391156028830964,2.520114577066891,0.1243362218240441,2,10,0.7357430870867674,3,0,1,1,0,2,1,0,0,7,eng12
2662,2,ELMA,14,0,eng,0.710909757728838,3.0,0.12595479262543527,0.6741615827323901,0.3044056800065833,0.5149511510641827,0.12595479262543527,1.14139073877317,0.710909757728838,3,10,0.5717212308202942,3,1,1,1,1,1,2,1,0,2,eng12
2663,2,CÜZDAN,15,0,eng,0.874047692873124,7.0,0.25288628001879576,0.553446763783993,0.40400568094650763,0.40720608550134985,0.25288628001879576,1.497658970199995,0.6996668093983431,4,10,0.45964990209854717,3,0,1,1,0,1,1,0,0,5,eng12
2664,2,DEFTER,16,0,eng,0.627572112708787,1.0,0.627572112708787,0.5307141452964828,0.3133139941783296,0.5108576819459162,0.627572112708787,1.4485584917773209,0.627572112708787,1,14,0.561868796621228,3,0,0,1,0,0,1,0,0,8,eng12
2665,2,İLAÇ,17,0,eng,0.5590760257125165,11.0,0.48588772879447206,0.6090908049097736,0.37939312011199294,0.47787742252731435,0.48588772879447206,1.5256274134223062,0.5041218058236524,2,14,0.48106819763449415,3,0,0,1,0,0,1,0,0,4,eng12
2666,3,HALI,1,1,eng,,,,0.6660443023827183,,0.5088423386452852,,0.0,1.0,0,0,1.0,1,1,0,0,1,0,0,0,0,5,eng12
2667,3,KİTAP,2,1,eng,0.31199474850576664,1.0,0.31199474850576664,0.6035167786109268,0.31199474850576664,0.5396613294708918,0.31199474850576664,0.0,0.31199474850576664,1,0,0.6660443023827183,1,1,0,0,1,0,0,0,0,8,eng12
2668,3,LAMBA,3,1,eng,0.3564879164371825,2.0,0.2957067338444503,0.43693018829340624,0.32609732514081635,0.4197402033703639,0.2957067338444503,0.31199474850576664,0.3564879164371825,2,0,0.5868637179791805,1,1,1,1,2,1,2,0,0,0,eng12
2669,3,DÜĞME,4,0,eng,0.9823856774645168,1.0,0.9823856774645168,0.4098966537966493,0.5984542881407355,0.3775610840292172,0.9823856774645168,0.9641893987873995,0.9823856774645168,1,2,0.4096968691612911,1,1,1,1,2,1,2,1,1,0,eng12
2670,3,KALAS,5,0,eng,0.20096276037223693,4.0,0.09227796764437182,0.6726138662020202,0.14799775939465007,0.5762727768769561,0.09227796764437182,2.7595522632096063,0.20096276037223693,4,0,0.6329729851982671,2,0,1,1,0,1,1,0,0,7,eng12
2671,3,DUVAR,6,0,eng,0.5635340067284889,2.0,0.22795832464146074,0.6195390044252069,0.3972247882335879,0.45064586365388104,0.22795832464146074,1.9316275583401255,0.5635340067284889,2,3,0.49029476223593405,2,0,1,1,0,2,2,0,0,3,eng12
2672,3,TOPRAK,7,0,eng,0.3025544957014579,2.0,0.2664981112240036,0.6465431841055196,0.23200650433264194,0.5163940009178747,0.2664981112240036,2.599312157482001,0.3025544957014579,2,4,0.582690703362797,2,0,1,1,0,1,1,0,0,4,eng12
2673,3,PARKUR,8,0,eng,0.41385861769400684,5.0,0.1075101025382844,0.6715747461785437,0.27212568326269426,0.5269261107671557,0.1075101025382844,1.6012860057612128,0.3522377483465875,4,3,0.5724873169704557,2,0,1,1,0,2,2,1,0,3,eng12
2674,3,SALÇA,9,0,eng,0.9607896067400263,5.0,0.2577027320836103,0.5077151112540275,0.4598041236933518,0.31464944525760474,0.2577027320836103,1.3915429818397993,0.44545718329862005,3,5,0.5041912059246192,2,1,1,1,2,1,2,0,0,0,eng12
2675,3,DOLAP,10,0,eng,0.934522940334041,6.0,0.7797495872476483,0.5013157456810424,0.46171752987696946,0.3606162213818348,0.7797495872476483,1.6842356652355552,0.7797495872476483,1,8,0.41792234273711104,3,1,1,1,2,1,2,1,1,0,eng12
2676,3,ÇİÇEK,11,0,eng,0.5057224384953654,4.0,0.4722767057524929,0.6210847990171195,0.3757185170180716,0.4456399162191771,0.4722767057524929,2.2300686563187213,0.5057224384953654,4,6,0.49451985835419565,3,0,0,1,0,0,2,0,0,2,eng12
2677,3,FIRIN,12,0,eng,0.9575447667524211,3.0,0.2060818336762552,0.5849710612902144,0.4899018353182628,0.42524294264891604,0.2060818336762552,2.65688319694854,0.9575447667524211,3,8,0.45547998108609933,3,1,1,1,2,1,2,1,0,0,eng12
2678,3,YATAK,13,0,eng,0.6552667645315771,3.0,0.42592524188505293,0.5656831794833461,0.44286645446781164,0.42159352899584657,0.42592524188505293,3.7005764916078587,0.6552667645315771,3,9,0.514471423813783,3,0,1,1,0,2,2,0,0,3,eng12
2679,3,KOLA,14,0,eng,0.8559760341270273,5.0,0.36673461501528926,0.5319232297282868,0.6029638734526479,0.4502937047660702,0.36673461501528926,2.7924652908379426,0.6641148065340642,3,10,0.4459530019468979,3,0,0,1,0,0,2,1,0,2,eng12
2680,3,KÜÇÜK,15,0,eng,0.7185540294184415,4.0,0.5828482985109196,0.5225441850232975,0.5008238005149167,0.43934181830211083,0.5828482985109196,2.360204003894899,0.7185540294184415,4,10,0.44702515743270144,3,0,1,1,0,1,1,0,0,7,eng12
2681,3,KOKU,16,1,eng,0.7679684291054976,7.0,0.483801849303868,0.6232622592787179,0.499138322373757,0.46540223589782914,0.483801849303868,2.6054228423252903,0.6742146260946187,4,11,0.4622668706942189,3,0,1,1,0,1,1,0,0,4,eng12
2682,3,ODA,17,1,eng,0.7480478841854629,4.0,0.17160209273526855,0.7200819082107082,0.2928874287226779,0.5485670522060969,0.17160209273526855,2.5972667059765513,0.7480478841854629,4,12,0.5479117390534562,3,0,1,1,0,2,2,1,0,3,eng12
2683,4,SIRA,1,1,eng,,,,0.6898610462407431,,0.6243204246764411,,0.0,1.0,0,0,1.0,1,1,0,1,1,0,1,0,0,1,eng12
2684,4,HALKA,2,1,eng,0.24573466174940206,1.0,0.24573466174940206,0.6284872723980637,0.24573466174940206,0.5392922634772741,0.24573466174940206,0.0,0.24573466174940206,1,0,0.6898610462407431,1,1,1,0,1,1,0,0,0,7,eng12
2685,4,SİLGİ,3,1,eng,0.2994713075355786,1.0,0.2994713075355786,0.556172499282729,0.2367402177558523,0.481364212373502,0.2994713075355786,0.24573466174940206,0.2994713075355786,1,1,0.6305255846348508,1,1,1,0,1,1,0,0,0,8,eng12
2686,4,ÇORAP,4,1,eng,0.5408118683387342,1.0,0.5408118683387342,0.5330049057823436,0.2810569637289863,0.49417016413583936,0.5408118683387342,0.7192150972611067,0.5408118683387342,1,2,0.6353123783630402,1,1,1,0,1,3,0,0,0,5,eng12
2687,4,KASA,5,0,eng,0.5221174508039267,1.0,0.5221174508039267,0.5038951173222656,0.2970428932971457,0.4733653330928056,0.5221174508039267,1.5623859884480655,0.5221174508039267,1,3,0.5636656161774714,2,1,1,0,1,3,0,1,1,5,eng12
2688,4,PARA,6,0,eng,0.60207201097775,1.0,0.60207201097775,0.5462929286825076,0.4183173439555497,0.4422638288993258,0.60207201097775,2.173924818306151,0.60207201097775,1,4,0.45683143033482854,2,1,1,0,1,3,0,1,1,5,eng12
2689,4,DERGİ,7,0,eng,0.31332055457462793,4.0,0.14720529265446836,0.6367926811463792,0.14961124312409943,0.5613338000682975,0.14720529265446836,2.879982083010626,0.31332055457462793,4,2,0.6457247686227281,2,1,1,0,1,1,0,1,0,8,eng12
2690,4,MARKET,8,0,eng,0.7216362036201042,3.0,0.36777367596527766,0.6186391012261405,0.46916385530074145,0.39921332503056295,0.36777367596527766,1.9815628268013223,0.7216362036201042,3,4,0.4258533675977805,2,1,1,0,1,3,0,1,0,5,eng12
2691,4,MEKTUP,9,0,eng,0.531413672102889,7.0,0.14360736451266068,0.694818528308883,0.20135660484502518,0.5540113869139824,0.14360736451266068,2.3965327280818793,0.3551170103613303,2,6,0.5825736691380827,2,1,1,0,1,1,0,0,0,7,eng12
2692,4,HARİTA,10,0,eng,0.20908895245117776,7.0,0.06883563012778018,0.664097692248871,0.1194898538998993,0.5582856768338536,0.06883563012778018,1.7961497894954601,0.15606522192556957,2,7,0.6402096349851771,3,1,0,1,1,0,1,0,0,1,eng12
2693,4,TAHTA,11,0,eng,0.6705631921729135,7.0,0.28506620294828056,0.5258126679327808,0.33297852770207986,0.40101863472767163,0.28506620294828056,1.2225450302014031,0.6632277689878967,3,7,0.5000636627923922,3,0,0,1,0,0,2,0,0,0,eng12
2694,4,BAHÇE,12,0,eng,0.5990619609063522,1.0,0.5990619609063522,0.4957767380232898,0.2718058124943731,0.4472850022518845,0.5990619609063522,1.5751259823548072,0.5990619609063522,1,10,0.5368140285984278,3,0,0,1,0,0,3,0,0,3,eng12
2695,4,SULUK,13,0,eng,0.5589713957306179,1.0,0.5589713957306179,0.534314543248683,0.34385196596946044,0.4493745812607076,0.5589713957306179,1.423132573106785,0.5589713957306179,1,11,0.5047908746908574,3,0,0,1,0,0,1,0,0,2,eng12
2696,4,KUTU,14,0,eng,0.808938780912267,3.0,0.3745700558963594,0.6107674693367642,0.44670984918223955,0.43079402543675605,0.3745700558963594,2.2131625424179893,0.808938780912267,3,10,0.445823056021716,3,0,0,1,0,0,2,1,0,0,eng12
2697,4,TERAS,15,0,eng,0.9242042644743286,3.0,0.2096698121444681,0.5214616540443575,0.411129483160373,0.443058945375573,0.2096698121444681,3.1422454306118657,0.9242042644743286,3,11,0.4771662628487575,3,0,0,1,0,0,3,1,0,3,eng12
2698,4,ZEMİN,16,1,eng,0.7799382870425406,1.0,0.7799382870425406,0.44517658061810284,0.4868281107652853,0.43840923018971567,0.7799382870425406,2.749343141903765,0.7799382870425406,1,14,0.4653666656039851,3,0,0,1,0,0,3,1,1,3,eng12
2699,4,KALIP,17,0,eng,0.7259905593396109,13.0,0.5305487251469482,0.5946939951277503,0.4217408829395569,0.4825245376222326,0.5305487251469482,2.5037936695326604,0.6188865632814411,3,13,0.4673747704197365,3,0,0,1,0,0,1,0,0,9,eng12
2706,1,RAKAM,1,1,soc,,,,0.7468648710518528,,0.5295611296267284,,0.0,1.0,0,0,1.0,1,1,0,1,2,0,1,0,0,8,soc11
2707,1,ŞİŞE,2,1,soc,0.11727237238371083,1.0,0.11727237238371083,0.6557730681408189,0.11727237238371083,0.5009108192793829,0.11727237238371083,0.0,0.11727237238371083,1,0,0.7468648710518528,1,1,1,1,1,1,1,0,0,0,soc11
2708,1,PARK,3,1,soc,0.1888897550122847,1.0,0.1888897550122847,0.6444140716017464,0.1371507169906196,0.5569689152252018,0.1888897550122847,0.11727237238371083,0.1888897550122847,1,1,0.6678990199485875,1,1,0,1,1,0,1,0,0,3,soc11
2709,1,KALEM,4,1,soc,0.5024065825084536,3.0,0.18130720017977525,0.6589334166335081,0.29451405259181757,0.47943876260502183,0.18130720017977525,0.39157380636495,0.5024065825084536,3,0,0.558990797628932,1,1,0,1,2,0,1,1,0,8,soc11
2710,1,KOLAY,5,0,soc,0.28238371705315357,4.0,0.09708840487306382,0.6829180611759841,0.13926518501688587,0.5735935844528255,0.09708840487306382,1.2751159641404028,0.28238371705315357,4,0,0.6346248033140383,2,0,1,0,0,1,0,0,0,7,soc11
2711,1,BEYİN,6,1,soc,0.4029670298152104,5.0,0.18410154805952028,0.6041676748078492,0.3290878455939067,0.47703882914778395,0.18410154805952028,0.8447023532936737,0.39902049243806387,2,3,0.5038429595404941,2,0,1,1,0,1,1,0,0,6,soc11
2712,1,BARDAK,7,1,soc,0.9133266973789964,5.0,0.4806540371260736,0.5641727382581956,0.45212291240315466,0.3949142609203211,0.4806540371260736,1.171128437236202,0.4806540371260736,1,5,0.5069153280336219,2,0,1,1,0,1,1,0,0,2,soc11
2713,1,KALE,8,1,soc,0.5201944127892401,4.0,0.31866848640370055,0.6245183069234759,0.360986887716114,0.484262902179321,0.31866848640370055,1.8653262200846643,0.5201944127892401,4,3,0.5252931089891917,2,1,1,1,1,1,1,0,0,0,soc11
2714,1,AĞAÇ,9,0,soc,0.7102854000778898,2.0,0.26878636607219825,0.46787222395123973,0.3791819932710272,0.3887374951665301,0.26878636607219825,1.8229929029962122,0.7102854000778898,2,6,0.5158612187250071,2,0,1,1,0,1,1,0,0,9,soc11
2715,1,KAĞIT,10,0,soc,0.8790552457670859,1.0,0.8790552457670859,0.469389343242548,0.5428395902593188,0.3937366158434964,0.8790552457670859,2.4463072947085904,0.8790552457670859,1,8,0.4238707808830201,3,0,1,1,0,1,1,1,1,9,soc11
2716,1,KABLO,11,0,soc,0.5459483882654621,9.0,0.31861719282235945,0.6214211460622281,0.3226982207244823,0.5117554721399733,0.31861719282235945,3.114339308760853,0.5325230280922546,2,8,0.5193949523499686,3,1,1,1,1,1,1,1,0,0,soc11
2717,1,ÖLÇEK,12,0,soc,0.496776122821186,11.0,0.18107530691603066,0.5854343422502322,0.3006900317517839,0.49687915995136533,0.18107530691603066,2.5020087879561554,0.462612321243832,3,8,0.5353731987393118,3,0,0,1,0,0,2,0,0,1,soc11
2718,1,YAZI,13,0,soc,0.7730691951070705,9.0,0.4406669826465497,0.563416599041962,0.3423251086082858,0.5024014754813573,0.4406669826465497,2.7407450348050326,0.4699779847941003,3,9,0.5259048583178364,3,1,0,1,2,0,1,0,0,8,soc11
2719,1,KÖPEK,14,1,soc,0.7030623490479981,8.0,0.22948143705468504,0.6010080395454961,0.3543929982744606,0.4833433237946372,0.22948143705468504,1.9647973941385672,0.5652011362224488,4,9,0.5625990095513361,3,0,1,1,0,1,1,0,0,6,soc11
2720,1,BİNA,15,1,soc,0.526662887280119,12.0,0.30788651392414,0.6294949094254638,0.259060341769999,0.5235628655121407,0.30788651392414,1.32066810499487,0.32746373475713425,4,10,0.5410373788675835,3,1,0,1,1,0,1,0,0,3,soc11
2721,1,SARI,16,0,soc,0.4571760663374574,6.0,0.14942506978124248,0.6984777698864456,0.12290865645621137,0.6092372355204012,0.14942506978124248,1.4932347328911182,0.14942506978124248,1,14,0.621624086184671,3,0,1,1,0,1,1,0,0,2,soc11
2722,1,EKRAN,17,1,soc,0.34175146148381974,6.0,0.04953042631819528,0.7312024178713781,0.10440975727455151,0.6275453561444593,0.04953042631819528,1.1356675474547977,0.11523388533427606,4,12,0.6587578792005659,3,0,0,1,0,0,2,0,0,1,soc11
2723,1,ÇANTA,18,0,soc,0.7290655094278011,16.0,0.07316413466278651,0.7747058208957828,0.2250528496904624,0.5489979561100338,0.07316413466278651,0.8312125948484199,0.4944838721428647,4,13,0.5668126408761467,3,0,0,1,0,0,1,0,0,5,soc11
2724,2,KOLTUK,1,0,soc,,,,0.6846190554587736,,0.6232663605445576,,0.0,1.0,0,0,1.0,1,1,0,0,1,0,0,0,0,3,soc11
2725,2,TERLİK,2,0,soc,0.2597987541429509,1.0,0.2597987541429509,0.5639536389385323,0.2597987541429509,0.39546776362776515,0.2597987541429509,0.0,0.2597987541429509,1,0,0.6846190554587736,1,1,1,0,1,1,0,0,0,5,soc11
2726,2,ELMA,3,0,soc,0.4192738136834496,1.0,0.4192738136834496,0.5227308835699003,0.26208572885896386,0.5088224444968718,0.4192738136834496,0.2597987541429509,0.4192738136834496,1,1,0.6473521021029105,1,1,1,1,1,2,1,0,0,2,soc11
2727,2,KEDİ,4,0,soc,0.6789120984624636,2.0,0.6297280067709563,0.512088790945397,0.5205990067487779,0.43913575742469,0.6297280067709563,0.7839702118608787,0.6789120984624636,2,1,0.4646010359936569,1,1,0,0,1,0,0,0,0,6,soc11
2728,2,TOPLU,5,0,soc,0.33924225322331236,3.0,0.23672253868890353,0.6437933080392735,0.16006944993826003,0.5634324163336635,0.23672253868890353,2.3457672321072125,0.33924225322331236,3,1,0.6644309793942458,2,0,1,1,0,1,2,0,0,7,soc11
2729,2,TABAK,6,0,soc,0.696091259952675,4.0,0.18539221341681766,0.6127956743085992,0.41125014289880185,0.4211369431069192,0.18539221341681766,2.3496969610105283,0.696091259952675,4,1,0.4859770132833897,2,1,1,1,1,2,1,1,0,2,soc11
2730,2,CÜZDAN,7,0,soc,0.8193907759305923,5.0,0.5042465281180626,0.5071743656350083,0.5196976702365612,0.4291973106778536,0.5042465281180626,2.0247590348584104,0.6472935879145645,3,3,0.47345557809922767,2,1,1,0,1,1,0,0,0,5,soc11
2731,2,TAŞLIK,8,0,soc,0.9044878180247089,6.0,0.7680447986436185,0.5501299276958238,0.6279892620298074,0.38712244049180133,0.7680447986436185,2.407007942346123,0.7680447986436185,1,6,0.39074698894104654,2,1,1,1,1,2,1,1,0,2,soc11
2732,2,GRUP,9,0,soc,0.502224383114703,7.0,0.27864611701875786,0.6225241385137108,0.2367117602366117,0.5211851350816303,0.27864611701875786,2.9442327090591327,0.3821091830560145,4,4,0.5551035803143834,2,0,1,1,0,1,1,0,0,1,soc11
2733,2,İLAÇ,10,0,soc,0.5590760257125165,8.0,0.3015448201060412,0.5720180704920604,0.34936662244431904,0.48087515339304054,0.3015448201060412,2.775482097487665,0.5041218058236524,3,6,0.5210611464966342,3,0,0,1,0,0,1,0,0,4,soc11
2734,2,BÜYÜK,11,0,soc,0.42755153538344653,1.0,0.42755153538344653,0.5272506582477597,0.3130777267719097,0.46600086224515846,0.42755153538344653,2.3933102976892986,0.42755153538344653,1,9,0.5483489063441205,3,0,1,1,0,1,2,0,0,7,soc11
2735,2,KISA,12,0,soc,0.5207710106964843,1.0,0.5207710106964843,0.5848040671929162,0.30268059593552865,0.5593448049501297,0.5207710106964843,1.9251742762926536,0.5207710106964843,1,10,0.5293932263170958,3,0,1,1,0,1,2,1,1,7,soc11
2736,2,KAŞIK,13,0,soc,0.9312959692780304,7.0,0.1243362218240441,0.6143333445926522,0.37983415878656734,0.45633357620414516,0.1243362218240441,2.0550452552377902,0.4344606358040247,3,9,0.5639631143002131,3,1,1,1,1,2,1,0,0,2,soc11
2737,2,KAPI,14,0,soc,0.6693976666138138,6.0,0.3506965628825089,0.6817159598051009,0.25989810917313194,0.5200027913053995,0.3506965628825089,2.118044319175072,0.3506965628825089,1,12,0.5967058725579294,3,0,0,1,0,0,2,0,0,0,soc11
2738,2,SPOR,15,0,soc,0.5270647491536371,13.0,0.05391813730817713,0.729854570366488,0.13382477786866182,0.626779390091164,0.05391813730817713,1.6403821643855727,0.26721085646330167,4,10,0.6504557451097135,3,0,1,1,0,1,1,0,0,1,soc11
2739,2,DEFTER,16,1,soc,0.627572112708787,9.0,0.09651783689816874,0.6467790704776992,0.2132977846334297,0.5462707056998319,0.09651783689816874,0.8344107466201793,0.39321858833781304,3,12,0.5752986842473615,3,0,0,1,0,0,1,0,0,8,soc11
2740,2,SEHPA,17,1,soc,0.8855161527891529,4.0,0.4945097639935926,0.606321632265274,0.4772138450522278,0.4234195584578738,0.4945097639935926,1.3316060456745318,0.8855161527891529,4,12,0.3938370525113466,3,0,0,1,0,0,2,1,0,0,soc11
2741,3,PARKUR,1,1,soc,,,,0.7543684561233153,,0.5668384548243515,,0.0,1.0,0,0,1.0,1,1,1,1,2,1,1,0,0,3,soc11
2742,3,FIRIN,2,1,soc,0.10413071417925948,1.0,0.10413071417925948,0.5333028437732125,0.10413071417925948,0.4734146432399844,0.10413071417925948,0.0,0.10413071417925948,1,0,0.7543684561233153,1,1,1,1,2,1,2,0,0,0,soc11
2743,3,DOLAP,3,0,soc,0.8174243470308453,1.0,0.8174243470308453,0.4655070900800158,0.6808308709489268,0.3760646509135259,0.8174243470308453,0.10413071417925948,0.8174243470308453,1,1,0.4102503269070962,1,1,1,1,2,1,2,1,1,0,soc11
2744,3,ODA,4,1,soc,0.4934739458063485,1.0,0.4934739458063485,0.6221760747052654,0.3025306113459983,0.5821242070529105,0.4934739458063485,1.465792456077113,0.4934739458063485,1,2,0.5847064917143585,1,1,1,1,2,1,1,1,0,3,soc11
2745,3,SALÇA,5,0,soc,0.9575447667524211,3.0,0.08933526342486525,0.6819152693660564,0.5210830873771363,0.3689404313247049,0.08933526342486525,2.373384290115108,0.9575447667524211,3,1,0.4720607129918123,2,1,1,1,2,1,2,1,0,0,soc11
2746,3,KALAS,6,0,soc,0.2900514523098188,1.0,0.2900514523098188,0.6359719380727675,0.1558787755028932,0.5954637504449344,0.2900514523098188,3.3412918680044763,0.2900514523098188,1,4,0.7118577484255714,2,0,1,1,0,1,1,0,0,7,soc11
2747,3,DUVAR,7,0,soc,0.7200170034852962,4.0,0.22795832464146074,0.6195390044252069,0.39165095427064556,0.45724249417707796,0.22795832464146074,1.731340823077853,0.7200170034852962,4,2,0.5163349812738345,2,1,1,1,2,1,1,1,0,3,soc11
2748,3,TOPRAK,8,0,soc,0.3643275149525329,6.0,0.2664981112240036,0.6187312023006589,0.25615632344230327,0.5130134184198003,0.2664981112240036,1.304134935818995,0.3450196440346835,3,4,0.5664709725490837,2,0,1,1,0,1,1,0,0,4,soc11
2749,3,HALI,9,0,soc,0.751662779508489,4.0,0.2465664018231593,0.5934222445532261,0.3305808910760991,0.47939479912602534,0.2465664018231593,1.8775392112100446,0.751662779508489,4,4,0.5163712152958132,2,0,1,0,0,1,0,0,0,5,soc11
2750,3,LAMBA,10,1,soc,0.8145371713165205,5.0,0.3564879164371825,0.5868637179791805,0.4311725192185671,0.40506128196384683,0.3564879164371825,1.5721565746757167,0.5543222271122044,3,6,0.509474343803453,3,1,1,1,2,1,2,0,0,0,soc11
2751,3,KİTAP,11,0,soc,0.6275266564175318,8.0,0.2957067338444503,0.5983523972778937,0.24622924547479727,0.5394633182811941,0.2957067338444503,2.0031724648459175,0.3126929017723875,4,6,0.548783476918318,3,0,0,1,0,0,1,0,0,8,soc11
2752,3,ÇİÇEK,12,0,soc,0.5057224384953654,4.0,0.31119885029950817,0.6023589293147031,0.3463759536077657,0.43700874275566337,0.31119885029950817,1.653272615526877,0.5057224384953654,4,7,0.5171951494187539,3,0,0,1,0,0,2,0,0,2,soc11
2753,3,YATAK,13,0,soc,0.7480478841854629,9.0,0.21549039796171957,0.6393849027215192,0.3069321510411858,0.48950648677141073,0.21549039796171957,1.8926700644861432,0.5074386632811121,4,8,0.5239544498729765,3,1,1,1,2,1,1,0,0,3,soc11
2754,3,KOKU,14,0,soc,0.7679684291054976,9.0,0.23347234242150494,0.5666737612583987,0.38729973014622104,0.4401953528483413,0.23347234242150494,1.7846514744444542,0.6665352563848626,4,9,0.4900544136909245,3,0,1,1,0,1,1,0,0,4,soc11
2755,3,KOLA,15,0,soc,0.8559760341270273,10.0,0.5837819369581021,0.4673095494093621,0.4618197148709339,0.4126237384059447,0.5837819369581021,1.60654209016908,0.6641148065340642,3,11,0.4778226754658299,3,0,0,1,0,0,2,1,0,2,soc11
2756,3,DÜĞME,16,0,soc,0.9823856774645168,6.0,0.8477058793990766,0.4558932898817959,0.5372192086495723,0.39946216197561724,0.8477058793990766,2.584014955981372,0.8477058793990766,1,14,0.40383215152055985,3,1,1,1,2,1,2,0,0,0,soc11
2757,3,KÜÇÜK,17,0,soc,0.7185540294184415,5.0,0.4910668091193048,0.6074279181639886,0.5245797300238804,0.4371593683157179,0.4910668091193048,3.2386155429207433,0.5828482985109196,2,14,0.48228433505362456,3,0,1,1,0,1,1,0,0,7,soc11
2758,4,HARİTA,1,0,soc,,,,0.6754738231208239,,0.6278838768670068,,0.0,1.0,0,0,1.0,1,1,0,0,2,0,0,0,0,1,soc11
2759,4,TAHTA,2,0,soc,0.28506620294828056,1.0,0.28506620294828056,0.6646698253333684,0.28506620294828056,0.5099220247919606,0.28506620294828056,0.0,0.28506620294828056,1,0,0.6754738231208239,1,1,0,1,1,0,1,0,0,0,soc11
2760,4,SIRA,3,0,soc,0.08792184239253005,2.0,0.07621290747252103,0.6773828901395419,0.08206737493252554,0.6093309085537986,0.07621290747252103,0.28506620294828056,0.08792184239253005,2,0,0.7154175052333034,1,1,0,0,2,0,0,1,0,1,soc11
2761,4,PARA,4,0,soc,0.2557476057021561,2.0,0.19244542870888942,0.5987871454921565,0.19121333524822223,0.44939607009908356,0.19244542870888942,0.4492009528133316,0.2557476057021561,2,1,0.6007400880820084,1,1,1,0,1,3,0,0,0,5,soc11
2762,4,ÇORAP,5,0,soc,0.6705631921729135,3.0,0.46851727800669357,0.5435372835167827,0.30003411378975764,0.4685354131295728,0.46851727800669357,1.0228409585579985,0.6705631921729135,3,1,0.5684592509990194,2,1,1,0,1,3,0,1,1,5,soc11
2763,4,SİLGİ,6,0,soc,0.5408118683387342,1.0,0.5408118683387342,0.556172499282729,0.35152747566214576,0.46872483996897163,0.5408118683387342,1.7066146231490609,0.5408118683387342,1,4,0.5026938555739093,2,0,1,1,0,1,1,0,0,8,soc11
2764,4,HALKA,7,0,soc,0.42133583163229127,3.0,0.2994713075355786,0.6467360023055304,0.30058601922578465,0.502233431374813,0.2994713075355786,1.8261280845684549,0.42133583163229127,3,3,0.5308724437482562,2,0,1,1,0,1,1,0,0,7,soc11
2765,4,KASA,8,0,soc,0.60207201097775,4.0,0.21304607543417697,0.5363234557421552,0.3580487168332666,0.467748306173541,0.21304607543417697,2.3965832677277596,0.60207201097775,4,3,0.491678510637928,2,1,1,0,1,3,0,1,0,5,soc11
2766,4,MARKET,9,0,soc,0.7216362036201042,1.0,0.7216362036201042,0.4626864364439871,0.4574853591294715,0.4021400822942617,0.7216362036201042,2.173924818306151,0.7216362036201042,1,7,0.4497163737376343,2,1,1,0,1,3,0,1,1,5,soc11
2767,4,ZEMİN,10,1,soc,0.44897899543936426,1.0,0.44897899543936426,0.5366473616109529,0.30519929263640594,0.4778278696066719,0.44897899543936426,2.102650362066031,0.44897899543936426,1,8,0.554775152185233,3,0,0,1,0,0,3,0,0,3,soc11
2768,4,SULUK,11,1,soc,0.4928065927334522,9.0,0.4605589123087372,0.5217917344763523,0.2674342661232243,0.48906263164162844,0.4605589123087372,2.2386175682561604,0.4605589123087372,1,9,0.5764819918022623,3,0,0,1,0,0,1,0,0,2,soc11
2769,4,BAHÇE,12,1,soc,0.5990619609063522,10.0,0.5589713957306179,0.5657806462427197,0.3413805888697809,0.47055575090983215,0.5589713957306179,2.2975664022856734,0.5589713957306179,1,10,0.5270982154994439,3,0,0,1,0,0,3,1,0,3,soc11
2770,4,KUTU,13,0,soc,0.808938780912267,11.0,0.3078966444328167,0.5614905324252201,0.32374691427137015,0.4543514737927442,0.3078966444328167,2.6838436195823157,0.3745700558963594,2,10,0.5415880525295289,3,1,0,1,1,0,1,0,0,0,soc11
2771,4,DERGİ,14,0,soc,0.3941588399247352,1.0,0.3941588399247352,0.5642586968016585,0.24351834040333173,0.5476713711432333,0.3941588399247352,2.462563100629951,0.3941588399247352,1,12,0.5882736396900086,3,0,1,1,0,1,1,0,0,8,soc11
2772,4,MEKTUP,15,0,soc,0.531413672102889,8.0,0.3551170103613303,0.65046988900724,0.21784145341027186,0.5777740495919925,0.3551170103613303,1.9059686594051612,0.3551170103613303,1,13,0.5743214266767435,3,0,1,1,0,1,1,0,0,7,soc11
2773,4,TERAS,16,0,soc,0.9242042644743286,4.0,0.039401458193120256,0.6905625998089517,0.33885713910334,0.5057504220681719,0.039401458193120256,1.5451325898006518,0.9242042644743286,4,11,0.5246975657231774,3,0,0,1,0,0,3,1,0,3,soc11
2774,4,KALIP,17,0,soc,0.7259905593396109,12.0,0.19912885118227577,0.7082467423175942,0.256771788029953,0.5406761097653516,0.19912885118227577,1.42289155919677,0.6188865632814411,4,12,0.5484504658840145,3,0,0,1,0,0,1,0,0,9,soc11
2781,1,YAZI,1,1,eng,,,,0.6087746272108101,,0.48996020949529384,,0.0,1.0,0,0,1.0,1,1,1,1,1,1,1,0,0,8,eng11
2782,1,BEYİN,2,1,eng,0.4868718316772624,1.0,0.4868718316772624,0.5881349458190173,0.4868718316772624,0.453640591903387,0.4868718316772624,0.0,0.4868718316772624,1,0,0.6087746272108101,1,1,1,0,1,1,0,0,0,6,eng11
2783,1,EKRAN,3,1,eng,0.13256015992885034,1.0,0.13256015992885034,0.7076545947395554,0.1238970226315632,0.6442932007256155,0.13256015992885034,0.4868718316772624,0.13256015992885034,1,1,0.6944212622514796,1,1,0,1,1,0,1,0,0,1,eng11
2784,1,PARK,4,0,eng,0.2666543944223026,2.0,0.06923379954979036,0.6820243678404572,0.16991089166820092,0.5485956487028549,0.06923379954979036,0.7346658769403889,0.2666543944223026,2,1,0.6314363756935842,1,1,0,1,1,0,1,0,0,3,eng11
2785,1,KALEM,5,0,eng,0.7730691951070705,4.0,0.18130720017977525,0.6175202508007334,0.3609233435350808,0.4491809329643133,0.18130720017977525,1.2443985519449914,0.7730691951070705,4,0,0.4974188734295708,2,1,1,1,1,1,1,1,0,8,eng11
2786,1,KÖPEK,6,1,eng,0.7030623490479981,4.0,0.37362473772533766,0.6220873209744184,0.3376143452955006,0.46513075834733064,0.37362473772533766,1.1390725329341962,0.7030623490479981,4,1,0.5057725735796885,2,1,1,0,1,1,0,1,0,6,eng11
2787,1,SARI,7,0,eng,0.282269608051793,2.0,0.14680488547655493,0.6878726576218763,0.1661357090989582,0.5750661387823919,0.14680488547655493,1.096365426519799,0.282269608051793,2,4,0.6212560386704407,2,0,1,1,0,1,1,0,0,2,eng11
2788,1,ÇANTA,8,0,eng,0.4944838721428647,2.0,0.11639794162589923,0.552492888611931,0.27855695672694625,0.4480688663314776,0.11639794162589923,1.3905498780549694,0.4944838721428647,2,5,0.5194446397622122,2,0,1,0,0,1,0,0,0,5,eng11
2789,1,ŞİŞE,9,0,eng,0.7290655094278011,1.0,0.7290655094278011,0.4785492552139027,0.383406573761593,0.46667490614256635,0.7290655094278011,1.7819418691529445,0.7290655094278011,1,7,0.48440599322501643,2,0,1,1,0,1,2,0,0,0,eng11
2790,1,KABLO,10,0,eng,0.5725258870121184,2.0,0.5459483882654621,0.5614765601513496,0.362754051332675,0.48861647643379347,0.5459483882654621,2.286001437953775,0.5725258870121184,2,7,0.5326866303656748,3,0,1,1,0,1,2,1,1,0,eng11
2791,1,ÖLÇEK,11,0,eng,0.4406669826465497,10.0,0.18107530691603066,0.622483017852048,0.1273221711191141,0.5327707584817221,0.18107530691603066,2.20126707813701,0.19672750050227128,2,8,0.6248496631899672,3,1,0,1,1,0,1,0,0,1,eng11
2792,1,KOLAY,12,0,eng,0.28950066880510955,1.0,0.28950066880510955,0.6110727428122276,0.20738873720685924,0.5299118511003268,0.28950066880510955,2.3234920720055623,0.28950066880510955,1,10,0.588711199754241,3,0,0,1,0,0,1,0,0,7,eng11
2793,1,RAKAM,13,0,eng,0.7057482398165602,12.0,0.28238371705315357,0.6735873727240306,0.23178176183930477,0.5284325315738047,0.28238371705315357,1.555730690437802,0.496776122821186,2,10,0.5776733546881434,3,1,1,1,1,1,1,0,0,8,eng11
2794,1,KALE,14,0,eng,0.5201944127892401,9.0,0.04510067835094734,0.7103220083070924,0.19496305637291872,0.55301051607258,0.04510067835094734,1.532154890718337,0.328774756070349,4,9,0.593037875495319,3,0,1,1,0,1,2,1,0,0,eng11
2795,1,KAĞIT,15,0,eng,0.6893193775666414,10.0,0.17425219913190834,0.5677957740981798,0.38518198796937936,0.40224466698011363,0.17425219913190834,1.5132996102496818,0.5927579372620249,2,12,0.4840987139796642,3,0,0,1,0,0,2,0,0,9,eng11
2796,1,BARDAK,16,0,eng,0.9133266973789964,7.0,0.7632916113080702,0.4573700183896434,0.3835838622997013,0.45154352964507805,0.7632916113080702,1.6660184380278749,0.7632916113080702,1,14,0.45766555818373666,3,0,1,1,0,1,1,0,0,2,eng11
2797,1,AĞAÇ,17,0,eng,0.8790552457670859,2.0,0.7102854000778898,0.5065988385364097,0.47921550955904363,0.41426881882167077,0.7102854000778898,2.170264057392825,0.8790552457670859,2,14,0.41521140337946116,3,0,0,1,0,0,2,1,0,9,eng11
2798,1,BİNA,18,0,eng,0.526662887280119,14.0,0.41104945982499863,0.6331389474105387,0.22576481100843745,0.5708533491317247,0.41104945982499863,3.114339308760853,0.41104945982499863,1,16,0.5901035236327506,3,1,0,1,1,0,1,0,0,3,eng11
2799,2,KAPI,1,1,eng,,,,0.5548506445745706,,0.5340327141440137,,0.0,1.0,0,0,1.0,1,1,0,0,2,0,0,0,0,0,eng11
2800,2,CÜZDAN,2,0,eng,0.6490652151450355,1.0,0.6490652151450355,0.5336522442483768,0.6490652151450355,0.39515266946812877,0.6490652151450355,0.0,0.6490652151450355,1,0,0.5548506445745706,1,1,1,0,1,1,0,0,0,5,eng11
2801,2,SPOR,3,0,eng,0.1563360266248111,1.0,0.1563360266248111,0.7053649782433628,0.10512708196649412,0.6257298008920522,0.1563360266248111,0.6490652151450355,0.1563360266248111,1,1,0.7388345207683046,1,1,1,0,1,1,0,0,0,1,eng11
2802,2,SEHPA,4,1,eng,0.874047692873124,2.0,0.10302136975117399,0.6389717113413556,0.5987507488377355,0.39711868457497845,0.10302136975117399,0.8593193790780236,0.874047692873124,2,1,0.43818376550349625,1,1,0,0,2,0,0,1,0,0,eng11
2803,2,ELMA,5,0,eng,0.25288628001879576,3.0,0.24475417417886924,0.6089768639247071,0.16088668070296264,0.611749322009498,0.24475417417886924,2.6555716255912305,0.25288628001879576,3,1,0.6558367509401681,2,0,1,1,0,1,3,0,0,2,eng11
2804,2,TERLİK,6,0,eng,0.8204713648780362,2.0,0.4192738136834496,0.588211073226709,0.6231598556194105,0.3612811173887325,0.4192738136834496,1.6651017372101005,0.8204713648780362,2,3,0.3842938956585953,2,1,1,0,1,1,0,1,0,5,eng11
2805,2,DEFTER,7,0,eng,0.627572112708787,5.0,0.17034196864977283,0.632035854767074,0.313685932954629,0.5110745466480051,0.17034196864977283,2.1486416654084923,0.4945097639935926,3,3,0.5951788350811491,2,0,1,0,0,1,0,0,0,8,eng11
2806,2,TOPLU,8,0,eng,0.37467117920079085,6.0,0.28012849203078116,0.5781147059370686,0.23158028824612514,0.5061275574358861,0.28012849203078116,2.3288390679065443,0.33924225322331236,2,5,0.6123595814874405,2,0,1,1,0,1,2,0,0,7,eng11
2807,2,GRUP,9,0,eng,0.5263829283054188,6.0,0.3821091830560145,0.5918539302094639,0.2887888265631994,0.5486054279622985,0.3821091830560145,1.4342927602915825,0.502224383114703,3,5,0.5786060173098203,2,1,1,0,1,1,0,0,0,1,eng11
2808,2,TAŞLIK,10,0,eng,0.9044878180247089,4.0,0.27864611701875786,0.6397379833966823,0.520354949490061,0.38830425855289596,0.27864611701875786,1.8812749355378005,0.9044878180247089,4,5,0.4633581382083599,3,0,1,1,0,1,3,0,0,2,eng11
2809,2,KOLTUK,11,0,eng,0.7434975641506587,7.0,0.08964100272188237,0.6709909612128263,0.10477409632017927,0.6649977875867996,0.08964100272188237,2.01839049356222,0.09120182909373199,2,8,0.7050792533866368,3,0,0,1,0,0,1,0,0,3,eng11
2810,2,KEDİ,12,0,eng,0.7842057585918668,8.0,0.25315691501291404,0.6323230942524497,0.31547035928175393,0.4685681484826152,0.25315691501291404,1.206385062476472,0.7116607554121873,2,9,0.5679968200296944,3,0,0,1,0,0,1,0,0,6,eng11
2811,2,KISA,13,0,eng,0.4690134993133757,5.0,0.09172829738561449,0.7217289412988992,0.19648934451639033,0.5516805367476263,0.09172829738561449,1.488151283413673,0.26950637178403114,4,8,0.6746520913980174,3,0,1,1,0,1,2,0,0,7,eng11
2812,2,KAŞIK,14,0,eng,0.8855161527891529,10.0,0.1243362218240441,0.6649114891122764,0.44807593844022586,0.3965029554041509,0.1243362218240441,1.2983855246315286,0.8552285627599883,4,9,0.43695819287577564,3,0,1,1,0,1,3,1,0,2,eng11
2813,2,BÜYÜK,15,0,eng,0.5207710106964843,2.0,0.27468426196019957,0.5813197760484152,0.26941749583892766,0.49617032873584055,0.27468426196019957,1.5197794095126507,0.5207710106964843,2,12,0.5374109269809231,3,0,1,1,0,1,2,1,0,7,eng11
2814,2,İLAÇ,16,0,eng,0.5590760257125165,10.0,0.42755153538344653,0.5577897990048957,0.348382296704863,0.48379537104143544,0.42755153538344653,2.0241359638847474,0.5144555388322474,4,11,0.47784212262478976,3,0,0,1,0,0,1,0,0,4,eng11
2815,2,TABAK,17,0,eng,0.9312959692780304,3.0,0.36484341522224567,0.6482289208144272,0.4376676435665089,0.48231943832202984,0.36484341522224567,2.118044319175072,0.9312959692780304,3,13,0.5098056143525849,3,0,1,1,0,1,3,1,0,2,eng11
2816,3,HALI,1,1,eng,,,,0.6660443023827183,,0.49667613325452054,,0.0,1.0,0,0,1.0,1,1,0,0,1,0,0,0,0,5,eng11
2817,3,KİTAP,2,1,eng,0.31199474850576664,1.0,0.31199474850576664,0.5913896475350608,0.31199474850576664,0.5276080894088824,0.31199474850576664,0.0,0.31199474850576664,1,0,0.6660443023827183,1,1,0,0,1,0,0,0,0,8,eng11
2818,3,ÇİÇEK,3,1,eng,0.31119885029950817,1.0,0.31119885029950817,0.6023589293147031,0.2786362973089834,0.5008729172190403,0.31119885029950817,0.31199474850576664,0.31119885029950817,1,1,0.6123837817969207,1,1,1,0,1,1,0,0,0,2,eng11
2819,3,YATAK,4,1,eng,0.5074386632811121,3.0,0.21549039796171957,0.6258592313713967,0.28157700994820023,0.4723200100562883,0.21549039796171957,0.8692673431237334,0.5074386632811121,3,0,0.5604243483877381,1,1,0,1,1,0,3,0,0,3,eng11
2820,3,KÜÇÜK,5,0,eng,0.7185540294184415,2.0,0.3466276637668677,0.5795701160972764,0.41710769486450233,0.43340989417288256,0.3466276637668677,1.7139983729683341,0.7185540294184415,2,2,0.4855631888237195,2,0,1,1,0,1,1,0,0,7,eng11
2821,3,DOLAP,6,0,eng,0.6552667645315771,2.0,0.4546590965537116,0.44231680972835374,0.5530706027281401,0.3361454022042798,0.4546590965537116,2.0458535971386826,0.6552667645315771,2,3,0.4162139605051104,2,0,1,1,0,3,2,0,0,0,eng11
2822,3,DÜĞME,7,0,eng,0.934522940334041,1.0,0.934522940334041,0.39023725657088426,0.5127211220440772,0.34450757212323646,0.934522940334041,2.8628746579848103,0.934522940334041,1,5,0.424815132903857,2,0,1,1,0,3,2,1,1,0,eng11
2823,3,FIRIN,8,0,eng,0.8174243470308453,2.0,0.7746284895080563,0.5047894315986712,0.5250979652849705,0.40036746619515884,0.7746284895080563,3.388689740350528,0.8174243470308453,2,5,0.43628304681122654,2,0,1,1,0,3,2,1,1,0,eng11
2824,3,KOLA,9,0,eng,0.8477058793990766,2.0,0.4818571088225179,0.5672076797435874,0.5850565409024288,0.4101589398162768,0.4818571088225179,3.873731596870602,0.8477058793990766,2,6,0.43124230557490495,2,1,1,0,1,1,0,0,0,2,eng11
2825,3,TOPRAK,10,0,eng,0.5057224384953654,7.0,0.2596009946219845,0.6304401592855529,0.27304446654370446,0.5233248472933452,0.2596009946219845,4.502275567858878,0.3643275149525329,2,7,0.6018913517556695,3,0,0,1,0,0,2,0,0,4,eng11
2826,3,SALÇA,11,0,eng,0.9607896067400263,4.0,0.3450196440346835,0.48448233978809063,0.7798159277803614,0.34345428399023437,0.3450196440346835,2.876583087125598,0.9607896067400263,4,6,0.2811471383930033,3,0,1,1,0,3,2,1,0,0,eng11
2827,3,KOKU,12,0,eng,0.7679684291054976,1.0,0.7679684291054976,0.5397358971819034,0.6282651595550591,0.42121869767844533,0.7679684291054976,3.264326063311167,0.7679684291054976,1,10,0.429176810661146,3,0,0,1,0,0,2,1,0,4,eng11
2828,3,PARKUR,13,0,eng,0.5442373948670083,7.0,0.15750480766813932,0.6419285188582549,0.15618161884258328,0.5512978837882727,0.15750480766813932,3.2273335413826274,0.2577027320836103,2,10,0.6363311955956409,3,1,0,1,1,0,3,0,0,3,eng11
2829,3,DUVAR,14,0,eng,0.7200170034852962,8.0,0.2620478920563535,0.6389582589194094,0.32959944337356745,0.4781712620189522,0.2620478920563535,2.0506922179655476,0.44545718329862005,3,10,0.5291142893367276,3,1,0,1,1,0,3,1,1,3,eng11
2830,3,ODA,15,0,eng,0.7480478841854629,11.0,0.2413366060924659,0.6988648003404734,0.17669761268915657,0.5943971025265425,0.2413366060924659,2.261795539196654,0.2413366060924659,1,13,0.6089146658073361,3,1,0,1,1,0,3,1,1,3,eng11
2831,3,KALAS,16,0,eng,0.5165683044205327,11.0,0.009996106051764403,0.7769714842537934,0.17936095057729398,0.6388886946781012,0.009996106051764403,1.4139598240259597,0.22795832464146074,2,13,0.6733309452828964,3,0,1,1,0,1,1,0,0,7,eng11
2832,3,LAMBA,17,0,eng,0.9823856774645168,10.0,0.17883395389095832,0.7168852100093401,0.41100588132607047,0.4594865220577473,0.17883395389095832,1.1766669150095825,0.5543222271122044,3,13,0.517122455525028,3,0,1,1,0,3,2,0,0,0,eng11
2833,4,SİLGİ,1,1,eng,,,,0.6998478996516071,,0.5110191182168353,,0.0,1.0,0,0,1.0,1,1,0,1,1,0,1,0,0,8,eng11
2834,4,MARKET,2,0,eng,0.2198682759358459,1.0,0.2198682759358459,0.6154443515936032,0.2198682759358459,0.4488473138060971,0.2198682759358459,0.0,0.2198682759358459,1,0,0.6998478996516071,1,1,1,1,2,1,1,0,0,5,eng11
2835,4,HALKA,3,0,eng,0.3093811951089286,1.0,0.3093811951089286,0.6153991197336752,0.3044262513222536,0.49300599585017435,0.3093811951089286,0.2198682759358459,0.3093811951089286,1,1,0.5962871114347044,1,1,0,1,1,0,1,0,0,7,eng11
2836,4,ÇORAP,4,1,eng,0.5824925694638781,2.0,0.2592308117623375,0.6108674908704439,0.4608450831883166,0.4459354788269697,0.2592308117623375,0.8287207785803531,0.5824925694638781,2,1,0.5020227975304772,1,1,1,1,2,1,1,1,0,5,eng11
2837,4,ZEMİN,5,0,eng,0.44897899543936426,3.0,0.2867144584794895,0.6494661983616432,0.33826894490582116,0.46373855481787973,0.2867144584794895,2.2112560281453026,0.44897899543936426,3,1,0.518647300031602,2,0,1,1,0,2,1,0,0,3,eng11
2838,4,PARA,6,0,eng,0.46851727800669357,2.0,0.17043047953602236,0.7096995017595645,0.38430966222914653,0.49721689980892747,0.17043047953602236,2.259452445348839,0.46851727800669357,2,3,0.5147654664007544,2,1,1,1,2,1,1,1,0,5,eng11
2839,4,BAHÇE,7,0,eng,0.4555404593460384,2.0,0.042525338012995656,0.710157102834393,0.29180632760087677,0.46512482236269503,0.042525338012995656,1.9788832745116756,0.4555404593460384,2,4,0.5911753207977728,2,0,1,1,0,2,1,1,0,3,eng11
2840,4,SIRA,8,0,eng,0.24573466174940206,5.0,0.13598442188087762,0.7053896547336518,0.14338256352260811,0.6104380564633431,0.13598442188087762,1.831997136043756,0.19244542870888942,2,5,0.6373189410674016,2,0,1,1,0,1,1,0,0,1,eng11
2841,4,KUTU,9,0,eng,0.6721658308899058,5.0,0.07140234828000107,0.6787566061629293,0.344302141360442,0.4415539019074528,0.07140234828000107,1.0965462216728075,0.36502025028410534,3,5,0.5506110146713121,2,0,1,1,0,1,1,0,0,0,eng11
2842,4,TERAS,10,0,eng,0.9242042644743286,3.0,0.2096698121444681,0.6197576162379647,0.42148259468791205,0.47481336667600993,0.2096698121444681,1.1152744315996859,0.9242042644743286,3,6,0.5338251801305808,3,0,1,1,0,2,1,1,0,3,eng11
2843,4,SULUK,11,0,eng,0.5589713957306179,4.0,0.3740309692251742,0.6120856063953373,0.33421721951023364,0.4688943842095571,0.3740309692251742,1.688544386217614,0.5589713957306179,4,6,0.519906859675672,3,0,0,1,0,0,1,0,0,2,eng11
2844,4,HARİTA,12,0,eng,0.46457851757624713,3.0,0.15385076133239106,0.6973034026186229,0.2078046625976048,0.5380355611951562,0.15385076133239106,1.1670076141823729,0.46457851757624713,3,8,0.5624968330704512,3,0,1,1,0,1,1,1,0,1,eng11
2845,4,MEKTUP,13,0,eng,0.531413672102889,10.0,0.06883563012778018,0.6930298331559626,0.1252947391617172,0.5636898875024994,0.06883563012778018,1.7859666790946003,0.2775652470935073,4,8,0.6351140159720996,3,1,0,1,1,0,1,0,0,7,eng11
2846,4,KALIP,14,0,eng,0.7259905593396109,10.0,0.1639095942226352,0.6055057675908225,0.36664394361166314,0.4743122547123032,0.1639095942226352,1.025389229902065,0.5382124150449655,3,10,0.5198750356489488,3,0,0,1,0,0,1,0,0,9,eng11
2847,4,KASA,15,0,eng,0.7216362036201042,13.0,0.3394774532482303,0.5841058000395598,0.1989351016791006,0.5421130487163692,0.3394774532482303,1.417894543158409,0.3394774532482303,1,13,0.5884903503356349,3,1,1,1,2,1,1,0,0,5,eng11
2848,4,TAHTA,16,0,eng,0.808938780912267,7.0,0.32879602048655415,0.5972819759138663,0.3405356994749434,0.48048369896181053,0.32879602048655415,1.1245373409049708,0.33768588735381055,2,13,0.5159191742259831,3,0,1,1,0,1,1,0,0,0,eng11
2849,4,DERGİ,17,0,eng,0.3941588399247352,8.0,0.2025272670194464,0.7068430068816798,0.17451869389129965,0.5950562298955964,0.2025272670194464,1.5514697993394357,0.3551170103613303,4,12,0.6112844142571887,3,1,0,1,1,0,1,0,0,8,eng11
2856,1,RAKAM,1,0,soc,,,,0.5340690290137677,,0.5129508428516882,,0.0,1.0,0,0,1.0,1,1,0,1,2,0,1,0,0,8,soc10
2857,1,YAZI,2,0,soc,0.7057482398165602,1.0,0.7057482398165602,0.5215414425083782,0.7057482398165602,0.4914376100047986,0.7057482398165602,0.0,0.7057482398165602,1,0,0.5340690290137677,1,1,0,1,2,0,1,1,1,8,soc10
2858,1,KALE,3,1,soc,0.23788465289147187,1.0,0.23788465289147187,0.6594015998318893,0.1414926656212096,0.5821842105488786,0.23788465289147187,0.7057482398165602,0.23788465289147187,1,1,0.6934217052804101,1,1,1,1,1,1,1,0,0,0,soc10
2859,1,KOLAY,4,1,soc,0.28700924183537696,2.0,0.09810323556270656,0.710961988417264,0.22249873148374566,0.5568834046135165,0.09810323556270656,0.9887335710589794,0.28700924183537696,2,1,0.6042981316333124,1,1,0,0,1,0,0,0,0,7,soc10
2860,1,MASA,5,0,soc,0.27045733383736814,4.0,0.06617799880503447,0.6225118685506487,0.17536922997343765,0.5069596251223285,0.06617799880503447,1.6562297655102165,0.27045733383736814,4,0,0.6042563545084305,2,1,1,1,1,1,1,1,0,0,soc10
2861,1,ÇANTA,6,0,soc,0.5064377657308211,1.0,0.5064377657308211,0.5200351408211942,0.26881524380575206,0.45644216942890525,0.5064377657308211,1.054016716345938,0.5064377657308211,1,4,0.519119651451436,2,0,1,0,0,1,0,0,0,5,soc10
2862,1,KÖPEK,7,0,soc,0.4944838721428647,1.0,0.4944838721428647,0.615316456063308,0.2689032765921696,0.48262993204143034,0.4944838721428647,1.2592098317779752,0.4944838721428647,1,5,0.5405456320886948,2,0,1,1,0,1,1,0,0,6,soc10
2863,1,ÖLÇEK,8,0,soc,0.496776122821186,7.0,0.05664867227195266,0.6785668270504802,0.183023983804676,0.5274793240347975,0.05664867227195266,1.8322477141992777,0.28950066880510955,4,3,0.6208188539623967,2,0,1,0,0,2,0,0,0,1,soc10
2864,1,EKRAN,9,0,soc,0.17971877537199893,1.0,0.17971877537199893,0.6638091592631721,0.10073900315168238,0.6308970119439392,0.17971877537199893,1.6523307375690783,0.17971877537199893,1,7,0.6453237551597693,2,0,1,0,0,2,0,1,1,1,soc10
2865,1,BARDAK,10,0,soc,0.4930966381115681,4.0,0.12098721353028635,0.4815771823714182,0.33040860945499384,0.40623822950144306,0.12098721353028635,0.9710860341001544,0.4930966381115681,4,5,0.5251232565183634,3,0,0,1,0,0,2,0,0,2,soc10
2866,1,ŞİŞE,11,0,soc,0.9133266973789964,1.0,0.9133266973789964,0.43918047184638354,0.5079859926140701,0.41927218804257715,0.9133266973789964,0.9970905821110361,0.9133266973789964,1,9,0.47245535476329326,3,1,1,1,1,1,1,0,0,0,soc10
2867,1,KAĞIT,12,0,soc,0.7632916113080702,2.0,0.6004810975542849,0.4482086490461581,0.4735514167493803,0.36732973515160494,0.6004810975542849,1.6689064064172343,0.7632916113080702,2,9,0.48733067397663943,3,0,0,1,0,0,2,0,0,9,soc10
2868,1,KALEM,13,0,soc,0.7730691951070705,11.0,0.6893193775666414,0.5005648799876261,0.3284072879399805,0.4753156328649778,0.6893193775666414,2.5366887351249394,0.6893193775666414,1,11,0.5444297096072732,3,1,0,1,2,0,1,0,0,8,soc10
2869,1,BEYİN,14,0,soc,0.7030623490479981,7.0,0.39902049243806387,0.5787905290855573,0.365821735429964,0.471702156718217,0.39902049243806387,3.5024082306116053,0.4806540371260736,4,9,0.5113472157242731,3,0,1,1,0,1,1,0,0,6,soc10
2870,1,PARK,15,0,soc,0.4948033738522656,12.0,0.2666543944223026,0.5361650221298906,0.21126263703084475,0.5150972430198768,0.2666543944223026,2.7055233303030466,0.2666543944223026,1,13,0.5895397046826281,3,0,0,1,0,0,2,0,0,3,soc10
2871,1,AĞAÇ,16,1,soc,0.8790552457670859,4.0,0.5999582642389087,0.5390652919025127,0.5693695464329969,0.39180220971690227,0.5999582642389087,2.217769434646279,0.8790552457670859,4,11,0.41097625957450057,3,0,0,1,0,0,2,1,0,9,soc10
2872,1,SARI,17,0,soc,0.4571760663374574,5.0,0.20962666624132295,0.6590199710904707,0.2602291932557642,0.5635625082676878,0.20962666624132295,2.1707713122558108,0.282269608051793,4,12,0.5956863201234345,3,0,0,1,0,0,2,0,0,2,soc10
2873,1,BİNA,18,0,soc,0.526662887280119,3.0,0.14942506978124248,0.730351742894966,0.33003402454372893,0.5022270068336689,0.14942506978124248,1.7230610256068528,0.526662887280119,3,14,0.5086774112552862,3,0,0,1,0,0,2,1,0,3,soc10
2874,2,ŞİŞE,1,0,soc,,,,0.7774678737495058,,0.6376984765475402,,0.0,1.0,0,0,1.0,1,1,0,1,1,0,2,0,0,0,soc10
2875,2,DEFTER,2,0,soc,0.06947761289234586,1.0,0.06947761289234586,0.698497557889391,0.06947761289234586,0.5384868528591014,0.06947761289234586,0.0,0.06947761289234586,1,0,0.7774678737495058,1,1,0,0,1,0,0,0,0,8,soc10
2876,2,SPOR,3,1,soc,0.09651783689816874,1.0,0.09651783689816874,0.7251941670731024,0.06358310155365945,0.6054825518105464,0.09651783689816874,0.06947761289234586,0.09651783689816874,1,1,0.7336756941214662,1,1,0,1,1,0,1,0,0,1,soc10
2877,2,KOLTUK,4,1,soc,0.06473413798294957,2.0,0.03831550076902224,0.748026482663832,0.04246482910689834,0.6587281647457219,0.03831550076902224,0.19664381599966474,0.06473413798294957,2,1,0.7197894318892836,1,1,0,0,1,0,0,0,0,3,soc10
2878,2,BÜYÜK,5,0,soc,0.26721085646330167,2.0,0.0679469348657798,0.6832111612280682,0.17106644743650345,0.4755620881163406,0.0679469348657798,0.3240383033203598,0.26721085646330167,2,2,0.5671095077038524,2,0,1,1,0,1,2,0,0,7,soc10
2879,2,CÜZDAN,6,0,soc,0.627572112708787,4.0,0.2985866110533916,0.5576367255219934,0.37106622414311086,0.3828408872742992,0.2985866110533916,0.7451864775881643,0.627572112708787,4,1,0.5109840257190348,2,0,1,0,0,2,0,0,0,5,soc10
2880,2,İLAÇ,7,0,soc,0.5041218058236524,1.0,0.5041218058236524,0.53366900708656,0.312642164250797,0.4589243086411381,0.5041218058236524,1.011915461097785,0.5041218058236524,1,5,0.5795550498422579,2,0,1,0,0,1,0,0,0,4,soc10
2881,2,TERLİK,8,0,soc,0.8193907759305923,2.0,0.5590760257125165,0.4966699123545989,0.4992415541579339,0.35905377671719685,0.5590760257125165,1.5109295384454722,0.8193907759305923,2,5,0.44360159100930163,2,0,1,0,0,2,0,1,0,5,soc10
2882,2,KAŞIK,9,0,soc,0.7647121882014548,8.0,0.6548200500864441,0.6266856991748835,0.4563022088527896,0.41248382010289475,0.6548200500864441,2.939604219753572,0.6996668093983431,3,5,0.4812731260423604,2,0,1,1,0,1,2,0,0,2,soc10
2883,2,KISA,10,0,soc,0.5207710106964843,5.0,0.1243362218240441,0.7217289412988992,0.30578151443833484,0.5549822134557729,0.1243362218240441,3.6715361027555726,0.3362406535068727,3,6,0.5877472558989292,3,0,1,1,0,1,2,0,0,7,soc10
2884,2,KEDİ,11,0,soc,0.83247450901758,2.0,0.09172829738561449,0.5693029441924198,0.552972806322494,0.43462724586892465,0.09172829738561449,2.42160270424929,0.83247450901758,2,8,0.485405972283814,3,0,0,1,0,0,1,0,0,6,soc10
2885,2,KAPI,12,0,soc,0.6490652151450355,6.0,0.6249684131058864,0.5291740395732197,0.36125490115519365,0.47810229196535636,0.6249684131058864,2.694940294091534,0.6249684131058864,1,10,0.5300440359636375,3,1,0,1,1,0,2,0,0,0,soc10
2886,2,TOPLU,13,0,soc,0.4690134993133757,3.0,0.2679867376497533,0.6385836171799575,0.3109712522160363,0.5162593299527982,0.2679867376497533,2.098115564503943,0.4690134993133757,3,9,0.528447466010407,3,0,1,1,0,1,2,1,0,7,soc10
2887,2,SEHPA,14,0,soc,0.8855161527891529,5.0,0.30747062185491775,0.5118793740937404,0.5760428943926315,0.38418314257411146,0.30747062185491775,1.7643310464318431,0.8191831838889087,2,11,0.43522905219788577,3,1,0,1,1,0,2,1,0,0,soc10
2888,2,TABAK,15,0,soc,0.9312959692780304,6.0,0.7168752276890751,0.5529476718267913,0.37128017490181875,0.46542538821058754,0.7168752276890751,3.0405372537802364,0.7168752276890751,1,13,0.5117677882094165,3,0,1,1,0,1,2,0,0,2,soc10
2889,2,GRUP,16,0,soc,0.5263829283054188,13.0,0.3324634122090019,0.7056804041840905,0.28970216657431624,0.5767021890228199,0.3324634122090019,2.6951185995608515,0.3821091830560145,3,12,0.527242601177879,3,1,0,1,1,0,1,0,0,1,soc10
2890,2,ELMA,17,1,soc,0.710909757728838,8.0,0.034088818642586005,0.8109791529603692,0.18098548972941267,0.6412766211681485,0.034088818642586005,2.2426037507653036,0.46841613079330613,2,14,0.649633170957628,3,0,1,1,0,1,2,1,0,2,soc10
2891,3,PARKUR,1,1,soc,,,,0.6978372170051788,,0.5617696178272059,,0.0,1.0,0,0,1.0,1,1,1,1,1,1,2,0,0,3,soc10
2892,3,KALAS,2,0,soc,0.22497405567823917,1.0,0.22497405567823917,0.6929897295451484,0.22497405567823917,0.5536797066339172,0.22497405567823917,0.0,0.22497405567823917,1,0,0.6978372170051788,1,1,0,0,2,0,0,0,0,7,soc10
2893,3,DOLAP,3,0,soc,0.5442373948670083,2.0,0.06873446823740795,0.6269743088920017,0.3064859315522081,0.41999972858091905,0.06873446823740795,0.22497405567823917,0.5442373948670083,2,0,0.6140506155324854,1,1,1,1,1,1,4,0,0,0,soc10
2894,3,KÜÇÜK,4,1,soc,0.5165683044205327,2.0,0.4546590965537116,0.5711318342239695,0.3883988184856219,0.4490741123489097,0.4546590965537116,0.8379459187826553,0.5165683044205327,2,1,0.5105431970590231,1,1,0,0,2,0,0,1,0,7,soc10
2895,3,SALÇA,5,1,soc,0.7797495872476483,2.0,0.39402197153244783,0.4819904389491576,0.4303814357933813,0.42853291517597747,0.39402197153244783,2.003142374239521,0.7797495872476483,2,2,0.47003675109018617,2,1,1,1,1,1,4,1,0,0,soc10
2896,3,KOKU,6,0,soc,0.7679684291054976,1.0,0.7679684291054976,0.5010292236394231,0.4256726403714019,0.49538296601473863,0.7679684291054976,2.503784880301567,0.7679684291054976,1,4,0.46745178657464337,2,0,1,0,0,2,0,0,0,4,soc10
2897,3,TOPRAK,7,0,soc,0.41498650253533254,1.0,0.41498650253533254,0.5891577637198645,0.3310782731188097,0.5134812459566322,0.41498650253533254,3.4554642353174914,0.41498650253533254,1,5,0.5435755011548689,2,0,1,0,0,2,0,1,1,4,soc10
2898,3,KİTAP,8,0,soc,0.6275266564175318,5.0,0.19083548758034863,0.6038546904901702,0.2926368517347918,0.5310825488328339,0.19083548758034863,2.8027799242869174,0.3321806870903763,4,3,0.5978817082354424,2,0,1,0,0,1,0,0,0,8,soc10
2899,3,ODA,9,0,soc,0.4934739458063485,6.0,0.35278921307620603,0.643580274770587,0.21662381451147256,0.5698640733143329,0.35278921307620603,2.0314514908415644,0.35278921307620603,1,7,0.5911501679421849,2,1,1,1,1,1,2,0,0,3,soc10
2900,3,HALI,10,1,soc,0.751662779508489,5.0,0.12609603276321196,0.6452155217642488,0.3496464967281573,0.4788650603910761,0.12609603276321196,1.5052311404249266,0.31199474850576664,2,7,0.5748440650809294,3,0,0,1,0,0,1,0,0,5,soc10
2901,3,CAM,11,0,soc,0.5115847975344388,8.0,0.2211825434744102,0.5905389448318222,0.11534533479790236,0.5289008569864715,0.2211825434744102,1.3991420544525768,0.2211825434744102,1,9,0.6357533203066107,3,1,1,1,1,1,4,0,0,0,soc10
2902,3,DUVAR,12,1,soc,0.7200170034852962,9.0,0.4679686551087725,0.5591900320264018,0.32322255102220554,0.45273471710732505,0.4679686551087725,1.1681176416980643,0.4679686551087725,1,10,0.4979265369668391,3,1,1,1,1,1,2,1,0,3,soc10
2903,3,FIRIN,13,0,soc,0.9575447667524211,8.0,0.323485653835385,0.6110193749763919,0.2867893113570096,0.46333104676662007,0.323485653835385,1.4785268345590925,0.5062073470369703,3,9,0.50679988944055,3,1,1,1,1,1,4,1,0,0,soc10
2904,3,ÇİÇEK,14,0,soc,0.7185540294184415,10.0,0.2060818336762552,0.6381057264842942,0.22486070658180987,0.5470067054035619,0.2060818336762552,2.1959736995507724,0.3230987275766486,3,10,0.5557913401644431,3,0,0,1,0,0,1,0,0,2,soc10
2905,3,DÜĞME,15,0,soc,0.9607896067400263,10.0,0.3689625248972189,0.5333364753370115,0.5725176121128139,0.34130338705549057,0.3689625248972189,1.9678245532236165,0.7746284895080563,2,12,0.4102912986090991,3,1,1,1,1,1,4,1,0,0,soc10
2906,3,YATAK,16,1,soc,0.7480478841854629,7.0,0.5065464660450255,0.5723989220522234,0.35527783849002254,0.507246497655103,0.5065464660450255,2.5343691724901234,0.5065464660450255,1,14,0.5246596796944657,3,1,1,1,1,1,2,1,0,3,soc10
2907,3,LAMBA,17,1,soc,0.9823856774645168,2.0,0.4692454526562302,0.6144287860070464,0.6129958675677101,0.3714491094846435,0.4692454526562302,2.4976349539733285,0.9823856774645168,2,14,0.3846918480600756,3,1,1,1,1,1,4,1,0,0,soc10
2908,4,HARİTA,1,0,soc,,,,0.8355157742244141,,0.6443398828700386,,0.0,1.0,0,0,1.0,1,1,0,0,2,0,0,0,0,1,soc10
2909,4,ÇORAP,2,0,soc,0.01792777389353618,1.0,0.01792777389353618,0.7670220530279124,0.01792777389353618,0.5529941249951068,0.01792777389353618,0.0,0.01792777389353618,1,0,0.8355157742244141,1,1,1,0,2,2,0,0,0,5,soc10
2910,4,SIRA,3,0,soc,0.08792184239253005,2.0,0.04312821108588731,0.6971198534841581,0.06552502673920868,0.5977938987046407,0.04312821108588731,0.01792777389353618,0.08792184239253005,2,0,0.713775155204053,1,1,0,0,2,0,0,1,0,1,soc10
2911,4,PARA,4,0,soc,0.46851727800669357,2.0,0.19244542870888942,0.6040981624201562,0.26213655934973473,0.4576006368062362,0.19244542870888942,0.14897782737195353,0.46851727800669357,2,1,0.5700141118246348,1,1,1,0,2,2,0,1,0,5,soc10
2912,4,HALKA,5,0,soc,0.42133583163229127,1.0,0.42133583163229127,0.6093243397020024,0.27238450928852054,0.48456217997883966,0.42133583163229127,0.9353875054211578,0.42133583163229127,1,3,0.5251837834459061,2,0,1,0,0,2,0,0,0,7,soc10
2913,4,KASA,6,1,soc,0.60207201097775,2.0,0.21304607543417697,0.6686060531725397,0.31339031970773534,0.4666933786970162,0.21304607543417697,1.6303922229455012,0.60207201097775,2,3,0.5196121046079019,2,1,1,0,2,2,0,1,0,5,soc10
2914,4,MEKTUP,7,0,soc,0.531413672102889,2.0,0.12327705017558624,0.6919143967128718,0.22002796674891267,0.5787595150162657,0.12327705017558624,1.7883947510215918,0.531413672102889,2,4,0.5811503789744346,2,0,1,0,0,2,0,1,0,7,soc10
2915,4,BAHÇE,8,0,soc,0.4082691226625164,6.0,0.08843935650485751,0.6195548804377259,0.10663471617212465,0.4823687906489541,0.08843935650485751,2.2195425348058153,0.13969437128941514,2,5,0.6667678991496091,2,0,1,1,0,1,2,0,0,3,soc10
2916,4,MARKET,9,0,soc,0.7216362036201042,3.0,0.42616662481035583,0.5706396260852762,0.4109679879141301,0.3965492882404885,0.42616662481035583,1.2224006186794023,0.7216362036201042,3,5,0.45407495851555413,2,1,1,0,2,2,0,1,0,5,soc10
2917,4,TERAS,10,0,soc,0.9242042644743286,2.0,0.4909798771227458,0.5484315206303895,0.37837166652189463,0.43199360304216716,0.4909798771227458,1.6428209709129797,0.9242042644743286,2,7,0.4811733372085788,3,0,1,1,0,1,2,1,0,3,soc10
2918,4,SİLGİ,11,0,soc,0.5408118683387342,9.0,0.311884553103573,0.5838718320357239,0.32218610636446143,0.4616305580625616,0.311884553103573,2.112798945618069,0.37753416215806646,3,7,0.5282908812938489,3,0,0,1,0,0,2,0,0,8,soc10
2919,4,FIRIN,12,0,soc,0.5648124718075491,3.0,0.3830295564092362,0.518730256257868,0.3861597794321252,0.4571601731519993,0.3830295564092362,2.750637757604915,0.5648124718075491,3,8,0.48059561788285854,3,0,0,1,0,0,3,0,0,0,soc10
2920,4,TAHTA,13,0,soc,0.6705631921729135,11.0,0.6122989307190158,0.5297606116911804,0.527915145348753,0.3922123140769682,0.6122989307190158,2.4382407566951927,0.6632277689878967,4,8,0.4509012059714348,3,0,0,1,0,0,3,1,1,0,soc10
2921,4,KALIP,14,0,soc,0.7259905593396109,12.0,0.33768588735381055,0.5461073203697722,0.3133150283138952,0.48181032682426495,0.33768588735381055,2.5398661286785673,0.3760697705037864,2,11,0.5461611790777344,3,0,0,1,0,0,1,0,0,9,soc10
2922,4,ZEMİN,15,0,soc,0.7799382870425406,5.0,0.5305487251469482,0.5597773772036252,0.47301544390781325,0.4490265916804588,0.5305487251469482,2.4958398824911123,0.5305487251469482,1,13,0.49717529153134044,3,0,1,1,0,1,2,0,0,3,soc10
2923,4,DERGİ,16,0,soc,0.36777367596527766,7.0,0.1852874627060137,0.6011238883019712,0.17794670395016493,0.585794565161251,0.1852874627060137,2.6664656104635496,0.2025272670194464,3,12,0.6402097170295014,3,0,0,1,0,0,2,0,0,8,soc10
2924,4,KUTU,17,1,soc,0.808938780912267,4.0,0.3941588399247352,0.6386185986233357,0.5045515786748345,0.41908054106111703,0.3941588399247352,1.7691326758612076,0.808938780912267,4,12,0.42260270933016664,3,0,0,1,0,0,3,1,0,0,soc10
2931,1,EKRAN,1,1,eng,,,,0.6559203348161993,,0.6402084579941869,,0.0,1.0,0,0,1.0,1,1,0,1,1,0,1,0,0,1,eng10
2932,1,KABLO,2,1,eng,0.34175146148381974,1.0,0.34175146148381974,0.5867800869785504,0.34175146148381974,0.4657963889358946,0.34175146148381974,0.0,0.34175146148381974,1,0,0.6559203348161993,1,1,0,1,2,0,1,0,0,0,eng10
2933,1,KOLAY,3,0,eng,0.20784660507107872,1.0,0.20784660507107872,0.6726625302908741,0.12984706164689683,0.5736136311396075,0.20784660507107872,0.34175146148381974,0.20784660507107872,1,1,0.6967122171656872,1,1,0,0,1,0,0,0,0,7,eng10
2934,1,KALE,4,1,eng,0.328774756070349,2.0,0.09810323556270656,0.6215421667336104,0.16115203942866235,0.5319136072235319,0.09810323556270656,0.6014455847776135,0.328774756070349,2,1,0.6369244017814086,1,1,0,1,2,0,1,1,0,0,eng10
2935,1,SARI,5,0,eng,0.36595312886614795,1.0,0.36595312886614795,0.6184511051133181,0.16166601696494493,0.5626652331075146,0.36595312886614795,1.0849017030636006,0.36595312886614795,1,3,0.6103351629215412,2,0,1,1,0,1,1,0,0,2,eng10
2936,1,ÇANTA,6,0,eng,0.5725258870121184,4.0,0.11639794162589923,0.60909350119559,0.2426015182635041,0.4762017441377766,0.11639794162589923,1.2318582382457186,0.5725258870121184,4,1,0.53688952396049,2,0,1,0,0,1,0,0,0,5,eng10
2937,1,AĞAÇ,7,1,eng,0.5325230280922546,5.0,0.456667922479698,0.4945021025214581,0.3321222444227524,0.420629641008186,0.456667922479698,1.1903448851152247,0.456667922479698,1,5,0.534513697821224,2,0,1,1,0,1,1,0,0,9,eng10
2938,1,KÖPEK,8,0,eng,0.6954360267136221,1.0,0.6954360267136221,0.5380143977494303,0.3260101641925278,0.4510772273776682,0.6954360267136221,1.6223584130654793,0.6954360267136221,1,6,0.5168477053186107,2,0,1,1,0,1,1,0,0,6,eng10
2939,1,YAZI,9,0,eng,0.3754979357132496,2.0,0.22948143705468504,0.5094041071985725,0.23675451868441505,0.4722030658694517,0.22948143705468504,2.119417314679962,0.3754979357132496,2,6,0.5720517421759178,2,0,1,1,0,1,2,0,0,8,eng10
2940,1,KALEM,10,1,eng,0.7730691951070705,1.0,0.7730691951070705,0.4999057250860123,0.4452814501870771,0.43995971132667844,0.7730691951070705,2.4503818924986476,0.7730691951070705,1,8,0.44826747222213037,3,0,1,1,0,1,2,1,1,8,eng10
2941,1,BİNA,11,0,eng,0.41104945982499863,4.0,0.24470548690774038,0.6373646854937312,0.27320416682662946,0.48953461229505146,0.24470548690774038,2.876192218234654,0.41104945982499863,4,6,0.5667278673462838,3,0,0,1,0,0,2,0,0,3,eng10
2942,1,RAKAM,12,0,eng,0.7057482398165602,3.0,0.21033660568895937,0.6594898970849459,0.4175147082149345,0.4627972184918011,0.21033660568895937,2.0887431425690086,0.7057482398165602,3,8,0.47513863934655365,3,0,1,1,0,1,2,1,0,8,eng10
2943,1,ŞİŞE,13,1,eng,0.7290655094278011,7.0,0.11727237238371083,0.6734430318962634,0.2571057985092961,0.47716903146704015,0.11727237238371083,2.596241881878819,0.2547039051256068,2,10,0.6235807909142161,3,1,0,1,2,0,1,0,0,0,eng10
2944,1,ÖLÇEK,14,1,eng,0.496776122821186,2.0,0.19672750050227128,0.6285040015451129,0.35183541800559953,0.48502645900278185,0.19672750050227128,1.5292533277016949,0.496776122821186,2,11,0.5200405763699187,3,1,0,1,1,0,1,0,0,1,eng10
2945,1,PARK,15,0,eng,0.5999582642389087,8.0,0.23258702823858693,0.616630863200307,0.24297170993594408,0.5317838739599502,0.23258702823858693,1.5743918616654904,0.526662887280119,4,10,0.5466649254461351,3,0,0,1,0,0,2,1,0,3,eng10
2946,1,BEYİN,16,1,eng,0.7030623490479981,8.0,0.2666543944223026,0.579783343174461,0.33095715307186074,0.4713596644299157,0.2666543944223026,1.3176644579269943,0.4029670298152104,4,11,0.5059702491254443,3,0,1,1,0,1,1,0,0,6,eng10
2947,1,KAĞIT,17,0,eng,0.8790552457670859,10.0,0.4241782244223956,0.49641291115922115,0.44831378896385515,0.41469032671894657,0.4241782244223956,1.551695800372692,0.6004810975542849,4,12,0.47685120852492313,3,0,1,1,0,1,1,0,0,9,eng10
2948,1,BARDAK,18,0,eng,0.9133266973789964,5.0,0.7632916113080702,0.5108932291462941,0.5021819677429817,0.41160021262137825,0.7632916113080702,1.821712691626665,0.7632916113080702,1,16,0.4951365291582136,3,0,1,1,0,1,1,0,0,2,eng10
2949,2,SPOR,1,1,eng,,,,0.7550271238210361,,0.6022590877634055,,0.0,1.0,0,0,1.0,1,1,0,0,2,0,0,0,0,1,eng10
2950,2,SEHPA,2,1,eng,0.10302136975117399,1.0,0.10302136975117399,0.6509833078012017,0.10302136975117399,0.4296192345339901,0.10302136975117399,0.0,0.10302136975117399,1,0,0.7550271238210361,1,1,1,0,1,1,0,0,0,0,eng10
2951,2,GRUP,3,1,eng,0.5263829283054188,2.0,0.3182930925394769,0.6299736142233759,0.42233801042244784,0.5400772112654424,0.3182930925394769,0.10302136975117399,0.5263829283054188,2,0,0.5336753400677576,1,1,0,0,2,0,0,1,0,1,eng10
2952,2,DEFTER,4,0,eng,0.4945097639935926,2.0,0.20722865546321656,0.6248110537276792,0.26608541878499264,0.5379096982925652,0.20722865546321656,0.9476973905960697,0.4945097639935926,2,1,0.6199429543188602,1,1,0,0,1,0,0,0,0,8,eng10
2953,2,ELMA,5,0,eng,0.24475417417886924,3.0,0.17948798252282377,0.6642739239175854,0.12309679227690137,0.5949297292960345,0.17948798252282377,1.7459536469510477,0.24475417417886924,3,1,0.6822738962265251,2,0,1,1,0,1,3,0,0,2,eng10
2954,2,KOLTUK,6,0,eng,0.7434975641506587,4.0,0.1048976440344781,0.6860209012514573,0.20852933520616812,0.6134538713288746,0.1048976440344781,1.4783624873405652,0.7434975641506587,4,1,0.6077634529255074,2,0,1,0,0,1,0,0,0,3,eng10
2955,2,TERLİK,7,0,eng,0.8204713648780362,5.0,0.2597987541429509,0.5287964351571892,0.4344220568937825,0.3769403082459286,0.2597987541429509,0.681639067739786,0.502224383114703,4,2,0.4734112099102893,2,0,1,0,0,2,0,0,0,5,eng10
2956,2,CÜZDAN,8,0,eng,0.874047692873124,6.0,0.8193907759305923,0.45935962663122176,0.4019728249449477,0.4078869339547617,0.8193907759305923,1.1985343010164249,0.8193907759305923,1,6,0.4688166115696226,2,0,1,0,0,2,0,1,1,5,eng10
2957,2,KAPI,9,1,eng,0.8191831838889087,7.0,0.6490652151450355,0.6536602397195274,0.38526648051553725,0.4832188325966895,0.6490652151450355,2.039766799131745,0.6490652151450355,1,7,0.5235604512525309,2,1,1,0,1,1,0,0,0,0,eng10
2958,2,KISA,10,0,eng,0.3126691173153878,3.0,0.07391156028830964,0.6366977373790408,0.1495260436671159,0.5900269630092426,0.07391156028830964,2.8157357784972037,0.3126691173153878,3,6,0.7157466011417546,3,0,0,1,0,0,3,0,0,7,eng10
2959,2,TOPLU,11,1,eng,0.4690134993133757,1.0,0.4690134993133757,0.5662841723007728,0.29388168540932275,0.5270855370096396,0.4690134993133757,2.6195258119795475,0.4690134993133757,1,9,0.5151976233776087,3,0,0,1,0,0,3,1,1,7,eng10
2960,2,TABAK,12,1,eng,0.7168752276890751,10.0,0.18539221341681766,0.501059717464338,0.3762363079767545,0.4376604041840736,0.18539221341681766,2.0695387604461506,0.5042465281180626,4,7,0.5637640956149923,3,0,1,1,0,1,3,0,0,2,eng10
2961,2,KAŞIK,13,1,eng,0.9312959692780304,1.0,0.9312959692780304,0.45297429263520395,0.46957735911755255,0.395415832580719,0.9312959692780304,1.4917555490644738,0.9312959692780304,1,11,0.48787796439026276,3,0,1,1,0,1,3,1,1,2,eng10
2962,2,BÜYÜK,14,1,eng,0.5207710106964843,4.0,0.27468426196019957,0.662146214969799,0.32665314290848446,0.4871389765385087,0.27468426196019957,2.049170059371942,0.5207710106964843,4,9,0.5148360386723785,3,0,0,1,0,0,3,1,0,7,eng10
2963,2,KEDİ,15,1,eng,0.83247450901758,2.0,0.18014166300082507,0.5775798784561064,0.35994978061998134,0.47338413824470893,0.18014166300082507,2.175091572011596,0.83247450901758,2,12,0.49413333824060857,3,0,0,1,0,0,1,0,0,6,eng10
2964,2,İLAÇ,16,0,eng,0.5590760257125165,9.0,0.5144555388322474,0.5583422497778332,0.3806353729918952,0.48743653356484407,0.5144555388322474,3.0135543132540654,0.5144555388322474,1,14,0.4923549043906774,3,0,0,1,0,0,1,0,0,4,eng10
2965,2,TAŞLIK,17,0,eng,0.9044878180247089,10.0,0.4144573313521442,0.6320373476504056,0.6100952149897616,0.4021873094189381,0.4144573313521442,2.6637681439983227,0.8552285627599883,4,12,0.43392023915477496,3,0,1,1,0,1,3,1,0,2,eng10
2966,3,DOLAP,1,0,eng,,,,0.5800436192124832,,0.3643913201876202,,0.0,1.0,0,0,1.0,1,1,1,1,1,3,1,0,0,0,eng10
2967,3,KOKU,2,0,eng,0.575263301574318,1.0,0.575263301574318,0.5889006188449273,0.575263301574318,0.4573431594282805,0.575263301574318,0.0,0.575263301574318,1,0,0.5800436192124832,1,1,1,0,1,1,0,0,0,4,eng10
2968,3,YATAK,3,0,eng,0.6552667645315771,2.0,0.23347234242150494,0.6393849027215192,0.444369553476541,0.49493309883171543,0.23347234242150494,0.575263301574318,0.6552667645315771,2,0,0.5743861515360533,1,1,1,1,1,1,2,0,0,3,eng10
2969,3,ÇİÇEK,4,0,eng,0.5204208570906917,2.0,0.21549039796171957,0.6605891481876222,0.4027293202683014,0.48361630251079657,0.21549039796171957,1.4640024085274002,0.5204208570906917,2,1,0.5319817566013381,1,1,0,1,1,0,1,0,0,2,eng10
2970,3,PARKUR,5,0,eng,0.5442373948670083,4.0,0.13541752584958422,0.6442152324824217,0.31190481057869696,0.5301484456473691,0.13541752584958422,2.6721903693323044,0.5442373948670083,4,0,0.558288125944157,2,1,1,1,1,1,2,1,0,3,eng10
2971,3,DÜĞME,6,1,eng,0.934522940334041,5.0,0.3522377483465875,0.4151253936895021,0.5725287965409236,0.3286810447226123,0.3522377483465875,1.6727654449216958,0.700374303081745,4,1,0.4378423415014543,2,1,1,1,1,3,1,0,0,0,eng10
2972,3,SALÇA,7,1,eng,0.9607896067400263,1.0,0.9607896067400263,0.41888367930867054,0.5922300746215965,0.37781168866099435,0.9607896067400263,1.9891141770301917,0.9607896067400263,1,5,0.4091164330228634,2,1,1,1,1,3,1,1,1,0,eng10
2973,3,TOPRAK,8,1,eng,0.5057224384953654,4.0,0.3450196440346835,0.6290821400682634,0.26547991151897227,0.5052595826867387,0.3450196440346835,2.5426093890652233,0.5057224384953654,4,3,0.5561598943384558,2,1,1,0,1,1,0,0,0,4,eng10
2974,3,LAMBA,9,1,eng,0.9823856774645168,3.0,0.2516813273359696,0.5471421596601227,0.566734172978358,0.3942746540410035,0.2516813273359696,2.171722933564622,0.9823856774645168,3,5,0.36872128769771184,2,1,1,1,1,3,1,1,0,0,eng10
2975,3,DUVAR,10,0,eng,0.7200170034852962,9.0,0.5543222271122044,0.5482453666559288,0.418371884083934,0.4701508479206912,0.5543222271122044,3.5028765267131465,0.5635340067284889,4,5,0.5035138845849988,3,1,1,1,1,1,2,0,0,3,eng10
2976,3,KÜÇÜK,11,1,eng,0.7185540294184415,7.0,0.28670730434761627,0.5931532990217354,0.3658040077373016,0.4423074191866778,0.28670730434761627,2.6775156643220015,0.3969815277750878,3,7,0.5391266409528631,3,0,0,1,0,0,2,0,0,7,eng10
2977,3,KİTAP,12,1,eng,0.6275266564175318,11.0,0.3321806870903763,0.6761265317458354,0.24797991281587572,0.5286317461022827,0.3321806870903763,2.0164329237069327,0.3321806870903763,1,10,0.5458398088142631,3,0,0,1,0,0,1,0,0,8,eng10
2978,3,FIRIN,13,0,eng,0.9575447667524211,6.0,0.050976578988509026,0.6859113806060317,0.36560751432517835,0.45926943011748655,0.050976578988509026,2.041852280079086,0.6878179095248221,4,8,0.5286756704024695,3,1,1,1,1,3,1,1,0,0,eng10
2979,3,ODA,14,0,eng,0.7480478841854629,11.0,0.20376395774234762,0.6987688606536724,0.26758029221529556,0.572275020984538,0.20376395774234762,1.7074730403589171,0.35278921307620603,2,11,0.5443326836473692,3,1,1,1,1,1,2,1,0,3,eng10
2980,3,KOLA,15,0,eng,0.8559760341270273,8.0,0.0424908763331719,0.7130985512188452,0.2960182236990393,0.5351207840110179,0.0424908763331719,1.6396726838392204,0.5828482985109196,4,10,0.5931165024079152,3,1,0,1,1,0,1,0,0,2,eng10
2981,3,KALAS,16,0,eng,0.5165683044205327,5.0,0.3164456606812867,0.6247319994914846,0.22971284441237055,0.5950452314158236,0.3164456606812867,1.2018930344869128,0.3164456606812867,1,14,0.6623468950158162,3,0,0,1,0,0,2,0,0,7,eng10
2982,3,HALI,17,0,eng,0.751662779508489,10.0,0.20096276037223693,0.7074877423183111,0.2736245666538757,0.5289538312848068,0.20096276037223693,1.2401915048683243,0.5062073470369703,4,12,0.5578379118758711,3,0,0,1,0,0,1,0,0,5,eng10
2983,4,ZEMİN,1,1,eng,,,,0.5946939951277503,,0.5145578728001405,,0.0,1.0,0,0,1.0,1,1,0,1,1,0,2,0,0,3,eng10
2984,4,KALIP,2,0,eng,0.5305487251469482,1.0,0.5305487251469482,0.5552976182383021,0.5305487251469482,0.5045321745485345,0.5305487251469482,0.0,0.5305487251469482,1,0,0.5946939951277503,1,1,0,0,1,0,0,0,0,9,eng10
2985,4,MARKET,3,0,eng,0.44897899543936426,2.0,0.29344615411690644,0.6237311109185979,0.37121257477813535,0.4506023413668223,0.29344615411690644,0.5305487251469482,0.44897899543936426,2,0,0.5788994755383661,1,1,1,1,1,2,1,0,0,5,eng10
2986,4,SİLGİ,4,0,eng,0.36024447841269697,2.0,0.2198682759358459,0.5953018862821151,0.2749468883193774,0.4907172805266984,0.2198682759358459,1.2729738747032189,0.36024447841269697,2,1,0.579171206301768,1,1,0,1,1,0,1,0,0,8,eng10
2987,4,PARA,5,0,eng,0.45404855151860135,2.0,0.4072161704521243,0.5834078159498508,0.32080907464704866,0.4474318208875666,0.4072161704521243,2.0978145396613512,0.45404855151860135,2,2,0.5496097181806624,2,1,1,1,1,2,1,1,0,5,eng10
2988,4,MEKTUP,6,0,eng,0.36239623619342476,2.0,0.3283978944831216,0.6521692961047183,0.23727857887997353,0.530210884293997,0.3283978944831216,1.9863647275176217,0.36239623619342476,2,3,0.5761758966380306,2,0,1,0,0,2,0,0,0,7,eng10
2989,4,KASA,7,0,eng,0.7216362036201042,4.0,0.12327705017558624,0.6280315725699287,0.4251420044906135,0.4664320892989321,0.12327705017558624,1.9155344930957785,0.7216362036201042,4,2,0.4673990377943186,2,1,1,1,1,2,1,1,0,5,eng10
2990,4,KUTU,8,0,eng,0.6188865632814411,6.0,0.3299174432520417,0.5823600521437775,0.29861185191408035,0.4486713444580053,0.3299174432520417,2.162606666713404,0.36502025028410534,3,4,0.5419849702778581,2,0,1,1,0,1,1,0,0,0,eng10
2991,4,HALKA,9,0,eng,0.531413672102889,3.0,0.3255837512663188,0.5879763019019896,0.35817012759425093,0.4955980295257193,0.3255837512663188,2.026249896266112,0.531413672102889,3,5,0.5160058038974544,2,0,1,0,0,2,0,1,0,7,eng10
2992,4,SIRA,10,0,eng,0.24573466174940206,1.0,0.24573466174940206,0.666205331272562,0.13680213870958288,0.6072753670217995,0.24573466174940206,1.80080323932452,0.24573466174940206,1,8,0.6455614434327837,3,0,0,1,0,0,2,0,0,1,eng10
2993,4,TAHTA,11,0,eng,0.808938780912267,3.0,0.07621290747252103,0.653585042031648,0.34988579723465507,0.42342876772816807,0.07621290747252103,1.299445022501023,0.808938780912267,3,7,0.49778054142729955,3,0,1,1,0,1,1,1,0,0,eng10
2994,4,SULUK,12,1,eng,0.5382124150449655,10.0,0.4928065927334522,0.5947752469611036,0.24226512130880423,0.4909321706262164,0.4928065927334522,1.8050299331298238,0.4928065927334522,1,10,0.5712870799792162,3,0,0,1,0,0,1,0,0,2,eng10
2995,4,HARİTA,13,0,eng,0.46457851757624713,5.0,0.15385076133239106,0.6720779903631102,0.23093081125190001,0.555890058710306,0.15385076133239106,1.2760162279073781,0.28506620294828056,2,10,0.605537485742953,3,0,0,1,0,0,2,1,0,1,eng10
2996,4,DERGİ,14,0,eng,0.3941588399247352,6.0,0.13114612730878486,0.6715716149192654,0.11987537042486829,0.5995612478404848,0.13114612730878486,1.1938058405104233,0.2025272670194464,3,10,0.6242184622637972,3,1,0,1,1,0,1,0,0,8,eng10
2997,4,TERAS,15,0,eng,0.7799382870425406,14.0,0.14697919147960853,0.47910315115880475,0.22162788513355974,0.46978554546028506,0.14697919147960853,1.4138131832795822,0.3740309692251742,3,11,0.5508824793575524,3,1,0,1,1,0,2,0,0,3,eng10
2998,4,BAHÇE,16,1,eng,0.9242042644743286,1.0,0.9242042644743286,0.4137852800438405,0.4655197482723198,0.4214867987084041,0.9242042644743286,1.1636898442031465,0.9242042644743286,1,14,0.46202270137544266,3,1,0,1,1,0,2,1,1,3,eng10
2999,4,ÇORAP,17,1,eng,0.7259905593396109,15.0,0.4082691226625164,0.6340383904630269,0.2884548903404875,0.5514370442022427,0.4082691226625164,1.6569572664329821,0.4269492011430399,2,14,0.5850930620408561,3,1,1,1,1,2,1,0,0,5,eng10
3006,1,KAĞIT,1,1,soc,,,,0.45135818820489004,,0.39898680530811426,,0.0,1.0,0,0,1.0,1,1,0,0,2,0,0,0,0,9,soc1
3007,1,AĞAÇ,2,0,soc,0.8790552457670859,1.0,0.8790552457670859,0.42841662919849255,0.8790552457670859,0.4250418373217435,0.8790552457670859,0.0,0.8790552457670859,1,0,0.45135818820489004,1,1,0,0,2,0,0,1,1,9,soc1
3008,1,ÖLÇEK,3,1,soc,0.462612321243832,1.0,0.462612321243832,0.5387288850434379,0.4147371306036509,0.4906688490537976,0.462612321243832,0.8790552457670859,0.462612321243832,1,1,0.5810237908079621,1,1,0,1,1,0,1,0,0,1,soc1
3009,1,YAZI,4,0,soc,0.4699779847941003,3.0,0.4406669826465497,0.5919297385399446,0.4287143010512999,0.4748391871430593,0.4406669826465497,1.7085295069743878,0.4699779847941003,3,0,0.5299922385048184,1,1,1,1,1,1,1,0,0,8,soc1
3010,1,KABLO,5,0,soc,0.5325230280922546,3.0,0.1875979869960574,0.678691965681424,0.3049533787066755,0.5086739859157088,0.1875979869960574,2.9946724101282873,0.5325230280922546,3,1,0.5563960463522771,2,0,1,1,0,1,2,0,0,0,soc1
3011,1,SARI,6,0,soc,0.4571760663374574,5.0,0.07220956163168167,0.6919108900501669,0.19702321192040795,0.5788095385082523,0.07220956163168167,2.179973561607974,0.20962666624132295,4,1,0.6381458024411378,2,0,1,1,0,1,1,0,0,2,soc1
3012,1,KOLAY,7,0,soc,0.4734206706671342,6.0,0.15897095104375475,0.6334284813417166,0.22726694119672158,0.5365830516378294,0.15897095104375475,1.127653603581897,0.28950066880510955,4,2,0.5522961447976662,2,0,1,0,0,1,0,0,0,7,soc1
3013,1,RAKAM,8,0,soc,0.7057482398165602,4.0,0.28238371705315357,0.622133453007319,0.33829432702131107,0.4900097543333486,0.28238371705315357,1.05572821594609,0.7057482398165602,4,3,0.5255415345633779,2,1,1,1,1,1,1,1,0,8,soc1
3014,1,ÇANTA,9,0,soc,0.6540926245962044,8.0,0.18790412688669486,0.5963340266733856,0.26432717883114876,0.4800883554392864,0.18790412688669486,0.9279743902153241,0.5725258870121184,4,4,0.5283376412515204,2,0,1,0,0,1,0,0,0,5,soc1
3015,1,PARK,10,1,soc,0.5999582642389087,8.0,0.3403780110726855,0.6521835233138482,0.176117946343073,0.5269212464962301,0.3403780110726855,1.1236410622098825,0.3403780110726855,1,8,0.6301736544014425,3,0,0,1,0,0,2,0,0,3,soc1
3016,1,EKRAN,11,1,soc,0.34175146148381974,6.0,0.06923379954979036,0.7139253644411231,0.0821256631643881,0.6226390282354497,0.06923379954979036,1.185027171481468,0.16685243706845343,3,7,0.6607208092667396,3,1,0,1,1,0,1,0,0,1,soc1
3017,1,BARDAK,12,0,soc,0.7632916113080702,11.0,0.12098721353028635,0.6737480675937635,0.28414995047446856,0.4299483716899656,0.12098721353028635,0.9229441882093651,0.4930966381115681,3,8,0.5475529586234468,3,0,1,1,0,1,1,0,0,2,soc1
3018,1,BİNA,13,0,soc,0.526662887280119,3.0,0.13065351230209385,0.6494829192584468,0.24374024129540403,0.49954995550094694,0.13065351230209385,1.2590318868498778,0.526662887280119,3,9,0.543423817509096,3,0,0,1,0,0,2,1,0,3,soc1
3019,1,KALEM,14,1,soc,0.7730691951070705,10.0,0.24470548690774038,0.5966069648433316,0.24416621386996265,0.48836780500349386,0.24470548690774038,1.118354102164665,0.33616107171638865,2,11,0.581038927607832,3,1,1,1,1,1,1,0,0,8,soc1
3020,1,BEYİN,15,0,soc,0.4868718316772624,11.0,0.39902049243806387,0.5720061172400559,0.3194432605679669,0.44383427797649067,0.39902049243806387,1.0314483704515374,0.4806540371260736,3,11,0.515271316283245,3,0,0,1,0,0,2,0,0,6,soc1
3021,1,KALE,16,0,soc,0.5201944127892401,2.0,0.37316492997265727,0.611920734141888,0.288798019973947,0.5391712790251312,0.37316492997265727,1.9095218194149046,0.5201944127892401,2,13,0.5214360416676453,3,0,1,1,0,1,2,0,0,0,soc1
3022,1,ŞİŞE,17,1,soc,0.9133266973789964,5.0,0.2014014242240119,0.5471459656224158,0.3923912330100551,0.4609348710149208,0.2014014242240119,2.0307966850834513,0.3926957632344366,2,14,0.5599337226322338,3,0,1,1,0,1,2,1,1,0,soc1
3023,1,KÖPEK,18,1,soc,0.7030623490479981,3.0,0.6341294391066079,0.5600874215686639,0.4240198552566657,0.46853659951794335,0.6341294391066079,2.0863053977456336,0.7030623490479981,3,14,0.4798483347953064,3,0,0,1,0,0,2,1,0,6,soc1
3024,2,ELMA,1,1,soc,,,,0.5616151604920596,,0.5680567296487962,,0.0,1.0,0,0,1.0,1,1,1,1,1,1,2,0,0,2,soc1
3025,2,KEDİ,2,1,soc,0.6297280067709563,1.0,0.6297280067709563,0.4465769590835025,0.6297280067709563,0.4499108596216922,0.6297280067709563,0.0,0.6297280067709563,1,0,0.5616151604920596,1,1,0,0,1,0,0,0,0,6,soc1
3026,2,KAPI,3,0,soc,0.6249684131058864,1.0,0.6249684131058864,0.5826196165010968,0.3684092439783727,0.5004862540676912,0.6249684131058864,0.6297280067709563,0.6249684131058864,1,1,0.601143039144277,1,1,1,0,1,1,0,0,0,0,soc1
3027,2,SPOR,4,1,soc,0.05391813730817713,1.0,0.05391813730817713,0.7311218178278538,0.03908409194683459,0.6672983808042479,0.05391813730817713,1.3665464947277017,0.05391813730817713,1,2,0.7449909861826904,1,1,0,1,1,0,1,0,0,1,soc1
3028,2,KISA,5,1,soc,0.12595479262543527,4.0,0.05574895469392084,0.7339297307358424,0.08683590124832005,0.6344189188576642,0.05574895469392084,1.4837987705682056,0.12595479262543527,4,0,0.6570694520344302,2,0,1,1,0,1,2,0,0,7,soc1
3029,2,SEHPA,6,1,soc,0.8191831838889087,3.0,0.08383875483831103,0.53671587445083,0.40700064824982596,0.3660619375501726,0.08383875483831103,0.9295533075509087,0.8191831838889087,3,2,0.43901950041523063,2,1,1,0,1,1,0,1,0,0,soc1
3030,2,KOLTUK,7,1,soc,0.7434975641506587,1.0,0.7434975641506587,0.6758552635997671,0.28190741733919317,0.6157579884139199,0.7434975641506587,1.1896219607688012,0.7434975641506587,1,5,0.6419369146210341,2,0,1,0,0,1,0,0,0,3,soc1
3031,2,İLAÇ,8,1,soc,0.5144555388322474,6.0,0.029203119997723542,0.7075009959783236,0.18904263653051473,0.4848667631958392,0.029203119997723542,1.0246263234606479,0.3362406535068727,3,4,0.5821066295368165,2,0,1,0,0,1,0,0,0,4,soc1
3032,2,TAŞLIK,9,0,soc,0.8011967601163709,3.0,0.4144573313521442,0.49688502525679323,0.32041672376589087,0.43023732579133633,0.4144573313521442,1.4292076545964874,0.8011967601163709,3,5,0.5180260388080808,2,1,1,1,1,1,2,0,0,2,soc1
3033,2,KAŞIK,10,0,soc,0.8855161527891529,4.0,0.8552285627599883,0.50484242461802,0.5034841720384293,0.4369534853180064,0.8552285627599883,2.31421916118414,0.8855161527891529,4,5,0.4336396059823866,3,1,1,1,1,1,2,1,1,2,soc1
3034,2,DEFTER,11,1,soc,0.5239858730667456,2.0,0.39321858833781304,0.6022275246048137,0.39246721843511456,0.4817732650866291,0.39321858833781304,2.0408699396507,0.5239858730667456,2,8,0.5240031366959859,3,0,0,1,0,0,1,0,0,8,soc1
3035,2,BÜYÜK,12,1,soc,0.5207710106964843,7.0,0.2104612106089422,0.6397861450996234,0.25683751029794355,0.512497843175829,0.2104612106089422,3.107238720115188,0.42755153538344653,4,7,0.5526743572495701,3,0,1,1,0,1,2,0,0,7,soc1
3036,2,GRUP,13,1,soc,0.5263829283054188,9.0,0.19943086376091435,0.6623368083449581,0.239462313586702,0.5164401977742694,0.19943086376091435,2.561122105405038,0.27864611701875786,4,8,0.5881224084086705,3,1,0,1,1,0,1,0,0,1,soc1
3037,2,CÜZDAN,14,0,soc,0.874047692873124,8.0,0.12649542474508482,0.6360967027257907,0.504073151309845,0.42067091953335867,0.12649542474508482,1.495484691715666,0.6996668093983431,4,9,0.4947067307413934,3,0,0,1,0,0,2,0,0,5,soc1
3038,2,TOPLU,15,1,soc,0.4690134993133757,10.0,0.37467117920079085,0.5990453828368852,0.2968703933307376,0.5175558631323682,0.37467117920079085,1.6697748783403366,0.3821091830560145,2,12,0.5262246607141405,3,0,1,1,0,1,2,1,0,7,soc1
3039,2,TERLİK,16,1,soc,0.9044878180247089,7.0,0.33924225322331236,0.5086711276119865,0.43241536935367064,0.42691663051240536,0.33924225322331236,1.5868451419774614,0.8193907759305923,2,13,0.453608991534048,3,0,0,1,0,0,2,1,0,5,soc1
3040,2,TABAK,17,1,soc,0.9312959692780304,7.0,0.696091259952675,0.5377285156773015,0.41089388573740077,0.49355955718741884,0.696091259952675,2.5441331992704974,0.696091259952675,1,15,0.5172837522463553,3,1,1,1,1,1,2,0,0,2,soc1
3041,3,ODA,1,1,soc,,,,0.6914714658000523,,0.574744665949469,,0.0,1.0,0,0,1.0,1,1,1,1,2,1,1,0,0,3,soc1
3042,3,LAMBA,2,0,soc,0.24147935154831993,1.0,0.24147935154831993,0.6272736060739426,0.24147935154831993,0.471310075438081,0.24147935154831993,0.0,0.24147935154831993,1,0,0.6914714658000523,1,1,1,1,1,2,2,0,0,0,soc1
3043,3,TOPRAK,3,0,soc,0.2516813273359696,1.0,0.2516813273359696,0.6262953345943986,0.21127074901992696,0.541923190001367,0.2516813273359696,0.24147935154831993,0.2516813273359696,1,1,0.655627082791465,1,1,0,1,1,0,1,0,0,4,soc1
3044,3,DUVAR,4,0,soc,0.5543222271122044,2.0,0.2664981112240036,0.5902687603514185,0.35405231480955796,0.47816583704645044,0.2664981112240036,0.6640208495881739,0.5543222271122044,2,1,0.5570023847898345,1,1,1,1,2,1,1,1,0,3,soc1
3045,3,SALÇA,5,1,soc,0.8145371713165205,3.0,0.44545718329862005,0.5459205031311442,0.42358731551867235,0.45083714513790196,0.44545718329862005,1.7261777940168477,0.8145371713165205,3,1,0.5258137746176479,2,1,1,1,1,2,2,1,0,0,soc1
3046,3,KÜÇÜK,6,1,soc,0.3969815277750878,3.0,0.39402197153244783,0.6026660403388064,0.3272971124368683,0.46846047417635917,0.39402197153244783,2.6775156643220015,0.3969815277750878,3,2,0.5391266409528631,2,0,1,1,0,1,1,0,0,7,soc1
3047,3,PARKUR,7,1,soc,0.41385861769400684,5.0,0.19396905448262136,0.6201452621663744,0.24701767977097525,0.5258869319372048,0.19396905448262136,2.1346857422124588,0.2620478920563535,3,3,0.5948365110982177,2,1,1,1,2,1,1,1,0,3,soc1
3048,3,KİTAP,8,1,soc,0.35278921307620603,7.0,0.3038160401033261,0.6059100518819449,0.24960177406765088,0.5195071545513241,0.3038160401033261,1.8399061378012693,0.3321806870903763,2,5,0.551119719452556,2,0,1,0,0,1,0,0,0,8,soc1
3049,3,DÜĞME,9,1,soc,0.9823856774645168,7.0,0.2625068698247951,0.5474536221462549,0.5260270081518404,0.34040351774767563,0.2625068698247951,1.5901742390841977,0.9607896067400263,4,4,0.4358471880193274,2,1,1,1,1,2,2,1,0,0,soc1
3050,3,YATAK,10,1,soc,0.7480478841854629,9.0,0.5065464660450255,0.6089381257045126,0.3785251932748742,0.4847759504312974,0.5065464660450255,1.935777208967011,0.5065464660450255,1,8,0.5344855206207344,3,1,1,1,2,1,1,1,0,3,soc1
3051,3,KOKU,11,0,soc,0.7679684291054976,6.0,0.23347234242150494,0.563263322624139,0.3558621952538287,0.4264696494712831,0.23347234242150494,1.957368606851559,0.700374303081745,2,8,0.5404662013061845,3,1,0,1,1,0,1,0,0,4,soc1
3052,3,ÇİÇEK,12,0,soc,0.7185540294184415,6.0,0.5204208570906917,0.5342116638411196,0.31029803121974453,0.4756239106290262,0.5204208570906917,2.0288596237687258,0.5204208570906917,1,10,0.5101734967079545,3,0,0,1,0,0,2,0,0,2,soc1
3053,3,DOLAP,13,0,soc,0.934522940334041,4.0,0.4722767057524929,0.43720957136781036,0.6529712737219922,0.3336977164946351,0.4722767057524929,2.5452668914979055,0.934522940334041,4,8,0.3835293026734826,3,1,1,1,1,2,2,1,0,0,soc1
3054,3,FIRIN,14,0,soc,0.9575447667524211,9.0,0.8174243470308453,0.47429646671968917,0.5796549076389657,0.407952101897497,0.8174243470308453,2.6721903693323044,0.8174243470308453,1,12,0.4477756462918292,3,1,1,1,1,2,2,1,1,0,soc1
3055,3,KOLA,15,0,soc,0.8559760341270273,10.0,0.4818571088225179,0.547007907014283,0.5485250540188629,0.43563137645741434,0.4818571088225179,3.2656816712192223,0.6641148065340642,3,11,0.4326528874539499,3,0,0,1,0,0,2,1,0,2,soc1
3056,3,KALAS,16,1,soc,0.5165683044205327,10.0,0.3164456606812867,0.6247319994914846,0.20381165729087689,0.586469099944295,0.3164456606812867,3.2878916045805164,0.3164456606812867,1,14,0.6021818372631853,3,0,1,1,0,1,1,0,0,7,soc1
3057,3,HALI,17,1,soc,0.751662779508489,12.0,0.20096276037223693,0.7074877423183111,0.34634591734084924,0.5119830135203232,0.20096276037223693,2.516236182773635,0.5556237903853873,4,12,0.515335207536876,3,0,0,1,0,0,1,0,0,5,soc1
3058,4,TERAS,1,0,soc,,,,0.4172398269800526,,0.5026303289942378,,0.0,1.0,0,0,1.0,1,1,0,1,2,0,1,0,0,3,soc1
3059,4,BAHÇE,2,0,soc,0.9242042644743286,1.0,0.9242042644743286,0.494095507392154,0.9242042644743286,0.4739526228148718,0.9242042644743286,0.0,0.9242042644743286,1,0,0.4172398269800526,1,1,0,1,2,0,1,1,1,3,soc1
3060,4,DERGİ,3,1,soc,0.14697919147960853,2.0,0.12195549148340473,0.7056359631612401,0.13446734148150663,0.595748065151479,0.12195549148340473,0.9242042644743286,0.14697919147960853,2,0,0.7055254583821968,1,1,1,0,1,1,0,0,0,8,soc1
3061,4,SIRA,4,0,soc,0.13598442188087762,2.0,0.07140765182596576,0.7140994353295722,0.08225965623732177,0.6278866668666219,0.07140765182596576,1.1931389474373417,0.13598442188087762,2,1,0.699350253494275,1,1,1,0,1,1,0,0,0,1,soc1
3062,4,SULUK,5,0,soc,0.5589713957306179,3.0,0.09794753363124817,0.6878924038688028,0.2948415326310669,0.4914241596362533,0.09794753363124817,1.439917916149307,0.5589713957306179,3,1,0.5467448578521947,2,0,1,0,0,1,0,0,0,2,soc1
3063,4,SİLGİ,6,0,soc,0.37753416215806646,4.0,0.29698376207722066,0.5902821746313616,0.29474643197792283,0.4772717496462472,0.29698376207722066,1.1346827264893413,0.37753416215806646,4,1,0.528239603255321,2,1,1,0,1,1,0,1,0,8,soc1
3064,4,KASA,7,1,soc,0.339247304431397,1.0,0.339247304431397,0.6557901015914647,0.17126875739941855,0.5069693659668297,0.339247304431397,1.1020848620224157,0.339247304431397,1,5,0.6127386245361397,2,0,1,1,0,1,3,0,0,5,soc1
3065,4,HARİTA,8,1,soc,0.2092665629199606,7.0,0.11595531880374066,0.6208401125927228,0.13959260045772487,0.5499064671558349,0.11595531880374066,1.1817928460465945,0.20908895245117776,2,5,0.6339745606399622,2,1,1,0,1,1,0,1,0,1,soc1
3066,4,KUTU,9,1,soc,0.46457851757624713,1.0,0.46457851757624713,0.45426074092988245,0.291939977817029,0.4324314438033401,0.46457851757624713,1.2749704745074477,0.46457851757624713,1,7,0.5024435869233347,2,0,1,1,0,1,1,0,0,0,soc1
3067,4,TAHTA,10,0,soc,0.808938780912267,1.0,0.808938780912267,0.40926966257283226,0.46842377123462403,0.3993914168807773,0.808938780912267,1.6780190605951002,0.808938780912267,1,8,0.4553865061338075,3,0,1,1,0,1,1,1,1,0,soc1
3068,4,MARKET,11,0,soc,0.7216362036201042,4.0,0.6632277689878967,0.5238217812267165,0.4124244530659336,0.4332720014266027,0.6632277689878967,2.3332522839791308,0.7216362036201042,4,6,0.4625419263366304,3,0,1,1,0,1,3,1,0,5,soc1
3069,4,HALKA,12,0,soc,0.3255837512663188,3.0,0.3093811951089286,0.5353094856895275,0.2576810474537579,0.4911428458031788,0.3093811951089286,2.679201287210512,0.3255837512663188,3,8,0.5661896629176666,3,0,0,1,0,0,2,0,0,7,soc1
3070,4,MEKTUP,13,0,soc,0.531413672102889,1.0,0.531413672102889,0.6021982170056975,0.2559491415378913,0.5420870045520672,0.531413672102889,2.6856137745849766,0.531413672102889,1,11,0.5504489016766505,3,0,0,1,0,0,2,1,1,7,soc1
3071,4,ÇORAP,14,0,soc,0.6721658308899058,5.0,0.05638370469242686,0.5573664779317717,0.44816722179629237,0.41667336490408013,0.05638370469242686,2.1831112780143083,0.6705631921729135,4,9,0.5134002524448071,3,0,1,1,0,1,3,1,0,5,soc1
3072,4,KALIP,15,0,soc,0.7259905593396109,1.0,0.7259905593396109,0.47300974782493577,0.33184724969001766,0.4907231300775877,0.7259905593396109,1.8825093176431207,0.7259905593396109,1,13,0.5382070997031181,3,0,0,1,0,0,1,0,0,9,soc1
3073,4,ZEMİN,16,0,soc,0.7799382870425406,15.0,0.5305487251469482,0.582848547934947,0.36539567982973375,0.49766202750848,0.5305487251469482,1.8751323955370247,0.5305487251469482,1,14,0.5074045201462625,3,1,0,1,2,0,1,0,0,3,soc1
3074,4,PARA,17,1,soc,0.60207201097775,10.0,0.17043047953602236,0.7206063242578451,0.3280445161479151,0.5136155629201724,0.17043047953602236,1.951628846869136,0.46851727800669357,3,13,0.5446542858011097,3,0,1,1,0,1,3,1,0,5,soc1
3081,1,SARI,1,1,eng,,,,0.7390236323944114,,0.5791114578448106,,0.0,1.0,0,0,1.0,1,1,0,1,1,0,1,0,0,2,eng1
3082,1,RAKAM,2,1,eng,0.13199108536387683,1.0,0.13199108536387683,0.640008490181349,0.13199108536387683,0.5048664640643326,0.13199108536387683,0.0,0.13199108536387683,1,0,0.7390236323944114,1,1,1,0,1,2,0,0,0,8,eng1
3083,1,MASA,3,0,eng,0.27045733383736814,1.0,0.27045733383736814,0.6107391359485617,0.2567702927574793,0.5154206447411216,0.27045733383736814,0.13199108536387683,0.27045733383736814,1,1,0.6096443015657435,1,1,0,1,1,0,2,0,0,0,eng1
3084,1,AĞAÇ,4,1,eng,0.34494329664975604,2.0,0.27929586190495326,0.5399091914643885,0.2779552749320107,0.44189922302457985,0.27929586190495326,0.6455316708788355,0.34494329664975604,2,1,0.5670849692734192,1,1,0,1,1,0,1,0,0,9,eng1
3085,1,KÖPEK,5,1,eng,0.6954360267136221,1.0,0.6954360267136221,0.5043104737197195,0.3734011914337054,0.4738122227631999,0.6954360267136221,1.4793974956748677,0.6954360267136221,1,3,0.497081790049005,2,0,1,1,0,1,1,0,0,6,eng1
3086,1,KALEM,6,1,eng,0.5024065825084536,4.0,0.37362473772533766,0.6345112082435833,0.3859885248154504,0.4442139292527105,0.37362473772533766,2.241496372650344,0.5024065825084536,4,1,0.49448124995642817,2,1,1,0,1,2,0,1,0,8,eng1
3087,1,EKRAN,7,0,eng,0.16685243706845343,5.0,0.09029648641541374,0.716609965422278,0.10677530156197398,0.6309113680796636,0.09029648641541374,2.4472233592692816,0.13004348773223884,4,2,0.6703639513780928,2,0,1,1,0,1,1,0,0,1,eng1
3088,1,YAZI,8,0,eng,0.7730691951070705,2.0,0.11523388533427606,0.6590186707742143,0.34411056735958645,0.4826001324149548,0.11523388533427606,1.7351242333688266,0.7730691951070705,2,5,0.4982701467462056,2,1,1,0,1,2,0,1,0,8,eng1
3089,1,PARK,9,0,eng,0.5999582642389087,5.0,0.1738444810325097,0.7006821248874673,0.2674651695763587,0.5111119888106408,0.1738444810325097,1.650626841405456,0.3129821028808094,4,4,0.6023167739151958,2,0,1,1,0,1,1,0,0,3,eng1
3090,1,KOLAY,10,0,eng,0.28700924183537696,2.0,0.042956397263476304,0.6900446907686302,0.13416627246899698,0.5436078597961834,0.042956397263476304,1.4029850476188357,0.28700924183537696,2,7,0.6451562939931839,3,0,0,1,0,0,1,0,0,7,eng1
3091,1,BARDAK,11,0,eng,0.7102854000778898,7.0,0.36830066587155413,0.49330551071275774,0.23320591204973434,0.4363881056478165,0.36830066587155413,0.7401253232381444,0.36830066587155413,1,9,0.5640972661362389,3,1,0,1,1,0,1,0,0,2,eng1
3092,1,KAĞIT,12,1,eng,0.8790552457670859,8.0,0.7632916113080702,0.5566875422145929,0.40718026221700654,0.4114820779912536,0.7632916113080702,1.2126913951333596,0.7632916113080702,1,10,0.4428495632514293,3,1,0,1,1,0,1,0,0,9,eng1
3093,1,BİNA,13,1,eng,0.526662887280119,4.0,0.20140033317492984,0.6232110583367347,0.24725315831595748,0.5057191385827035,0.20140033317492984,2.0674311806500962,0.526662887280119,4,8,0.5409863360455203,3,0,1,1,0,1,1,1,0,3,eng1
3094,1,ÖLÇEK,14,0,eng,0.496776122821186,12.0,0.29857535514375605,0.6162267864440143,0.275798079025986,0.5144640878023684,0.29857535514375605,2.1546400802963923,0.36686193996346983,2,11,0.5413500616503668,3,0,1,1,0,1,1,0,0,1,eng1
3095,1,ŞİŞE,15,0,eng,0.9133266973789964,4.0,0.19672750050227128,0.5137974892850052,0.41997428428780187,0.4335202099339839,0.19672750050227128,1.9522481548713275,0.9133266973789964,4,10,0.4597347546537184,3,1,0,1,1,0,2,0,0,0,eng1
3096,1,ÇANTA,16,0,eng,0.7290655094278011,1.0,0.7290655094278011,0.5095254966174612,0.44336157072873716,0.46489921999271233,0.7290655094278011,1.9187501314643187,0.7290655094278011,1,14,0.47831315258877916,3,0,0,1,0,0,1,0,0,5,eng1
3097,1,BEYİN,17,0,eng,0.7030623490479981,12.0,0.2770681081099094,0.5788545821561852,0.3372821347308191,0.48081426829651475,0.2770681081099094,1.8196253517075476,0.3926957632344366,2,14,0.5243209639558614,3,0,1,1,0,1,1,0,0,6,eng1
3098,1,KALE,18,0,eng,0.5201944127892401,12.0,0.37316492997265727,0.6454856676977732,0.25126241473693334,0.5495805001246823,0.37316492997265727,1.9678477201191067,0.37316492997265727,1,16,0.5545642708999976,3,1,0,1,1,0,2,1,0,0,eng1
3099,2,TERLİK,1,0,eng,,,,0.6595888685829774,,0.4098188031789458,,0.0,1.0,0,0,1.0,1,1,0,1,1,0,1,0,0,5,eng1
3100,2,BÜYÜK,2,1,eng,0.3308774658499728,1.0,0.3308774658499728,0.6435051507390572,0.3308774658499728,0.519662448090968,0.3308774658499728,0.0,0.3308774658499728,1,0,0.6595888685829774,1,1,1,1,1,1,1,0,0,7,eng1
3101,2,GRUP,3,1,eng,0.502224383114703,2.0,0.19943086376091435,0.6889611428645585,0.35082762343780866,0.5497004952999087,0.19943086376091435,0.3308774658499728,0.502224383114703,2,0,0.5969473577601263,1,1,0,1,1,0,1,0,0,1,eng1
3102,2,KEDİ,4,1,eng,0.6789120984624636,3.0,0.06384466415419943,0.6714508915442703,0.3076328085391627,0.46807258233496163,0.06384466415419943,1.03253271272559,0.6789120984624636,3,0,0.6197013312413626,1,1,0,0,1,0,0,0,0,6,eng1
3103,2,KOLTUK,5,0,eng,0.2597987541429509,4.0,0.25315691501291404,0.6505093178341259,0.16802610827884418,0.6117359554764118,0.25315691501291404,1.9554311383430782,0.2597987541429509,4,0,0.6196677586562007,2,0,1,0,0,1,0,0,0,3,eng1
3104,2,KAŞIK,6,0,eng,0.83247450901758,2.0,0.21787928701493695,0.6258576040677795,0.4380638439327481,0.39682785557558875,0.21787928701493695,0.8557228698883647,0.83247450901758,2,3,0.4601395029224986,2,0,1,1,0,1,2,0,0,2,eng1
3105,2,KISA,7,1,eng,0.5207710106964843,5.0,0.1243362218240441,0.6964139228525552,0.20130921618954703,0.6031012958994983,0.1243362218240441,1.6690183158779426,0.26950637178403114,4,2,0.6752753686882751,2,1,1,1,1,1,1,0,0,7,eng1
3106,2,DEFTER,8,0,eng,0.39321858833781304,2.0,0.10483567669757902,0.6411331321706215,0.21639679632442474,0.5165791894492879,0.10483567669757902,1.5197794095126504,0.39321858833781304,2,5,0.5808102272246474,2,0,1,0,0,1,0,0,0,8,eng1
3107,2,KAPI,9,0,eng,0.6249684131058864,5.0,0.2614556106246453,0.5692196199651366,0.33707901488143194,0.4709776254631731,0.2614556106246453,0.9052080911148838,0.3743629275058095,4,4,0.5386141470648494,2,0,1,1,0,1,2,0,0,0,eng1
3108,2,CÜZDAN,10,0,eng,0.8193907759305923,9.0,0.6490652151450355,0.4897273291130426,0.47894284748450594,0.38112015039627734,0.6490652151450355,1.3084542206549,0.6996668093983431,4,5,0.41427743797662286,3,1,0,1,1,0,1,0,0,5,eng1
3109,2,TABAK,11,0,eng,0.9312959692780304,5.0,0.5042465281180626,0.643082543014448,0.4378905141025079,0.41881939715447036,0.5042465281180626,1.9517307443132421,0.5042465281180626,1,9,0.5475330141198463,3,0,1,1,0,1,2,0,0,2,eng1
3110,2,SPOR,12,0,eng,0.5270647491536371,11.0,0.10699570731402533,0.7487008944223837,0.09390333256782062,0.6362172881217276,0.10699570731402533,2.699008616378139,0.1563360266248111,2,9,0.6794799996847674,3,1,0,1,1,0,1,0,0,1,eng1
3111,2,ELMA,13,0,eng,0.710909757728838,7.0,0.03405619376332644,0.7226219624092689,0.20933933238982222,0.5485194670395283,0.03405619376332644,1.8687722295714908,0.46841613079330613,2,10,0.6174722105415869,3,0,1,1,0,1,2,1,0,2,eng1
3112,2,SEHPA,14,0,eng,0.8855161527891529,8.0,0.24475417417886924,0.5250766079258598,0.5515763296762302,0.3828437730250226,0.24475417417886924,1.5229368666323273,0.874047692873124,4,9,0.4825112551149675,3,0,1,1,0,1,2,0,0,0,eng1
3113,2,ŞİŞE,15,0,eng,0.7647121882014548,9.0,0.7635464497441882,0.6151180235197615,0.48160821572705537,0.46927423975982907,0.7635464497441882,1.674118803489776,0.7635464497441882,1,13,0.5082600485243821,3,0,1,1,0,1,2,1,1,0,eng1
3114,2,TOPLU,16,1,eng,0.4690134993133757,9.0,0.07905930609894615,0.6950426030617076,0.16059644309845916,0.6059778575380612,0.07905930609894615,1.5534238678072874,0.30747062185491775,2,13,0.6331659516655613,3,1,1,1,1,1,1,0,0,7,eng1
3115,2,İLAÇ,17,0,eng,0.5590760257125165,16.0,0.16186573971751173,0.724498227024007,0.2676398885708647,0.5150691554611333,0.16186573971751173,1.8180461162189436,0.4800476716497196,2,14,0.5231825351354151,3,0,0,1,0,0,1,0,0,4,eng1
3116,3,DOLAP,1,1,eng,,,,0.7780360026368184,,0.4122296845837258,,0.0,1.0,0,0,1.0,1,1,1,1,1,1,4,0,0,0,eng1
3117,3,KALAS,2,0,eng,0.06873446823740795,1.0,0.06873446823740795,0.6147927297168168,0.06873446823740795,0.598323656326077,0.06873446823740795,0.0,0.06873446823740795,1,0,0.7780360026368184,1,1,0,0,2,0,0,0,0,7,eng1
3118,3,KÜÇÜK,3,0,eng,0.5165683044205327,1.0,0.5165683044205327,0.5397565589767499,0.48561370048712216,0.47283372861673556,0.5165683044205327,0.06873446823740795,0.5165683044205327,1,1,0.5010177789728147,1,1,0,0,2,0,0,1,1,7,eng1
3119,3,YATAK,4,1,eng,0.6552667645315771,3.0,0.3466276637668677,0.5412020784824567,0.35955493991179793,0.4069316703337851,0.3466276637668677,1.0399618692116523,0.6552667645315771,3,0,0.5427162748091388,1,1,1,1,1,2,1,0,0,3,eng1
3120,3,HALI,5,1,eng,0.5556237903853873,4.0,0.5074386632811121,0.5242588006678947,0.3837734033052651,0.49647254280809905,0.5074386632811121,2.118626688947046,0.5556237903853873,4,0,0.4984925478484351,2,0,1,0,0,1,0,0,0,5,eng1
3121,3,DÜĞME,6,1,eng,0.934522940334041,5.0,0.5504703171328947,0.534648566593485,0.5149769000551275,0.35827508375819195,0.5504703171328947,1.9194361824600223,0.5504703171328947,1,4,0.47677623551704873,2,1,1,1,1,1,4,0,0,0,eng1
3122,3,PARKUR,7,0,eng,0.5442373948670083,6.0,0.3522377483465875,0.6533920377035745,0.28418435403937164,0.5246985690204182,0.3522377483465875,2.673218318527529,0.4104595139300559,3,3,0.5587486038916701,2,1,1,1,1,2,1,1,0,3,eng1
3123,3,KOKU,8,0,eng,0.700374303081745,2.0,0.15750480766813932,0.6762304231299512,0.3774131647030834,0.448128012992668,0.15750480766813932,2.56643410649503,0.700374303081745,2,5,0.5456812251927953,2,0,1,1,0,1,1,0,0,4,eng1
3124,3,ODA,9,1,eng,0.7480478841854629,5.0,0.17160209273526855,0.6588184287417153,0.2957248550935395,0.5261552944955123,0.17160209273526855,2.31178109502888,0.22252433529445556,3,5,0.6214432725034411,2,1,1,1,1,2,1,1,0,3,eng1
3125,3,LAMBA,10,1,eng,0.9823856774645168,4.0,0.24147935154831993,0.5781813651652248,0.5321493639057777,0.36394815744184583,0.24147935154831993,1.8145972176154948,0.9823856774645168,4,5,0.43459608064032595,3,1,1,1,1,1,4,1,0,0,eng1
3126,3,DUVAR,11,1,eng,0.7200170034852962,10.0,0.5543222271122044,0.5683703150105126,0.3984710453947892,0.4477528290871836,0.5543222271122044,1.8613340565198961,0.5543222271122044,1,9,0.5279528938662579,3,1,1,1,1,2,1,1,0,3,eng1
3127,3,FIRIN,12,1,eng,0.8174243470308453,11.0,0.323485653835385,0.4980534822212439,0.3986825722752866,0.44794898717933485,0.323485653835385,2.246390028857555,0.6878179095248221,2,9,0.4884480113916311,3,1,1,1,1,1,4,1,0,0,eng1
3128,3,SALÇA,13,1,eng,0.9607896067400263,7.0,0.9575447667524211,0.4295636549501679,0.6149685627795849,0.38495806099340046,0.9575447667524211,2.252205705855545,0.9575447667524211,1,11,0.4440977908161552,3,1,1,1,1,1,4,1,1,0,eng1
3129,3,KİTAP,14,0,eng,0.6275266564175318,13.0,0.10848375379181596,0.74941002835812,0.22412983629467376,0.5584588654497714,0.10848375379181596,3.7831649118399735,0.3126929017723875,3,10,0.6329197429919091,3,0,0,1,0,0,1,0,0,8,eng1
3130,3,CAM,15,0,eng,0.6049927222974112,9.0,0.061728587671636026,0.6600236815273387,0.3839641496011319,0.5034367198786307,0.061728587671636026,2.1986408384391387,0.49834917923103184,2,12,0.5390315775986352,3,1,1,1,1,1,4,1,0,0,eng1
3131,3,ÇİÇEK,16,0,eng,0.7185540294184415,13.0,0.3230987275766486,0.5682492359244612,0.3211110653090654,0.4948882885307593,0.3230987275766486,2.0265958856172492,0.46749925114819574,3,12,0.5385660649216235,3,0,0,1,0,0,1,0,0,2,eng1
3132,3,TOPRAK,17,0,eng,0.5057224384953654,1.0,0.5057224384953654,0.6027149440259818,0.30596705867031926,0.5436347732284237,0.5057224384953654,1.7703583497188364,0.5057224384953654,1,15,0.573469554203782,3,0,1,1,0,1,1,0,0,4,eng1
3133,4,TERAS,1,1,eng,,,,0.7082467423175942,,0.504707859178291,,0.0,1.0,0,0,1.0,1,1,1,1,1,1,1,0,0,3,eng1
3134,4,KALIP,2,0,eng,0.19912885118227577,1.0,0.19912885118227577,0.5393491156444085,0.19912885118227577,0.49212563626305816,0.19912885118227577,0.0,0.19912885118227577,1,0,0.7082467423175942,1,1,0,0,1,0,0,0,0,9,eng1
3135,4,KUTU,3,0,eng,0.6188865632814411,1.0,0.6188865632814411,0.5183750657716961,0.4142781877129546,0.457998093884297,0.6188865632814411,0.19912885118227577,0.6188865632814411,1,1,0.5387824596296851,1,1,0,1,1,0,2,0,0,0,eng1
3136,4,PARA,4,0,eng,0.36502025028410534,1.0,0.36502025028410534,0.5558485590012333,0.25692502071288437,0.4818666775826399,0.36502025028410534,1.027685226608185,0.36502025028410534,1,2,0.5813337667010283,1,1,1,1,1,2,1,0,0,5,eng1
3137,4,MARKET,5,0,eng,0.4909798771227458,4.0,0.45404855151860135,0.5257203963505539,0.3849498444046262,0.4228727343416444,0.45404855151860135,1.7984602887468382,0.4909798771227458,4,0,0.49575396120963733,2,1,1,1,1,2,1,1,1,5,eng1
3138,4,ZEMİN,6,0,eng,0.7799382870425406,5.0,0.44897899543936426,0.552323394815721,0.4469844240160513,0.43683571516116504,0.44897899543936426,2.284267411142752,0.5305487251469482,4,1,0.5222060334653995,2,1,1,1,1,1,1,0,0,3,eng1
3139,4,HALKA,7,0,eng,0.42133583163229127,3.0,0.3726544150948415,0.6167122836129328,0.3134318493039011,0.5274353471475113,0.3726544150948415,2.044828704553726,0.42133583163229127,3,3,0.5082659719753999,2,0,1,1,0,1,1,0,0,7,eng1
3140,4,HARİTA,8,0,eng,0.46457851757624713,5.0,0.16323673201005123,0.6775936436252399,0.2654271768793136,0.5419992794160831,0.16323673201005123,2.1768294683300495,0.41780844155107905,2,5,0.5901908124610142,2,0,1,1,0,1,1,0,0,1,eng1
3141,4,KASA,9,0,eng,0.7216362036201042,4.0,0.11595531880374066,0.6737418447218804,0.3651260584789034,0.4805769615953098,0.11595531880374066,1.868125001129834,0.7216362036201042,4,4,0.5456735082282773,2,1,1,1,1,2,1,1,0,5,eng1
3142,4,BAHÇE,10,1,eng,0.9242042644743286,9.0,0.13969437128941514,0.6175656827457074,0.25426743547703634,0.5024283063655443,0.13969437128941514,1.4556216664526342,0.4555404593460384,4,5,0.5832407303097662,3,1,1,1,1,1,1,1,0,3,eng1
3143,4,FIRIN,11,0,eng,0.5648124718075491,6.0,0.4712827091989037,0.6070628496131805,0.3096362323554758,0.5022023730924645,0.4712827091989037,0.8818682194767564,0.4712827091989037,1,9,0.5197428984024205,3,1,0,1,1,0,2,0,0,0,eng1
3144,4,DERGİ,12,1,eng,0.3941588399247352,9.0,0.10859216402947773,0.6206962289183955,0.10227407004005247,0.5719680672188031,0.10859216402947773,1.4179054103027608,0.13114612730878486,4,7,0.6376954891591207,3,0,0,1,0,0,2,0,0,8,eng1
3145,4,MEKTUP,13,0,eng,0.531413672102889,6.0,0.3551170103613303,0.5860516340570451,0.13593543691964977,0.5829486976253607,0.3551170103613303,1.300715103718577,0.3551170103613303,1,11,0.6199778449255509,3,0,1,1,0,1,1,0,0,7,eng1
3146,4,SİLGİ,14,0,eng,0.4072161704521243,10.0,0.36239623619342476,0.5185343208352885,0.3551055627533505,0.44142267626041387,0.36239623619342476,1.1893948690066685,0.3830295564092362,3,10,0.4853004934224254,3,0,0,1,0,0,2,1,0,8,eng1
3147,4,ÇORAP,15,0,eng,0.7259905593396109,13.0,0.5408118683387342,0.6999546642460721,0.3141260810717517,0.507329276441393,0.5408118683387342,1.5664636589967915,0.5408118683387342,1,13,0.5627507296119223,3,1,1,1,1,2,1,0,0,5,eng1
3148,4,SIRA,16,0,eng,0.24573466174940206,9.0,0.04312821108588731,0.7484662448188173,0.08091647964895075,0.6645779376926727,0.04312821108588731,1.76588317517335,0.17400912797612597,2,13,0.680568366233912,3,0,1,1,0,1,1,0,0,1,eng1
3149,4,TAHTA,17,0,eng,0.808938780912267,14.0,0.07621290747252103,0.772488148308383,0.32682768392201333,0.5250626561375893,0.07621290747252103,1.2373966605771387,0.6705631921729135,2,14,0.5363821974977807,3,1,0,1,1,0,2,0,0,0,eng1
3156,1,SARI,1,1,soc,,,,0.6850936015775825,,0.5628988701139193,,0.0,1.0,0,0,1.0,1,1,0,0,2,0,0,0,0,2,soc0
3157,1,BEYİN,2,1,soc,0.2585122819075487,1.0,0.2585122819075487,0.5899818121792044,0.2585122819075487,0.49731674689988803,0.2585122819075487,0.0,0.2585122819075487,1,0,0.6850936015775825,1,1,0,1,1,0,1,0,0,6,soc0
3158,1,BARDAK,3,1,soc,0.4806540371260736,1.0,0.4806540371260736,0.5187347021974447,0.39732140473338506,0.40139793926790257,0.4806540371260736,0.2585122819075487,0.4806540371260736,1,1,0.5608951585895894,1,1,0,0,2,0,0,1,0,2,soc0
3159,1,ÇANTA,4,0,soc,0.4930966381115681,1.0,0.4930966381115681,0.510277047320301,0.29552089594912556,0.4861643098711619,0.4930966381115681,1.0531550913743188,0.4930966381115681,1,2,0.591219921597476,1,1,0,0,1,0,0,0,0,5,soc0
3160,1,KAĞIT,5,1,soc,0.7632916113080702,2.0,0.6540926245962044,0.49264292831959566,0.5746846316660319,0.38408915902785856,0.6540926245962044,1.9397177792216955,0.7632916113080702,2,2,0.41361677475903513,2,0,1,1,0,1,1,0,0,9,soc0
3161,1,ÖLÇEK,6,0,soc,0.36686193996346983,1.0,0.36686193996346983,0.6211440239053626,0.2069256155621207,0.508294844732074,0.36686193996346983,3.0923812436742213,0.36686193996346983,1,4,0.5924471324584614,2,0,1,0,0,2,0,0,0,1,soc0
3162,1,ŞİŞE,7,1,soc,0.9133266973789964,4.0,0.19672750050227128,0.6929018402588215,0.566459313619558,0.4844936548993265,0.19672750050227128,2.566957696840199,0.9133266973789964,4,2,0.4047941816604139,2,0,1,1,0,1,2,0,0,0,soc0
3163,1,YAZI,8,0,soc,0.4868718316772624,6.0,0.07959490084333107,0.6910515839634882,0.27349261717723816,0.4623389553007534,0.07959490084333107,2.6453781519259105,0.4699779847941003,3,4,0.5644450926895472,2,0,1,1,0,1,2,0,0,8,soc0
3164,1,EKRAN,9,0,soc,0.17971877537199893,3.0,0.11523388533427606,0.715495635789668,0.10134378214447257,0.6246494842980321,0.11523388533427606,2.1543104063040075,0.17971877537199893,3,5,0.6576771936398544,2,0,1,0,0,2,0,1,0,1,soc0
3165,1,KOLAY,10,0,soc,0.4734206706671342,5.0,0.05184751822271495,0.7168858231970278,0.2472820640816371,0.5454576936303683,0.05184751822271495,1.0786228613531006,0.28950066880510955,4,5,0.5888953803785455,3,0,0,1,0,0,1,0,0,7,soc0
3166,1,KALEM,11,1,soc,0.7730691951070705,3.0,0.09708840487306382,0.6166644769398639,0.2973427180794013,0.44594339467033295,0.09708840487306382,0.7349985837682225,0.7730691951070705,3,7,0.5161028621075692,3,0,1,1,0,1,2,1,0,8,soc0
3167,1,RAKAM,12,0,soc,0.7057482398165602,4.0,0.5024065825084536,0.5521875973152319,0.3549326697660663,0.5074070055409445,0.5024065825084536,1.4145447317879158,0.7057482398165602,4,7,0.4662385680704635,3,0,1,1,0,1,2,1,1,8,soc0
3168,1,KÖPEK,13,0,soc,0.7030623490479981,11.0,0.3241388164109434,0.5891587129420683,0.23761917822199835,0.48531091610112675,0.3241388164109434,1.190875146141253,0.37362473772533766,2,10,0.5632933744248056,3,1,0,1,1,0,1,0,0,6,soc0
3169,1,BİNA,14,0,soc,0.3183272189245442,12.0,0.30788651392414,0.5450822580313983,0.21782929861461287,0.48052537320854916,0.30788651392414,1.7715720587213046,0.30788651392414,1,12,0.5586189547980315,3,0,0,1,0,0,2,0,0,3,soc0
3170,1,PARK,15,0,soc,0.526662887280119,1.0,0.526662887280119,0.501732580193903,0.22986405331462692,0.47705861291864793,0.526662887280119,1.9630987431655742,0.526662887280119,1,13,0.5457677543292884,3,0,0,1,0,0,2,1,1,3,soc0
3171,1,KALE,16,1,soc,0.5201944127892401,5.0,0.4948033738522656,0.5495478387986408,0.2673757691045806,0.5230034454185042,0.4948033738522656,1.7674186051539258,0.4948033738522656,1,14,0.5901156365925421,3,0,1,1,0,1,2,0,0,0,soc0
3172,1,KABLO,17,0,soc,0.5725258870121184,13.0,0.328774756070349,0.5409870991603175,0.25485819613168126,0.5071151985568425,0.328774756070349,1.9191152584677842,0.328774756070349,1,15,0.5342067940745556,3,0,1,1,0,1,2,1,1,0,soc0
3173,1,AĞAÇ,18,0,soc,0.8790552457670859,13.0,0.5325230280922546,0.5940531994761331,0.5015506289883964,0.4255594003582537,0.5325230280922546,2.171371196680623,0.5999582642389087,3,14,0.46924265013176125,3,0,1,1,0,1,1,0,0,9,soc0
3174,2,KAPI,1,1,soc,,,,0.5475767406138727,,0.4689457294763846,,0.0,1.0,0,0,1.0,1,1,1,0,1,1,0,0,0,0,soc0
3175,2,TAŞLIK,2,1,soc,0.6693976666138138,1.0,0.6693976666138138,0.4418226544718249,0.6693976666138138,0.3698086112317619,0.6693976666138138,0.0,0.6693976666138138,1,0,0.5475767406138727,1,1,1,1,2,1,1,0,0,2,soc0
3176,2,TABAK,3,1,soc,0.7655858167531391,1.0,0.7655858167531391,0.5336168061883523,0.5818982159072592,0.4685933669724207,0.7655858167531391,0.6693976666138138,0.7655858167531391,1,1,0.5548443107555165,1,1,1,1,2,1,1,1,1,2,soc0
3177,2,KEDİ,4,1,soc,0.7116607554121873,2.0,0.45868189500698364,0.5017924426353574,0.5984370211750191,0.42520922170779085,0.45868189500698364,1.8331940984283321,0.7116607554121873,2,1,0.4688376883442289,1,1,0,0,1,0,0,0,0,6,soc0
3178,2,SEHPA,5,1,soc,0.8191831838889087,4.0,0.7842057585918668,0.5200094620939594,0.7803652325715553,0.29388244117191276,0.7842057585918668,3.628505161953389,0.8191831838889087,4,0,0.3465409026840317,2,1,1,0,1,1,0,1,0,0,soc0
3179,2,SPOR,6,0,soc,0.14479414979768762,4.0,0.10302136975117399,0.7118361881601765,0.08760146178801284,0.6426793953334513,0.10302136975117399,4.238206213569622,0.14479414979768762,4,1,0.7116733014988402,2,0,1,1,0,1,1,0,0,1,soc0
3180,2,DEFTER,7,0,soc,0.5239858730667456,5.0,0.09651783689816874,0.6324672733562828,0.3370877863638604,0.5163992680175251,0.09651783689816874,2.1990579031221253,0.4945097639935926,2,4,0.5603170715329489,2,0,1,0,0,1,0,0,0,8,soc0
3181,2,CÜZDAN,8,0,soc,0.874047692873124,3.0,0.627572112708787,0.4564310552388703,0.5618991896478699,0.4250293257231005,0.627572112708787,1.8194995971443675,0.874047692873124,3,4,0.41847363580787567,2,0,1,1,0,1,1,0,0,5,soc0
3182,2,KAŞIK,9,0,soc,0.9312959692780304,6.0,0.6996668093983431,0.5636454892832303,0.5973350738332216,0.37834030419799847,0.6996668093983431,2.3520048028496574,0.8855161527891529,4,4,0.46256331977655984,2,1,1,1,2,1,1,0,0,2,soc0
3183,2,KOLTUK,10,0,soc,0.7434975641506587,5.0,0.21787928701493695,0.687054434170703,0.24958920424780917,0.6030841443651018,0.21787928701493695,2.1491106835911418,0.21787928701493695,1,8,0.6642844114127145,3,0,0,1,0,0,1,0,0,3,soc0
3184,2,BÜYÜK,11,1,soc,0.3362760149904467,8.0,0.0679469348657798,0.6298079748980494,0.22377797499032295,0.4881930019365761,0.0679469348657798,2.186590466764308,0.2985866110533916,3,7,0.599973218861327,3,0,0,1,0,0,3,0,0,7,soc0
3185,2,ELMA,12,1,soc,0.710909757728838,3.0,0.3613344312106457,0.6862965411646597,0.32190321910311626,0.5334508413433994,0.3613344312106457,1.7422834356141295,0.710909757728838,3,8,0.5182479009612571,3,1,1,1,2,1,1,1,0,2,soc0
3186,2,GRUP,13,0,soc,0.5263829283054188,7.0,0.034088818642586005,0.6607684981951383,0.13233560956537946,0.5315814934047152,0.034088818642586005,1.737652316814878,0.21046111158458014,4,8,0.6520406838034518,3,0,1,1,0,1,1,0,0,1,soc0
3187,2,TOPLU,14,0,soc,0.3821091830560145,1.0,0.3821091830560145,0.5899895038869465,0.17877306065258805,0.5379571036309465,0.3821091830560145,0.858900521608136,0.3821091830560145,1,12,0.6137641653474115,3,0,0,1,0,0,3,1,0,7,soc0
3188,2,TERLİK,15,0,soc,0.9044878180247089,13.0,0.33924225322331236,0.5221781820018139,0.3702833340028777,0.4162484876116619,0.33924225322331236,1.2283334270128687,0.502224383114703,2,12,0.46113966908079707,3,0,1,1,0,1,1,0,0,5,soc0
3189,2,İLAÇ,16,0,soc,0.5590760257125165,1.0,0.5590760257125165,0.5689709597982251,0.3587308276613114,0.4831507951605102,0.5590760257125165,1.7227567019015082,0.5590760257125165,1,14,0.5184791877167252,3,0,0,1,0,0,1,0,0,4,soc0
3190,2,KISA,17,0,soc,0.5207710106964843,6.0,0.3362406535068727,0.6577754783367498,0.30267688690902056,0.5193156446904554,0.3362406535068727,2.2460624049300995,0.4690134993133757,3,13,0.5224145719555373,3,0,0,1,0,0,3,1,0,7,soc0
3191,3,YATAK,1,1,soc,,,,0.6476041683852534,,0.4439348693536257,,0.0,1.0,0,0,1.0,1,1,1,1,2,1,1,0,0,3,soc0
3192,3,KOLA,2,1,soc,0.36673461501528926,1.0,0.36673461501528926,0.5810747147230653,0.36673461501528926,0.4951444212210212,0.36673461501528926,0.0,0.36673461501528926,1,0,0.6476041683852534,1,1,1,0,1,1,0,0,0,2,soc0
3193,3,DUVAR,3,1,soc,0.3028795353044267,1.0,0.3028795353044267,0.611325303911808,0.30010777078644535,0.5132755635219659,0.3028795353044267,0.36673461501528926,0.3028795353044267,1,1,0.6002796315233545,1,1,1,1,2,1,1,1,0,3,soc0
3194,3,KÜÇÜK,4,1,soc,0.5828482985109196,2.0,0.28670730434761627,0.516139319844944,0.40539442220846783,0.4486719256564402,0.28670730434761627,0.96695015658818,0.5828482985109196,2,1,0.519165545360048,1,1,0,1,1,0,1,0,0,7,soc0
3195,3,ÇİÇEK,5,1,soc,0.7185540294184415,1.0,0.7185540294184415,0.6497903906829454,0.4739589744397361,0.5059868530995089,0.7185540294184415,2.1831334232135835,0.7185540294184415,1,3,0.4693972030688205,2,1,1,0,1,1,0,1,0,2,soc0
3196,3,ODA,6,1,soc,0.7480478841854629,5.0,0.05137256349296766,0.7444539277864652,0.27635605254424134,0.5519923444835958,0.05137256349296766,2.8527806379601874,0.2985323326171385,2,3,0.6418929483086805,2,1,1,1,2,1,1,1,0,3,soc0
3197,3,SALÇA,7,0,soc,0.8559760341270273,5.0,0.08933526342486525,0.5388599753321008,0.45045794070623124,0.3686078384662854,0.08933526342486525,1.8941794998133492,0.46749925114819574,2,4,0.5448833935302999,2,0,1,1,0,3,2,0,0,0,soc0
3198,3,FIRIN,8,0,soc,0.9575447667524211,1.0,0.9575447667524211,0.35856513375422294,0.41846122526621043,0.4184301535378414,0.9575447667524211,2.0193154116340564,0.9575447667524211,1,6,0.515518377740076,2,0,1,1,0,3,2,1,1,0,soc0
3199,3,DOLAP,9,0,soc,0.8174243470308453,1.0,0.8174243470308453,0.4118497822094329,0.6035167364782092,0.36141752910903235,0.8174243470308453,1.9755976362370524,0.8174243470308453,1,7,0.3902901785481502,2,0,1,1,0,3,2,1,1,0,soc0
3200,3,LAMBA,10,0,soc,0.8145371713165205,3.0,0.7685736311244618,0.498321603184262,0.5767232269189803,0.3795927082791748,0.7685736311244618,3.341291868004476,0.8145371713165205,3,6,0.4642604670954871,3,0,1,1,0,3,2,1,1,0,soc0
3201,3,KALAS,11,1,soc,0.5165683044205327,7.0,0.17883395389095832,0.6206374657709244,0.14665075514543707,0.6152129585770341,0.17883395389095832,4.8256474129967195,0.2900514523098188,4,6,0.6541858833386847,3,1,0,1,1,0,1,0,0,7,soc0
3202,3,TOPRAK,12,0,soc,0.5057224384953654,7.0,0.3025544957014579,0.6181640366025397,0.29188643551442617,0.5289149897501247,0.3025544957014579,2.707022105045731,0.3643275149525329,4,7,0.562747891665363,3,0,0,1,0,0,2,0,0,4,soc0
3203,3,DÜĞME,13,0,soc,0.9823856774645168,3.0,0.1484630998214299,0.5425365675527054,0.5864556349544832,0.3445112995625429,0.1484630998214299,1.7662270718377422,0.9823856774645168,3,9,0.36631630128131976,3,0,1,1,0,3,2,1,0,0,soc0
3204,3,KOKU,14,0,soc,0.7679684291054976,7.0,0.700374303081745,0.559856349875363,0.500196835556289,0.46024761365263567,0.700374303081745,1.9561965218587045,0.700374303081745,1,12,0.4579354221475962,3,0,0,1,0,0,2,1,0,4,soc0
3205,3,KİTAP,15,0,soc,0.6275266564175318,6.0,0.20415767379388639,0.6140834552816816,0.2146246241429027,0.538229336070378,0.20415767379388639,1.8024811829895242,0.2625068698247951,2,12,0.5952057469667806,3,0,0,1,0,0,1,0,0,8,soc0
3206,3,HALI,16,0,soc,0.751662779508489,9.0,0.31199474850576664,0.6083566793031515,0.3243813497748434,0.4953074008278374,0.31199474850576664,1.9213239366375374,0.5504703171328947,3,12,0.5189846744393896,3,0,0,1,0,0,1,0,0,5,soc0
3207,3,PARKUR,17,0,soc,0.5442373948670083,8.0,0.2392813977593541,0.6923081477635469,0.23207001928313828,0.5676435628074423,0.2392813977593541,2.3414164333792473,0.3522377483465875,4,12,0.5724464496916253,3,1,1,1,2,1,1,0,0,3,soc0
3208,4,PARA,1,1,soc,,,,0.6861167983804008,,0.5363177660689354,,0.0,1.0,0,0,1.0,1,1,1,1,1,1,2,0,0,5,soc0
3209,4,TAHTA,2,1,soc,0.2557476057021561,1.0,0.2557476057021561,0.6149541815787462,0.2557476057021561,0.4755811316621906,0.2557476057021561,0.0,0.2557476057021561,1,0,0.6861167983804008,1,1,1,0,1,1,0,0,0,0,soc0
3210,4,SİLGİ,3,1,soc,0.4265112590925666,1.0,0.4265112590925666,0.5932007050960273,0.41686371477234546,0.4812283743178437,0.4265112590925666,0.2557476057021561,0.4265112590925666,1,1,0.5490770912224812,1,1,1,0,1,1,0,0,0,8,soc0
3211,4,ZEMİN,4,1,soc,0.4330772622137296,2.0,0.2447279106095894,0.6522403444639308,0.2827452174531138,0.5001524406471491,0.2447279106095894,1.089475035246847,0.4330772622137296,2,1,0.5859609242339856,1,1,0,1,1,0,2,0,0,3,soc0
3212,4,DERGİ,5,0,soc,0.31332055457462793,2.0,0.1852874627060137,0.7022398400754537,0.2120851442386391,0.5685559963265441,0.1852874627060137,1.9377106876061883,0.31332055457462793,2,2,0.5959915318590698,2,1,1,0,1,1,0,1,0,8,soc0
3213,4,HALKA,6,0,soc,0.42133583163229127,5.0,0.0458795740329172,0.6933662351318615,0.2832997223489885,0.5087120835669661,0.0458795740329172,1.8054517162159738,0.3726544150948415,2,3,0.5834667778756236,2,0,1,1,0,1,1,0,0,7,soc0
3214,4,ÇORAP,7,1,soc,0.6705631921729135,5.0,0.2592308117623375,0.5242383932814662,0.379034826353256,0.4412539460513082,0.2592308117623375,1.4613412245535684,0.5408118683387342,4,2,0.5457266924940207,2,1,1,1,1,1,2,0,0,5,soc0
3215,4,KUTU,8,0,soc,0.808938780912267,6.0,0.6721658308899058,0.5125439876454749,0.3832331158153674,0.47500119003567154,0.6721658308899058,1.287620523088405,0.6721658308899058,1,6,0.46882070048123936,2,1,1,0,1,1,0,0,0,0,soc0
3216,4,SULUK,9,0,soc,0.4928065927334522,7.0,0.3745700558963594,0.6258054428939107,0.3041953604008608,0.4803646033586033,0.3745700558963594,1.8348726088890204,0.4512745529905392,2,6,0.5663226347381083,2,0,1,0,0,1,0,0,0,2,soc0
3217,4,SIRA,10,0,soc,0.24573466174940206,4.0,0.09794753363124817,0.6993086819014667,0.10592408131450089,0.6250400728742811,0.09794753363124817,2.1689820516769016,0.24573466174940206,4,5,0.6576317308556697,3,0,0,1,0,0,2,0,0,1,soc0
3218,4,BAHÇE,11,0,soc,0.5990619609063522,9.0,0.13598442188087762,0.6141323180925238,0.30753033557586124,0.4676826246810195,0.13598442188087762,1.7104885327739408,0.5589713957306179,2,8,0.5272813736567823,3,1,0,1,1,0,2,0,0,3,soc0
3219,4,MARKET,12,1,soc,0.6632277689878967,10.0,0.42616662481035583,0.5706396260852762,0.3386487969168259,0.4467783942064426,0.42616662481035583,1.546772399851921,0.42616662481035583,1,10,0.5662263713968319,3,1,1,1,1,1,2,0,0,5,soc0
3220,4,TERAS,13,0,soc,0.9242042644743286,2.0,0.4909798771227458,0.5710364626455503,0.40765436359436774,0.4885497289150914,0.4909798771227458,1.6023299715027437,0.9242042644743286,2,10,0.4793608693449877,3,1,0,1,1,0,2,1,0,3,soc0
3221,4,HARİTA,14,1,soc,0.46457851757624713,6.0,0.2092665629199606,0.6649783020660078,0.1461020034674693,0.5752786850604559,0.2092665629199606,2.0663548467958717,0.2092665629199606,1,12,0.6270099065443027,3,0,0,1,0,0,2,1,0,1,soc0
3222,4,MEKTUP,15,0,soc,0.531413672102889,9.0,0.06883563012778018,0.697125730393855,0.08019026432579165,0.6249177525481295,0.06883563012778018,2.330088180019856,0.14360736451266068,3,11,0.6817502891386829,3,0,1,1,0,1,1,0,0,7,soc0
3223,4,KASA,16,0,soc,0.7216362036201042,4.0,0.12327705017558624,0.6206912016880892,0.2713368509290543,0.5138706557269919,0.12327705017558624,1.108156114801837,0.7216362036201042,4,11,0.5230872398413791,3,1,1,1,1,1,2,1,0,5,soc0
3224,4,KALIP,17,0,soc,0.7259905593396109,10.0,0.3394774532482303,0.656684886081483,0.2618088694194092,0.5236502761518831,0.3394774532482303,0.8128573309766134,0.3394774532482303,1,15,0.5313243687125611,3,0,0,1,0,0,1,0,0,9,soc0
3231,1,SARI,1,1,eng,,,,0.6182987660808508,,0.5863975916111909,,0.0,1.0,0,0,1.0,1,1,0,1,1,0,1,0,0,2,eng0
3232,1,KAĞIT,2,1,eng,0.4571760663374574,1.0,0.4571760663374574,0.5176867538728305,0.4571760663374574,0.42736082928332864,0.4571760663374574,0.0,0.4571760663374574,1,0,0.6182987660808508,1,1,1,0,1,1,0,0,0,9,eng0
3233,1,YAZI,3,1,eng,0.4699779847941003,1.0,0.4699779847941003,0.6020418803552681,0.3060359270811204,0.5309031613862445,0.4699779847941003,0.4571760663374574,0.4699779847941003,1,1,0.6155461353139005,1,1,0,1,1,0,2,0,0,8,eng0
3234,1,EKRAN,4,0,eng,0.11523388533427606,1.0,0.11523388533427606,0.7039074691985713,0.07889520345036637,0.6525785005753528,0.11523388533427606,1.0692479204996983,0.11523388533427606,1,2,0.6963805411603823,1,1,0,1,1,0,1,0,0,1,eng0
3235,1,PARK,5,0,eng,0.2572897456171004,3.0,0.06923379954979036,0.676350378202194,0.14848234248502487,0.527111962898638,0.06923379954979036,1.3059335308507973,0.2572897456171004,3,1,0.6148640194627109,2,0,1,1,0,1,1,0,0,3,eng0
3236,1,ŞİŞE,6,0,eng,0.6004810975542849,4.0,0.1888897550122847,0.6447377096086107,0.22015327204772434,0.5048874949865129,0.1888897550122847,1.1575011950264047,0.6004810975542849,4,1,0.578895820449504,2,0,1,1,0,2,1,0,0,0,eng0
3237,1,KOLAY,7,0,eng,0.4734206706671342,5.0,0.13463222087784976,0.6751276873916363,0.19797320977331043,0.5688804650600439,0.13463222087784976,0.6934776384268655,0.28700924183537696,4,2,0.6252595698409709,2,0,1,0,0,1,0,0,0,7,eng0
3238,1,AĞAÇ,8,1,eng,0.8790552457670859,6.0,0.1930072392282881,0.61357344284966,0.3780459394375534,0.42200466986957597,0.1930072392282881,0.5542405075807897,0.6440032611822291,2,5,0.4670048675310796,2,1,1,0,1,1,0,0,0,9,eng0
3239,1,KALE,9,1,eng,0.4948033738522656,4.0,0.26878636607219825,0.5676545915628489,0.22393450527282277,0.4889405843322232,0.26878636607219825,1.8034471378030368,0.4948033738522656,4,4,0.5493760503650162,2,0,1,1,0,2,1,1,0,0,eng0
3240,1,KALEM,10,1,eng,0.7730691951070705,7.0,0.5201944127892401,0.5340018208133572,0.2855002557699985,0.4745507789808382,0.5201944127892401,1.5399337471472836,0.5201944127892401,1,8,0.5247210189851884,3,1,0,1,1,0,2,0,0,8,eng0
3241,1,BEYİN,11,0,eng,0.4868718316772624,8.0,0.39902049243806387,0.582622719076009,0.32874616175214977,0.43607613003691625,0.39902049243806387,1.606262544446186,0.39902049243806387,1,9,0.5212088666869839,3,0,0,1,0,0,2,0,0,6,eng0
3242,1,ÇANTA,12,1,eng,0.7290655094278011,6.0,0.2770681081099094,0.6530442048294862,0.3106032965473638,0.4633946910862794,0.2770681081099094,2.2849971622489194,0.456667922479698,4,7,0.5306133555395391,3,0,0,1,0,0,1,0,0,5,eng0
3243,1,ÖLÇEK,13,0,eng,0.462612321243832,5.0,0.09814947988187869,0.6875993086080145,0.2925538953318668,0.5113053689143416,0.09814947988187869,2.1427351552205787,0.3264311289142347,3,9,0.5673190530293886,3,1,0,1,1,0,1,0,0,1,eng0
3244,1,BARDAK,14,0,eng,0.9133266973789964,8.0,0.19146540297900771,0.5718194749829428,0.3640091272673477,0.4650252182170237,0.19146540297900771,1.7431713924373915,0.4930966381115681,2,11,0.49788778488713537,3,1,0,1,1,0,1,0,0,2,eng0
3245,1,MASA,15,0,eng,0.5113822943249875,4.0,0.4671443744649894,0.5668371526644223,0.3993818309599273,0.46129846914446226,0.4671443744649894,1.8145750251712476,0.5113822943249875,4,10,0.4819413473139187,3,0,1,1,0,2,1,0,0,0,eng0
3246,1,KÖPEK,16,0,eng,0.7030623490479981,5.0,0.3272250371337012,0.588583585415247,0.3921538697571269,0.47274881838277505,0.3272250371337012,1.9256795715761252,0.4944838721428647,4,11,0.5442557568308675,3,0,0,1,0,0,2,0,0,6,eng0
3247,1,RAKAM,17,0,eng,0.7057482398165602,14.0,0.3241388164109434,0.6179045548973422,0.31109390897847317,0.5134322816283718,0.3241388164109434,1.591218815446629,0.496776122821186,4,12,0.5129545455539446,3,1,0,1,1,0,2,0,0,8,eng0
3248,1,BİNA,18,1,eng,0.526662887280119,13.0,0.21033660568895937,0.7036595205561058,0.2552210168383022,0.5350490871307529,0.21033660568895937,2.044508124972294,0.32865309713256186,3,14,0.56372817111068,3,0,1,1,0,1,1,0,0,3,eng0
3249,2,DEFTER,1,1,eng,,,,0.7036092729306616,,0.5676353052011303,,0.0,1.0,0,0,1.0,1,1,0,0,1,0,0,0,0,8,eng0
3250,2,BÜYÜK,2,1,eng,0.2104612106089422,1.0,0.2104612106089422,0.6281386962300506,0.2104612106089422,0.5306356371662886,0.2104612106089422,0.0,0.2104612106089422,1,0,0.7036092729306616,1,1,0,1,1,0,2,0,0,7,eng0
3251,2,KAŞIK,3,1,eng,0.39321858833781304,2.0,0.27468426196019957,0.6225588426062265,0.33395142514900633,0.40657089800535884,0.27468426196019957,0.2104612106089422,0.39321858833781304,2,0,0.5774486496089458,1,1,1,1,1,1,1,0,0,2,eng0
3252,2,GRUP,4,0,eng,0.21046111158458014,1.0,0.21046111158458014,0.6071598868315304,0.20570687693623702,0.5873890892540469,0.21046111158458014,0.8783640609069548,0.21046111158458014,1,2,0.6037246644966144,1,1,0,1,1,0,1,0,0,1,eng0
3253,2,KAPI,5,0,eng,0.3518004809128885,1.0,0.3518004809128885,0.563374490802224,0.31498380028851725,0.48457265180082554,0.3518004809128885,1.495484691715666,0.3518004809128885,1,3,0.5201198595186314,2,0,1,1,0,2,1,0,0,0,eng0
3254,2,ŞİŞE,6,0,eng,0.7647121882014548,3.0,0.3272292429471809,0.5491138465427623,0.27660766249268337,0.47077087178997223,0.3272292429471809,1.6830558278351178,0.7647121882014548,3,2,0.5567801790062699,2,0,1,1,0,2,1,1,1,0,eng0
3255,2,İLAÇ,7,0,eng,0.48588772879447206,6.0,0.4800476716497196,0.5575449589146974,0.3741408115982317,0.46577983748993645,0.4800476716497196,2.087872067143058,0.4800476716497196,1,5,0.5177139146966845,2,0,1,0,0,1,0,0,0,4,eng0
3256,2,ELMA,8,0,eng,0.710909757728838,5.0,0.34361601738704106,0.5356015728313299,0.3155723965539807,0.5121345034066305,0.34361601738704106,1.7706940912782017,0.3773973141605794,2,5,0.5994609471277341,2,1,1,1,1,1,1,0,0,2,eng0
3257,2,KEDİ,9,0,eng,0.83247450901758,6.0,0.6297280067709563,0.5049858885837781,0.5018308909304856,0.427008014408482,0.6297280067709563,1.8672397160433065,0.6761578317891384,3,5,0.38752600625488276,2,0,1,0,0,1,0,0,0,6,eng0
3258,2,TABAK,10,0,eng,0.9312959692780304,7.0,0.45868189500698364,0.5700426072113258,0.4674568331196376,0.4383656846612617,0.45868189500698364,3.021402380589682,0.6471321095142732,4,5,0.4743672740081444,3,1,1,1,1,1,1,1,0,2,eng0
3259,2,KOLTUK,11,0,eng,0.3743629275058095,6.0,0.24766921532422653,0.6431043661649107,0.13185434858761308,0.6443747241764426,0.24766921532422653,2.77974100401278,0.25315691501291404,2,8,0.6519301943335727,3,0,0,1,0,0,1,0,0,3,eng0
3260,2,CÜZDAN,12,0,eng,0.6996668093983431,9.0,0.1835195313214784,0.6402719731494662,0.41841354663931074,0.40099957869174097,0.1835195313214784,2.162549806942865,0.6472935879145645,3,8,0.5016692512956291,3,0,0,1,0,0,2,0,0,5,eng0
3261,2,SPOR,13,0,eng,0.5263829283054188,9.0,0.1563360266248111,0.7270511243582838,0.07299627464803707,0.6303052822401745,0.1563360266248111,2.29456767269823,0.1563360266248111,1,11,0.702554562587226,3,1,0,1,1,0,1,0,0,1,eng0
3262,2,KISA,14,0,eng,0.5207710106964843,12.0,0.05574895469392084,0.636628161940092,0.095962584704164,0.6221110969517907,0.05574895469392084,1.237082509471626,0.23489056884888554,2,11,0.7170340565565589,3,1,0,1,1,0,2,0,0,7,eng0
3263,2,TOPLU,15,0,eng,0.4690134993133757,1.0,0.4690134993133757,0.5513415769907379,0.24656269470610742,0.5215819511904292,0.4690134993133757,0.6690147615156793,0.4690134993133757,1,13,0.5394173069240314,3,1,0,1,1,0,2,1,1,7,eng0
3264,2,SEHPA,16,0,eng,0.8855161527891529,13.0,0.30747062185491775,0.521681682303861,0.4223752006936371,0.4363502721922409,0.30747062185491775,1.4759020526219555,0.874047692873124,4,11,0.563577622305062,3,0,1,1,0,2,1,0,0,0,eng0
3265,2,TERLİK,17,0,eng,0.8204713648780362,1.0,0.8204713648780362,0.4845209752195946,0.5637676521001932,0.4103444755796789,0.8204713648780362,1.2043350243918707,0.8204713648780362,1,15,0.4467779117106875,3,0,0,1,0,0,2,0,0,5,eng0
3266,3,KİTAP,1,1,eng,,,,0.745416113110221,,0.5824841852746114,,0.0,1.0,0,0,1.0,1,1,0,0,1,0,0,0,0,8,eng0
3267,3,KALAS,2,0,eng,0.11991635567103318,1.0,0.11991635567103318,0.6637316487544037,0.11991635567103318,0.5521648273520262,0.11991635567103318,0.0,0.11991635567103318,1,0,0.745416113110221,1,1,1,0,1,1,0,0,0,7,eng0
3268,3,HALI,3,0,eng,0.31199474850576664,2.0,0.20096276037223693,0.5610445517188158,0.2564787544390018,0.4870054002192912,0.20096276037223693,0.11991635567103318,0.31199474850576664,2,0,0.6037935586153664,1,1,0,0,1,0,0,0,0,5,eng0
3269,3,FIRIN,4,0,eng,0.5062073470369703,1.0,0.5062073470369703,0.4988850845652967,0.247607240420905,0.44621648920829415,0.5062073470369703,0.6328738645490367,0.5062073470369703,1,2,0.5806573083810402,1,1,1,1,1,1,4,0,0,0,eng0
3270,3,LAMBA,5,0,eng,0.6878179095248221,1.0,0.6878179095248221,0.4723609387416503,0.3797116284243533,0.4238351283189762,0.6878179095248221,1.3756955858117519,0.6878179095248221,1,3,0.4848021387809752,2,1,1,1,1,1,4,1,1,0,eng0
3271,3,PARKUR,6,0,eng,0.41385861769400684,1.0,0.41385861769400684,0.5976867062821304,0.2572121650828371,0.5328667207838589,0.41385861769400684,2.115947682499406,0.41385861769400684,1,4,0.5854394125410487,2,0,1,1,0,2,2,0,0,3,eng0
3272,3,KÜÇÜK,7,0,eng,0.5165683044205327,5.0,0.19396905448262136,0.5660614456571577,0.32865561966443446,0.4376456629905314,0.19396905448262136,2.3077839026315954,0.4014299143246429,3,3,0.5555288452295124,2,1,1,0,1,1,0,0,0,7,eng0
3273,3,KOKU,8,0,eng,0.6742146260946187,4.0,0.483801849303868,0.580832384999358,0.4587938120983296,0.4155137393856818,0.483801849303868,2.061448636117404,0.6742146260946187,4,3,0.43791642125873187,2,0,1,1,0,1,1,0,0,4,eng0
3274,3,YATAK,9,0,eng,0.5074386632811121,6.0,0.23347234242150494,0.634888332248599,0.37714604293194237,0.4790851521650119,0.23347234242150494,2.1759120114455492,0.4692454526562302,4,4,0.5228329838180039,2,0,1,1,0,2,2,1,0,3,eng0
3275,3,TOPRAK,10,0,eng,0.41498650253533254,2.0,0.22068427270509827,0.5693059299853679,0.2783687465779545,0.5315710065609464,0.22068427270509827,1.8258352315730573,0.41498650253533254,2,7,0.5401119649490376,3,0,1,1,0,1,1,1,0,4,eng0
3276,3,ÇİÇEK,11,0,eng,0.7185540294184415,4.0,0.5057224384953654,0.5277480067953808,0.4191210497631605,0.48042281255391417,0.5057224384953654,2.096554158507759,0.7185540294184415,4,6,0.455715926616467,3,0,0,1,0,0,1,0,0,2,eng0
3277,3,DÜĞME,12,0,eng,0.9823856774645168,7.0,0.3689625248972189,0.4757901127704579,0.4430826405929448,0.3704375441057275,0.3689625248972189,2.1107768112097123,0.700374303081745,4,7,0.4703779398721484,3,1,1,1,1,1,4,0,0,0,eng0
3278,3,SALÇA,13,0,eng,0.9607896067400263,1.0,0.9607896067400263,0.48754128380066675,0.6096934570118112,0.3962004149637629,0.9607896067400263,1.9658691999258573,0.9607896067400263,1,11,0.4067338805232097,3,1,1,1,1,1,4,1,1,0,eng0
3279,3,CAM,14,0,eng,0.6049927222974112,2.0,0.49834917923103184,0.5428218772531312,0.3762923835367217,0.5067626243988963,0.49834917923103184,2.7964565651369195,0.6049927222974112,2,11,0.533610550249714,3,1,1,1,1,1,4,1,1,0,eng0
3280,3,DOLAP,15,1,eng,0.934522940334041,3.0,0.5115847975344388,0.4966743737549991,0.5787966452832215,0.3672410470562475,0.5115847975344388,3.223692011890533,0.934522940334041,3,11,0.425675920181388,3,1,1,1,1,1,4,1,1,0,eng0
3281,3,ODA,16,1,eng,0.7480478841854629,7.0,0.4934739458063485,0.6033430948378696,0.19020652484509412,0.6223858579936374,0.4934739458063485,4.289988833384597,0.4934739458063485,1,14,0.6482177024044147,3,0,1,1,0,2,2,0,0,3,eng0
3282,3,DUVAR,17,1,eng,0.7200170034852962,2.0,0.2413366060924659,0.6915257804515562,0.48766269094272874,0.47969078982529434,0.2413366060924659,2.4668192894511662,0.7200170034852962,2,14,0.49465768843169555,3,0,1,1,0,2,2,1,1,3,eng0
3283,4,KASA,1,1,eng,,,,0.7545661090287967,,0.4962843954141354,,0.0,1.0,0,0,1.0,1,1,1,1,1,2,1,0,0,5,eng0
3284,4,DERGİ,2,0,eng,0.10379699334567782,1.0,0.10379699334567782,0.6378907899288919,0.10379699334567782,0.5677741881819616,0.10379699334567782,0.0,0.10379699334567782,1,0,0.7545661090287967,1,1,0,0,2,0,0,0,0,8,eng0
3285,4,KUTU,3,0,eng,0.3941588399247352,1.0,0.3941588399247352,0.5947988239576147,0.36203814158838843,0.45693358836628106,0.3941588399247352,0.10379699334567782,0.3941588399247352,1,1,0.5602128475887637,1,1,1,1,1,1,1,0,0,0,eng0
3286,4,SİLGİ,4,1,eng,0.339247304431397,3.0,0.21923152408049593,0.6340931886771306,0.2905997943621736,0.4849859490664967,0.21923152408049593,0.8278732765224548,0.339247304431397,3,0,0.5574250991464373,1,1,0,0,2,0,0,1,0,8,eng0
3287,4,MARKET,5,1,eng,0.7216362036201042,4.0,0.2198682759358459,0.5597478471863885,0.4026507375953698,0.40106890081154956,0.2198682759358459,1.6996726596089757,0.7216362036201042,4,0,0.46408027683429076,2,1,1,1,1,2,1,1,0,5,eng0
3288,4,ÇORAP,6,1,eng,0.6721658308899058,3.0,0.5824925694638781,0.5244993665233626,0.49108830410185006,0.3827712437510564,0.5824925694638781,1.8156776653412339,0.6721658308899058,3,2,0.4666908085471926,2,1,1,1,1,2,1,1,1,5,eng0
3289,4,TERAS,7,0,eng,0.4909798771227458,2.0,0.4269492011430399,0.6256154139956843,0.31729252699868704,0.45374732128452067,0.4269492011430399,2.535894863569111,0.4909798771227458,2,4,0.5323935620299111,2,0,1,1,0,1,2,0,0,3,eng0
3290,4,KALIP,8,0,eng,0.7259905593396109,2.0,0.19912885118227577,0.608661244790247,0.43953932126658624,0.4624740046168575,0.19912885118227577,2.5729863451078168,0.7259905593396109,2,5,0.5157834494697517,2,0,1,0,0,1,0,0,0,9,eng0
3291,4,FIRIN,9,1,eng,0.5648124718075491,4.0,0.3760697705037864,0.5254866020706634,0.4437779459378179,0.44241296993467627,0.3760697705037864,2.718987212368457,0.5648124718075491,4,4,0.47787633478285674,2,1,1,1,1,1,1,0,0,0,eng0
3292,4,TAHTA,10,0,eng,0.808938780912267,7.0,0.6122989307190158,0.5233926029392943,0.524450317254314,0.4031393945291848,0.6122989307190158,2.6231163131372304,0.6705631921729135,4,5,0.46662982786547436,3,1,1,1,1,1,1,1,1,0,eng0
3293,4,HALKA,11,0,eng,0.3255837512663188,8.0,0.2771574834493138,0.6582739622792916,0.197657961300008,0.5047048505179226,0.2771574834493138,2.3313252691130644,0.2771574834493138,1,9,0.6105925277264852,3,0,0,1,0,0,2,0,0,7,eng0
3294,4,BAHÇE,12,0,eng,0.9242042644743286,5.0,0.12653009317247732,0.6096908849473703,0.4686013775588432,0.4721256891278406,0.12653009317247732,1.8739621612514623,0.5990619609063522,2,9,0.5170119456097004,3,0,1,1,0,1,2,0,0,3,eng0
3295,4,ZEMİN,13,0,eng,0.7799382870425406,6.0,0.4555404593460384,0.5268021538044764,0.43372117926556325,0.45246962971929683,0.4555404593460384,2.2188772132544727,0.4555404593460384,1,11,0.4877256344059505,3,0,1,1,0,1,2,1,1,3,eng0
3296,4,HARİTA,14,0,eng,0.46457851757624713,11.0,0.41780844155107905,0.6251374768454152,0.2403382026296829,0.5539583189178634,0.41780844155107905,2.264021674182753,0.41780844155107905,1,12,0.5711450758535395,3,0,0,1,0,0,2,0,0,1,eng0
3297,4,MEKTUP,15,1,eng,0.531413672102889,4.0,0.06883563012778018,0.6381080560752913,0.22701885151523432,0.5464033263651142,0.06883563012778018,1.6591757699413825,0.531413672102889,4,10,0.5861454979876837,3,0,0,1,0,0,2,1,0,7,eng0
3298,4,PARA,16,1,eng,0.60207201097775,15.0,0.3283978944831216,0.6098049145314802,0.21762730299961044,0.546519669357701,0.3283978944831216,1.3421113212846754,0.3283978944831216,1,14,0.6093996409296314,3,1,1,1,1,2,1,0,0,5,eng0
3299,4,SIRA,17,0,eng,0.24573466174940206,6.0,0.19244542870888942,0.7110412911400819,0.11532785989216418,0.6158094213260901,0.19244542870888942,1.2990012220196498,0.19244542870888942,1,15,0.6379269737270487,3,0,0,1,0,0,2,1,0,1,eng0
