,LISTID,PRESENTED_WORD,PRESENT_POSITION,HIT,PARTICIPANT_GROUP,MOST_SIM_VAL,MOST_SIM_DIST,AVG_SIM_PREV_2,AVG_CONTRAST_3,PREV_SIM,PRESENT_ZONE,P_ID
6,1,KALEM,1,1,soc,,,,0.5257249781740736,,1,soc9
7,1,ÖLÇEK,2,0,soc,0.3389012,1.0,0.3389012,0.5570018370611244,0.3389012,1,soc9
8,1,ÇANTA,3,0,soc,0.35293227,2.0,0.29748029,0.5322654296795977,0.24202831,1,soc9
9,1,AĞAÇ,4,1,soc,0.38344455,2.0,0.38249148499999996,0.40701465312880714,0.38153842,1,soc9
10,1,PARK,5,0,soc,0.42821342,1.0,0.38591574500000003,0.5201721074000136,0.42821342,2,soc9
11,1,SARI,6,0,soc,0.32352942,5.0,0.26761306,0.5972628456047739,0.2391728,2,soc9
12,1,ŞİŞE,7,0,soc,0.475014,4.0,0.282222765,0.457856105171338,0.27699298,2,soc9
13,1,BEYİN,8,0,soc,0.3629623,7.0,0.33790578000000004,0.4464804927660606,0.36090514,2,soc9
14,1,BARDAK,9,0,soc,0.57344735,2.0,0.48133865,0.397118976211456,0.38922995,2,soc9
15,1,MASA,10,0,soc,0.3991087,2.0,0.39200316,0.4813695671396735,0.38489762,3,soc9
16,1,YAZI,11,1,soc,0.4933328,10.0,0.29299453,0.517583786237928,0.3030605,3,soc9
17,1,KAĞIT,12,0,soc,0.54864174,8.0,0.37729901,0.42357451675532143,0.38580614,3,soc9
18,1,BİNA,13,0,soc,0.40404665,8.0,0.28366063500000005,0.5458838517448251,0.29269272,3,soc9
19,1,KOLAY,14,0,soc,0.38691002,2.0,0.34307572,0.5375458507965365,0.29924142,3,soc9
20,1,RAKAM,15,0,soc,0.46593082,4.0,0.30995528,0.5141762865262164,0.32357016,3,soc9
21,1,KÖPEK,16,0,soc,0.4649074,8.0,0.313430785,0.5588686083934558,0.33812043,3,soc9
22,1,EKRAN,17,0,soc,0.2835013,15.0,0.249943845,0.662267480258194,0.22210707,3,soc9
23,1,KALE,18,0,soc,0.4019536,17.0,0.228021025,0.6969077214528815,0.21204185,3,soc9
24,2,TABAK,1,0,soc,,,,0.4712640747191079,,1,soc9
25,2,TERLİK,2,0,soc,0.46227136,1.0,0.46227136,0.41357581543978017,0.46227136,1,soc9
26,2,ŞİŞE,3,0,soc,0.44446674,2.0,0.41720374000000005,0.45287526957548396,0.38994074,1,soc9
27,2,KEDİ,4,1,soc,0.4558914,2.0,0.45538713,0.4455687585597753,0.45488286,1,soc9
28,2,CÜZDAN,5,0,soc,0.5149376,3.0,0.43458067499999997,0.4170921665850341,0.4445237,2,soc9
29,2,KAPI,6,0,soc,0.4451493,1.0,0.44094476000000005,0.44179382995451033,0.4451493,2,soc9
30,2,GRUP,7,0,soc,0.39615887,5.0,0.30277632499999996,0.5305279816042343,0.3474421,2,soc9
31,2,BÜYÜK,8,0,soc,0.3422365,7.0,0.31013121,0.5345703037781206,0.2918785,2,soc9
32,2,DEFTER,9,1,soc,0.43763897,4.0,0.29573549,0.5425989002813951,0.29639074,2,soc9
33,2,SPOR,10,0,soc,0.40417683,8.0,0.27956005,0.5554788958041004,0.24102236,3,soc9
34,2,TOPLU,11,0,soc,0.35744882,4.0,0.30432824999999997,0.5733988720970948,0.28589264,3,soc9
35,2,ELMA,12,0,soc,0.43838486,8.0,0.19549039,0.5875622212954601,0.20200007,3,soc9
36,2,KAŞIK,13,0,soc,0.589364,12.0,0.38829753499999997,0.4377343320437923,0.46791017,3,soc9
37,2,SEHPA,14,1,soc,0.5529075,1.0,0.43133821,0.4483382603693383,0.5529075,3,soc9
38,2,KISA,15,1,soc,0.40214,7.0,0.24489396000000002,0.6558683592876616,0.23282285,3,soc9
39,2,İLAÇ,16,1,soc,0.4146146,14.0,0.32437357499999997,0.562894744023132,0.34222457,3,soc9
40,2,KOLTUK,17,0,soc,0.4808347,3.0,0.1259905225,0.7494860377512156,0.18268733,3,soc9
41,3,PARKUR,1,0,soc,,,,0.562723728384807,,1,soc9
42,3,TOPRAK,2,0,soc,0.24761248,1.0,0.24761248,0.59142272863897,0.24761248,1,soc9
43,3,KALAS,3,0,soc,0.3306826,1.0,0.31642273,0.6746812377100341,0.3306826,1,soc9
44,3,DOLAP,4,1,soc,0.4097581,3.0,0.256175885,0.4258872860408215,0.22196402,1,soc9
45,3,KİTAP,5,1,soc,0.43762326,1.0,0.34610360500000004,0.4936277145366599,0.43762326,2,soc9
46,3,ODA,6,0,soc,0.3933454,2.0,0.3705585,0.5620631797043676,0.3477716,2,soc9
47,3,HALI,7,0,soc,0.41348156,3.0,0.29592761,0.5188915136555263,0.25789952,2,soc9
48,3,KÜÇÜK,8,0,soc,0.4007821,5.0,0.324388885,0.507202663815256,0.31949997,2,soc9
49,3,DUVAR,9,0,soc,0.471445,5.0,0.33220686,0.4822066272073402,0.32510942,2,soc9
50,3,SALÇA,10,0,soc,0.49627897,6.0,0.369639275,0.4012881589529046,0.3779416,3,soc9
51,3,CAM,11,0,soc,0.399174,7.0,0.39003713,0.47855252745713217,0.39491236,3,soc9
52,3,ÇİÇEK,12,1,soc,0.4708734,4.0,0.361388515,0.5339662526866233,0.33776563,3,soc9
53,3,YATAK,13,0,soc,0.4827052,7.0,0.319447265,0.5199774589716164,0.29841107,3,soc9
54,3,LAMBA,14,1,soc,0.5125295,4.0,0.369720875,0.3644311672368461,0.38557127,3,soc9
55,3,DÜĞME,15,1,soc,0.66616935,1.0,0.531859815,0.34074823156838563,0.66616935,3,soc9
56,3,KOKU,16,0,soc,0.49111593,6.0,0.45763783,0.4639664126844305,0.46388754,3,soc9
57,3,FIRIN,17,1,soc,0.61937714,7.0,0.474094805,0.43547418645983715,0.45417356,3,soc9
58,4,TAHTA,1,1,soc,,,,0.521113810637742,,1,soc9
59,4,MARKET,2,0,soc,0.45019683,1.0,0.45019683,0.4497786410762453,0.45019683,1,soc9
60,4,MEKTUP,3,0,soc,0.3148368,2.0,0.29082850000000005,0.5873291107292357,0.2668202,1,soc9
61,4,KASA,4,0,soc,0.47207937,2.0,0.364239175,0.4889472628968089,0.25639898,1,soc9
62,4,HARİTA,5,0,soc,0.32452616,4.0,0.23722393,0.590717069347293,0.25240627,2,soc9
63,4,DERGİ,6,0,soc,0.3527386,4.0,0.252987095,0.5951993489350381,0.26054034,2,soc9
64,4,PARA,7,0,soc,0.42892715,3.0,0.26306612500000004,0.5018993754006924,0.2685765,2,soc9
65,4,ZEMİN,8,0,soc,0.37907192,6.0,0.28265299,0.47795507198442366,0.27939373,2,soc9
66,4,HALKA,9,0,soc,0.4055868,6.0,0.362264705,0.5272069360448886,0.35434648,2,soc9
67,4,TERAS,10,0,soc,0.49636292,2.0,0.39024402,0.5143794606988387,0.28412512,3,soc9
68,4,SIRA,11,0,soc,0.31013894,2.0,0.25267512,0.6468964247858051,0.1952113,3,soc9
69,4,FIRIN,12,0,soc,0.43239775,11.0,0.298023235,0.5158529706442068,0.2109816,3,soc9
70,4,KUTU,13,0,soc,0.50979894,12.0,0.292942115,0.5123442784575349,0.3618986,3,soc9
71,4,BAHÇE,14,0,soc,0.5827601,4.0,0.35938166,0.511394221494268,0.33253884,3,soc9
72,4,SİLGİ,15,0,soc,0.3718508,14.0,0.32792474,0.5098486367369045,0.3559496,3,soc9
73,4,KALIP,16,0,soc,0.43464944,3.0,0.32560731499999995,0.4656613685185754,0.3502489,3,soc9
74,4,ÇORAP,17,1,soc,0.47379452,1.0,0.44121811,0.4428875371962301,0.47379452,3,soc9
81,1,RAKAM,1,1,eng,,,,0.5534936933283258,,1,eng9
82,1,KOLAY,2,0,eng,0.32357016,1.0,0.32357016,0.5919767123436682,0.32357016,1,eng9
83,1,KALEM,3,0,eng,0.3962175,2.0,0.3187964,0.4858979661725401,0.2413753,1,eng9
84,1,SARI,4,1,eng,0.32352942,1.0,0.29884571000000004,0.5885410768285999,0.32352942,1,eng9
85,1,KABLO,5,1,eng,0.36259457,2.0,0.29359114,0.5128276894170284,0.22458771,2,eng9
86,1,BEYİN,6,0,eng,0.3642433,5.0,0.28039341500000003,0.5201253087608086,0.24588041,2,eng9
87,1,EKRAN,7,0,eng,0.34407964,2.0,0.3026745,0.619791951566419,0.26126936,2,eng9
88,1,PARK,8,0,eng,0.3361181,3.0,0.270120505,0.48371917454510593,0.22234619,2,eng9
89,1,BİNA,9,0,eng,0.40404665,1.0,0.32615789500000003,0.5123438756543894,0.40404665,2,eng9
90,1,KAĞIT,10,0,eng,0.4597374,7.0,0.30357361000000005,0.5214593005015269,0.29269272,3,eng9
91,1,KALE,11,0,eng,0.4019536,8.0,0.28134785,0.5489076024757833,0.2810974,3,eng9
92,1,ÖLÇEK,12,0,eng,0.39440662,11.0,0.341365015,0.5327352015678574,0.3302923,3,eng9
93,1,KÖPEK,13,0,eng,0.4649074,7.0,0.228051745,0.4717365058344769,0.21210329,3,eng9
94,1,AĞAÇ,14,0,eng,0.54864174,4.0,0.42273479999999997,0.40809285383863314,0.46202505,3,eng9
95,1,ŞİŞE,15,0,eng,0.44336507,1.0,0.441638835,0.41837536719997126,0.44336507,3,eng9
96,1,ÇANTA,16,0,eng,0.475014,1.0,0.42827621,0.46239196812891625,0.475014,3,eng9
97,1,YAZI,17,0,eng,0.4933328,14.0,0.26076486,0.6222346727735222,0.29162297,3,eng9
98,1,BARDAK,18,0,eng,0.57344735,3.0,0.33807637,0.44327597002489216,0.28292856,3,eng9
99,2,SPOR,1,0,eng,,,,0.5325650638854091,,1,eng9
100,2,GRUP,2,0,eng,0.40395597,1.0,0.40395597,0.5157869639912538,0.40395597,1,eng9
101,2,DEFTER,3,0,eng,0.29508024,1.0,0.2680513,0.5672998240978573,0.29508024,1,eng9
102,2,TERLİK,4,0,eng,0.40417683,3.0,0.337756455,0.38684060565799394,0.27935404,1,eng9
103,2,CÜZDAN,5,0,eng,0.5149376,1.0,0.476288285,0.44982699968464346,0.5149376,2,eng9
104,2,ELMA,6,0,eng,0.3695178,2.0,0.34116864,0.5850763191079593,0.31281948,2,eng9
105,2,SEHPA,7,0,eng,0.5454403,2.0,0.42760461,0.420367196146488,0.30976892,2,eng9
106,2,KISA,8,0,eng,0.33418828,4.0,0.245323825,0.5947840065275981,0.23282285,2,eng9
107,2,KAPI,9,0,eng,0.5148338,2.0,0.3703385,0.5227574105498399,0.2258432,2,eng9
108,2,TOPLU,10,0,eng,0.3854969,2.0,0.35193865,0.5201657409827047,0.3183804,3,eng9
109,2,TAŞLIK,11,0,eng,0.56647515,7.0,0.399012625,0.4178914427186111,0.34560212,3,eng9
110,2,TABAK,12,0,eng,0.4900897,1.0,0.388023475,0.4730917762586063,0.4900897,3,eng9
111,2,KEDİ,13,0,eng,0.49827254,6.0,0.425191925,0.4573152857957392,0.38218427,3,eng9
112,2,KOLTUK,14,0,eng,0.4808347,7.0,0.31189374999999997,0.6384835185554196,0.3129203,3,eng9
113,2,BÜYÜK,15,0,eng,0.40214,7.0,0.252521655,0.559880994924717,0.22135761,3,eng9
114,2,İLAÇ,16,0,eng,0.4146146,12.0,0.277436565,0.5324153359005632,0.3721858,3,eng9
115,2,KAŞIK,17,1,eng,0.589364,5.0,0.34760815,0.5306101373275219,0.37440887,3,eng9
116,3,KÜÇÜK,1,1,eng,,,,0.5538536108520908,,1,eng9
117,3,DOLAP,2,1,eng,0.38089415,1.0,0.38089415,0.3798567446461978,0.38089415,1,eng9
118,3,DÜĞME,3,1,eng,0.59253436,1.0,0.49255326,0.4221751396076716,0.59253436,1,eng9
119,3,PARKUR,4,1,eng,0.4097581,2.0,0.37867297499999997,0.5143261959866006,0.34758785,1,eng9
120,3,YATAK,5,0,eng,0.44734916,3.0,0.38211025,0.48891730249192744,0.36667022,2,eng9
121,3,KİTAP,6,0,eng,0.43762326,4.0,0.29336391,0.5660071665467885,0.2556059,2,eng9
122,3,TOPRAK,7,0,eng,0.3622997,6.0,0.29437667,0.5561106249606277,0.28827846,2,eng9
123,3,SALÇA,8,0,eng,0.62399864,5.0,0.296676135,0.4058033303339622,0.34517598,2,eng9
124,3,DUVAR,9,0,eng,0.471445,7.0,0.34788969999999997,0.4940232124771442,0.3779416,2,eng9
125,3,LAMBA,10,0,eng,0.66616935,7.0,0.4627922,0.41810274777311407,0.4130549,3,eng9
126,3,HALI,11,1,eng,0.484204,3.0,0.34415324999999997,0.4915758425281239,0.3490022,3,eng9
127,3,FIRIN,12,0,eng,0.61937714,4.0,0.42831003,0.4241459626604196,0.39744106,3,eng9
128,3,KOKU,13,0,eng,0.49111593,5.0,0.39405044499999997,0.45858595178898665,0.45417356,3,eng9
129,3,KALAS,14,0,eng,0.4007821,13.0,0.276494865,0.605940017933786,0.26692703,3,eng9
130,3,KOLA,15,0,eng,0.5345457,7.0,0.379138245,0.49456193163932016,0.33548784,3,eng9
131,3,ODA,16,0,eng,0.4827052,11.0,0.17212306500000002,0.7050317871191318,0.19857527,3,eng9
132,3,ÇİÇEK,17,0,eng,0.4708734,16.0,0.328938,0.5958753766542646,0.20736016,3,eng9
133,4,KALIP,1,0,eng,,,,0.5852658677084728,,1,eng9
134,4,MARKET,2,0,eng,0.3274921,1.0,0.3274921,0.41627191719678425,0.3274921,1,eng9
135,4,TERAS,3,0,eng,0.39254424,1.0,0.34214877,0.5352725833920311,0.39254424,1,eng9
136,4,TAHTA,4,1,eng,0.45019683,2.0,0.39658740000000003,0.44662088484394313,0.34297797,1,eng9
137,4,KASA,5,0,eng,0.47207937,3.0,0.326863385,0.504650408913017,0.339705,2,eng9
138,4,ÇORAP,6,0,eng,0.47379452,5.0,0.42771053000000003,0.43085580041744986,0.4025754,2,eng9
139,4,BAHÇE,7,0,eng,0.5827601,4.0,0.31542181999999996,0.5186101618286197,0.36596137,2,eng9
140,4,KUTU,8,0,eng,0.50979894,4.0,0.39298327,0.4905074276599404,0.33253884,2,eng9
141,4,MEKTUP,9,0,eng,0.32184452,1.0,0.278863005,0.6050342090798073,0.32184452,2,eng9
142,4,SULUK,10,0,eng,0.41458023,3.0,0.31930098,0.4960090762494326,0.28362563,3,eng9
143,4,SIRA,11,1,eng,0.27395698,10.0,0.22871374,0.6450184701127857,0.24190436,3,eng9
144,4,ZEMİN,12,0,eng,0.49636292,9.0,0.312856225,0.5191892212725444,0.2429263,3,eng9
145,4,HARİTA,13,1,eng,0.38407496,5.0,0.302293675,0.5604996772878956,0.3690449,3,eng9
146,4,SİLGİ,14,1,eng,0.4086417,8.0,0.30279729,0.49689772510406716,0.29583558,3,eng9
147,4,DERGİ,15,0,eng,0.3613815,7.0,0.29747657,0.6129292934095634,0.3344128,3,eng9
148,4,HALKA,16,0,eng,0.4055868,7.0,0.26583395,0.5774118379965618,0.20206158,3,eng9
149,4,PARA,17,0,eng,0.42892715,12.0,0.319379715,0.5523451460990634,0.37018293,3,eng9
156,1,EKRAN,1,0,soc,,,,0.6925183076014725,,1,soc8
157,1,BİNA,2,0,soc,0.24826914,1.0,0.24826914,0.5928949908995186,0.24826914,1,soc8
158,1,SARI,3,0,soc,0.26964834,1.0,0.237638,0.5539714784536711,0.26964834,1,soc8
159,1,KAĞIT,4,0,soc,0.38170138,1.0,0.33719705,0.4705549974055473,0.38170138,1,soc8
160,1,ÇANTA,5,0,soc,0.44693145,1.0,0.3497916,0.5084636934297709,0.44693145,2,soc8
161,1,KALE,6,0,soc,0.35213766,3.0,0.28761919999999996,0.5649881188579584,0.294141,2,soc8
162,1,KÖPEK,7,0,soc,0.41663003,3.0,0.31883505,0.488217548891979,0.2440002,2,soc8
163,1,ÖLÇEK,8,0,soc,0.35243773,4.0,0.27119779499999996,0.5411923276611779,0.21210329,2,soc8
164,1,RAKAM,9,0,soc,0.42579085,5.0,0.36626352500000003,0.49024930225655183,0.39440662,2,soc8
165,1,ŞİŞE,10,0,soc,0.475014,5.0,0.27194482,0.552211837544291,0.25313511,3,soc8
166,1,KOLAY,11,0,soc,0.38691002,7.0,0.292949945,0.5716314297521332,0.26232973,3,soc8
167,1,YAZI,12,0,soc,0.46593082,3.0,0.277561675,0.4929278853363114,0.3252166,3,soc8
168,1,BEYİN,13,0,soc,0.4649074,6.0,0.33831356,0.48437844943385344,0.39122522,3,soc8
169,1,PARK,14,1,soc,0.40404665,12.0,0.299405695,0.5577553121424528,0.31789482,3,soc8
170,1,AĞAÇ,15,1,soc,0.54864174,11.0,0.37808181,0.4473134178177476,0.42821342,3,soc8
171,1,BARDAK,16,0,soc,0.57344735,6.0,0.371656385,0.4655185160981352,0.46766984,3,soc8
172,1,KALEM,17,1,soc,0.4933328,5.0,0.35743826,0.5404430062665169,0.34219772,3,soc8
173,1,MASA,18,0,soc,0.3991087,5.0,0.364624175,0.5554140031686223,0.34435073,3,soc8
174,2,CÜZDAN,1,0,soc,,,,0.4751353453831144,,1,soc8
175,2,TOPLU,2,0,soc,0.35500956,1.0,0.35500956,0.6266818162716308,0.35500956,1,soc8
176,2,KOLTUK,3,0,soc,0.28515083,2.0,0.22536161000000002,0.6770263501288114,0.16557239,1,soc8
177,2,ŞİŞE,4,0,soc,0.42463765,3.0,0.202565905,0.5344109354003757,0.17559999,1,soc8
178,2,DEFTER,5,0,soc,0.43763897,4.0,0.22068378,0.5807218732543855,0.22253215,2,soc8
179,2,TABAK,6,0,soc,0.44446674,2.0,0.37967665500000003,0.41152248133805946,0.31488657,2,soc8
180,2,ELMA,7,0,soc,0.38530537,1.0,0.33435296999999997,0.5566257967334424,0.38530537,2,soc8
181,2,TERLİK,8,0,soc,0.5149376,7.0,0.41589458,0.4040573816008606,0.3695178,2,soc8
182,2,SEHPA,9,0,soc,0.5454403,8.0,0.41262401,0.4144223926605186,0.5154791,2,soc8
183,2,GRUP,10,0,soc,0.39615887,2.0,0.366140335,0.5608194883982021,0.3361218,3,soc8
184,2,İLAÇ,11,0,soc,0.4146146,3.0,0.318426565,0.5376247383454162,0.33033055,3,soc8
185,2,KAPI,12,0,soc,0.5148338,3.0,0.32521795,0.5418636862365065,0.3029938,3,soc8
186,2,KAŞIK,13,0,soc,0.589364,7.0,0.360741405,0.4656650851679829,0.34707394,3,soc8
187,2,SPOR,14,0,soc,0.40417683,6.0,0.24573437,0.6498538659917314,0.2817816,3,soc8
188,2,KISA,15,0,soc,0.3854969,13.0,0.23414047,0.6167688958823692,0.21131587,3,soc8
189,2,KEDİ,16,0,soc,0.5216344,3.0,0.21039886000000002,0.5965123151382683,0.23800799,3,soc8
190,2,BÜYÜK,17,1,soc,0.40214,2.0,0.34291285,0.5104872544528412,0.2836857,3,soc8
191,3,KALAS,1,1,soc,,,,0.6480461739765839,,1,soc8
192,3,FIRIN,2,1,soc,0.2860627,1.0,0.2860627,0.5309865248242116,0.2860627,1,soc8
193,3,CAM,3,0,soc,0.3466789,1.0,0.293956435,0.5270301210660302,0.3466789,1,soc8
194,3,DUVAR,4,0,soc,0.3851619,1.0,0.36152978,0.4863334874594438,0.3851619,1,soc8
195,3,KÜÇÜK,5,0,soc,0.4007821,4.0,0.31795734,0.5204246749474232,0.32510942,2,soc8
196,3,PARKUR,6,0,soc,0.3162086,2.0,0.30290425,0.5509164095379466,0.2895999,2,soc8
197,3,TOPRAK,7,0,soc,0.3622997,2.0,0.30495609,0.5404462006055328,0.24761248,2,soc8
198,3,LAMBA,8,0,soc,0.459179,6.0,0.34006965,0.46992112516967177,0.31237006,2,soc8
199,3,YATAK,9,0,soc,0.38557127,1.0,0.343023075,0.48337954145976536,0.38557127,2,soc8
200,3,SALÇA,10,0,soc,0.61937714,8.0,0.45514359,0.35318792881493966,0.39775768,3,soc8
201,3,HALI,11,0,soc,0.484204,1.0,0.441020835,0.5154158587634888,0.484204,3,soc8
202,3,KOKU,12,0,soc,0.49111593,2.0,0.41252163,0.4911787469870986,0.33392733,3,soc8
203,3,ÇİÇEK,13,0,soc,0.4708734,8.0,0.35614678,0.5490703379728559,0.4020268,3,soc8
204,3,ODA,14,0,soc,0.4827052,5.0,0.24363912999999998,0.5836554062832604,0.20736016,3,soc8
205,3,DÜĞME,15,1,soc,0.66616935,7.0,0.327165695,0.4482918556102993,0.30120072,3,soc8
206,3,DOLAP,16,0,soc,0.59253436,1.0,0.49293988,0.3935192257762552,0.59253436,3,soc8
207,3,KİTAP,17,1,soc,0.43762326,1.0,0.37700019500000004,0.5496275564199772,0.43762326,3,soc8
208,4,TAHTA,1,1,soc,,,,0.5415250315951923,,1,soc8
209,4,ÇORAP,2,1,soc,0.45284566,1.0,0.45284566,0.46635229492248964,0.45284566,1,soc8
210,4,PARA,3,0,soc,0.3853378,1.0,0.3496105,0.5181459014742972,0.3853378,1,soc8
211,4,HALKA,4,0,soc,0.37018293,1.0,0.34267728,0.4900000602019132,0.37018293,1,soc8
212,4,SİLGİ,5,0,soc,0.4086417,3.0,0.347613375,0.49179054917836573,0.32960632,2,soc8
213,4,ZEMİN,6,0,soc,0.373964,5.0,0.33205274,0.5203921863090566,0.309759,2,soc8
214,4,SIRA,7,0,soc,0.31013894,3.0,0.26195796,0.638712473478037,0.2429263,2,soc8
215,4,KASA,8,0,soc,0.42892715,5.0,0.26584349500000004,0.5251683349640401,0.25118095,2,soc8
216,4,TERAS,9,0,soc,0.49636292,3.0,0.254616535,0.5126397470817448,0.31402177,2,soc8
217,4,MARKET,10,0,soc,0.47207937,2.0,0.432311805,0.47953851447979434,0.39254424,3,soc8
218,4,HARİTA,11,0,soc,0.3690449,5.0,0.284355715,0.5772296728049262,0.2728039,3,soc8
219,4,MEKTUP,12,0,soc,0.4055868,8.0,0.244430895,0.6206697921619297,0.22204159,3,soc8
220,4,KUTU,13,0,soc,0.50979894,12.0,0.35295974,0.4395758440852351,0.32184452,3,soc8
221,4,BAHÇE,14,0,soc,0.5827601,5.0,0.284210165,0.5459864439600319,0.33253884,3,soc8
222,4,KALIP,15,0,soc,0.47379452,13.0,0.367807585,0.5170968003983838,0.30096573,3,soc8
223,4,FIRIN,16,0,soc,0.43239775,15.0,0.37084671999999996,0.5208309429116376,0.35546896,3,soc8
224,4,DERGİ,17,1,soc,0.3613815,4.0,0.23921619,0.6754331060287987,0.24823888,3,soc8
231,1,KAĞIT,1,1,eng,,,,0.5099694008923459,,1,eng8
232,1,BİNA,2,0,eng,0.29269272,1.0,0.29269272,0.5317097590448164,0.29269272,1,eng8
233,1,AĞAÇ,3,1,eng,0.54864174,2.0,0.457751395,0.41382911543117995,0.36686105,1,eng8
234,1,PARK,4,1,eng,0.42821342,1.0,0.416130035,0.5170570250140487,0.42821342,1,eng8
235,1,KALEM,5,1,eng,0.4597374,4.0,0.3284358,0.529349869910877,0.2841928,2,eng8
236,1,SARI,6,0,eng,0.38170138,5.0,0.28135111,0.595079690592713,0.32352942,2,eng8
237,1,EKRAN,7,0,eng,0.24826914,5.0,0.221357895,0.6438330463295294,0.20562766,2,eng8
238,1,ŞİŞE,8,0,eng,0.44336507,5.0,0.24868303,0.48164179525201023,0.22037308,2,eng8
239,1,KÖPEK,9,0,eng,0.46202505,6.0,0.331009835,0.5291189798138871,0.4399126,2,eng8
240,1,ÖLÇEK,10,0,eng,0.38344455,7.0,0.25142891,0.5281862314086581,0.21210329,3,eng8
241,1,BARDAK,11,0,eng,0.57344735,3.0,0.32254491500000004,0.44599916305942466,0.28854495,3,eng8
242,1,RAKAM,12,0,eng,0.42579085,11.0,0.35787886,0.4495360452504984,0.3213511,3,eng8
243,1,YAZI,13,1,eng,0.4933328,8.0,0.37442969000000004,0.48900630907079845,0.46593082,3,eng8
244,1,KOLAY,14,0,eng,0.38691002,13.0,0.32439338,0.5313543784677612,0.3252166,3,eng8
245,1,ÇANTA,15,0,eng,0.475014,7.0,0.300929695,0.5085755677100844,0.31023642,3,eng8
246,1,KABLO,16,0,eng,0.4190494,1.0,0.35719045000000005,0.5294192069467156,0.4190494,3,eng8
247,1,BEYİN,17,1,eng,0.4649074,8.0,0.28377313,0.5674262031144197,0.24588041,3,eng8
248,1,KALE,18,1,eng,0.4019536,13.0,0.34710609000000003,0.5567527518549572,0.3545144,3,eng8
249,2,SPOR,1,0,eng,,,,0.6776360402820982,,1,eng8
250,2,KISA,2,0,eng,0.21131587,1.0,0.21131587,0.622176423616866,0.21131587,1,eng8
251,2,BÜYÜK,3,1,eng,0.40214,1.0,0.36011887,0.4901906092772389,0.40214,1,eng8
252,2,KAPI,4,1,eng,0.32838392,1.0,0.27711356,0.5388958049168691,0.32838392,1,eng8
253,2,KEDİ,5,1,eng,0.43674022,1.0,0.36021296,0.4468877091792114,0.43674022,2,eng8
254,2,KAŞIK,6,0,eng,0.5216344,1.0,0.43435417000000004,0.41572573660776446,0.5216344,2,eng8
255,2,İLAÇ,7,0,eng,0.40010008,2.0,0.387254475,0.5188223344857426,0.37440887,2,eng8
256,2,CÜZDAN,8,0,eng,0.46361983,2.0,0.43019469,0.4308512535006077,0.39676955,2,eng8
257,2,TAŞLIK,9,0,eng,0.53411496,3.0,0.42955581,0.38144423233894786,0.49114892,2,eng8
258,2,TOPLU,10,1,eng,0.3854969,8.0,0.35030584,0.6205767090193397,0.34560212,3,eng8
259,2,ELMA,11,0,eng,0.46791017,5.0,0.30655245,0.567650806599096,0.20200007,3,eng8
260,2,SEHPA,12,1,eng,0.5529075,6.0,0.32108006,0.3743813023633268,0.30976892,3,eng8
261,2,KOLTUK,13,0,eng,0.4808347,1.0,0.36345957500000003,0.5977964416208373,0.4808347,3,eng8
262,2,TABAK,14,1,eng,0.589364,8.0,0.39054324,0.43648428972292186,0.3108672,3,eng8
263,2,TERLİK,15,1,eng,0.56647515,6.0,0.388826205,0.43881826537341806,0.46227136,3,eng8
264,2,GRUP,16,0,eng,0.40395597,15.0,0.368553535,0.5599993265353786,0.39615887,3,eng8
265,2,DEFTER,17,1,eng,0.43763897,9.0,0.28721714,0.6197727148552445,0.29508024,3,eng8
266,3,TOPRAK,1,0,eng,,,,0.6150288560428471,,1,eng8
267,3,DOLAP,2,0,eng,0.29038775,1.0,0.29038775,0.43374796776534863,0.29038775,1,eng8
268,3,DUVAR,3,1,eng,0.471445,1.0,0.39464140000000003,0.5153998787589282,0.471445,1,eng8
269,3,KİTAP,4,0,eng,0.43762326,2.0,0.38590987,0.4962509477148418,0.33419648,1,eng8
270,3,ODA,5,1,eng,0.3933454,3.0,0.328122935,0.5280115319174048,0.3477716,2,eng8
271,3,KÜÇÜK,6,1,eng,0.38089415,4.0,0.33506515000000003,0.5038077935423388,0.3292778,2,eng8
272,3,LAMBA,7,1,eng,0.49137753,5.0,0.31203651,0.4765693704914674,0.31554452,2,eng8
273,3,FIRIN,8,0,eng,0.51395726,6.0,0.4114618,0.481938471687995,0.459179,2,eng8
274,3,HALI,9,1,eng,0.41348156,7.0,0.37322162999999997,0.46580159663689924,0.39744106,2,eng8
275,3,YATAK,10,0,eng,0.4827052,5.0,0.38474986,0.4830142428319839,0.39783767,3,eng8
276,3,PARKUR,11,0,eng,0.4097581,9.0,0.33718108999999996,0.5781046336373412,0.36667022,3,eng8
277,3,SALÇA,12,0,eng,0.61937714,4.0,0.35618247000000003,0.3392201288426573,0.31460726,3,eng8
278,3,KOKU,13,1,eng,0.49111593,1.0,0.382297175,0.4653336761282455,0.49111593,3,eng8
279,3,DÜĞME,14,1,eng,0.66616935,7.0,0.54394309,0.3870761372357394,0.46388754,3,eng8
280,3,KALAS,15,1,eng,0.4007821,9.0,0.2526429,0.6022555515222554,0.23835877,3,eng8
281,3,ÇİÇEK,16,0,eng,0.4708734,10.0,0.342230575,0.47115819406615966,0.33133048,3,eng8
282,3,KOLA,17,1,eng,0.5345457,5.0,0.39300184,0.4099388582485687,0.45051584,3,eng8
283,4,SİLGİ,1,0,eng,,,,0.5965084041195312,,1,eng8
284,4,KUTU,2,0,eng,0.29989988,1.0,0.29989988,0.5189778575293289,0.29989988,1,eng8
285,4,HARİTA,3,0,eng,0.38407496,1.0,0.33995527000000003,0.5353341320839288,0.38407496,1,eng8
286,4,SULUK,4,0,eng,0.35497633,2.0,0.31336804,0.48958853079621056,0.27175975,1,eng8
287,4,TERAS,5,0,eng,0.35479915,1.0,0.32535334,0.5679166702020497,0.35479915,2,eng8
288,4,KALIP,6,0,eng,0.43464944,4.0,0.34977444999999996,0.5138081944543313,0.2917533,2,eng8
289,4,MEKTUP,7,0,eng,0.35096163,6.0,0.23583388,0.5859822184373953,0.27644026,2,eng8
290,4,TAHTA,8,0,eng,0.50979894,6.0,0.328774335,0.4956336457394749,0.3148368,2,eng8
291,4,BAHÇE,9,0,eng,0.5827601,4.0,0.33189630999999997,0.5482173134041785,0.42791113,2,eng8
292,4,DERGİ,10,0,eng,0.3613815,8.0,0.27442279999999997,0.5785107156939133,0.2556887,3,eng8
293,4,SIRA,11,0,eng,0.28098962,10.0,0.24350318,0.6156001516703979,0.2239896,3,eng8
294,4,KASA,12,0,eng,0.34331515,6.0,0.2483074,0.4991892858014976,0.25118095,3,eng8
295,4,ZEMİN,13,0,eng,0.49636292,8.0,0.26171617,0.5582614635787866,0.28050604,3,eng8
296,4,PARA,14,1,eng,0.42892715,2.0,0.35416044,0.4610382018516199,0.27939373,3,eng8
297,4,MARKET,15,1,eng,0.47207937,3.0,0.37988511999999997,0.4219591528135376,0.38069832,3,eng8
298,4,ÇORAP,16,1,eng,0.47379452,10.0,0.403848365,0.4959609472355936,0.42235893,3,eng8
299,4,HALKA,17,1,eng,0.4055868,10.0,0.324112215,0.5570126633459,0.31517163,3,eng8
306,1,KOLAY,1,1,soc,,,,0.5431917591621194,,1,soc7
307,1,YAZI,2,1,soc,0.3252166,1.0,0.3252166,0.5497052401657878,0.3252166,1,soc7
308,1,KAĞIT,3,1,soc,0.38691002,2.0,0.38635808000000005,0.4027272930182191,0.38580614,1,soc7
309,1,BARDAK,4,0,soc,0.48910698,1.0,0.38601777000000004,0.43948430699898733,0.48910698,1,soc7
310,1,MASA,5,0,soc,0.38489762,1.0,0.37684475,0.4910104345991245,0.38489762,2,soc7
311,1,ÇANTA,6,0,soc,0.44693145,3.0,0.395369725,0.48087540619527736,0.39751527,2,soc7
312,1,BEYİN,7,0,soc,0.3991087,2.0,0.360387275,0.4664294378813233,0.32166585,2,soc7
313,1,KALE,8,1,soc,0.3545144,1.0,0.3243277,0.49259958291234107,0.3545144,2,soc7
314,1,ÖLÇEK,9,1,soc,0.37640342,7.0,0.32545192,0.5523757358258583,0.3302923,2,soc7
315,1,SARI,10,1,soc,0.38170138,7.0,0.29884884,0.5655214343021315,0.24556002,3,soc7
316,1,PARK,11,1,soc,0.39377257,3.0,0.27214814,0.5418180679801876,0.2391728,3,soc7
317,1,KALEM,12,1,soc,0.4933328,10.0,0.30386111000000005,0.48126515453948404,0.2841928,3,soc7
318,1,KÖPEK,13,1,soc,0.4649074,6.0,0.344480885,0.48727444028743505,0.3546656,3,soc7
319,1,RAKAM,14,0,soc,0.46593082,12.0,0.367168965,0.5377365910133494,0.33812043,3,soc7
320,1,AĞAÇ,15,1,soc,0.54864174,12.0,0.403587725,0.4338463064553718,0.3451504,3,soc7
321,1,EKRAN,16,1,soc,0.2835013,7.0,0.25319914499999996,0.6601409447916876,0.22861767,3,soc7
322,1,ŞİŞE,17,1,soc,0.57344735,13.0,0.33186907499999996,0.5493545413486182,0.22037308,3,soc7
323,1,BİNA,18,1,soc,0.40404665,7.0,0.28088245,0.5767487440092252,0.31349576,3,soc7
324,2,SPOR,1,0,soc,,,,0.7290760706461819,,1,soc7
325,2,ELMA,2,1,soc,0.18898071,1.0,0.18898071,0.6235337925653471,0.18898071,1,soc7
326,2,ŞİŞE,3,0,soc,0.3559047,1.0,0.27026910000000004,0.6184093200784377,0.3559047,1,soc7
327,2,KISA,4,0,soc,0.2578248,2.0,0.24516195000000002,0.5421059950264104,0.2324991,1,soc7
328,2,TOPLU,5,0,soc,0.3854969,1.0,0.30751436,0.5382653534959339,0.3854969,2,soc7
329,2,GRUP,6,0,soc,0.40395597,5.0,0.33819096000000004,0.5192414937701295,0.35744882,2,soc7
330,2,İLAÇ,7,0,soc,0.38903543,4.0,0.302916215,0.5279545797492342,0.33033055,2,soc7
331,2,KAPI,8,0,soc,0.3474421,2.0,0.32521795,0.47964616337057986,0.3029938,2,soc7
332,2,BÜYÜK,9,0,soc,0.40214,5.0,0.35028486000000003,0.5383966295499465,0.32838392,2,soc7
333,2,KOLTUK,10,0,soc,0.35490826,2.0,0.288132935,0.5778199629719037,0.22135761,3,soc7
334,2,TABAK,11,0,soc,0.44446674,8.0,0.32655185,0.4629961422612675,0.3108672,3,soc7
335,2,SEHPA,12,0,soc,0.5148338,4.0,0.47552699,0.3365798995499101,0.47021928,3,soc7
336,2,TERLİK,13,0,soc,0.5154791,1.0,0.48887523,0.4223289462603601,0.5154791,3,soc7
337,2,DEFTER,14,0,soc,0.39367822,2.0,0.33651613,0.5391350237725454,0.27935404,3,soc7
338,2,KAŞIK,15,0,soc,0.589364,4.0,0.404132785,0.3686086668072479,0.3610754,3,soc7
339,2,CÜZDAN,16,0,soc,0.5454403,4.0,0.4506294,0.3869163343981976,0.46361983,3,soc7
340,2,KEDİ,17,0,soc,0.5216344,2.0,0.48307905000000007,0.45682987536252184,0.4445237,3,soc7
341,3,DOLAP,1,0,soc,,,,0.3979740611117739,,1,soc7
342,3,PARKUR,2,0,soc,0.4097581,1.0,0.4097581,0.5950863693827877,0.4097581,1,soc7
343,3,DUVAR,3,0,soc,0.471445,2.0,0.39382680000000003,0.49176993527266477,0.3162086,1,soc7
344,3,SALÇA,4,0,soc,0.49627897,3.0,0.34627443,0.3225768458426237,0.3779416,1,soc7
345,3,FIRIN,5,0,soc,0.61937714,1.0,0.4786374,0.470079999467758,0.61937714,2,soc7
346,3,LAMBA,6,0,soc,0.5125295,2.0,0.48585425,0.4108518871970609,0.459179,2,soc7
347,3,HALI,7,0,soc,0.484204,3.0,0.37322162999999997,0.4908345832122817,0.3490022,2,soc7
348,3,KİTAP,8,0,soc,0.43762326,7.0,0.331121385,0.6106913892620164,0.3339557,2,soc7
349,3,CAM,9,0,soc,0.40911388,3.0,0.25853636999999996,0.5459946512632534,0.21640104,2,soc7
350,3,TOPRAK,10,1,soc,0.3516005,5.0,0.27251343,0.55756573291573,0.2567484,3,soc7
351,3,YATAK,11,0,soc,0.44734916,10.0,0.32047917000000004,0.45198909874084126,0.30047488,3,soc7
352,3,KÜÇÜK,12,1,soc,0.38089415,11.0,0.35400705,0.46688388692742955,0.3457144,3,soc7
353,3,ODA,13,1,soc,0.4827052,2.0,0.4059915,0.5322016033636363,0.3292778,3,soc7
354,3,KOKU,14,0,soc,0.49111593,10.0,0.33507901,0.4994174537768743,0.2799181,3,soc7
355,3,KALAS,15,1,soc,0.4007821,3.0,0.206298945,0.6319951342680745,0.26692703,3,soc7
356,3,DÜĞME,16,0,soc,0.66616935,10.0,0.351123155,0.5016794201671044,0.23835877,3,soc7
357,3,ÇİÇEK,17,1,soc,0.4708734,5.0,0.342230575,0.5116887081567869,0.35313067,3,soc7
358,4,KASA,1,1,soc,,,,0.5637652188326296,,1,soc7
359,4,MARKET,2,1,soc,0.47207937,1.0,0.47207937,0.4124417874791346,0.47207937,1,soc7
360,4,BAHÇE,3,0,soc,0.3717398,1.0,0.318311035,0.5583827603148828,0.3717398,1,soc7
361,4,ZEMİN,4,0,soc,0.38117683,1.0,0.380124375,0.5174652102521978,0.38117683,1,soc7
362,4,DERGİ,5,1,soc,0.3527386,3.0,0.270800475,0.5733914521662691,0.28591225,2,soc7
363,4,MEKTUP,6,1,soc,0.34854645,1.0,0.317827405,0.5280896430824118,0.34854645,2,soc7
364,4,ÇORAP,7,1,soc,0.42235893,5.0,0.23791626500000002,0.5071985937065768,0.21187226,2,soc7
365,4,HALKA,8,0,soc,0.4055868,2.0,0.36037921500000003,0.5443117708419357,0.31517163,2,soc7
366,4,SİLGİ,9,0,soc,0.4086417,2.0,0.36912401,0.48772035434949645,0.32960632,2,soc7
367,4,KUTU,10,0,soc,0.4534277,3.0,0.319256325,0.40944802777928513,0.29989988,3,soc7
368,4,FIRIN,11,0,soc,0.41650194,9.0,0.3598243,0.4847248317898063,0.3618986,3,soc7
369,4,TAHTA,12,0,soc,0.50979894,2.0,0.47109834500000003,0.4185443378104139,0.43239775,3,soc7
370,4,HARİTA,13,0,soc,0.38407496,3.0,0.31080373,0.5343908394987462,0.32452616,3,soc7
371,4,TERAS,14,1,soc,0.5827601,11.0,0.31944275,0.5487075391586291,0.29590753,3,soc7
372,4,KALIP,15,0,soc,0.47379452,8.0,0.313042,0.5261540813446494,0.2917533,3,soc7
373,4,PARA,16,1,soc,0.42892715,15.0,0.29212457000000003,0.5787857213130165,0.3123177,3,soc7
374,4,SIRA,17,1,soc,0.31013894,9.0,0.28145784,0.647092772020433,0.2889587,3,soc7
381,1,ÇANTA,1,0,eng,,,,0.5861784661393394,,1,eng7
382,1,YAZI,2,0,eng,0.29162297,1.0,0.29162297,0.5898545559176058,0.29162297,1,eng7
383,1,EKRAN,3,0,eng,0.25200498,1.0,0.23864956999999998,0.6543165679018585,0.25200498,1,eng7
384,1,KÖPEK,4,0,eng,0.3936699,3.0,0.263014035,0.49069654667789375,0.22210707,1,eng7
385,1,PARK,5,0,eng,0.34361807,4.0,0.27832118,0.5258056720177103,0.33429617,2,eng7
386,1,BİNA,6,0,eng,0.40404665,1.0,0.36829099,0.5173260110242696,0.40404665,2,eng7
387,1,KAĞIT,7,0,eng,0.44693145,6.0,0.30357361000000005,0.4107027197064612,0.29269272,2,eng7
388,1,BARDAK,8,0,eng,0.48910698,1.0,0.37469615,0.46860501502209895,0.48910698,2,eng7
389,1,KOLAY,9,0,eng,0.38691002,2.0,0.369911225,0.5495613775255209,0.35291243,2,eng7
390,1,AĞAÇ,10,1,eng,0.54864174,3.0,0.37843263,0.4176652920016297,0.28919542,3,eng7
391,1,KALEM,11,1,eng,0.4933328,9.0,0.30702704999999997,0.5245138931321869,0.3726788,3,eng7
392,1,ÖLÇEK,12,0,eng,0.38344455,2.0,0.361172875,0.48651739207956246,0.3389012,3,eng7
393,1,BEYİN,13,1,eng,0.4649074,9.0,0.34178692,0.5146400577840295,0.32061154,3,eng7
394,1,ŞİŞE,14,0,eng,0.57344735,6.0,0.325829835,0.5203647902394521,0.36090514,3,eng7
395,1,RAKAM,15,0,eng,0.46593082,13.0,0.30868920499999997,0.5757864046288337,0.25313511,3,eng7
396,1,KABLO,16,1,eng,0.4190494,15.0,0.318321045,0.5610585077639629,0.22632574,3,eng7
397,1,KALE,17,0,eng,0.4019536,6.0,0.27048696,0.5526287921885176,0.33969778,3,eng7
398,1,SARI,18,1,eng,0.38170138,11.0,0.288362685,0.6063482545088499,0.35213766,3,eng7
399,2,KAPI,1,1,eng,,,,0.5737237198996169,,1,eng7
400,2,CÜZDAN,2,0,eng,0.4451493,1.0,0.4451493,0.46491787532866546,0.4451493,1,eng7
401,2,İLAÇ,3,0,eng,0.39676955,1.0,0.349881675,0.488518131183859,0.39676955,1,eng7
402,2,DEFTER,4,0,eng,0.43763897,2.0,0.414274155,0.4950784154313078,0.39090934,1,eng7
403,2,GRUP,5,0,eng,0.3474421,4.0,0.312705395,0.5591153686903697,0.29508024,2,eng7
404,2,KEDİ,6,1,eng,0.4445237,4.0,0.27603445000000004,0.5379092241549703,0.2181228,2,eng7
405,2,TOPLU,7,0,eng,0.35744882,2.0,0.33208136,0.5164768294019824,0.3067139,2,eng7
406,2,TABAK,8,0,eng,0.3968097,6.0,0.33407076,0.47750888159683447,0.28595725,2,eng7
407,2,KISA,9,0,eng,0.3854969,2.0,0.313483165,0.598195660398356,0.24146943,2,eng7
408,2,ELMA,10,0,eng,0.43838486,4.0,0.32156508500000003,0.5844224963550361,0.2578248,3,eng7
409,2,SEHPA,11,0,eng,0.5454403,9.0,0.271295885,0.5033392181930935,0.30976892,3,eng7
410,2,SPOR,12,0,eng,0.40395597,7.0,0.216976795,0.6462449164058228,0.24497288,3,eng7
411,2,BÜYÜK,13,1,eng,0.40214,4.0,0.29991137,0.5394696363895697,0.31809774,3,eng7
412,2,KAŞIK,14,1,eng,0.589364,6.0,0.30129451500000004,0.4436420729428544,0.32080743,3,eng7
413,2,TAŞLIK,15,0,eng,0.53411496,1.0,0.43257103,0.4683968065967794,0.53411496,3,eng7
414,2,KOLTUK,16,1,eng,0.4808347,5.0,0.268013555,0.6445568940209265,0.23666401,3,eng7
415,2,TERLİK,17,1,eng,0.56647515,2.0,0.44092810000000005,0.459227413763568,0.31538105,3,eng7
416,3,DÜĞME,1,0,eng,,,,0.4521080572103118,,1,eng7
417,3,SALÇA,2,0,eng,0.62399864,1.0,0.62399864,0.33178768733324493,0.62399864,1,eng7
418,3,HALI,3,0,eng,0.484204,1.0,0.447998915,0.5321913761691879,0.484204,1,eng7
419,3,ÇİÇEK,4,1,eng,0.3850114,2.0,0.34763908,0.4574144979905391,0.31026676,1,eng7
420,3,KOLA,5,1,eng,0.5345457,3.0,0.37592472,0.4559104582913439,0.45051584,2,eng7
421,3,KOKU,6,1,eng,0.49111593,4.0,0.412407725,0.46268893848942205,0.42278865,2,eng7
422,3,KÜÇÜK,7,1,eng,0.4708734,3.0,0.406358685,0.41869329288115253,0.39023992,2,eng7
423,3,KİTAP,8,1,eng,0.3408525,1.0,0.31733939,0.5691074839057734,0.3408525,2,eng7
424,3,DUVAR,9,1,eng,0.4160808,8.0,0.32965295,0.48909521320277727,0.33419648,2,eng7
425,3,KALAS,10,0,eng,0.4007821,3.0,0.27895629,0.5593309307887199,0.30332863,3,eng7
426,3,TOPRAK,11,0,eng,0.3972849,7.0,0.3242602,0.5614447087579469,0.3306826,3,eng7
427,3,LAMBA,12,0,eng,0.66616935,11.0,0.29774241,0.4131559189824213,0.31237006,3,eng7
428,3,DOLAP,13,0,eng,0.59253436,12.0,0.39088264,0.38845384472467603,0.49137753,3,eng7
429,3,PARKUR,14,0,eng,0.4097581,1.0,0.38876367,0.5498414940082879,0.4097581,3,eng7
430,3,FIRIN,15,0,eng,0.61937714,13.0,0.379794405,0.5060554678924254,0.24563155,3,eng7
431,3,YATAK,16,1,eng,0.44734916,3.0,0.369166135,0.4137806572281144,0.37166205,3,eng7
432,3,ODA,17,1,eng,0.4827052,1.0,0.388185035,0.5136077344357877,0.4827052,3,eng7
433,4,HALKA,1,0,eng,,,,0.6420196651459026,,1,eng7
434,4,SULUK,2,0,eng,0.23437686,1.0,0.23437686,0.5282623462045855,0.23437686,1,eng7
435,4,TAHTA,3,0,eng,0.393131,1.0,0.35741449000000003,0.49254684173202823,0.393131,1,eng7
436,4,KALIP,4,0,eng,0.4077956,2.0,0.375253735,0.4697338544836156,0.34271187,1,eng7
437,4,MEKTUP,5,0,eng,0.4055868,4.0,0.29563853,0.5940545043298822,0.27644026,2,eng7
438,4,ZEMİN,6,0,eng,0.4053062,2.0,0.34620728,0.4709591264471118,0.28710836,2,eng7
439,4,ÇORAP,7,1,eng,0.47379452,3.0,0.26849211,0.5015253416257256,0.32511196,2,eng7
440,4,SİLGİ,8,0,eng,0.4086417,1.0,0.35920035,0.47453732429569306,0.4086417,2,eng7
441,4,HARİTA,9,0,eng,0.3690449,3.0,0.230159905,0.5982053782088939,0.29583558,2,eng7
442,4,PARA,10,0,eng,0.3853378,3.0,0.31158809,0.4738056443641526,0.25755575,3,eng7
443,4,KASA,11,0,eng,0.42892715,1.0,0.34066671,0.4753559298255151,0.42892715,3,eng7
444,4,DERGİ,12,0,eng,0.34854645,7.0,0.257005175,0.5933353681921143,0.24543385,3,eng7
445,4,MARKET,13,0,eng,0.47207937,2.0,0.412408985,0.44746181499826043,0.3527386,3,eng7
446,4,TERAS,14,0,eng,0.49636292,8.0,0.330505535,0.494030987509089,0.39254424,3,eng7
447,4,SIRA,15,1,eng,0.31013894,14.0,0.200468165,0.6786910165067914,0.1952113,3,eng7
448,4,KUTU,16,0,eng,0.50979894,13.0,0.260028205,0.5905137547777746,0.22398563,3,eng7
449,4,BAHÇE,17,1,eng,0.5827601,3.0,0.2977778,0.4760717015308292,0.33253884,3,eng7
456,1,KALEM,1,1,soc,,,,0.511630815527472,,1,soc6
457,1,EKRAN,2,0,soc,0.23708813,1.0,0.23708813,0.6715062171964832,0.23708813,1,soc6
458,1,YAZI,3,1,soc,0.4933328,2.0,0.37266889000000003,0.5399272985847896,0.25200498,1,soc6
459,1,ŞİŞE,4,0,soc,0.29204315,3.0,0.225139915,0.5259632703897072,0.22990675,1,soc6
460,1,SARI,5,0,soc,0.32352942,4.0,0.27153356500000003,0.6083820750605233,0.27699298,2,soc6
461,1,KABLO,6,0,soc,0.41031635,2.0,0.31745203,0.5185015559413118,0.22458771,2,soc6
462,1,KÖPEK,7,1,soc,0.4399126,3.0,0.285316345,0.5109681961002224,0.30225047,2,soc6
463,1,BARDAK,8,0,soc,0.57344735,4.0,0.34816371,0.524749417131295,0.35654488,2,soc6
464,1,PARK,9,0,soc,0.3361181,3.0,0.30496955000000003,0.5165889356447622,0.27564293,2,soc6
465,1,ÖLÇEK,10,0,soc,0.37640342,7.0,0.296834215,0.5488709349829504,0.30512348,3,soc6
466,1,BİNA,11,1,soc,0.40404665,2.0,0.366669755,0.5066258000898589,0.32929286,3,soc6
467,1,KOLAY,12,0,soc,0.35291243,4.0,0.31267044,0.5904135376404562,0.29924142,3,soc6
468,1,BEYİN,13,1,soc,0.4649074,6.0,0.3107677,0.48739899852573265,0.2854019,3,soc6
469,1,KALE,14,1,soc,0.4019536,13.0,0.29825717,0.5713566917821795,0.3545144,3,soc6
470,1,ÇANTA,15,1,soc,0.475014,11.0,0.307903425,0.4894163256090661,0.294141,3,soc6
471,1,RAKAM,16,0,soc,0.46593082,13.0,0.244154355,0.5414168569355823,0.28703257,3,soc6
472,1,AĞAÇ,17,0,soc,0.46766984,9.0,0.36334441,0.43173306076798035,0.3451504,3,soc6
473,1,KAĞIT,18,0,soc,0.54864174,1.0,0.48721629499999997,0.36061412638012047,0.54864174,3,soc6
474,2,BÜYÜK,1,1,soc,,,,0.5938453779439963,,1,soc6
475,2,KAPI,2,1,soc,0.32838392,1.0,0.32838392,0.4704156184648325,0.32838392,1,soc6
476,2,TAŞLIK,3,1,soc,0.45242313,1.0,0.391725115,0.41532590583710716,0.45242313,1,soc6
477,2,KAŞIK,4,1,soc,0.53411496,1.0,0.44059445,0.40686017626531135,0.53411496,1,soc6
478,2,SEHPA,5,1,soc,0.5529075,1.0,0.5295042,0.36257349618151813,0.5529075,2,soc6
479,2,SPOR,6,1,soc,0.31809774,5.0,0.26337724,0.6487497455575564,0.24497288,2,soc6
480,2,KEDİ,7,1,soc,0.5216344,3.0,0.340531135,0.45551935993173365,0.18278973,2,soc6
481,2,TOPLU,8,0,soc,0.34560212,5.0,0.29630327,0.5301785032415507,0.3067139,2,soc6
482,2,İLAÇ,9,0,soc,0.40010008,2.0,0.33780098000000003,0.5272649666271076,0.27550188,2,soc6
483,2,CÜZDAN,10,0,soc,0.5454403,5.0,0.375889555,0.4630759223660249,0.39676955,3,soc6
484,2,GRUP,11,0,soc,0.40395597,5.0,0.29422055,0.5125060980480598,0.25811055,3,soc6
485,2,KOLTUK,12,0,soc,0.4808347,7.0,0.261410815,0.6933297027764402,0.2376708,3,soc6
486,2,KISA,13,0,soc,0.40214,12.0,0.1941134075,0.6140510227606639,0.069293715,3,soc6
487,2,TERLİK,14,0,soc,0.56647515,11.0,0.32478466500000003,0.4220931166469002,0.33418828,3,soc6
488,2,ELMA,15,0,soc,0.46791017,11.0,0.3136713,0.5384821420572617,0.3695178,3,soc6
489,2,DEFTER,16,0,soc,0.43763897,6.0,0.281377305,0.6107168486131904,0.28340057,3,soc6
490,2,TABAK,17,0,soc,0.589364,13.0,0.35009597,0.49343051894203227,0.31488657,3,soc6
491,3,DÜĞME,1,0,soc,,,,0.5434746868671576,,1,soc6
492,3,HALI,2,0,soc,0.41179383,1.0,0.41179383,0.5715751174190116,0.41179383,1,soc6
493,3,ODA,3,0,soc,0.30120072,2.0,0.27955012,0.6274839001130743,0.25789952,1,soc6
494,3,KALAS,4,0,soc,0.29251215,2.0,0.21909150500000002,0.6165999799155593,0.14567086,1,soc6
495,3,TOPRAK,5,0,soc,0.3306826,1.0,0.30513442999999996,0.5106983119327988,0.3306826,2,soc6
496,3,LAMBA,6,0,soc,0.66616935,5.0,0.29774241,0.46131097107454777,0.31237006,2,soc6
497,3,ÇİÇEK,7,0,soc,0.3972849,2.0,0.37557768999999996,0.4525147166126864,0.35387048,2,soc6
498,3,KOLA,8,0,soc,0.52985805,7.0,0.44353902,0.4296447347218567,0.45051584,2,soc6
499,3,DOLAP,9,0,soc,0.59253436,8.0,0.41532954,0.3594598652076779,0.44411588,2,soc6
500,3,DUVAR,10,0,soc,0.471445,1.0,0.401120425,0.48312062404696954,0.471445,3,soc6
501,3,KOKU,11,1,soc,0.46388754,10.0,0.386897985,0.4682932495957639,0.35383967,3,soc6
502,3,YATAK,12,1,soc,0.4827052,9.0,0.317161855,0.5164265146416775,0.30546498,3,soc6
503,3,KİTAP,13,1,soc,0.43762326,4.0,0.27471608999999997,0.5559701342540666,0.2556059,3,soc6
504,3,SALÇA,14,1,soc,0.62399864,13.0,0.322966985,0.3718334318879901,0.24817629,3,soc6
505,3,KÜÇÜK,15,1,soc,0.4708734,8.0,0.351094725,0.49985882390447434,0.36133695,3,soc6
506,3,PARKUR,16,0,soc,0.4097581,7.0,0.30210358000000004,0.5943659879544718,0.2895999,3,soc6
507,3,FIRIN,17,0,soc,0.61937714,3.0,0.304688075,0.4744128129948706,0.24563155,3,soc6
508,4,TAHTA,1,1,soc,,,,0.545119528597368,,1,soc6
509,4,KALIP,2,0,soc,0.34271187,1.0,0.34271187,0.5244055326116869,0.34271187,1,soc6
510,4,HALKA,3,0,soc,0.32169798,2.0,0.292917115,0.5893535526800544,0.26413625,1,soc6
511,4,KASA,4,0,soc,0.34331515,2.0,0.32037352500000005,0.5139619160683911,0.2974319,1,soc6
512,4,SULUK,5,0,soc,0.4077956,3.0,0.254472245,0.5312840866686454,0.27456763,2,soc6
513,4,SİLGİ,6,0,soc,0.3718508,5.0,0.33598646499999996,0.4696888693203408,0.32873523,2,soc6
514,4,ÇORAP,7,0,soc,0.47379452,5.0,0.39422508,0.4581628094379697,0.4086417,2,soc6
515,4,DERGİ,8,0,soc,0.3344128,2.0,0.29918653500000003,0.5914310238017537,0.26396027,2,soc6
516,4,PARA,9,0,soc,0.42892715,5.0,0.32695715000000003,0.5685803792303485,0.2685765,2,soc6
517,4,ZEMİN,10,1,soc,0.4053062,8.0,0.28265299,0.45407246149626534,0.27939373,3,soc6
518,4,BAHÇE,11,0,soc,0.42791113,10.0,0.289894245,0.5168293124788763,0.38117683,3,soc6
519,4,HARİTA,12,0,soc,0.3690449,2.0,0.312756375,0.5460243708289487,0.25646785,3,soc6
520,4,TERAS,13,1,soc,0.5827601,2.0,0.439333815,0.47520379118867295,0.29590753,3,soc6
521,4,MEKTUP,14,1,soc,0.4055868,11.0,0.208634545,0.6229037876739223,0.1952275,3,soc6
522,4,KUTU,15,1,soc,0.50979894,14.0,0.30895765,0.5209048067635489,0.32184452,3,soc6
523,4,SIRA,16,1,soc,0.31013894,13.0,0.219754375,0.6950820836832776,0.22398563,3,soc6
524,4,MARKET,17,1,soc,0.47207937,13.0,0.267989405,0.6294249960691523,0.20572503,3,soc6
531,1,BARDAK,1,0,eng,,,,0.5719806447729643,,1,eng6
532,1,KOLAY,2,0,eng,0.35291243,1.0,0.35291243,0.5750461495312894,0.35291243,1,eng6
533,1,RAKAM,3,0,eng,0.32357016,1.0,0.32246063,0.5020774913378743,0.32357016,1,eng6
534,1,ÖLÇEK,4,0,eng,0.39440662,1.0,0.36025304,0.49901530873156874,0.39440662,1,eng6
535,1,KALEM,5,0,eng,0.3962175,2.0,0.36755935,0.47460137496610844,0.3389012,2,eng6
536,1,PARK,6,0,eng,0.30512348,2.0,0.29465814,0.5248027600803102,0.2841928,2,eng6
537,1,KAĞIT,7,0,eng,0.48910698,6.0,0.38709595,0.43879520650717985,0.3144545,2,eng6
538,1,KABLO,8,0,eng,0.36259457,3.0,0.33617549999999996,0.4731721225440011,0.3362329,2,eng6
539,1,BİNA,9,1,eng,0.40404665,3.0,0.31597255,0.512296068856321,0.33925238,2,eng6
540,1,AĞAÇ,10,1,eng,0.54864174,3.0,0.38640393500000003,0.42354840298041585,0.36686105,3,eng6
541,1,ÇANTA,11,1,eng,0.44693145,4.0,0.34520886,0.50643761152209,0.38153842,3,eng6
542,1,EKRAN,12,0,eng,0.34407964,4.0,0.226955915,0.6443988398234901,0.22529416,3,eng6
543,1,YAZI,13,0,eng,0.4933328,8.0,0.271813975,0.5524277369449412,0.25200498,3,eng6
544,1,BEYİN,14,0,eng,0.39122522,1.0,0.32624728999999997,0.4500939167336335,0.39122522,3,eng6
545,1,ŞİŞE,15,0,eng,0.57344735,14.0,0.295405945,0.5389581055235756,0.36090514,3,eng6
546,1,KÖPEK,16,1,eng,0.4649074,2.0,0.45241,0.4978582301645028,0.4399126,3,eng6
547,1,SARI,17,1,eng,0.38170138,10.0,0.27268760000000003,0.5761363230391561,0.26838222,3,eng6
548,1,KALE,18,1,eng,0.4019536,13.0,0.29806893,0.5940511887180057,0.35213766,3,eng6
549,2,TOPLU,1,0,eng,,,,0.6241462286753334,,1,eng6
550,2,İLAÇ,2,0,eng,0.27550188,1.0,0.27550188,0.5079893631557835,0.27550188,1,eng6
551,2,KEDİ,3,0,eng,0.40010008,1.0,0.35340699,0.4444389673888428,0.40010008,1,eng6
552,2,TAŞLIK,4,0,eng,0.46819958,1.0,0.41808113999999996,0.37873629764229133,0.46819958,1,eng6
553,2,DEFTER,5,0,eng,0.4031799,1.0,0.368563,0.5125063037111615,0.4031799,2,eng6
554,2,KAPI,6,0,eng,0.45242313,2.0,0.38420704,0.4884735587242439,0.31599095,2,eng6
555,2,TERLİK,7,0,eng,0.56647515,3.0,0.34217605,0.405359423945461,0.40499806,2,eng6
556,2,CÜZDAN,8,0,eng,0.5149376,1.0,0.48004345000000004,0.41490090346787756,0.5149376,2,eng6
557,2,ELMA,9,0,eng,0.43838486,6.0,0.34116864,0.5426432833712989,0.31281948,2,eng6
558,2,TABAK,10,0,eng,0.4900897,6.0,0.39105753499999996,0.4011385383666253,0.38530537,3,eng6
559,2,KOLTUK,11,1,eng,0.35490826,5.0,0.278475825,0.662431609393476,0.3108672,3,eng6
560,2,KAŞIK,12,1,eng,0.589364,2.0,0.44436355,0.42800510878919185,0.2993631,3,eng6
561,2,GRUP,13,0,eng,0.39615887,6.0,0.26703075,0.5413702711208694,0.2963907,3,eng6
562,2,KISA,14,0,eng,0.3854969,13.0,0.28794908500000005,0.6212101658831448,0.3189331,3,eng6
563,2,BÜYÜK,15,1,eng,0.40214,1.0,0.34700925,0.5125883695221909,0.40214,3,eng6
564,2,SEHPA,16,1,eng,0.5529075,4.0,0.257273925,0.6109669117005818,0.281725,3,eng6
565,2,SPOR,17,0,eng,0.40417683,10.0,0.28153531,0.6671347314129523,0.24497288,3,eng6
566,3,DÜĞME,1,0,eng,,,,0.4986610499834083,,1,eng6
567,3,YATAK,2,0,eng,0.39755028,1.0,0.39755028,0.5382658699536329,0.39755028,1,eng6
568,3,KİTAP,3,0,eng,0.31637713,2.0,0.285991515,0.5960555556201508,0.2556059,1,eng6
569,3,KÜÇÜK,4,0,eng,0.39257216,3.0,0.34328345,0.4604080768863722,0.3408525,1,eng6
570,3,SALÇA,5,0,eng,0.62399864,4.0,0.30475662,0.3699017142019331,0.36133695,2,eng6
571,3,KALAS,6,0,eng,0.4007821,2.0,0.363538185,0.5672482931387184,0.32629427,2,eng6
572,3,FIRIN,7,0,eng,0.61937714,2.0,0.45271992,0.3947702962831763,0.2860627,2,eng6
573,3,HALI,8,1,eng,0.484204,3.0,0.34497660500000005,0.49653194548185475,0.39744106,2,eng6
574,3,KOKU,9,0,eng,0.49111593,4.0,0.39405044499999997,0.43620453470955545,0.33392733,2,eng6
575,3,LAMBA,10,0,eng,0.66616935,9.0,0.40019516,0.4457831191395062,0.45138812,3,eng6
576,3,TOPRAK,11,1,eng,0.36813366,2.0,0.34025185999999996,0.5175207981151446,0.31237006,3,eng6
577,3,ÇİÇEK,12,1,eng,0.4708734,8.0,0.37557768999999996,0.5338764840887704,0.3972849,3,eng6
578,3,ODA,13,1,eng,0.4827052,11.0,0.24347321,0.5701318664234917,0.20736016,3,eng6
579,3,PARKUR,14,0,eng,0.36776924,4.0,0.2795383,0.5555045991766967,0.2963474,3,eng6
580,3,DOLAP,15,0,eng,0.59253436,14.0,0.40155175,0.37770165443585546,0.4097581,3,eng6
581,3,DUVAR,16,1,eng,0.471445,1.0,0.39382680000000003,0.5266386130991505,0.471445,3,eng6
582,3,KOLA,17,1,eng,0.5345457,12.0,0.387455865,0.5533060347484632,0.33079585,3,eng6
583,4,ÇORAP,1,0,eng,,,,0.5139177385979659,,1,eng6
584,4,TERAS,2,0,eng,0.37199184,1.0,0.37199184,0.5668813982099914,0.37199184,1,eng6
585,4,TAHTA,3,0,eng,0.45284566,2.0,0.397911815,0.4739651825164308,0.34297797,1,eng6
586,4,DERGİ,4,0,eng,0.2931569,1.0,0.280811865,0.5851437696441728,0.2931569,1,eng6
587,4,PARA,5,0,eng,0.3853378,4.0,0.29122985,0.579055554493942,0.2685765,2,eng6
588,4,MARKET,6,0,eng,0.45019683,3.0,0.36671845999999997,0.4326054981098042,0.38069832,2,eng6
589,4,SULUK,7,0,eng,0.393131,4.0,0.3294197,0.4711037472377889,0.3413419,2,eng6
590,4,BAHÇE,8,1,eng,0.5827601,6.0,0.393160015,0.5455600158108089,0.41458023,2,eng6
591,4,KALIP,9,0,eng,0.47379452,8.0,0.354380665,0.4892706948857807,0.30096573,2,eng6
592,4,SİLGİ,10,0,eng,0.4086417,9.0,0.35309925,0.5211095086399414,0.3502489,3,eng6
593,4,SIRA,11,0,eng,0.2889587,6.0,0.27747330000000003,0.6100663992053753,0.28098962,3,eng6
594,4,ZEMİN,12,0,eng,0.49636292,10.0,0.27634265,0.4931740102882385,0.2429263,3,eng6
595,4,KUTU,13,0,eng,0.50979894,10.0,0.277764105,0.5099808053216952,0.33154258,3,eng6
596,4,HALKA,14,0,eng,0.37018293,9.0,0.346479625,0.48476664936715086,0.33861277,3,eng6
597,4,HARİTA,15,0,eng,0.38407496,2.0,0.33010349,0.5548382958669307,0.27613202,3,eng6
598,4,KASA,16,1,eng,0.47207937,10.0,0.274919085,0.5887675836689803,0.25240627,3,eng6
599,4,MEKTUP,17,1,eng,0.4055868,3.0,0.239220285,0.5995007463211997,0.25639898,3,eng6
606,1,BİNA,1,0,soc,,,,0.5976390455230214,,1,soc5
607,1,BEYİN,2,1,soc,0.3361335,1.0,0.3361335,0.4590226091208959,0.3361335,1,soc5
608,1,BARDAK,3,1,soc,0.38922995,1.0,0.324757635,0.507474598572706,0.38922995,1,soc5
609,1,KÖPEK,4,1,soc,0.4649074,2.0,0.41072614,0.471278417925859,0.35654488,1,soc5
610,1,KALEM,5,0,soc,0.3629623,3.0,0.34843166000000003,0.4296325579263297,0.3546656,2,soc5
611,1,ÇANTA,6,0,soc,0.3936699,2.0,0.37330108500000003,0.4818951868530438,0.35293227,2,soc5
612,1,ÖLÇEK,7,0,soc,0.3389012,2.0,0.290464755,0.5662586753158773,0.24202831,2,soc5
613,1,YAZI,8,0,soc,0.4933328,3.0,0.334013195,0.5124202780388316,0.37640342,2,soc5
614,1,KABLO,9,0,soc,0.4190494,3.0,0.28549696999999996,0.5266852476429074,0.2869019,2,soc5
615,1,SARI,10,0,soc,0.33464295,7.0,0.24533093,0.6139771343538731,0.22458771,3,soc5
616,1,ŞİŞE,11,1,soc,0.57344735,8.0,0.34365466499999997,0.5205501685028544,0.27699298,3,soc5
617,1,RAKAM,12,0,soc,0.46593082,4.0,0.257055805,0.5647525554696122,0.25313511,3,soc5
618,1,PARK,13,0,soc,0.40404665,12.0,0.260666325,0.6099101891403971,0.2338801,3,soc5
619,1,KAĞIT,14,0,soc,0.48910698,11.0,0.370122675,0.45633466237917997,0.3144545,3,soc5
620,1,KOLAY,15,1,soc,0.38691002,1.0,0.292987585,0.5890387755580715,0.38691002,3,soc5
621,1,EKRAN,16,0,soc,0.34407964,7.0,0.21608664,0.6816227777957332,0.20780008,3,soc5
622,1,KALE,17,1,soc,0.4019536,12.0,0.227020895,0.6218050367419719,0.21204185,3,soc5
623,1,AĞAÇ,18,1,soc,0.54864174,4.0,0.273644525,0.6009117580833085,0.31867138,3,soc5
624,2,İLAÇ,1,0,soc,,,,0.6319842709750164,,1,soc5
625,2,TERLİK,2,0,soc,0.4146146,1.0,0.4146146,0.4460285264807371,0.4146146,1,soc5
626,2,KAPI,3,0,soc,0.40499806,1.0,0.35399592999999996,0.4954067907710067,0.40499806,1,soc5
627,2,KOLTUK,4,0,soc,0.35490826,1.0,0.335144655,0.6224696052579575,0.35490826,1,soc5
628,2,TOPLU,5,0,soc,0.343236,3.0,0.241976395,0.5596489766835355,0.16557239,2,soc5
629,2,DEFTER,6,0,soc,0.39090934,5.0,0.27079963500000004,0.5457064279141519,0.32276386,2,soc5
630,2,KEDİ,7,0,soc,0.4558914,5.0,0.32033,0.5313454536089433,0.3339461,2,soc5
631,2,SPOR,8,0,soc,0.40417683,6.0,0.211906045,0.6321447041942093,0.18278973,2,soc5
632,2,BÜYÜK,9,0,soc,0.3721858,8.0,0.30089172,0.4920602930525556,0.31809774,2,soc5
633,2,TAŞLIK,10,0,soc,0.56647515,8.0,0.299214635,0.42908452071510217,0.3310271,3,soc5
634,2,KISA,11,0,soc,0.40214,2.0,0.336509085,0.5991215365974919,0.27087817,3,soc5
635,2,KAŞIK,12,0,soc,0.53411496,2.0,0.395540015,0.43548086794760676,0.25696507,3,soc5
636,2,SEHPA,13,1,soc,0.5529075,1.0,0.392865175,0.45634080294867163,0.5529075,3,soc5
637,2,ELMA,14,1,soc,0.46791017,2.0,0.388839545,0.560721544156146,0.30976892,3,soc5
638,2,GRUP,15,1,soc,0.40395597,7.0,0.262571315,0.6378848879875678,0.18902083,3,soc5
639,2,TABAK,16,0,soc,0.589364,4.0,0.36312678499999995,0.45014436468966446,0.3409482,3,soc5
640,2,CÜZDAN,17,0,soc,0.5454403,4.0,0.327460125,0.5732080296558377,0.3968097,3,soc5
641,3,LAMBA,1,1,soc,,,,0.4880879673663132,,1,soc5
642,3,KÜÇÜK,2,1,soc,0.31554452,1.0,0.31554452,0.5033909404808377,0.31554452,1,soc5
643,3,PARKUR,3,1,soc,0.36776924,2.0,0.32868457,0.5805853949725699,0.2895999,1,soc5
644,3,KOKU,4,1,soc,0.45138812,3.0,0.33185917,0.45109214407935005,0.27347842,1,soc5
645,3,KALAS,5,0,soc,0.4007821,3.0,0.284544945,0.5917853179371145,0.26692703,2,soc5
646,3,KOLA,6,0,soc,0.4365622,5.0,0.379138245,0.5313016083627338,0.33548784,2,soc5
647,3,ÇİÇEK,7,0,soc,0.4708734,5.0,0.39092316,0.5150423325819149,0.45051584,2,soc5
648,3,ODA,8,0,soc,0.3292778,6.0,0.202967715,0.5697870625508654,0.20736016,2,soc5
649,3,KİTAP,9,0,soc,0.3477716,1.0,0.34072630000000004,0.5634249748876098,0.3477716,2,soc5
650,3,YATAK,10,0,soc,0.4827052,2.0,0.36915555,0.442539882424552,0.2556059,3,soc5
651,3,SALÇA,11,0,soc,0.5345457,5.0,0.322966985,0.47991228529127994,0.39775768,3,soc5
652,3,TOPRAK,12,0,soc,0.3972849,5.0,0.32282542999999997,0.5567041619967311,0.34517598,3,soc5
653,3,DOLAP,13,1,soc,0.49627897,2.0,0.39333335999999997,0.3698858596608704,0.29038775,3,soc5
654,3,HALI,14,0,soc,0.484204,3.0,0.36196695,0.4698258888551907,0.41348156,3,soc5
655,3,FIRIN,15,0,soc,0.61937714,4.0,0.45569916,0.431043108862172,0.39744106,3,soc5
656,3,DUVAR,16,0,soc,0.471445,3.0,0.33860098,0.5148752615960934,0.33789766,3,soc5
657,3,DÜĞME,17,1,soc,0.66616935,16.0,0.455048425,0.42429429737788193,0.4160808,3,soc5
658,4,MARKET,1,1,soc,,,,0.5376639901501772,,1,soc5
659,4,KUTU,2,1,soc,0.33025378,1.0,0.33025378,0.509708752649805,0.33025378,1,soc5
660,4,TERAS,3,1,soc,0.39254424,2.0,0.34430751,0.5479851830624531,0.29607078,1,soc5
661,4,SİLGİ,4,1,soc,0.33391768,1.0,0.31690878,0.5160556490979114,0.33391768,1,soc5
662,4,KALIP,5,0,soc,0.43464944,3.0,0.3210011,0.4807397830078478,0.3502489,2,soc5
663,4,KASA,6,1,soc,0.47207937,5.0,0.343276425,0.5120000561714162,0.34331515,2,soc5
664,4,ÇORAP,7,0,soc,0.47379452,2.0,0.43818496,0.43183482046039734,0.4025754,2,soc5
665,4,DERGİ,8,0,soc,0.3613815,6.0,0.25469706000000003,0.6352430681418724,0.26396027,2,soc5
666,4,HALKA,9,0,soc,0.33861277,7.0,0.258616605,0.540322209057239,0.20206158,2,soc5
667,4,PARA,10,1,soc,0.42892715,4.0,0.319379715,0.5166931180718047,0.37018293,3,soc5
668,4,BAHÇE,11,0,soc,0.5827601,8.0,0.22837025500000002,0.5924042893719144,0.19861166,3,soc5
669,4,SIRA,12,0,soc,0.31013894,3.0,0.27598773,0.5998625320507178,0.26301676,3,soc5
670,4,MEKTUP,13,0,soc,0.4055868,4.0,0.225702305,0.5746958256635011,0.21552312,3,soc5
671,4,SULUK,14,0,soc,0.41458023,3.0,0.262764995,0.4912285130452936,0.28362563,3,soc5
672,4,ZEMİN,15,1,soc,0.49636292,12.0,0.334947255,0.5056821386229152,0.38278615,3,soc5
673,4,TAHTA,16,0,soc,0.50979894,14.0,0.38354750000000004,0.49616509588262614,0.373964,3,soc5
674,4,HARİTA,17,1,soc,0.38407496,15.0,0.34678553,0.5737619986693983,0.32452616,3,soc5
681,1,KABLO,1,1,eng,,,,0.5584832720009734,,1,eng5
682,1,BARDAK,2,1,eng,0.33978254,1.0,0.33978254,0.5229588529988797,0.33978254,1,eng5
683,1,KALEM,3,1,eng,0.36259457,2.0,0.352396145,0.42864371432148163,0.34219772,1,eng5
684,1,ÖLÇEK,4,0,eng,0.3389012,1.0,0.313723075,0.5295477952398194,0.3389012,1,eng5
685,1,SARI,5,1,eng,0.33464295,3.0,0.28454472,0.589292528837472,0.24556002,2,eng5
686,1,YAZI,6,0,eng,0.4933328,3.0,0.321238785,0.48920961688784625,0.26607415,2,eng5
687,1,PARK,7,1,eng,0.3361181,6.0,0.260044685,0.5099450647882411,0.28091657,2,eng5
688,1,AĞAÇ,8,0,eng,0.46766984,6.0,0.391747295,0.45001489294468766,0.42821342,2,eng5
689,1,KALE,9,0,eng,0.4019536,6.0,0.35622197499999997,0.5474007195995332,0.31867138,2,eng5
690,1,ŞİŞE,10,0,eng,0.57344735,8.0,0.36802912,0.4949066573716635,0.29269317,3,eng5
691,1,EKRAN,11,1,eng,0.34407964,10.0,0.216207465,0.6547988065451749,0.22037308,3,eng5
692,1,RAKAM,12,0,eng,0.46593082,6.0,0.265457865,0.5584640847589512,0.27778062,3,eng5
693,1,ÇANTA,13,1,eng,0.475014,3.0,0.256163365,0.46984965273188795,0.28703257,3,eng5
694,1,KOLAY,14,0,eng,0.35291243,12.0,0.31690329,0.5419100449478411,0.31023642,3,eng5
695,1,BEYİN,15,1,eng,0.39122522,9.0,0.30353387499999995,0.4715134355012587,0.2854019,3,eng5
696,1,KAĞIT,16,1,eng,0.54864174,8.0,0.37900461,0.4494508032785969,0.3710992,3,eng5
697,1,BİNA,17,1,eng,0.40404665,10.0,0.31441311,0.5668322321547637,0.29269272,3,eng5
698,1,KÖPEK,18,1,eng,0.4649074,3.0,0.37458268,0.4684080282288544,0.33253533,3,eng5
699,2,SPOR,1,1,eng,,,,0.6829544418225215,,1,eng5
700,2,DEFTER,2,1,eng,0.24102236,1.0,0.24102236,0.570953129639273,0.24102236,1,eng5
701,2,SEHPA,3,1,eng,0.39367822,1.0,0.31932555,0.4128082345987789,0.39367822,1,eng5
702,2,TABAK,4,0,eng,0.47021928,1.0,0.392552925,0.4659505308941396,0.47021928,1,eng5
703,2,KAPI,5,0,eng,0.5148338,2.0,0.43876649,0.48477512300486836,0.36269918,2,eng5
704,2,ELMA,6,0,eng,0.38530537,2.0,0.317704065,0.5614287449781865,0.25010276,2,eng5
705,2,KOLTUK,7,1,eng,0.4808347,4.0,0.300496355,0.6363071865362371,0.24608445,2,eng5
706,2,TAŞLIK,8,1,eng,0.5061009,5.0,0.32388442,0.4278396802576686,0.23666401,2,eng5
707,2,KISA,9,0,eng,0.27087817,1.0,0.17008594249999998,0.6253901865702358,0.27087817,2,eng5
708,2,KAŞIK,10,0,eng,0.589364,6.0,0.395540015,0.4967682569729096,0.25696507,3,eng5
709,2,BÜYÜK,11,1,eng,0.40214,2.0,0.36147371500000003,0.49433614608030574,0.32080743,3,eng5
710,2,TERLİK,12,0,eng,0.56647515,4.0,0.39380062,0.43711160484380496,0.34041107,3,eng5
711,2,GRUP,13,1,eng,0.40395597,12.0,0.344018685,0.5287831740911912,0.39615887,3,eng5
712,2,İLAÇ,14,0,eng,0.4146146,2.0,0.372472575,0.46710794153991786,0.33033055,3,eng5
713,2,TOPLU,15,1,eng,0.3854969,6.0,0.31647535,0.5456203461249995,0.27550188,3,eng5
714,2,CÜZDAN,16,0,eng,0.5454403,13.0,0.375889555,0.48263905471590585,0.35500956,3,eng5
715,2,KEDİ,17,1,eng,0.5216344,7.0,0.37561880000000003,0.5040327258103201,0.4445237,3,eng5
716,3,TOPRAK,1,1,eng,,,,0.5814988724902371,,1,eng5
717,3,KÜÇÜK,2,1,eng,0.3622997,1.0,0.3622997,0.48690758016403435,0.3622997,1,eng5
718,3,DÜĞME,3,0,eng,0.39257216,1.0,0.33087854,0.41560081601433785,0.39257216,1,eng5
719,3,DUVAR,4,0,eng,0.4160808,1.0,0.37059511,0.49455481774752463,0.4160808,1,eng5
720,3,KOLA,5,0,eng,0.52985805,2.0,0.43032695,0.4666964330668618,0.33079585,2,eng5
721,3,YATAK,6,1,eng,0.39755028,3.0,0.340627215,0.518303124693049,0.3523957,2,eng5
722,3,KİTAP,7,1,eng,0.3408525,5.0,0.239273335,0.5415411653977956,0.2556059,2,eng5
723,3,DOLAP,8,0,eng,0.59253436,5.0,0.44248621,0.36564268173540126,0.43762326,2,eng5
724,3,KOKU,9,0,eng,0.46388754,6.0,0.35689128999999997,0.5272942810623994,0.4199563,2,eng5
725,3,ODA,10,0,eng,0.4827052,4.0,0.33663175,0.5911603303167874,0.2799181,3,eng5
726,3,SALÇA,11,1,eng,0.62399864,8.0,0.36379073,0.39462079260665006,0.23646553,3,eng5
727,3,HALI,12,0,eng,0.484204,1.0,0.37105176,0.5265115547360057,0.484204,3,eng5
728,3,KALAS,13,1,eng,0.4007821,11.0,0.30940321000000004,0.633963605389686,0.29251215,3,eng5
729,3,LAMBA,14,1,eng,0.66616935,11.0,0.31605848000000003,0.44092974360965154,0.28311476,3,eng5
730,3,PARKUR,15,1,eng,0.4097581,7.0,0.33496605,0.5760276954866854,0.36776924,3,eng5
731,3,FIRIN,16,0,eng,0.61937714,5.0,0.352405275,0.536154768166272,0.24563155,3,eng5
732,3,ÇİÇEK,17,0,eng,0.4708734,15.0,0.2786711,0.6015457944454381,0.294613,3,eng5
733,4,TAHTA,1,1,eng,,,,0.5620755191320677,,1,eng5
734,4,DERGİ,2,1,eng,0.2931569,1.0,0.2931569,0.551061819234195,0.2931569,1,eng5
735,4,MEKTUP,3,0,eng,0.34854645,1.0,0.33169162500000005,0.6094433680201994,0.34854645,1,eng5
736,4,TERAS,4,0,eng,0.34297797,3.0,0.231847165,0.46544030649608126,0.1952275,1,eng5
737,4,MARKET,5,0,eng,0.45019683,4.0,0.32968222,0.4672206221473312,0.39254424,2,eng5
738,4,BAHÇE,6,1,eng,0.5827601,2.0,0.47724995000000003,0.45823632199016184,0.3717398,2,eng5
739,4,ÇORAP,7,1,eng,0.45284566,6.0,0.39416015000000004,0.44314794815052827,0.36596137,2,eng5
740,4,SİLGİ,8,0,eng,0.4086417,1.0,0.38229565,0.4953852974779156,0.4086417,2,eng5
741,4,HALKA,9,1,eng,0.4055868,6.0,0.32238897499999997,0.5266685589385759,0.32960632,2,eng5
742,4,KASA,10,1,eng,0.47207937,5.0,0.32033480000000003,0.5464925242456188,0.2974319,3,eng5
743,4,SIRA,11,0,eng,0.31013894,2.0,0.280659945,0.6174975416214301,0.25118095,3,eng5
744,4,ZEMİN,12,1,eng,0.49636292,8.0,0.26171617,0.507070784538072,0.2429263,3,eng5
745,4,HARİTA,13,1,eng,0.3690449,1.0,0.302293675,0.536227979927613,0.3690449,3,eng5
746,4,KUTU,14,1,eng,0.50979894,13.0,0.35780877,0.4776204859744726,0.38407496,3,eng5
747,4,SULUK,15,1,eng,0.41458023,9.0,0.31336804,0.49631473240062207,0.35497633,3,eng5
748,4,KALIP,16,1,eng,0.47379452,9.0,0.42122252,0.47870670901739554,0.4077956,3,eng5
749,4,PARA,17,0,eng,0.42892715,7.0,0.31490759999999995,0.5790448701988411,0.3123177,3,eng5
756,1,KABLO,1,1,soc,,,,0.5144727608739043,,1,soc4
757,1,KALE,2,1,soc,0.33969778,1.0,0.33969778,0.5135117527611616,0.33969778,1,soc4
758,1,PARK,3,0,soc,0.39377257,1.0,0.364945335,0.5195900124684671,0.39377257,1,soc4
759,1,ŞİŞE,4,0,soc,0.41031635,3.0,0.29007286,0.4627577513097303,0.28745255,1,soc4
760,1,ÖLÇEK,5,0,soc,0.3302923,3.0,0.29793900500000003,0.5456367179117042,0.29075453,2,soc4
761,1,KAĞIT,6,0,soc,0.42838985,2.0,0.39041379,0.392574792115822,0.35243773,2,soc4
762,1,KÖPEK,7,1,soc,0.4399126,3.0,0.31436666,0.47607970673472877,0.41663003,2,soc4
763,1,KALEM,8,0,soc,0.4597374,2.0,0.4072015,0.48488234247856943,0.3546656,2,soc4
764,1,KOLAY,9,1,soc,0.38691002,3.0,0.26505822,0.5801000720909584,0.2413753,2,soc4
765,1,ÇANTA,10,0,soc,0.475014,6.0,0.331584345,0.4937962730749953,0.31023642,3,soc4
766,1,AĞAÇ,11,0,soc,0.54864174,5.0,0.33536692,0.5019636924463711,0.38153842,3,soc4
767,1,EKRAN,12,1,soc,0.34407964,11.0,0.226955915,0.6410142725721182,0.22861767,3,soc4
768,1,BEYİN,13,0,soc,0.4649074,6.0,0.29460978000000004,0.4843265354382239,0.26126936,3,soc4
769,1,YAZI,14,0,soc,0.4933328,6.0,0.3216151,0.4966266812703307,0.39122522,3,soc4
770,1,BİNA,15,1,soc,0.40404665,12.0,0.305381025,0.5709529185541655,0.27462855,3,soc4
771,1,BARDAK,16,0,soc,0.57344735,12.0,0.27160693999999996,0.5372189039399107,0.26028532,3,soc4
772,1,RAKAM,17,0,soc,0.46593082,3.0,0.30884575000000003,0.5065847976852613,0.3213511,3,soc4
773,1,SARI,18,0,soc,0.38170138,12.0,0.297809725,0.616195005796979,0.2609765,3,soc4
774,2,GRUP,1,0,soc,,,,0.5916037979064904,,1,soc4
775,2,TAŞLIK,2,0,soc,0.32223257,1.0,0.32223257,0.4461933723654805,0.32223257,1,soc4
776,2,BÜYÜK,3,0,soc,0.3310271,1.0,0.3114528,0.5749911121919848,0.3310271,1,soc4
777,2,SEHPA,4,0,soc,0.5061009,2.0,0.39391295,0.4284829816365834,0.281725,1,soc4
778,2,KAŞIK,5,0,soc,0.5529075,1.0,0.436857465,0.47018662239231845,0.5529075,2,soc4
779,2,KAPI,6,0,soc,0.5148338,2.0,0.43095387,0.5189273926778923,0.34707394,2,soc4
780,2,KISA,7,0,soc,0.40214,4.0,0.24140413500000002,0.6868844271751648,0.2258432,2,soc4
781,2,KOLTUK,8,0,soc,0.4808347,4.0,0.2121009875,0.6259827220411243,0.069293715,2,soc4
782,2,ELMA,9,0,soc,0.46791017,4.0,0.251954625,0.5302798604587815,0.24608445,2,soc4
783,2,CÜZDAN,10,0,soc,0.5454403,6.0,0.298985155,0.4379304807703649,0.31281948,3,soc4
784,2,KEDİ,11,0,soc,0.5216344,6.0,0.44145428,0.40801476534016334,0.4445237,3,soc4
785,2,İLAÇ,12,0,soc,0.40010008,1.0,0.398434815,0.4670811875530768,0.40010008,3,soc4
786,2,DEFTER,13,0,soc,0.43763897,3.0,0.36242772,0.5088425386330175,0.39090934,3,soc4
787,2,TERLİK,14,0,soc,0.56647515,12.0,0.34698432,0.3894560667546728,0.27935404,3,soc4
788,2,TOPLU,15,0,soc,0.3854969,8.0,0.33299993,0.5668405475406845,0.343236,3,soc4
789,2,SPOR,16,0,soc,0.40417683,2.0,0.345034735,0.5961962295439618,0.28589264,3,soc4
790,2,TABAK,17,0,soc,0.589364,12.0,0.266635315,0.5947059720428124,0.24731338,3,soc4
791,3,KOLA,1,1,soc,,,,0.48008680969860784,,1,soc4
792,3,YATAK,2,0,soc,0.3523957,1.0,0.3523957,0.5773343902095083,0.3523957,1,soc4
793,3,SALÇA,3,0,soc,0.5345457,2.0,0.46615169,0.36146112386217477,0.39775768,1,soc4
794,3,KALAS,4,0,soc,0.33548784,3.0,0.277102705,0.6460142712716223,0.32629427,1,soc4
795,3,ÇİÇEK,5,0,soc,0.45051584,4.0,0.35817094,0.5898187088735192,0.33133048,2,soc4
796,3,DÜĞME,6,0,soc,0.62399864,3.0,0.29574471999999996,0.48775032820164343,0.35313067,2,soc4
797,3,ODA,7,0,soc,0.4827052,5.0,0.25428044,0.612108802832858,0.30120072,2,soc4
798,3,PARKUR,8,0,soc,0.36667022,6.0,0.321967625,0.552140467437962,0.2963474,2,soc4
799,3,TOPRAK,9,0,soc,0.3972849,4.0,0.26359937,0.5531190936842014,0.24761248,2,soc4
800,3,DUVAR,10,0,soc,0.4160808,4.0,0.3170232,0.4963516911532385,0.3178378,3,soc4
801,3,HALI,11,0,soc,0.484204,8.0,0.32487832,0.5027410577795908,0.3393043,3,soc4
802,3,KÜÇÜK,12,0,soc,0.4708734,7.0,0.32230469500000003,0.5003556874422741,0.31949997,3,soc4
803,3,DOLAP,13,0,soc,0.59253436,7.0,0.397187855,0.35503432703863524,0.38089415,3,soc4
804,3,LAMBA,14,0,soc,0.66616935,8.0,0.40346102500000003,0.4287854084519588,0.49137753,3,soc4
805,3,KOKU,15,0,soc,0.49111593,12.0,0.43567221,0.4349362549818204,0.45138812,3,soc4
806,3,FIRIN,16,0,soc,0.61937714,13.0,0.45667628,0.45920129496658435,0.45417356,3,soc4
807,3,KİTAP,17,1,soc,0.43762326,4.0,0.25040879,0.6601582442833214,0.2069913,3,soc4
808,4,ÇORAP,1,1,soc,,,,0.6189936998290695,,1,soc4
809,4,KALIP,2,1,soc,0.47379452,1.0,0.47379452,0.4942698099026557,0.47379452,1,soc4
810,4,SIRA,3,1,soc,0.27395698,1.0,0.23660101,0.6493085023757456,0.27395698,1,soc4
811,4,HARİTA,4,1,soc,0.3343307,2.0,0.28493657499999997,0.5995978353006819,0.23554245,1,soc4
812,4,MARKET,5,0,soc,0.42235893,4.0,0.23926446499999998,0.533867983364414,0.2728039,2,soc4
813,4,BAHÇE,6,0,soc,0.3717398,1.0,0.314103825,0.47544397479191947,0.3717398,2,soc4
814,4,HALKA,7,0,soc,0.3330528,2.0,0.295590825,0.5528766999302237,0.25812885,2,soc4
815,4,KUTU,8,0,soc,0.4534277,7.0,0.335575805,0.5191819662830279,0.33861277,2,soc4
816,4,TERAS,9,0,soc,0.5827601,3.0,0.29009795,0.4897788965137132,0.29607078,2,soc4
817,4,SİLGİ,10,0,soc,0.4086417,9.0,0.31690878,0.4927448265554407,0.33391768,3,soc4
818,4,MEKTUP,11,0,soc,0.4055868,4.0,0.273094565,0.5742726820909865,0.35096163,3,soc4
819,4,SULUK,12,0,soc,0.41458023,6.0,0.30618043,0.5208629702086831,0.28362563,3,soc4
820,4,PARA,13,0,soc,0.3853378,12.0,0.32853365,0.48236799799564534,0.3174975,3,soc4
821,4,KASA,14,1,soc,0.47207937,9.0,0.35174739,0.5284556394684103,0.42892715,3,soc4
822,4,ZEMİN,15,0,soc,0.49636292,6.0,0.279949885,0.5438108691952172,0.28050604,3,soc4
823,4,DERGİ,16,0,soc,0.3613815,8.0,0.26567304999999997,0.6221083922938533,0.28591225,3,soc4
824,4,TAHTA,17,0,soc,0.50979894,9.0,0.33356045,0.5337424549967745,0.2931569,3,soc4
831,1,KAĞIT,1,1,eng,,,,0.37386875603742975,,1,eng4
832,1,ÇANTA,2,1,eng,0.44693145,1.0,0.44693145,0.5148752332981952,0.44693145,1,eng4
833,1,KOLAY,3,1,eng,0.38691002,2.0,0.34857322,0.5554658537856764,0.31023642,1,eng4
834,1,AĞAÇ,4,1,eng,0.54864174,3.0,0.33536692,0.39809724320464934,0.28919542,1,eng4
835,1,YAZI,5,0,eng,0.38580614,4.0,0.340248885,0.5402147968036153,0.35528117,2,eng4
836,1,KÖPEK,6,1,eng,0.46202505,2.0,0.38297302499999997,0.538379796753208,0.303921,2,eng4
837,1,KABLO,7,1,eng,0.4190494,5.0,0.294576185,0.4941518893891085,0.30225047,2,eng4
838,1,EKRAN,8,1,eng,0.34407964,1.0,0.283093355,0.588573756080107,0.34407964,2,eng4
839,1,ÖLÇEK,9,0,eng,0.38344455,5.0,0.28379667,0.5292109284637296,0.2835013,2,eng4
840,1,BİNA,10,0,eng,0.36686105,6.0,0.288781,0.5317103990734973,0.32929286,3,eng4
841,1,RAKAM,11,0,eng,0.46593082,6.0,0.34537351,0.5119637403219763,0.2963404,3,eng4
842,1,KALEM,12,0,eng,0.4933328,7.0,0.352984015,0.4885734170212672,0.3962175,3,eng4
843,1,ŞİŞE,13,0,eng,0.475014,11.0,0.27258912999999996,0.5478934189825073,0.29204315,3,eng4
844,1,SARI,14,0,eng,0.38170138,13.0,0.3002612,0.5539341031351906,0.27699298,3,eng4
845,1,BEYİN,15,0,eng,0.4649074,9.0,0.33790578000000004,0.4795295763548568,0.31490642,3,eng4
846,1,KALE,16,0,eng,0.4019536,4.0,0.35332603,0.4886351700605086,0.3545144,3,eng4
847,1,PARK,17,0,eng,0.42821342,13.0,0.355833695,0.5708609810640093,0.39377257,3,eng4
848,1,BARDAK,18,0,eng,0.57344735,5.0,0.305946705,0.5677495793476492,0.27564293,3,eng4
849,2,GRUP,1,1,eng,,,,0.575440855864781,,1,eng4
850,2,KOLTUK,2,1,eng,0.2376708,1.0,0.2376708,0.6744618672927397,0.2376708,1,eng4
851,2,TOPLU,3,1,eng,0.35744882,2.0,0.261510605,0.5643285083897405,0.16557239,1,eng4
852,2,DEFTER,4,0,eng,0.32276386,1.0,0.27079963500000004,0.5620716043122731,0.32276386,1,eng4
853,2,TABAK,5,0,eng,0.3409482,4.0,0.30042190999999996,0.47796283250617555,0.31488657,2,eng4
854,2,KAPI,6,0,eng,0.36269918,1.0,0.339345065,0.4767021970360049,0.36269918,2,eng4
855,2,TERLİK,7,1,eng,0.46227136,2.0,0.43363471,0.4144116592730068,0.40499806,2,eng4
856,2,SEHPA,8,0,eng,0.5154791,1.0,0.51515645,0.3348741945385827,0.5154791,2,eng4
857,2,KAŞIK,9,1,eng,0.589364,4.0,0.500048835,0.41782247231055414,0.5529075,2,eng4
858,2,KEDİ,10,0,eng,0.5216344,1.0,0.50995347,0.449400830541418,0.5216344,3,eng4
859,2,BÜYÜK,11,0,eng,0.3422365,6.0,0.302246565,0.5168877535063752,0.2836857,3,eng4
860,2,SPOR,12,0,eng,0.40417683,5.0,0.250443735,0.6588964763956839,0.31809774,3,eng4
861,2,ELMA,13,0,eng,0.46791017,4.0,0.26979538000000003,0.503671997902224,0.18898071,3,eng4
862,2,İLAÇ,14,0,eng,0.4146146,7.0,0.29869209,0.48542557257336083,0.34470546,3,eng4
863,2,CÜZDAN,15,0,eng,0.5454403,7.0,0.35479451500000003,0.49024888378664977,0.39676955,3,eng4
864,2,TAŞLIK,16,1,eng,0.56647515,9.0,0.42955581,0.4833338853624217,0.49114892,3,eng4
865,2,KISA,17,0,eng,0.40214,6.0,0.28844452,0.6031108835005623,0.27087817,3,eng4
866,3,ÇİÇEK,1,0,eng,,,,0.5544323261228876,,1,eng4
867,3,KİTAP,2,0,eng,0.333681,1.0,0.333681,0.6042761841817055,0.333681,1,eng4
868,3,SALÇA,3,0,eng,0.3850114,2.0,0.316593845,0.43886862826539685,0.24817629,1,eng4
869,3,YATAK,4,0,eng,0.39775768,1.0,0.32668178999999997,0.5258607676380594,0.39775768,1,eng4
870,3,TOPRAK,5,0,eng,0.3972849,4.0,0.32282542999999997,0.5394214462379964,0.30047488,2,eng4
871,3,KOLA,6,0,eng,0.5345457,3.0,0.333851925,0.4426209351901885,0.31530815,2,eng4
872,3,LAMBA,7,0,eng,0.5125295,4.0,0.37446613,0.413172775056997,0.4365622,2,eng4
873,3,FIRIN,8,0,eng,0.61937714,5.0,0.42439746,0.4227959734273141,0.459179,2,eng4
874,3,KALAS,9,0,eng,0.33548784,3.0,0.28458873,0.5938856418074565,0.2860627,2,eng4
875,3,DOLAP,10,0,eng,0.51395726,2.0,0.36796064,0.3803564008814726,0.22196402,3,eng4
876,3,KÜÇÜK,11,1,eng,0.4708734,10.0,0.390838125,0.4737132544519429,0.38089415,3,eng4
877,3,DÜĞME,12,0,eng,0.66616935,5.0,0.49255326,0.3813414991777325,0.39257216,3,eng4
878,3,KOKU,13,0,eng,0.49111593,10.0,0.42706373,0.4744368283740852,0.46388754,3,eng4
879,3,DUVAR,14,0,eng,0.471445,4.0,0.384960235,0.499373284867048,0.35383967,3,eng4
880,3,HALI,15,1,eng,0.484204,12.0,0.33661581500000004,0.5469820794707165,0.3393043,3,eng4
881,3,PARKUR,16,1,eng,0.4097581,6.0,0.31195028,0.5719636525653508,0.30769196,3,eng4
882,3,ODA,17,1,eng,0.4827052,13.0,0.27712346,0.6271979610862792,0.2963474,3,eng4
883,4,KASA,1,0,eng,,,,0.5722702901426157,,1,eng4
884,4,MEKTUP,2,1,eng,0.25639898,1.0,0.25639898,0.5961041284575624,0.25639898,1,eng4
885,4,DERGİ,3,1,eng,0.34854645,1.0,0.29699015,0.5748226706017564,0.34854645,1,eng4
886,4,MARKET,4,0,eng,0.47207937,3.0,0.30977940000000004,0.4619218036879099,0.3527386,1,eng4
887,4,SULUK,5,0,eng,0.3413419,1.0,0.3052521,0.49057945626865485,0.3413419,2,eng4
888,4,BAHÇE,6,0,eng,0.41458023,1.0,0.393160015,0.4509572737912879,0.41458023,2,eng4
889,4,SIRA,7,0,eng,0.26301676,1.0,0.25246056,0.667916095870705,0.26301676,2,eng4
890,4,KALIP,8,0,eng,0.4077956,3.0,0.28746135500000003,0.48368093771221954,0.27395698,2,eng4
891,4,TERAS,9,1,eng,0.5827601,3.0,0.24348229999999998,0.49991687082423886,0.2917533,2,eng4
892,4,ÇORAP,10,0,eng,0.47379452,2.0,0.42289318,0.49619393788145816,0.37199184,3,eng4
893,4,HARİTA,11,0,eng,0.3343307,3.0,0.23019588,0.5680960749018531,0.16448423,3,eng4
894,4,PARA,12,0,eng,0.42892715,11.0,0.321446775,0.5338221691103459,0.25755575,3,eng4
895,4,SİLGİ,13,0,eng,0.4086417,3.0,0.330728005,0.5027788089680203,0.36562043,3,eng4
896,4,KUTU,14,1,eng,0.4534277,4.0,0.325864675,0.4432128998277436,0.29989988,3,eng4
897,4,TAHTA,15,0,eng,0.50979894,1.0,0.44082487000000004,0.4488812705908516,0.50979894,3,eng4
898,4,ZEMİN,16,0,eng,0.49636292,7.0,0.35275329,0.5301714895385587,0.373964,3,eng4
899,4,HALKA,17,0,eng,0.4055868,15.0,0.33802223,0.5634316008682344,0.35434648,3,eng4
906,1,KÖPEK,1,1,soc,,,,0.5311628375769788,,1,soc3
907,1,PARK,2,1,soc,0.33429617,1.0,0.33429617,0.5814533230555732,0.33429617,1,soc3
908,1,BARDAK,3,1,soc,0.35654488,2.0,0.316093905,0.5293586417483683,0.27564293,1,soc3
909,1,RAKAM,4,0,soc,0.33812043,3.0,0.2776156,0.4956430024824898,0.3213511,1,soc3
910,1,ÇANTA,5,0,soc,0.3936699,4.0,0.340128375,0.5205012208191475,0.28703257,2,soc3
911,1,YAZI,6,0,soc,0.46593082,2.0,0.378776895,0.46152704778213416,0.29162297,2,soc3
912,1,KOLAY,7,1,soc,0.35291243,4.0,0.31772651,0.5719243514060752,0.3252166,2,soc3
913,1,SARI,8,0,soc,0.33464295,5.0,0.270118075,0.5660165030678033,0.274162,2,soc3
914,1,KALEM,9,0,soc,0.4933328,3.0,0.28245236,0.4483811274868532,0.32352942,2,soc3
915,1,EKRAN,10,0,soc,0.27778062,6.0,0.221357895,0.6539616181178036,0.23708813,3,soc3
916,1,KALE,11,0,soc,0.4019536,2.0,0.306997725,0.523434445597307,0.21204185,3,soc3
917,1,AĞAÇ,12,0,soc,0.46766984,9.0,0.273644525,0.4374275094754687,0.31867138,3,soc3
918,1,ÖLÇEK,13,0,soc,0.39440662,9.0,0.356868425,0.501697143356424,0.38344455,3,soc3
919,1,KAĞIT,14,0,soc,0.54864174,2.0,0.450539735,0.4566585405083857,0.35243773,3,soc3
920,1,BİNA,15,0,soc,0.40404665,13.0,0.31099279,0.5222324559768614,0.29269272,3,soc3
921,1,KABLO,16,0,soc,0.4190494,11.0,0.33774264,0.5234478741130977,0.33925238,3,soc3
922,1,BEYİN,17,0,soc,0.4649074,16.0,0.29100695499999996,0.5423031912641235,0.24588041,3,soc3
923,1,ŞİŞE,18,0,soc,0.57344735,15.0,0.38561074500000003,0.5142178703590841,0.36090514,3,soc3
924,2,DEFTER,1,1,soc,,,,0.6334156347180613,,1,soc3
925,2,SPOR,2,1,soc,0.24102236,1.0,0.24102236,0.6629293591996419,0.24102236,1,soc3
926,2,KISA,3,1,soc,0.24604793,2.0,0.2286819,0.5656284707942016,0.21131587,1,soc3
927,2,TOPLU,4,0,soc,0.3854969,1.0,0.33569477,0.4882594852773037,0.3854969,1,soc3
928,2,KAPI,5,0,soc,0.3183804,1.0,0.2721118,0.5668732986470237,0.3183804,2,soc3
929,2,BÜYÜK,6,0,soc,0.40214,3.0,0.31139029500000004,0.49742283392271835,0.32838392,2,soc3
930,2,GRUP,7,0,soc,0.40395597,5.0,0.3196603,0.5670758566166783,0.2918785,2,soc3
931,2,İLAÇ,8,0,soc,0.39090934,7.0,0.351258175,0.47160570699473414,0.33033055,2,soc3
932,2,KEDİ,9,0,soc,0.43674022,4.0,0.30911144,0.46519149587903785,0.40010008,2,soc3
933,2,ELMA,10,0,soc,0.43838486,1.0,0.39154516,0.5196556250581308,0.43838486,3,soc3
934,2,TERLİK,11,0,soc,0.4558914,2.0,0.4127046,0.37957407386361186,0.3695178,3,soc3
935,2,CÜZDAN,12,0,soc,0.5149376,1.0,0.41387854,0.4192880542296378,0.5149376,3,soc3
936,2,TABAK,13,0,soc,0.46227136,2.0,0.42954053000000003,0.4259892193681222,0.3968097,3,soc3
937,2,SEHPA,14,1,soc,0.5454403,2.0,0.50782979,0.28939603575597805,0.47021928,3,soc3
938,2,TAŞLIK,15,1,soc,0.56647515,4.0,0.4980953,0.4158515826074485,0.5061009,3,soc3
939,2,KOLTUK,16,0,soc,0.4808347,2.0,0.358749355,0.5885715998180269,0.23666401,3,soc3
940,2,KAŞIK,17,0,soc,0.589364,4.0,0.41673903,0.46635022971061957,0.2993631,3,soc3
941,3,DÜĞME,1,1,soc,,,,0.5279960885804023,,1,soc3
942,3,DUVAR,2,1,soc,0.4160808,1.0,0.4160808,0.5096439050551991,0.4160808,1,soc3
943,3,ÇİÇEK,3,1,soc,0.35313067,2.0,0.341054395,0.5777301805160799,0.32897812,1,soc3
944,3,ODA,4,1,soc,0.30847427,2.0,0.257917215,0.6009768306923928,0.20736016,1,soc3
945,3,DOLAP,5,0,soc,0.59253436,4.0,0.3899443,0.3593991545144838,0.3933454,2,soc3
946,3,KALAS,6,0,soc,0.33133048,3.0,0.18381744,0.6452131928519095,0.22196402,2,soc3
947,3,FIRIN,7,0,soc,0.51395726,2.0,0.40000998,0.47538983755650144,0.2860627,2,soc3
948,3,KİTAP,8,0,soc,0.43762326,3.0,0.230787625,0.5907124320467267,0.2069913,2,soc3
949,3,KOKU,9,0,soc,0.46388754,8.0,0.37399992,0.4316912444322728,0.29382628,2,soc3
950,3,KOLA,10,1,soc,0.52985805,9.0,0.32286471,0.47301593007754117,0.42278865,3,soc3
951,3,KÜÇÜK,11,0,soc,0.4708734,8.0,0.406358685,0.46726496487028024,0.42247745,3,soc3
952,3,SALÇA,12,0,soc,0.62399864,11.0,0.447941325,0.3308859270580091,0.36133695,3,soc3
953,3,HALI,13,1,soc,0.484204,1.0,0.401851985,0.48956400500085484,0.484204,3,soc3
954,3,TOPRAK,14,0,soc,0.3972849,11.0,0.32781415999999997,0.5487461274477117,0.31045234,3,soc3
955,3,LAMBA,15,0,soc,0.66616935,14.0,0.33068613,0.47383424015648334,0.31237006,3,soc3
956,3,YATAK,16,1,soc,0.4827052,12.0,0.343023075,0.4841588364314262,0.38557127,3,soc3
957,3,PARKUR,17,0,soc,0.4097581,12.0,0.36721972999999997,0.5585850397398718,0.36667022,3,soc3
958,4,TERAS,1,1,soc,,,,0.6347194887729646,,1,soc3
959,4,HARİTA,2,1,soc,0.29590753,1.0,0.29590753,0.6190763577338023,0.29590753,1,soc3
960,4,SULUK,3,0,soc,0.35479915,2.0,0.31327945,0.5243503437075181,0.27175975,1,soc3
961,4,SIRA,4,0,soc,0.24190436,1.0,0.238723405,0.6527916923241064,0.24190436,1,soc3
962,4,MEKTUP,5,0,soc,0.28362563,2.0,0.24957437500000001,0.6263775971455205,0.21552312,2,soc3
963,4,BAHÇE,6,0,soc,0.5827601,5.0,0.249449125,0.4746538227638629,0.23588149,2,soc3
964,4,ÇORAP,7,0,soc,0.37980846,4.0,0.288916815,0.49474957408208997,0.36596137,2,soc3
965,4,ZEMİN,8,0,soc,0.49636292,7.0,0.353144395,0.5030225878035992,0.32511196,2,soc3
966,4,TAHTA,9,0,soc,0.45284566,2.0,0.41340483,0.45507206000047085,0.373964,2,soc3
967,4,KASA,10,0,soc,0.4025754,3.0,0.31010552,0.4614936035726488,0.339705,3,soc3
968,4,HALKA,11,0,soc,0.4055868,6.0,0.30956494,0.5360527287921553,0.2974319,3,soc3
969,4,PARA,12,0,soc,0.42892715,2.0,0.39955504,0.4710696665032982,0.37018293,3,soc3
970,4,MARKET,13,0,soc,0.47207937,3.0,0.35687556,0.4409567362897857,0.38069832,3,soc3
971,4,DERGİ,14,0,soc,0.3527386,1.0,0.31065755,0.5764526382770805,0.3527386,3,soc3
972,4,KUTU,15,0,soc,0.50979894,6.0,0.34581764000000004,0.46568066402937625,0.3613815,3,soc3
973,4,SİLGİ,16,0,soc,0.4086417,9.0,0.31715634000000004,0.5484953492291207,0.29989988,3,soc3
974,4,KALIP,17,1,soc,0.47379452,10.0,0.39244917,0.5562940300746283,0.3502489,3,soc3
981,1,AĞAÇ,1,1,eng,,,,0.5219915677512288,,1,eng3
982,1,ÇANTA,2,0,eng,0.38153842,1.0,0.38153842,0.5620049831123535,0.38153842,1,eng3
983,1,YAZI,3,0,eng,0.35528117,2.0,0.32345207,0.526925637943482,0.29162297,1,eng3
984,1,KALE,4,0,eng,0.31867138,3.0,0.300649825,0.5874366927744019,0.30715865,1,eng3
985,1,EKRAN,5,0,eng,0.25200498,2.0,0.232023415,0.6479468777228579,0.21204185,2,eng3
986,1,KAĞIT,6,0,eng,0.54864174,5.0,0.2527353,0.48148841019053545,0.2243732,2,eng3
987,1,KÖPEK,7,0,eng,0.46202505,6.0,0.31936855,0.513379926019212,0.41663003,2,eng3
988,1,BİNA,8,0,eng,0.36686105,7.0,0.312614025,0.5167090598383755,0.33253533,2,eng3
989,1,RAKAM,9,0,eng,0.46593082,6.0,0.31723041500000004,0.5202123980902515,0.2963404,2,eng3
990,1,PARK,10,0,eng,0.42821342,9.0,0.318963375,0.5407041885721271,0.2338801,3,eng3
991,1,SARI,11,0,eng,0.38170138,5.0,0.25007465,0.5904894582437639,0.2391728,3,eng3
992,1,KALEM,12,0,eng,0.4933328,9.0,0.30386111000000005,0.483519864163206,0.32352942,3,eng3
993,1,ŞİŞE,13,0,eng,0.475014,11.0,0.284518065,0.4749067236493608,0.29204315,3,eng3
994,1,ÖLÇEK,14,1,eng,0.39440662,5.0,0.31482786500000004,0.554084145019265,0.29075453,3,eng3
995,1,KABLO,15,1,eng,0.4190494,13.0,0.347204195,0.5107738514670259,0.28409204,3,eng3
996,1,BARDAK,16,1,eng,0.57344735,3.0,0.314163745,0.41246665532130455,0.33978254,3,eng3
997,1,KOLAY,17,1,eng,0.38691002,11.0,0.324121965,0.5519140893891181,0.35291243,3,eng3
998,1,BEYİN,18,1,eng,0.4649074,11.0,0.33731592499999996,0.6040204148566298,0.2854019,3,eng3
999,2,KISA,1,0,eng,,,,0.6845588958263407,,1,eng3
1000,2,TAŞLIK,2,0,eng,0.27087817,1.0,0.27087817,0.4603519489745981,0.27087817,1,eng3
1001,2,KEDİ,3,0,eng,0.46819958,1.0,0.353103785,0.5878437957134195,0.46819958,1,eng3
1002,2,SPOR,4,0,eng,0.26740217,2.0,0.22509595,0.6037166034493593,0.18278973,1,eng3
1003,2,KAŞIK,5,0,eng,0.53411496,3.0,0.40170800000000007,0.40823858494388077,0.2817816,2,eng3
1004,2,GRUP,6,0,eng,0.40395597,2.0,0.35017333500000003,0.5328772460755715,0.2963907,2,eng3
1005,2,İLAÇ,7,0,eng,0.40010008,4.0,0.35236971,0.5029940698725054,0.33033055,2,eng3
1006,2,SEHPA,8,0,eng,0.5529075,3.0,0.32132219,0.46304346018421816,0.30652258,2,eng3
1007,2,BÜYÜK,9,0,eng,0.40214,8.0,0.3269554,0.5072765538691244,0.281725,2,eng3
1008,2,ELMA,10,0,eng,0.46791017,5.0,0.330189485,0.5177321933930651,0.35061005,3,eng3
1009,2,CÜZDAN,11,1,eng,0.5454403,3.0,0.32105814,0.425111433720331,0.31281948,3,eng3
1010,2,TABAK,12,0,eng,0.589364,7.0,0.39105753499999996,0.46835933455164325,0.3968097,3,eng3
1011,2,DEFTER,13,1,eng,0.43763897,2.0,0.37626276999999997,0.5437830783913276,0.31488657,3,eng3
1012,2,TOPLU,14,1,eng,0.3854969,13.0,0.30436055500000003,0.5756130474660544,0.32276386,3,eng3
1013,2,KOLTUK,15,1,eng,0.4808347,7.0,0.1922039,0.6031694237855371,0.16557239,3,eng3
1014,2,TERLİK,16,0,eng,0.56647515,14.0,0.32930852499999996,0.5002045505123534,0.31538105,3,eng3
1015,2,KAPI,17,1,eng,0.5148338,9.0,0.37995316,0.5100557226377567,0.40499806,3,eng3
1016,3,YATAK,1,0,eng,,,,0.5304605119672774,,1,eng3
1017,3,DÜĞME,2,0,eng,0.39755028,1.0,0.39755028,0.4191384528778075,0.39755028,1,eng3
1018,3,ÇİÇEK,3,1,eng,0.35313067,1.0,0.32577087,0.55657998568219,0.35313067,1,eng3
1019,3,DOLAP,4,1,eng,0.59253436,2.0,0.48953878,0.39126918960119106,0.3865432,1,eng3
1020,3,HALI,5,1,eng,0.41348156,1.0,0.36187416,0.4779228435197588,0.41348156,2,eng3
1021,3,SALÇA,6,0,eng,0.62399864,4.0,0.490241485,0.3944367046611281,0.484204,2,eng3
1022,3,KALAS,7,0,eng,0.33133048,4.0,0.30940321000000004,0.5834924424331318,0.32629427,2,eng3
1023,3,TOPRAK,8,0,eng,0.3972849,5.0,0.33792929,0.5455848482822824,0.3306826,2,eng3
1024,3,PARKUR,9,0,eng,0.4097581,5.0,0.27488767,0.5552721368904368,0.24761248,2,eng3
1025,3,KİTAP,10,0,eng,0.43762326,6.0,0.30970019000000004,0.5654553973008505,0.33112192,3,eng3
1026,3,DUVAR,11,0,eng,0.471445,7.0,0.32520254000000004,0.5030431918626841,0.33419648,3,eng3
1027,3,KOKU,12,0,eng,0.49111593,6.0,0.32383297499999997,0.5036122307737435,0.35383967,3,eng3
1028,3,KOLA,13,0,eng,0.5345457,7.0,0.37679225,0.5267530065951875,0.42278865,3,eng3
1029,3,ODA,14,1,eng,0.4827052,13.0,0.23924668500000001,0.5904633468814288,0.19857527,3,eng3
1030,3,KÜÇÜK,15,1,eng,0.4708734,12.0,0.375877625,0.48584011125449444,0.3292778,3,eng3
1031,3,FIRIN,16,1,eng,0.61937714,10.0,0.32870473499999997,0.501465501203259,0.3637446,3,eng3
1032,3,LAMBA,17,1,eng,0.66616935,15.0,0.38736176,0.5331971702006182,0.459179,3,eng3
1033,4,SIRA,1,0,eng,,,,0.6857798493992524,,1,eng3
1034,4,PARA,2,0,eng,0.2889587,1.0,0.2889587,0.5493472200866605,0.2889587,1,eng3
1035,4,ÇORAP,3,0,eng,0.3853378,1.0,0.29229142,0.5008892723689016,0.3853378,1,eng3
1036,4,TERAS,4,0,eng,0.37199184,1.0,0.32196164000000005,0.5498657498305501,0.37199184,1,eng3
1037,4,TAHTA,5,0,eng,0.45284566,2.0,0.397911815,0.47718586731433865,0.34297797,2,eng3
1038,4,DERGİ,6,1,eng,0.2931569,1.0,0.280811865,0.5943841168401334,0.2931569,2,eng3
1039,4,MARKET,7,0,eng,0.45019683,2.0,0.401467715,0.3989069112995125,0.3527386,2,eng3
1040,4,KASA,8,0,eng,0.47207937,1.0,0.35875661000000003,0.5300157764088185,0.47207937,2,eng3
1041,4,SİLGİ,9,0,eng,0.4086417,6.0,0.32169491,0.4836684066920468,0.3432377,2,eng3
1042,4,BAHÇE,10,0,eng,0.5827601,6.0,0.310415935,0.5382386025459136,0.3559496,3,eng3
1043,4,MEKTUP,11,0,eng,0.35096163,2.0,0.29342156,0.5875141110816364,0.23588149,3,eng3
1044,4,HARİTA,12,0,eng,0.32452616,7.0,0.23925472,0.5413261224348229,0.22204159,3,eng3
1045,4,ZEMİN,13,0,eng,0.49636292,9.0,0.32807663,0.45937517825919416,0.3690449,3,eng3
1046,4,KUTU,14,1,eng,0.50979894,9.0,0.35780877,0.4511788860067,0.33154258,3,eng3
1047,4,SULUK,15,1,eng,0.41458023,5.0,0.36888124,0.5197064617523214,0.35497633,3,eng3
1048,4,KALIP,16,1,eng,0.47379452,13.0,0.42122252,0.4683361989868665,0.4077956,3,eng3
1049,4,HALKA,17,1,eng,0.4055868,6.0,0.249256555,0.63333013804661,0.26413625,3,eng3
1056,1,YAZI,1,1,eng,,,,0.5232612243459323,,1,eng25
1057,1,KALE,2,0,eng,0.30715865,1.0,0.30715865,0.5834189173420072,0.30715865,1,eng25
1058,1,EKRAN,3,1,eng,0.25200498,2.0,0.232023415,0.6636593834713334,0.21204185,1,eng25
1059,1,KALEM,4,0,eng,0.4933328,3.0,0.319520865,0.43340123038721035,0.23708813,1,eng25
1060,1,KÖPEK,5,1,eng,0.3546656,1.0,0.288386335,0.5352464425578445,0.3546656,2,eng25
1061,1,BEYİN,6,0,eng,0.4649074,1.0,0.41393485,0.4688952195970849,0.4649074,2,eng25
1062,1,ÖLÇEK,7,0,eng,0.37640342,6.0,0.266357415,0.5750069825866617,0.32061154,2,eng25
1063,1,BİNA,8,0,eng,0.3361335,2.0,0.33271318,0.48461599762559393,0.32929286,2,eng25
1064,1,ÇANTA,9,0,eng,0.3936699,4.0,0.275453805,0.5015036497439052,0.3088793,2,eng25
1065,1,MASA,10,0,eng,0.3991087,4.0,0.36858587,0.5292915747138762,0.39751527,3,eng25
1066,1,PARK,11,0,eng,0.40404665,3.0,0.33180155,0.5011225222450799,0.31998503,3,eng25
1067,1,AĞAÇ,12,0,eng,0.46202505,7.0,0.37533949499999997,0.4430816674584078,0.42821342,3,eng25
1068,1,KOLAY,13,0,eng,0.32609946,6.0,0.244130285,0.6049090751706498,0.28919542,3,eng25
1069,1,ŞİŞE,14,0,eng,0.475014,5.0,0.3528474,0.5079683731963589,0.26232973,3,eng25
1070,1,SARI,15,0,eng,0.35213766,13.0,0.27557749,0.5700338737400099,0.27699298,3,eng25
1071,1,KAĞIT,16,0,eng,0.54864174,4.0,0.405045615,0.3832326653007444,0.38170138,3,eng25
1072,1,RAKAM,17,0,eng,0.46593082,16.0,0.343383675,0.5826076269285718,0.42579085,3,eng25
1073,1,BARDAK,18,0,eng,0.57344735,4.0,0.40522904000000004,0.49616330198434766,0.3213511,3,eng25
1074,2,KISA,1,0,eng,,,,0.5580323735984898,,1,eng25
1075,2,ELMA,2,0,eng,0.2578248,1.0,0.2578248,0.6296825606114385,0.2578248,1,eng25
1076,2,BÜYÜK,3,0,eng,0.40214,2.0,0.376375025,0.4932070466136581,0.35061005,1,eng25
1077,2,GRUP,4,0,eng,0.3189331,3.0,0.24044966499999998,0.5801585738890153,0.2918785,1,eng25
1078,2,SEHPA,5,0,eng,0.3361218,1.0,0.3089234,0.4054939715047069,0.3361218,2,eng25
1079,2,DEFTER,6,0,eng,0.39367822,1.0,0.34437923000000004,0.5333191604206099,0.39367822,2,eng25
1080,2,KAŞIK,7,0,eng,0.5529075,2.0,0.45699144999999997,0.42344079880103613,0.3610754,2,eng25
1081,2,KOLTUK,8,0,eng,0.4808347,3.0,0.259099255,0.5950224694317047,0.2993631,2,eng25
1082,2,TOPLU,9,0,eng,0.3854969,8.0,0.237128645,0.5906158983052905,0.16557239,2,eng25
1083,2,KEDİ,10,0,eng,0.5216344,3.0,0.30981709999999996,0.4066382849287101,0.3067139,3,eng25
1084,2,TABAK,11,0,eng,0.589364,4.0,0.33407076,0.44373033318779687,0.38218427,3,eng25
1085,2,TERLİK,12,1,eng,0.5154791,7.0,0.45908138,0.38874736197771464,0.46227136,3,eng25
1086,2,ŞİŞE,13,1,eng,0.48971486,6.0,0.41720374000000005,0.4574119369645484,0.38994074,3,eng25
1087,2,İLAÇ,14,0,eng,0.4146146,2.0,0.401825015,0.5020902163708223,0.38903543,3,eng25
1088,2,CÜZDAN,15,1,eng,0.5454403,10.0,0.4107036,0.4086036486165632,0.39676955,3,eng25
1089,2,SPOR,16,0,eng,0.40417683,4.0,0.26280488,0.6934309547113504,0.27293104,3,eng25
1090,2,KAPI,17,0,eng,0.5148338,12.0,0.32741822,0.6063240412268811,0.20968714,3,eng25
1091,3,DUVAR,1,1,eng,,,,0.5365031083435687,,1,eng25
1092,3,ODA,2,1,eng,0.30847427,1.0,0.30847427,0.6329774362528295,0.30847427,1,eng25
1093,3,PARKUR,3,0,eng,0.3162086,2.0,0.306278,0.55851311633422,0.2963474,1,eng25
1094,3,CAM,4,0,eng,0.3851619,3.0,0.25526481,0.5619020217813893,0.27087474,1,eng25
1095,3,DÜĞME,5,0,eng,0.42991534,1.0,0.388751595,0.4686607987732805,0.42991534,2,eng25
1096,3,KİTAP,6,1,eng,0.3477716,4.0,0.266389085,0.5886174634157043,0.31637713,2,eng25
1097,3,YATAK,7,0,eng,0.4827052,5.0,0.32657809,0.49859756644886033,0.2556059,2,eng25
1098,3,TOPRAK,8,1,eng,0.3178378,7.0,0.29437667,0.519928792747299,0.30047488,2,eng25
1099,3,HALI,9,0,eng,0.41179383,4.0,0.354145005,0.4914769540243543,0.31045234,2,eng25
1100,3,ÇİÇEK,10,0,eng,0.3972849,2.0,0.35377583,0.4815726696743311,0.31026676,3,eng25
1101,3,KOKU,11,0,eng,0.46388754,6.0,0.36797706500000005,0.44711978226950533,0.4020268,3,eng25
1102,3,KALAS,12,0,eng,0.33133048,2.0,0.299128755,0.5710834577277041,0.26692703,3,eng25
1103,3,DOLAP,13,0,eng,0.59253436,8.0,0.32096016,0.4200190033753781,0.22196402,3,eng25
1104,3,FIRIN,14,0,eng,0.51395726,1.0,0.40000998,0.37239281642346134,0.51395726,3,eng25
1105,3,KÜÇÜK,15,0,eng,0.4708734,5.0,0.372319375,0.5096539185248272,0.3637446,3,eng25
1106,3,SALÇA,16,0,eng,0.62399864,11.0,0.490357045,0.33185149374269796,0.36133695,3,eng25
1107,3,LAMBA,17,1,eng,0.66616935,12.0,0.41403701,0.4764069755960104,0.5125295,3,eng25
1108,4,HARİTA,1,1,eng,,,,0.6057101173522651,,1,eng25
1109,4,FIRIN,2,0,eng,0.2970813,1.0,0.2970813,0.5211044525297442,0.2970813,1,eng25
1110,4,TAHTA,3,0,eng,0.43239775,1.0,0.378461955,0.46930387131202567,0.43239775,1,eng25
1111,4,DERGİ,4,0,eng,0.2931569,1.0,0.27069789,0.6256109527240599,0.2931569,1,eng25
1112,4,KALIP,5,0,eng,0.35546896,3.0,0.286452685,0.5086675750170561,0.2301935,2,eng25
1113,4,HALKA,6,0,eng,0.32169798,3.0,0.23309891500000002,0.5299760698013877,0.26413625,2,eng25
1114,4,SIRA,7,0,eng,0.31013894,1.0,0.29204796,0.6167009812378039,0.31013894,2,eng25
1115,4,ÇORAP,8,0,eng,0.47379452,3.0,0.257208335,0.49858069561146945,0.19924504,2,eng25
1116,4,MEKTUP,9,1,eng,0.4055868,3.0,0.21369769,0.5859248957296395,0.21187226,2,eng25
1117,4,KASA,10,0,eng,0.4025754,2.0,0.32948719000000004,0.5420160063996402,0.25639898,3,eng25
1118,4,ZEMİN,11,0,eng,0.4053062,6.0,0.28380720000000004,0.515179055515423,0.28050604,3,eng25
1119,4,BAHÇE,12,0,eng,0.42791113,9.0,0.32302955,0.5255732792276612,0.38117683,3,eng25
1120,4,KUTU,13,0,eng,0.50979894,10.0,0.33204071,0.5327289306612149,0.33253884,3,eng25
1121,4,MARKET,14,0,eng,0.47207937,4.0,0.35099679,0.46235234596262875,0.33025378,3,eng25
1122,4,SİLGİ,15,1,eng,0.4086417,7.0,0.300026,0.5194311405008861,0.30015212,3,eng25
1123,4,TERAS,16,0,eng,0.5827601,4.0,0.36323096,0.5638715523997516,0.33391768,3,eng25
1124,4,PARA,17,1,eng,0.42892715,7.0,0.318775935,0.5612403603942357,0.27193144,3,eng25
1131,1,ÖLÇEK,1,1,eng,,,,0.588355547579321,,1,eng24
1132,1,RAKAM,2,1,eng,0.39440662,1.0,0.39440662,0.46084779935454945,0.39440662,1,eng24
1133,1,BARDAK,3,1,eng,0.3213511,1.0,0.304948025,0.4507992953038522,0.3213511,1,eng24
1134,1,ÇANTA,4,0,eng,0.39322418,1.0,0.340128375,0.4853323009243251,0.39322418,1,eng24
1135,1,YAZI,5,0,eng,0.46593082,3.0,0.28727576499999996,0.5560416058174813,0.29162297,2,eng24
1136,1,ŞİŞE,6,0,eng,0.57344735,3.0,0.352460375,0.47632980235567135,0.22990675,2,eng24
1137,1,PARK,7,0,eng,0.34361807,3.0,0.28418456,0.5153628053335015,0.28745255,2,eng24
1138,1,BİNA,8,0,eng,0.40404665,1.0,0.35877120500000004,0.5141334266456652,0.40404665,2,eng24
1139,1,MASA,9,0,eng,0.39751527,5.0,0.32982075,0.5256370145024694,0.33965647,2,eng24
1140,1,KAĞIT,10,0,eng,0.48910698,7.0,0.33074230000000004,0.46699622139306796,0.36879188,3,eng24
1141,1,KALE,11,0,eng,0.39377257,4.0,0.27245775,0.5674050239507022,0.2810974,3,eng24
1142,1,KOLAY,12,1,eng,0.38691002,2.0,0.31445498,0.6001061507772198,0.24199994,3,eng24
1143,1,KALEM,13,1,eng,0.4933328,8.0,0.32166445,0.46904021146404706,0.2413753,3,eng24
1144,1,EKRAN,14,0,eng,0.2835013,13.0,0.222444105,0.6671138884860655,0.23708813,3,eng24
1145,1,KÖPEK,15,0,eng,0.4399126,9.0,0.288386335,0.4661768274968163,0.22210707,3,eng24
1146,1,AĞAÇ,16,0,eng,0.54864174,6.0,0.34532136,0.5006767971194446,0.46202505,3,eng24
1147,1,SARI,17,0,eng,0.38170138,7.0,0.28221777000000003,0.6176743738520587,0.29605332,3,eng24
1148,1,BEYİN,18,0,eng,0.4649074,3.0,0.32142831000000005,0.5169476232884639,0.31490642,3,eng24
1149,2,TABAK,1,0,eng,,,,0.517868476556393,,1,eng24
1150,2,TERLİK,2,0,eng,0.46227136,1.0,0.46227136,0.40744604901368664,0.46227136,1,eng24
1151,2,İLAÇ,3,0,eng,0.4146146,1.0,0.383192815,0.48102994012381983,0.4146146,1,eng24
1152,2,CÜZDAN,4,0,eng,0.5149376,2.0,0.455853575,0.44387076521484603,0.39676955,1,eng24
1153,2,KAŞIK,5,0,eng,0.589364,4.0,0.41901435,0.4421795596538597,0.46361983,2,eng24
1154,2,BÜYÜK,6,0,eng,0.3721858,3.0,0.325052115,0.5247192347278956,0.32080743,2,eng24
1155,2,SPOR,7,0,eng,0.40417683,5.0,0.29993967,0.5730286195972952,0.31809774,2,eng24
1156,2,SEHPA,8,0,eng,0.5529075,3.0,0.26334894,0.39407888274195324,0.24497288,2,eng24
1157,2,GRUP,9,0,eng,0.40395597,2.0,0.37003888500000004,0.5049692092086708,0.3361218,2,eng24
1158,2,KAPI,10,1,eng,0.5148338,2.0,0.43113795,0.4950783441425577,0.3474421,3,eng24
1159,2,KEDİ,11,0,eng,0.5216344,6.0,0.32743151000000004,0.4695214112044136,0.43674022,3,eng24
1160,2,KISA,12,0,eng,0.40214,6.0,0.23192559499999998,0.6120523486149474,0.23800799,3,eng24
1161,2,DEFTER,13,0,eng,0.43763897,9.0,0.289997015,0.5599242688383629,0.24604793,3,eng24
1162,2,ŞİŞE,14,0,eng,0.48971486,9.0,0.227515625,0.5464953377600736,0.22253215,3,eng24
1163,2,ELMA,15,0,eng,0.46791017,10.0,0.319652635,0.566194416701797,0.3559047,3,eng24
1164,2,TOPLU,16,0,eng,0.3854969,4.0,0.21576594500000001,0.6645671588687341,0.20200007,3,eng24
1165,2,KOLTUK,17,0,eng,0.4808347,9.0,0.20582842,0.7218178129469868,0.16557239,3,eng24
1166,3,YATAK,1,0,eng,,,,0.5794768592647552,,1,eng24
1167,3,ÇİÇEK,2,1,eng,0.29841107,1.0,0.29841107,0.5324913134352278,0.29841107,1,eng24
1168,3,PARKUR,3,0,eng,0.36667022,2.0,0.31469970999999997,0.5691104481282194,0.2627292,1,eng24
1169,3,KOKU,4,0,eng,0.4020268,2.0,0.33775261,0.50401741633357,0.27347842,1,eng24
1170,3,SALÇA,5,0,eng,0.49111593,1.0,0.40286159499999996,0.5061091945417047,0.49111593,2,eng24
1171,3,ODA,6,0,eng,0.4827052,5.0,0.258191815,0.5718632643442625,0.23646553,2,eng24
1172,3,KÜÇÜK,7,0,eng,0.4708734,5.0,0.34530737499999997,0.47418196836260373,0.3292778,2,eng24
1173,3,KİTAP,8,0,eng,0.3477716,2.0,0.34431205,0.5673182447452206,0.3408525,2,eng24
1174,3,CAM,9,0,eng,0.39491236,4.0,0.26360315,0.5697707831650192,0.21640104,2,eng24
1175,3,TOPRAK,10,1,eng,0.3972849,8.0,0.27251343,0.5652516151233544,0.2567484,3,eng24
1176,3,DÜĞME,11,0,eng,0.62399864,6.0,0.34955013,0.39442577909137644,0.26918492,3,eng24
1177,3,LAMBA,12,0,eng,0.66616935,1.0,0.489269705,0.4057905493913925,0.66616935,3,eng24
1178,3,KALAS,13,0,eng,0.4007821,6.0,0.260736765,0.5985414302003647,0.28311476,3,eng24
1179,3,HALI,14,0,eng,0.484204,9.0,0.320757175,0.4881903385880002,0.29251215,3,eng24
1180,3,DOLAP,15,0,eng,0.59253436,4.0,0.31772279000000003,0.37963176716428426,0.41348156,3,eng24
1181,3,DUVAR,16,1,eng,0.471445,1.0,0.40537465,0.5151619669413734,0.471445,3,eng24
1182,3,FIRIN,17,1,eng,0.61937714,12.0,0.42592746,0.4831896549708078,0.33789766,3,eng24
1183,4,PARA,1,1,eng,,,,0.5110788095851224,,1,eng24
1184,4,SİLGİ,2,0,eng,0.36562043,1.0,0.36562043,0.5178768578925061,0.36562043,1,eng24
1185,4,MARKET,3,0,eng,0.38069832,2.0,0.34042522,0.5127298114767536,0.30015212,1,eng24
1186,4,MEKTUP,4,0,eng,0.35096163,2.0,0.308890915,0.4976878479305661,0.2668202,1,eng24
1187,4,DERGİ,5,0,eng,0.3527386,2.0,0.35064252500000004,0.5342209018026436,0.34854645,2,eng24
1188,4,HALKA,6,0,eng,0.4055868,2.0,0.30382419,0.5218074534772406,0.20206158,2,eng24
1189,4,ZEMİN,7,0,eng,0.37907192,4.0,0.320129365,0.4970920767669572,0.35434648,2,eng24
1190,4,KUTU,8,0,eng,0.3613815,3.0,0.33507767499999996,0.4630167776084366,0.33154258,2,eng24
1191,4,TAHTA,9,0,eng,0.50979894,1.0,0.44188147,0.4268106576206142,0.50979894,2,eng24
1192,4,BAHÇE,10,0,eng,0.42791113,1.0,0.380224985,0.4574996137838092,0.42791113,3,eng24
1193,4,TERAS,11,0,eng,0.5827601,1.0,0.462869035,0.4821804309671355,0.5827601,3,eng24
1194,4,HARİTA,12,0,eng,0.38407496,4.0,0.27618769,0.5922157893677283,0.29590753,3,eng24
1195,4,KALIP,13,0,eng,0.43464944,5.0,0.313042,0.4906666245508605,0.3343307,3,eng24
1196,4,ÇORAP,14,0,eng,0.47379452,1.0,0.319139375,0.4845807712999983,0.47379452,3,eng24
1197,4,SIRA,15,0,eng,0.31013894,9.0,0.23660101,0.6546927499340922,0.19924504,3,eng24
1198,4,FIRIN,16,0,eng,0.43239775,7.0,0.29154512,0.5550891813186335,0.2109816,3,eng24
1199,4,KASA,17,0,eng,0.47207937,14.0,0.299909655,0.5570212578590241,0.34863836,3,eng24
1206,1,BİNA,1,1,eng,,,,0.6361190763142951,,1,eng23
1207,1,YAZI,2,1,eng,0.27462855,1.0,0.27462855,0.4530263019931664,0.27462855,1,eng23
1208,1,KAĞIT,3,0,eng,0.38580614,1.0,0.33924943,0.4659514587743463,0.38580614,1,eng23
1209,1,RAKAM,4,1,eng,0.46593082,2.0,0.445860835,0.4847502114124559,0.42579085,1,eng23
1210,1,KALEM,5,0,eng,0.4933328,3.0,0.42797745,0.4252495591141796,0.3962175,2,eng23
1211,1,PARK,6,0,eng,0.40404665,5.0,0.25903645000000003,0.5917209561449374,0.2841928,2,eng23
1212,1,SARI,7,0,eng,0.38170138,4.0,0.28135111,0.5746720250901649,0.2391728,2,eng23
1213,1,MASA,8,0,eng,0.36879188,5.0,0.31456096499999997,0.49101326119047084,0.3091369,2,eng23
1214,1,BARDAK,9,1,eng,0.48910698,6.0,0.35977028499999997,0.44278762146515904,0.38489762,2,eng23
1215,1,ÇANTA,10,0,eng,0.44693145,7.0,0.395369725,0.46140298724098805,0.39322418,3,eng23
1216,1,AĞAÇ,11,0,eng,0.54864174,8.0,0.42460412999999997,0.4450517473012643,0.38153842,3,eng23
1217,1,BEYİN,12,0,eng,0.3991087,4.0,0.324808025,0.4995827023525047,0.3279502,3,eng23
1218,1,ŞİŞE,13,0,eng,0.57344735,4.0,0.402135105,0.46848370668457384,0.36090514,3,eng23
1219,1,ÖLÇEK,14,1,eng,0.39440662,10.0,0.305683035,0.4937553220054931,0.29075453,3,eng23
1220,1,KALE,15,0,eng,0.4019536,10.0,0.31149273499999997,0.570017839210734,0.3302923,3,eng23
1221,1,EKRAN,16,0,eng,0.2835013,2.0,0.24777157500000002,0.6550160144968468,0.21204185,3,eng23
1222,1,KOLAY,17,0,eng,0.38691002,14.0,0.22490000999999998,0.6075939387187574,0.20780008,3,eng23
1223,1,KÖPEK,18,1,eng,0.4649074,6.0,0.255424105,0.6412545178131097,0.28874114,3,eng23
1224,2,DEFTER,1,1,eng,,,,0.6334156347180613,,1,eng23
1225,2,KISA,2,1,eng,0.24604793,1.0,0.24604793,0.5534284892892235,0.24604793,1,eng23
1226,2,TOPLU,3,1,eng,0.3854969,1.0,0.35413037999999997,0.5300518546247064,0.3854969,1,eng23
1227,2,SPOR,4,0,eng,0.28589264,1.0,0.248604255,0.6232312618769454,0.28589264,1,eng23
1228,2,BÜYÜK,5,1,eng,0.40214,3.0,0.306247205,0.4554433669448493,0.31809774,2,eng23
1229,2,KOLTUK,6,0,eng,0.22135761,1.0,0.20768281500000002,0.6740626078234115,0.22135761,2,eng23
1230,2,ELMA,7,0,eng,0.35061005,2.0,0.29834725,0.5200280585811973,0.24608445,2,eng23
1231,2,İLAÇ,8,1,eng,0.39090934,7.0,0.26369639500000003,0.5006428181600017,0.34470546,2,eng23
1232,2,TERLİK,9,0,eng,0.4146146,1.0,0.39206620000000003,0.4046467058800266,0.4146146,2,eng23
1233,2,KAŞIK,10,0,eng,0.46791017,3.0,0.41079952,0.3559555819547916,0.44719017,3,eng23
1234,2,KEDİ,11,1,eng,0.5216344,1.0,0.4887629,0.3994245780529976,0.5216344,3,eng23
1235,2,CÜZDAN,12,0,eng,0.5149376,3.0,0.454071765,0.4300211113457214,0.4445237,3,eng23
1236,2,ŞİŞE,13,0,eng,0.48971486,3.0,0.439760255,0.4571821332856566,0.42463765,3,eng23
1237,2,TABAK,14,0,eng,0.589364,4.0,0.42063822,0.44226350484089005,0.44446674,3,eng23
1238,2,GRUP,15,0,eng,0.40395597,11.0,0.286591735,0.590616601958279,0.3409482,3,eng23
1239,2,KAPI,16,0,eng,0.4451493,4.0,0.35507064,0.48821723890333835,0.3474421,3,eng23
1240,2,SEHPA,17,1,eng,0.5529075,7.0,0.4254778,0.42528842180646376,0.5148338,3,eng23
1241,3,KÜÇÜK,1,0,eng,,,,0.5046136670542213,,1,eng23
1242,3,KOKU,2,0,eng,0.39023992,1.0,0.39023992,0.42821715381758507,0.39023992,1,eng23
1243,3,TOPRAK,3,0,eng,0.36813366,1.0,0.36521667999999996,0.535877539496966,0.36813366,1,eng23
1244,3,DÜĞME,4,0,eng,0.46388754,2.0,0.36653623,0.3547035943819624,0.26918492,1,eng23
1245,3,FIRIN,5,0,eng,0.49401605,1.0,0.42280827499999996,0.38381155165964165,0.49401605,2,eng23
1246,3,HALI,6,1,eng,0.41179383,2.0,0.404617445,0.485530604431227,0.39744106,2,eng23
1247,3,LAMBA,7,1,eng,0.66616935,3.0,0.40409059999999997,0.39352209173320385,0.3490022,2,eng23
1248,3,DOLAP,8,0,eng,0.59253436,4.0,0.452429545,0.3346595659804783,0.49137753,2,eng23
1249,3,PARKUR,9,0,eng,0.4097581,1.0,0.38876367,0.5128329323829619,0.4097581,2,eng23
1250,3,KİTAP,10,0,eng,0.43762326,2.0,0.38437259,0.5158758350640019,0.33112192,3,eng23
1251,3,YATAK,11,1,eng,0.44734916,3.0,0.31113806,0.43787239644140197,0.2556059,3,eng23
1252,3,ÇİÇEK,12,0,eng,0.4708734,11.0,0.316046035,0.5640454190972275,0.29841107,3,eng23
1253,3,ODA,13,0,eng,0.4827052,2.0,0.34503268,0.5578416878685758,0.20736016,3,eng23
1254,3,CAM,14,0,eng,0.42991534,10.0,0.28871025499999997,0.532369261823878,0.23965488,3,eng23
1255,3,DUVAR,15,1,eng,0.471445,7.0,0.346818085,0.4886882559554572,0.3851619,3,eng23
1256,3,KALAS,16,0,eng,0.4007821,15.0,0.2722813,0.6796161812102777,0.30332863,3,eng23
1257,3,SALÇA,17,0,eng,0.62399864,13.0,0.352117935,0.508331668322908,0.32629427,3,eng23
1258,4,HALKA,1,1,eng,,,,0.652507224681921,,1,eng23
1259,4,KALIP,2,1,eng,0.26413625,1.0,0.26413625,0.5900126723396519,0.26413625,1,eng23
1260,4,DERGİ,3,0,eng,0.2301935,1.0,0.21612754,0.6272719853738994,0.2301935,1,eng23
1261,4,TERAS,4,0,eng,0.2917533,2.0,0.280110065,0.5159140925721878,0.26846683,1,eng23
1262,4,TAHTA,5,0,eng,0.34297797,1.0,0.318067435,0.4636459241364471,0.34297797,2,eng23
1263,4,HARİTA,6,1,eng,0.3343307,4.0,0.310216845,0.5722603761173297,0.32452616,2,eng23
1264,4,FIRIN,7,1,eng,0.43239775,2.0,0.364739525,0.5153340774151539,0.2970813,2,eng23
1265,4,SİLGİ,8,1,eng,0.3718508,3.0,0.32679279,0.48844400307094227,0.35775,2,eng23
1266,4,MEKTUP,9,0,eng,0.4055868,8.0,0.275560195,0.5729942134237114,0.35096163,2,eng23
1267,4,PARA,10,1,eng,0.37018293,9.0,0.35259511499999996,0.4843479451149283,0.3395698,3,eng23
1268,4,KUTU,11,0,eng,0.50979894,6.0,0.336836995,0.48267125198473804,0.35182947,3,eng23
1269,4,ZEMİN,12,0,eng,0.49636292,8.0,0.305468155,0.5360099584232723,0.33154258,3,eng23
1270,4,KASA,13,0,eng,0.42892715,3.0,0.310295805,0.4639838336456915,0.28050604,3,eng23
1271,4,ÇORAP,14,1,eng,0.47379452,12.0,0.36384368,0.4533564902814793,0.4025754,3,eng23
1272,4,BAHÇE,15,0,eng,0.5827601,11.0,0.31542181999999996,0.5297570789593011,0.36596137,3,eng23
1273,4,MARKET,16,1,eng,0.47207937,3.0,0.397049365,0.4764542001281996,0.3717398,3,eng23
1274,4,SIRA,17,0,eng,0.31013894,16.0,0.23437089500000002,0.7075714813231939,0.20572503,3,eng23
1281,1,ŞİŞE,1,1,eng,,,,0.546572333686879,,1,eng22
1282,1,SARI,2,1,eng,0.27699298,1.0,0.27699298,0.605337849962067,0.27699298,1,eng22
1283,1,AĞAÇ,3,0,eng,0.44336507,2.0,0.369709195,0.424543938489345,0.29605332,1,eng22
1284,1,KALEM,4,0,eng,0.3726788,1.0,0.34810410999999997,0.5141614300030075,0.3726788,1,eng22
1285,1,KÖPEK,5,0,eng,0.46202505,2.0,0.408345325,0.4656728184253449,0.3546656,2,eng22
1286,1,BARDAK,6,0,eng,0.57344735,5.0,0.3493713,0.4234317513493835,0.35654488,2,eng22
1287,1,ÇANTA,7,1,eng,0.475014,6.0,0.39344703999999997,0.45362871062100873,0.39322418,2,eng22
1288,1,KAĞIT,8,0,eng,0.54864174,5.0,0.468019215,0.4298639518695595,0.44693145,2,eng22
1289,1,MASA,9,0,eng,0.39751527,2.0,0.383153575,0.49376454131122305,0.36879188,2,eng22
1290,1,ÖLÇEK,10,0,eng,0.38344455,7.0,0.315681185,0.548612583886845,0.27892464,3,eng22
1291,1,EKRAN,11,0,eng,0.2835013,1.0,0.27173503,0.6363823634080091,0.2835013,3,eng22
1292,1,PARK,12,0,eng,0.42821342,9.0,0.263734835,0.5338698202902717,0.22234619,3,eng22
1293,1,BEYİN,13,1,eng,0.4649074,8.0,0.28958209,0.4838076044941946,0.31789482,3,eng22
1294,1,KALE,14,0,eng,0.4019536,10.0,0.374143485,0.5472070791244783,0.3545144,3,eng22
1295,1,RAKAM,15,0,eng,0.42579085,7.0,0.28275972,0.5237105365623741,0.20127614,3,eng22
1296,1,YAZI,16,0,eng,0.4933328,12.0,0.386544735,0.4831376134827666,0.46593082,3,eng22
1297,1,BİNA,17,0,eng,0.40404665,5.0,0.285484475,0.5889560729646678,0.27462855,3,eng22
1298,1,KOLAY,18,0,eng,0.38691002,10.0,0.31222901000000003,0.5805059458291018,0.29924142,3,eng22
1299,2,KISA,1,0,eng,,,,0.6742699432294906,,1,eng22
1300,2,KAŞIK,2,1,eng,0.25696507,1.0,0.25696507,0.4192063993942656,0.25696507,1,eng22
1301,2,KEDİ,3,1,eng,0.5216344,1.0,0.379821195,0.4367083745086596,0.5216344,1,eng22
1302,2,TERLİK,4,0,eng,0.4558914,1.0,0.451540785,0.4086855898522549,0.4558914,1,eng22
1303,2,ELMA,5,0,eng,0.46791017,3.0,0.40395133,0.4805556227997779,0.3695178,2,eng22
1304,2,KOLTUK,6,0,eng,0.31538105,2.0,0.28073275,0.604079112556818,0.24608445,2,eng22
1305,2,TABAK,7,0,eng,0.589364,5.0,0.348086285,0.4479122270025032,0.3108672,2,eng22
1306,2,CÜZDAN,8,0,eng,0.5149376,4.0,0.340980265,0.48074222820932244,0.3968097,2,eng22
1307,2,BÜYÜK,9,0,eng,0.40214,8.0,0.33576665,0.5515432042943418,0.3292968,2,eng22
1308,2,KAPI,10,0,eng,0.4451493,2.0,0.38676661,0.5133206690032077,0.32838392,3,eng22
1309,2,GRUP,11,0,eng,0.39615887,7.0,0.3196603,0.4869343403235742,0.3474421,3,eng22
1310,2,DEFTER,12,0,eng,0.43763897,4.0,0.305535595,0.5455128567697037,0.29508024,3,eng22
1311,2,SPOR,13,0,eng,0.40417683,9.0,0.322489165,0.5996882276795433,0.24102236,3,eng22
1312,2,TOPLU,14,0,eng,0.3854969,13.0,0.30432824999999997,0.5462020203957938,0.28589264,3,eng22
1313,2,SEHPA,15,0,eng,0.5529075,13.0,0.28868204,0.4680705688664637,0.3323912,3,eng22
1314,2,ŞİŞE,16,0,eng,0.48971486,14.0,0.35937385,0.5596382372534614,0.48921588,3,eng22
1315,2,İLAÇ,17,0,eng,0.4146146,13.0,0.34777900500000003,0.5636958736987406,0.38903543,3,eng22
1316,3,ÇİÇEK,1,1,eng,,,,0.5716690600992289,,1,eng22
1317,3,TOPRAK,2,1,eng,0.3972849,1.0,0.3972849,0.531797944796558,0.3972849,1,eng22
1318,3,FIRIN,3,1,eng,0.3516005,1.0,0.32310675,0.48308663411256103,0.3516005,1,eng22
1319,3,HALI,4,0,eng,0.39744106,1.0,0.3539467,0.4873161847755979,0.39744106,1,eng22
1320,3,YATAK,5,0,eng,0.39783767,1.0,0.38474986,0.47230717394067556,0.39783767,2,eng22
1321,3,KÜÇÜK,6,0,eng,0.4708734,5.0,0.33260718499999997,0.5270889523707106,0.3457144,2,eng22
1322,3,LAMBA,7,0,eng,0.459179,4.0,0.350557895,0.4248075308034579,0.31554452,2,eng22
1323,3,DÜĞME,8,0,eng,0.66616935,1.0,0.529370755,0.3729408150142034,0.66616935,2,eng22
1324,3,CAM,9,0,eng,0.42991534,1.0,0.41951461,0.4864066882905663,0.42991534,2,eng22
1325,3,KALAS,10,0,eng,0.4007821,4.0,0.23979636999999998,0.625792993055931,0.24123397,3,eng22
1326,3,DUVAR,11,0,eng,0.4160808,3.0,0.34424526499999997,0.46822950648081463,0.30332863,3,eng22
1327,3,SALÇA,12,0,eng,0.62399864,4.0,0.352117935,0.45428035959641977,0.3779416,3,eng22
1328,3,KOKU,13,0,eng,0.49111593,1.0,0.4224778,0.5110174940634372,0.49111593,3,eng22
1329,3,PARKUR,14,0,eng,0.36776924,7.0,0.29404284,0.5410169708942583,0.27347842,3,eng22
1330,3,ODA,15,1,eng,0.4827052,10.0,0.28813275,0.556391342336432,0.2963474,3,eng22
1331,3,DOLAP,16,1,eng,0.59253436,8.0,0.40155175,0.42159274965461,0.3933454,3,eng22
1332,3,KİTAP,17,1,eng,0.43762326,1.0,0.39269743,0.5405769794658459,0.43762326,3,eng22
1333,4,SİLGİ,1,1,eng,,,,0.5586956807709429,,1,eng22
1334,4,SIRA,2,0,eng,0.28098962,1.0,0.28098962,0.6401364410009781,0.28098962,1,eng22
1335,4,ZEMİN,3,1,eng,0.309759,2.0,0.27634265,0.5303433674425344,0.2429263,1,eng22
1336,4,PARA,4,0,eng,0.36562043,3.0,0.284176215,0.5767787603908945,0.27939373,1,eng22
1337,4,FIRIN,5,0,eng,0.35775,4.0,0.308682055,0.5157600141565334,0.26166034,2,eng22
1338,4,KALIP,6,0,eng,0.4053062,3.0,0.33389333,0.4729891000738049,0.35546896,2,eng22
1339,4,BAHÇE,7,1,eng,0.38622448,2.0,0.343595105,0.5554168399467568,0.30096573,2,eng22
1340,4,KUTU,8,0,eng,0.43464944,2.0,0.38359414000000003,0.4310220524694357,0.33253884,2,eng22
1341,4,HALKA,9,0,eng,0.37018293,5.0,0.29837081,0.5340833578992196,0.33861277,2,eng22
1342,4,ÇORAP,10,0,eng,0.47379452,4.0,0.384299665,0.5334770498162853,0.31517163,3,eng22
1343,4,MEKTUP,11,0,eng,0.4055868,2.0,0.30872953000000003,0.5340423294869368,0.21187226,3,eng22
1344,4,HARİTA,12,0,eng,0.38407496,4.0,0.19326291,0.5982745860366772,0.22204159,3,eng22
1345,4,DERGİ,13,1,eng,0.3613815,5.0,0.304543395,0.5729098417561513,0.26054034,3,eng22
1346,4,TAHTA,14,1,eng,0.50979894,6.0,0.30884153000000003,0.4710061484994209,0.2931569,3,eng22
1347,4,TERAS,15,0,eng,0.5827601,8.0,0.3057224,0.5308995973584432,0.34297797,3,eng22
1348,4,KASA,16,0,eng,0.42892715,12.0,0.326863385,0.5281177695832183,0.31402177,3,eng22
1349,4,MARKET,17,0,eng,0.47207937,1.0,0.432311805,0.41068953435840705,0.47207937,3,eng22
1356,1,ÇANTA,1,1,eng,,,,0.5156402863292722,,1,eng21
1357,1,KALE,2,1,eng,0.294141,1.0,0.294141,0.587821981768843,0.294141,1,eng21
1358,1,KAĞIT,3,1,eng,0.44693145,2.0,0.36401442500000003,0.41239966349864565,0.2810974,1,eng21
1359,1,AĞAÇ,4,1,eng,0.54864174,1.0,0.43365655999999997,0.41338115587698776,0.54864174,1,eng21
1360,1,ÖLÇEK,5,0,eng,0.38344455,1.0,0.36794114,0.5264597887468978,0.38344455,2,eng21
1361,1,MASA,6,0,eng,0.39751527,5.0,0.30069510499999996,0.5108167695874144,0.27892464,2,eng21
1362,1,BARDAK,7,0,eng,0.48910698,4.0,0.336721285,0.47530482648200234,0.38489762,2,eng21
1363,1,BEYİN,8,0,eng,0.3991087,2.0,0.394169325,0.47366385226458374,0.38922995,2,eng21
1364,1,RAKAM,9,0,eng,0.42579085,6.0,0.3427972,0.4781717819075113,0.3642433,2,eng21
1365,1,BİNA,10,0,eng,0.36686105,6.0,0.31623694999999996,0.5639110256807263,0.2963404,3,eng21
1366,1,EKRAN,11,1,eng,0.2835013,6.0,0.26302488,0.634337806654312,0.24826914,3,eng21
1367,1,YAZI,12,1,eng,0.46593082,3.0,0.263316765,0.5154513408894914,0.25200498,3,eng21
1368,1,KÖPEK,13,0,eng,0.4649074,5.0,0.263014035,0.4904100704294615,0.303921,3,eng21
1369,1,PARK,14,0,eng,0.42821342,10.0,0.30760637,0.5851427562277416,0.33429617,3,eng21
1370,1,KOLAY,15,0,eng,0.38691002,12.0,0.243903145,0.5936993633574674,0.19906515,3,eng21
1371,1,ŞİŞE,16,0,eng,0.57344735,9.0,0.27489114,0.5283403089655117,0.26232973,3,eng21
1372,1,SARI,17,0,eng,0.38170138,14.0,0.27557749,0.5868028900026283,0.27699298,3,eng21
1373,1,KALEM,18,0,eng,0.4933328,6.0,0.307786285,0.5983275931068579,0.32352942,3,eng21
1374,2,DEFTER,1,0,eng,,,,0.6263428677837913,,1,eng21
1375,2,BÜYÜK,2,1,eng,0.29639074,1.0,0.29639074,0.578018650020399,0.29639074,1,eng21
1376,2,KAŞIK,3,0,eng,0.3610754,2.0,0.34094141499999997,0.3984678286195922,0.32080743,1,eng21
1377,2,ŞİŞE,4,0,eng,0.48971486,1.0,0.3770366,0.48778700423226884,0.48971486,1,eng21
1378,2,KAPI,5,0,eng,0.34707394,2.0,0.3431233,0.5597697848769505,0.33917266,2,eng21
1379,2,ELMA,6,0,eng,0.46791017,3.0,0.30300373,0.49374044513133475,0.25010276,2,eng21
1380,2,TABAK,7,0,eng,0.589364,4.0,0.374002275,0.4652466778278437,0.38530537,2,eng21
1381,2,KISA,8,0,eng,0.40214,6.0,0.24964711500000003,0.6004424713523968,0.24146943,2,eng21
1382,2,KEDİ,9,1,eng,0.5216344,6.0,0.31009613,0.4913979059897964,0.23800799,2,eng21
1383,2,TOPLU,10,0,eng,0.3854969,2.0,0.3461054,0.5063738889357297,0.3067139,3,eng21
1384,2,SPOR,11,0,eng,0.31809774,9.0,0.234341185,0.5792492947150734,0.28589264,3,eng21
1385,2,SEHPA,12,1,eng,0.5529075,9.0,0.28868204,0.3989877556855228,0.24497288,3,eng21
1386,2,TERLİK,13,0,eng,0.5154791,1.0,0.459827965,0.39196824345245185,0.5154791,3,eng21
1387,2,GRUP,14,0,eng,0.40395597,3.0,0.366140335,0.5047283397611044,0.39615887,3,eng21
1388,2,KOLTUK,15,1,eng,0.4808347,3.0,0.276525925,0.6255745930323948,0.2376708,3,eng21
1389,2,İLAÇ,16,1,eng,0.4146146,3.0,0.25650894,0.5598324598020508,0.18268733,3,eng21
1390,2,CÜZDAN,17,0,eng,0.5454403,5.0,0.34096019,0.5575244716004454,0.39676955,3,eng21
1391,3,HALI,1,0,eng,,,,0.6046260697259158,,1,eng21
1392,3,DÜĞME,2,0,eng,0.41179383,1.0,0.41179383,0.5111517840877351,0.41179383,1,eng21
1393,3,ODA,3,0,eng,0.30120072,1.0,0.27955012,0.607882893644649,0.30120072,1,eng21
1394,3,TOPRAK,4,0,eng,0.31045234,3.0,0.27438558999999996,0.5555173514322085,0.27958626,1,eng21
1395,3,ÇİÇEK,5,1,eng,0.3972849,1.0,0.30232253,0.5735567063103104,0.3972849,2,eng21
1396,3,DOLAP,6,0,eng,0.59253436,4.0,0.338465475,0.3791046868062532,0.3865432,2,eng21
1397,3,YATAK,7,0,eng,0.4827052,4.0,0.372880115,0.4932712430397652,0.44734916,2,eng21
1398,3,FIRIN,8,0,eng,0.51395726,2.0,0.442809655,0.42555806356166237,0.37166205,2,eng21
1399,3,LAMBA,9,0,eng,0.66616935,7.0,0.422375135,0.3896166465433639,0.459179,2,eng21
1400,3,SALÇA,10,0,eng,0.62399864,8.0,0.56595332,0.3763111184465405,0.5125295,3,eng21
1401,3,PARKUR,11,0,eng,0.4097581,5.0,0.34118824999999997,0.567147120994832,0.31460726,3,eng21
1402,3,DUVAR,12,0,eng,0.471445,6.0,0.34707509999999997,0.4626075309141572,0.3162086,3,eng21
1403,3,KİTAP,13,0,eng,0.43762326,7.0,0.33265920000000004,0.5916585709861406,0.33419648,3,eng21
1404,3,CAM,14,0,eng,0.42991534,12.0,0.30078147,0.580921100207231,0.21640104,3,eng21
1405,3,KALAS,15,1,eng,0.33133048,10.0,0.24790896,0.5810525377751948,0.24123397,3,eng21
1406,3,KÜÇÜK,16,1,eng,0.4708734,11.0,0.35579368,0.48475291451865854,0.4007821,3,eng21
1407,3,KOKU,17,0,eng,0.49111593,7.0,0.328583475,0.63578012049443,0.39023992,3,eng21
1408,4,HARİTA,1,0,eng,,,,0.6415268159507655,,1,eng21
1409,4,TERAS,2,0,eng,0.29590753,1.0,0.29590753,0.6133687295359502,0.29590753,1,eng21
1410,4,SIRA,3,0,eng,0.23554245,2.0,0.215376875,0.6700830559917745,0.1952113,1,eng21
1411,4,MEKTUP,4,0,eng,0.22204159,3.0,0.20537531,0.6542658236743302,0.21552312,1,eng21
1412,4,ÇORAP,5,0,eng,0.37199184,3.0,0.20555865,0.5404459385340732,0.21187226,2,eng21
1413,4,ZEMİN,6,0,eng,0.49636292,4.0,0.30611016,0.5274827277354979,0.32511196,2,eng21
1414,4,FIRIN,7,0,eng,0.38506487,5.0,0.363906205,0.5511237497305395,0.35570377,2,eng21
1415,4,HALKA,8,0,eng,0.4055868,4.0,0.30780429,0.5305710764489506,0.2612621,2,eng21
1416,4,KASA,9,0,eng,0.4025754,4.0,0.32303513,0.48935454440188275,0.2974319,2,eng21
1417,4,PARA,10,0,eng,0.42892715,1.0,0.39955504,0.48254654938457375,0.42892715,3,eng21
1418,4,TAHTA,11,0,eng,0.45284566,6.0,0.3267941,0.4461437832224392,0.3138832,3,eng21
1419,4,SİLGİ,12,0,eng,0.4086417,7.0,0.36873561499999996,0.5071655717418033,0.3718508,3,eng21
1420,4,KUTU,13,0,eng,0.50979894,2.0,0.40484941,0.4499889732608794,0.29989988,3,eng21
1421,4,MARKET,14,0,eng,0.47207937,5.0,0.31520295,0.47494149615817294,0.33025378,3,eng21
1422,4,BAHÇE,15,0,eng,0.5827601,13.0,0.35213932000000003,0.5408902355173193,0.3717398,3,eng21
1423,4,DERGİ,16,0,eng,0.3613815,3.0,0.30421365,0.5819572664581167,0.2556887,3,eng21
1424,4,KALIP,17,0,eng,0.47379452,12.0,0.265579615,0.6194415368614403,0.2301935,3,eng21
1431,1,PARK,1,1,soc,,,,0.6446107402027299,,1,soc20
1432,1,EKRAN,2,1,soc,0.22234619,1.0,0.22234619,0.6604949405812901,0.22234619,1,soc20
1433,1,BARDAK,3,0,soc,0.27564293,2.0,0.265404195,0.5541956945251156,0.25516546,1,soc20
1434,1,YAZI,4,1,soc,0.28292856,1.0,0.26746676999999996,0.5041930600808125,0.28292856,1,soc20
1435,1,KÖPEK,5,0,soc,0.35654488,2.0,0.33023294000000003,0.5474285189071455,0.303921,2,soc20
1436,1,RAKAM,6,0,soc,0.46593082,2.0,0.40202562500000005,0.439597835032318,0.33812043,2,soc20
1437,1,KAĞIT,7,0,soc,0.48910698,4.0,0.42121043999999996,0.39190254567714355,0.42579085,2,soc20
1438,1,ÖLÇEK,8,0,soc,0.39440662,2.0,0.37342217499999997,0.5565612733475394,0.35243773,2,soc20
1439,1,ÇANTA,9,0,soc,0.44693145,2.0,0.34447988,0.5159518786734316,0.24202831,2,soc20
1440,1,KALEM,10,1,soc,0.4933328,6.0,0.345916735,0.4841398421933111,0.35293227,3,soc20
1441,1,BEYİN,11,0,soc,0.4649074,6.0,0.342314075,0.5070688390787559,0.3629623,3,soc20
1442,1,KOLAY,12,0,soc,0.38691002,5.0,0.2633886,0.5867970198852508,0.2854019,3,soc20
1443,1,BİNA,13,0,soc,0.40404665,12.0,0.31768746,0.5084715942016731,0.29924142,3,soc20
1444,1,AĞAÇ,14,0,soc,0.54864174,7.0,0.328028235,0.4484063387308833,0.36686105,3,soc20
1445,1,ŞİŞE,15,1,soc,0.57344735,12.0,0.37843041499999996,0.4879702221127874,0.44336507,3,soc20
1446,1,KABLO,16,0,soc,0.4190494,7.0,0.408131585,0.49412192221478546,0.41031635,3,soc20
1447,1,KALE,17,0,soc,0.4019536,7.0,0.316195475,0.540635118016203,0.33969778,3,soc20
1448,1,SARI,18,0,soc,0.38170138,11.0,0.288362685,0.6196520765438883,0.35213766,3,soc20
1449,2,TAŞLIK,1,0,soc,,,,0.4725696450795772,,1,soc20
1450,2,CÜZDAN,2,0,soc,0.49114892,1.0,0.49114892,0.5444178645454801,0.49114892,1,soc20
1451,2,BÜYÜK,3,0,soc,0.3310271,2.0,0.33016195000000004,0.5437419070067111,0.3292968,1,soc20
1452,2,ELMA,4,0,soc,0.41110483,3.0,0.33171476499999997,0.5530245624979061,0.35061005,1,soc20
1453,2,GRUP,5,0,soc,0.32223257,4.0,0.24044966499999998,0.5524627914978688,0.18902083,2,soc20
1454,2,KOLTUK,6,0,soc,0.28515083,4.0,0.24187762499999999,0.6482264215709637,0.2376708,2,soc20
1455,2,TABAK,7,0,soc,0.4900897,6.0,0.3259077,0.4799168603346581,0.3108672,2,soc20
1456,2,SPOR,8,0,soc,0.40395597,3.0,0.2206607,0.5653538135283662,0.24731338,2,soc20
1457,2,TOPLU,9,0,soc,0.35744882,4.0,0.285924945,0.5907863926719967,0.28589264,2,soc20
1458,2,İLAÇ,10,0,soc,0.39676955,8.0,0.2640903,0.5058783197494461,0.27550188,3,soc20
1459,2,KAŞIK,11,0,soc,0.589364,4.0,0.34154688499999997,0.4495261905033886,0.37440887,3,soc20
1460,2,TERLİK,12,1,soc,0.56647515,11.0,0.430902385,0.41759911872264255,0.44719017,3,soc20
1461,2,DEFTER,13,0,soc,0.43763897,11.0,0.32021472,0.5265808319461109,0.27935404,3,soc20
1462,2,SEHPA,14,0,soc,0.5529075,3.0,0.45457866,0.35226742079406126,0.39367822,3,soc20
1463,2,KEDİ,15,0,soc,0.5216344,4.0,0.41610932,0.45981322000108593,0.49827254,3,soc20
1464,2,KISA,16,0,soc,0.40214,13.0,0.23541542,0.6887666143494267,0.23800799,3,soc20
1465,2,KAPI,17,1,soc,0.5148338,3.0,0.33129171,0.5170461311200089,0.2258432,3,soc20
1466,3,YATAK,1,1,soc,,,,0.5306371806846679,,1,soc20
1467,3,SALÇA,2,0,soc,0.39775768,1.0,0.39775768,0.43967435295667967,0.39775768,1,soc20
1468,3,ÇİÇEK,3,0,soc,0.3850114,1.0,0.341711235,0.5405759994845603,0.3850114,1,soc20
1469,3,DOLAP,4,0,soc,0.49627897,2.0,0.441411085,0.36042065085828623,0.3865432,1,soc20
1470,3,DUVAR,5,0,soc,0.471445,1.0,0.40021156,0.4705710505539714,0.471445,2,soc20
1471,3,DÜĞME,6,0,soc,0.62399864,4.0,0.50430758,0.4578053613684644,0.4160808,2,soc20
1472,3,TOPRAK,7,0,soc,0.3972849,4.0,0.29351136,0.5679724522881369,0.26918492,2,soc20
1473,3,KALAS,8,0,soc,0.33133048,5.0,0.284520685,0.6419196989402369,0.3306826,2,soc20
1474,3,KİTAP,9,0,soc,0.43762326,5.0,0.271431205,0.5208733265341455,0.25458395,2,soc20
1475,3,LAMBA,10,0,soc,0.66616935,4.0,0.305700915,0.5219350441514833,0.32828707,3,soc20
1476,3,ODA,11,0,soc,0.4827052,10.0,0.32815004999999997,0.5837585402947099,0.3085285,3,soc20
1477,3,PARKUR,12,0,soc,0.4097581,8.0,0.33205832,0.534505837271368,0.2963474,3,soc20
1478,3,KÜÇÜK,13,1,soc,0.4708734,10.0,0.30943885000000004,0.4821754459485039,0.2895999,3,soc20
1479,3,KOLA,14,0,soc,0.5345457,12.0,0.34716804,0.5207540231789433,0.42247745,3,soc20
1480,3,HALI,15,0,soc,0.484204,13.0,0.31041678500000003,0.5237171053990599,0.3013336,3,soc20
1481,3,KOKU,16,1,soc,0.49111593,14.0,0.37835799000000003,0.45879679982135513,0.33392733,3,soc20
1482,3,FIRIN,17,1,soc,0.61937714,15.0,0.42580731,0.4536262793019422,0.45417356,3,soc20
1483,4,DERGİ,1,0,soc,,,,0.6164994807910607,,1,soc20
1484,4,KUTU,2,0,soc,0.3613815,1.0,0.3613815,0.5003849952482526,0.3613815,1,soc20
1485,4,HALKA,3,0,soc,0.33861277,1.0,0.270337175,0.5503341402744784,0.33861277,1,soc20
1486,4,ZEMİN,4,0,soc,0.35434648,1.0,0.34294453,0.5142073496007327,0.35434648,1,soc20
1487,4,BAHÇE,5,0,soc,0.38117683,1.0,0.31965284000000005,0.47926875795166735,0.38117683,2,soc20
1488,4,SIRA,6,0,soc,0.31013894,3.0,0.25297153,0.6449002841486615,0.26301676,2,soc20
1489,4,MEKTUP,7,0,soc,0.4055868,4.0,0.225702305,0.6280836757984359,0.21552312,2,soc20
1490,4,TERAS,8,0,soc,0.5827601,3.0,0.1952194,0.49782087023283694,0.1952275,2,soc20
1491,4,MARKET,9,0,soc,0.39254424,1.0,0.32968222,0.431535568367276,0.39254424,2,soc20
1492,4,TAHTA,10,0,soc,0.50979894,8.0,0.39658740000000003,0.45442886561370754,0.45019683,3,soc20
1493,4,KASA,11,0,soc,0.47207937,2.0,0.405892185,0.48162600784619836,0.339705,3,soc20
1494,4,ÇORAP,12,0,soc,0.4534277,10.0,0.42771053000000003,0.4308725451618123,0.4025754,3,soc20
1495,4,KALIP,13,0,soc,0.47379452,1.0,0.408554835,0.46625188084188707,0.47379452,3,soc20
1496,4,HARİTA,14,1,soc,0.38407496,12.0,0.249407465,0.621102897636747,0.3343307,3,soc20
1497,4,SULUK,15,1,soc,0.41458023,10.0,0.339777675,0.5050060507764491,0.27175975,3,soc20
1498,4,PARA,16,1,soc,0.42892715,5.0,0.28752662500000004,0.5735313685357473,0.3174975,3,soc20
1499,4,SİLGİ,17,0,soc,0.4086417,5.0,0.34717783,0.5427907405250956,0.36562043,3,soc20
1506,1,KÖPEK,1,1,eng,,,,0.5642888953944285,,1,eng20
1507,1,PARK,2,1,eng,0.33429617,1.0,0.33429617,0.5480306087468767,0.33429617,1,eng20
1508,1,YAZI,3,1,eng,0.303921,2.0,0.29241878499999996,0.5216770137506777,0.28091657,1,eng20
1509,1,RAKAM,4,0,eng,0.46593082,1.0,0.34990546,0.49550903713815775,0.46593082,1,eng20
1510,1,BİNA,5,1,eng,0.40404665,3.0,0.285484475,0.5100912859446052,0.2963404,2,eng20
1511,1,KOLAY,6,0,eng,0.3252166,3.0,0.31140579,0.5494213061181621,0.29924142,2,eng20
1512,1,MASA,7,0,eng,0.33965647,2.0,0.2798176,0.5281714593958287,0.21997873,2,eng20
1513,1,BARDAK,8,0,eng,0.38489762,1.0,0.368905025,0.462333536997391,0.38489762,2,eng20
1514,1,ÖLÇEK,9,0,eng,0.39440662,5.0,0.283734795,0.5392556808898927,0.28854495,2,eng20
1515,1,SARI,10,0,eng,0.33464295,2.0,0.290101485,0.5725382919084672,0.24556002,3,eng20
1516,1,AĞAÇ,11,0,eng,0.46766984,3.0,0.33974893500000003,0.4366857031590915,0.29605332,3,eng20
1517,1,BEYİN,12,0,eng,0.4649074,11.0,0.32142831000000005,0.4996229940892878,0.3279502,3,eng20
1518,1,ŞİŞE,13,1,eng,0.57344735,5.0,0.402135105,0.49378206837692806,0.36090514,3,eng20
1519,1,KALEM,14,1,eng,0.4933328,11.0,0.327502725,0.46735603017565497,0.29204315,3,eng20
1520,1,KAĞIT,15,1,eng,0.54864174,4.0,0.444063625,0.44316445351521694,0.4597374,3,eng20
1521,1,KALE,16,0,eng,0.4019536,2.0,0.34152550000000004,0.5686112425162029,0.2810974,3,eng20
1522,1,EKRAN,17,0,eng,0.2835013,8.0,0.218207525,0.6915525948179115,0.21204185,3,eng20
1523,1,ÇANTA,18,1,eng,0.475014,5.0,0.25971758,0.5518134816738258,0.22529416,3,eng20
1524,2,TERLİK,1,1,eng,,,,0.45610033715834386,,1,eng20
1525,2,CÜZDAN,2,0,eng,0.5149376,1.0,0.5149376,0.47704102811321736,0.5149376,1,eng20
1526,2,BÜYÜK,3,0,eng,0.34041107,2.0,0.334853935,0.531788262501352,0.3292968,1,eng20
1527,2,SPOR,4,0,eng,0.40417683,3.0,0.29551439,0.6118843982286426,0.31809774,1,eng20
1528,2,DEFTER,5,0,eng,0.43763897,3.0,0.26870655,0.5664381373780025,0.24102236,2,eng20
1529,2,TABAK,6,0,eng,0.46227136,5.0,0.281099975,0.4788896728237212,0.31488657,2,eng20
1530,2,ELMA,7,0,eng,0.38530537,1.0,0.33435296999999997,0.5529869303600261,0.38530537,2,eng20
1531,2,ŞİŞE,8,0,eng,0.44446674,2.0,0.40018572,0.4941087898840798,0.3559047,2,eng20
1532,2,KISA,9,1,eng,0.40214,6.0,0.24516195000000002,0.5739424290944772,0.2324991,2,eng20
1533,2,KAPI,10,1,eng,0.4451493,8.0,0.28250793,0.5418326934770675,0.2258432,3,eng20
1534,2,İLAÇ,11,0,eng,0.4146146,10.0,0.322609185,0.5106284041366981,0.3029938,3,eng20
1535,2,TOPLU,12,0,eng,0.3854969,3.0,0.29694114,0.5208378176540661,0.27550188,3,eng20
1536,2,GRUP,13,0,eng,0.40395597,9.0,0.343889685,0.5487624430420027,0.35744882,3,eng20
1537,2,KOLTUK,14,0,eng,0.35490826,4.0,0.201621595,0.6210549015833913,0.2376708,3,eng20
1538,2,KEDİ,15,1,eng,0.4558914,14.0,0.26552155,0.5017206621109537,0.3129203,3,eng20
1539,2,KAŞIK,16,1,eng,0.589364,10.0,0.41049875,0.43666830169860327,0.5216344,3,eng20
1540,2,SEHPA,17,1,eng,0.5529075,1.0,0.52559002,0.3420381033131479,0.5529075,3,eng20
1541,3,FIRIN,1,1,eng,,,,0.5593051543866483,,1,eng20
1542,3,ODA,2,1,eng,0.29366487,1.0,0.29366487,0.5716441858868715,0.29366487,1,eng20
1543,3,YATAK,3,1,eng,0.4827052,1.0,0.427183625,0.43290016065752057,0.4827052,1,eng20
1544,3,CAM,4,0,eng,0.3466789,3.0,0.29006917,0.5561005636700864,0.34048346,1,eng20
1545,3,LAMBA,5,0,eng,0.459179,4.0,0.39734257500000003,0.4785568407689599,0.40911388,2,eng20
1546,3,TOPRAK,6,0,eng,0.3516005,5.0,0.28455923,0.5349050187958071,0.31237006,2,eng20
1547,3,KALAS,7,1,eng,0.3306826,1.0,0.30689868,0.5519564103385357,0.3306826,2,eng20
1548,3,KÜÇÜK,8,0,eng,0.4007821,1.0,0.38154089999999996,0.43920902303391895,0.4007821,2,eng20
1549,3,ÇİÇEK,9,0,eng,0.4708734,1.0,0.40110194,0.45155289433842516,0.4708734,2,eng20
1550,3,PARKUR,10,0,eng,0.36776924,5.0,0.27616455,0.5452168935177408,0.2627292,3,eng20
1551,3,DOLAP,11,1,eng,0.51395726,10.0,0.39815065,0.3819239363855481,0.4097581,3,eng20
1552,3,DUVAR,12,1,eng,0.471445,1.0,0.39382680000000003,0.48643769775547185,0.471445,3,eng20
1553,3,HALI,13,0,eng,0.41348156,2.0,0.37639293,0.48218987612451947,0.3393043,3,eng20
1554,3,SALÇA,14,0,eng,0.61937714,13.0,0.43107280000000003,0.3651133608838981,0.484204,3,eng20
1555,3,KOKU,15,0,eng,0.49111593,1.0,0.41252163,0.4901363476686065,0.49111593,3,eng20
1556,3,KİTAP,16,0,eng,0.43762326,5.0,0.271001285,0.6017684054330039,0.29382628,3,eng20
1557,3,DÜĞME,17,1,eng,0.66616935,12.0,0.390132335,0.4198225354811016,0.31637713,3,eng20
1558,4,MEKTUP,1,0,eng,,,,0.6455903343470908,,1,eng20
1559,4,TERAS,2,0,eng,0.1952275,1.0,0.1952275,0.6638451154127567,0.1952275,1,eng20
1560,4,PARA,3,0,eng,0.3395698,2.0,0.30575062,0.503533548478041,0.27193144,1,eng20
1561,4,SIRA,4,0,eng,0.2889587,1.0,0.242085,0.6353209618448477,0.2889587,1,eng20
1562,4,HALKA,5,0,eng,0.4055868,4.0,0.340160935,0.513363810324122,0.31013894,2,eng20
1563,4,KUTU,6,0,eng,0.35182947,3.0,0.28129919999999997,0.47018820735625033,0.33861277,2,eng20
1564,4,ÇORAP,7,0,eng,0.4534277,1.0,0.384299665,0.46804593390614824,0.4534277,2,eng20
1565,4,KASA,8,0,eng,0.42892715,5.0,0.371330485,0.5276621934305771,0.4025754,2,eng20
1566,4,TAHTA,9,0,eng,0.50979894,3.0,0.39627533,0.4411454808492131,0.339705,2,eng20
1567,4,DERGİ,10,1,eng,0.3613815,4.0,0.269295375,0.613179332491224,0.2931569,3,eng20
1568,4,SİLGİ,11,1,eng,0.4086417,4.0,0.3531318,0.49503865567577143,0.3344128,3,eng20
1569,4,KALIP,12,0,eng,0.47379452,5.0,0.29022119999999996,0.535756629384031,0.3502489,3,eng20
1570,4,HARİTA,13,0,eng,0.38407496,7.0,0.31508314,0.5500783752745284,0.3343307,3,eng20
1571,4,MARKET,14,0,eng,0.47207937,6.0,0.30014799999999997,0.483199844434527,0.2728039,3,eng20
1572,4,BAHÇE,15,0,eng,0.5827601,13.0,0.314103825,0.5111199622785887,0.3717398,3,eng20
1573,4,ZEMİN,16,1,eng,0.49636292,14.0,0.380124375,0.4767204499860481,0.38117683,3,eng20
1574,4,FIRIN,17,0,eng,0.43239775,8.0,0.370964125,0.49817367399596524,0.35570377,3,eng20
1581,1,YAZI,1,1,soc,,,,0.5121627610204385,,1,soc2
1582,1,AĞAÇ,2,1,soc,0.35528117,1.0,0.35528117,0.4840515615375892,0.35528117,1,soc2
1583,1,ÇANTA,3,0,soc,0.38153842,1.0,0.336580695,0.5372022806983929,0.38153842,1,soc2
1584,1,RAKAM,4,0,soc,0.46593082,3.0,0.316091485,0.4934954690950718,0.28703257,1,soc2
1585,1,BİNA,5,0,soc,0.36686105,3.0,0.30260985,0.5008982447426578,0.2963404,2,soc2
1586,1,KALEM,6,1,soc,0.4933328,5.0,0.352984015,0.5041477290826908,0.30975053,2,soc2
1587,1,ŞİŞE,7,0,soc,0.475014,4.0,0.30276945499999997,0.5265138682782668,0.29204315,2,soc2
1588,1,PARK,8,0,soc,0.42821342,6.0,0.285822675,0.5045921810611462,0.28745255,2,soc2
1589,1,SARI,9,0,soc,0.32352942,3.0,0.25808289,0.5747931439685758,0.2391728,2,soc2
1590,1,KABLO,10,0,soc,0.4190494,7.0,0.280352905,0.5278932662172391,0.22458771,3,soc2
1591,1,KALE,11,1,soc,0.4019536,5.0,0.34591772,0.4769275553806823,0.33969778,3,soc2
1592,1,BARDAK,12,1,soc,0.57344735,5.0,0.33801651,0.4517597816323554,0.33625048,3,soc2
1593,1,BEYİN,13,0,soc,0.39122522,12.0,0.371872175,0.5129366328234342,0.38922995,3,soc2
1594,1,KAĞIT,14,1,soc,0.54864174,12.0,0.43010309,0.4717228510544481,0.3710992,3,soc2
1595,1,EKRAN,15,0,soc,0.34407964,5.0,0.24282128,0.6453744128594274,0.2243732,3,soc2
1596,1,ÖLÇEK,16,0,soc,0.39440662,12.0,0.31796951500000004,0.5514301871776375,0.2835013,3,soc2
1597,1,KÖPEK,17,0,soc,0.4649074,4.0,0.21710518,0.5866220277237093,0.21210329,3,soc2
1598,1,KOLAY,18,0,soc,0.38691002,4.0,0.3074203,0.6217902493465649,0.28874114,3,soc2
1599,2,SPOR,1,1,soc,,,,0.5844186726485702,,1,soc2
1600,2,TAŞLIK,2,1,soc,0.26740217,1.0,0.26740217,0.4960251519742266,0.26740217,1,soc2
1601,2,GRUP,3,0,soc,0.40395597,2.0,0.36309427,0.5189594458818308,0.32223257,1,soc2
1602,2,İLAÇ,4,0,soc,0.3679627,2.0,0.349146625,0.517458972261255,0.33033055,1,soc2
1603,2,ELMA,5,0,soc,0.41110483,3.0,0.266863145,0.583385458548536,0.34470546,2,soc2
1604,2,TOPLU,6,0,soc,0.35744882,3.0,0.23875097499999998,0.5517134120072713,0.20200007,2,soc2
1605,2,TABAK,7,0,soc,0.4900897,5.0,0.33563131,0.4553005370567056,0.28595725,2,soc2
1606,2,KISA,8,0,soc,0.3854969,2.0,0.313483165,0.6268966572484855,0.24146943,2,soc2
1607,2,KOLTUK,9,1,soc,0.3108672,2.0,0.19008045750000002,0.6990037036697954,0.069293715,2,soc2
1608,2,KAŞIK,10,0,soc,0.589364,3.0,0.278164085,0.43098670863080557,0.2993631,3,soc2
1609,2,DEFTER,11,0,soc,0.4031799,9.0,0.289955405,0.551810221581983,0.3610754,3,soc2
1610,2,CÜZDAN,12,0,soc,0.49114892,10.0,0.4506294,0.37799076602411796,0.43763897,3,soc2
1611,2,KAPI,13,1,soc,0.45242313,11.0,0.380570125,0.45706553626349744,0.4451493,3,soc2
1612,2,TERLİK,14,1,soc,0.56647515,12.0,0.45996782999999997,0.4193213165915739,0.40499806,3,soc2
1613,2,SEHPA,15,1,soc,0.5529075,5.0,0.51515645,0.35416733750470575,0.5154791,3,soc2
1614,2,BÜYÜK,16,0,soc,0.40214,8.0,0.311068035,0.6057903088285196,0.281725,3,soc2
1615,2,KEDİ,17,1,soc,0.5216344,7.0,0.39097912,0.4870515932616777,0.2836857,3,soc2
1616,3,TOPRAK,1,0,soc,,,,0.5964352320893063,,1,soc2
1617,3,DUVAR,2,1,soc,0.3178378,1.0,0.3178378,0.5428651243284807,0.3178378,1,soc2
1618,3,PARKUR,3,0,soc,0.3162086,1.0,0.28191054,0.5908624020311866,0.3162086,1,soc2
1619,3,KOLA,4,1,soc,0.33079585,2.0,0.30132724,0.4851640395320166,0.27185863,1,soc2
1620,3,KÜÇÜK,5,1,soc,0.42247745,1.0,0.35603867499999997,0.5158241041666767,0.42247745,2,soc2
1621,3,SALÇA,6,0,soc,0.5345457,2.0,0.447941325,0.32760680107505435,0.36133695,2,soc2
1622,3,HALI,7,0,soc,0.484204,1.0,0.401851985,0.5312380763816781,0.484204,2,soc2
1623,3,LAMBA,8,0,soc,0.5125295,2.0,0.43076585,0.4380597565452111,0.3490022,2,soc2
1624,3,KOKU,9,0,soc,0.49111593,3.0,0.392657725,0.43822901142620985,0.45138812,2,soc2
1625,3,ÇİÇEK,10,0,soc,0.4708734,5.0,0.37794864,0.5296269759905565,0.4020268,3,soc2
1626,3,DOLAP,11,0,soc,0.49627897,5.0,0.40324974999999996,0.33317455523546735,0.3865432,3,soc2
1627,3,DÜĞME,12,0,soc,0.66616935,4.0,0.472832515,0.38760325811827967,0.59253436,3,soc2
1628,3,FIRIN,13,0,soc,0.61937714,7.0,0.503986655,0.5095894560228363,0.49401605,3,soc2
1629,3,KİTAP,14,0,soc,0.43762326,3.0,0.261684215,0.563935405941695,0.2069913,3,soc2
1630,3,KALAS,15,1,soc,0.4007821,10.0,0.270323325,0.6903231280154583,0.25458395,3,soc2
1631,3,ODA,16,1,soc,0.3933454,5.0,0.24672123,0.5057958172602723,0.14567086,3,soc2
1632,3,YATAK,17,0,soc,0.4827052,1.0,0.35530817000000003,0.5022949406263115,0.4827052,3,soc2
1633,4,HARİTA,1,1,soc,,,,0.6277125363266389,,1,soc2
1634,4,SULUK,2,0,soc,0.27175975,1.0,0.27175975,0.5867674171554504,0.27175975,1,soc2
1635,4,HALKA,3,0,soc,0.27613202,2.0,0.25525443999999997,0.5663917135275062,0.23437686,1,soc2
1636,4,MARKET,4,0,soc,0.3413419,2.0,0.33719734999999995,0.4695173976338436,0.3330528,1,soc2
1637,4,SİLGİ,5,0,soc,0.32960632,2.0,0.31487922,0.4855792604556951,0.30015212,2,soc2
1638,4,TAHTA,6,0,soc,0.45019683,2.0,0.41102381499999996,0.48105345133147237,0.3718508,2,soc2
1639,4,PARA,7,0,soc,0.38069832,3.0,0.33975181499999996,0.5743294121245655,0.3138832,2,soc2
1640,4,DERGİ,8,0,soc,0.3527386,4.0,0.2808667,0.5956018857084057,0.2685765,2,soc2
1641,4,TERAS,9,0,soc,0.39254424,5.0,0.27019913500000003,0.4959491278752338,0.26846683,2,soc2
1642,4,BAHÇE,10,0,soc,0.5827601,1.0,0.4192244,0.489562758837753,0.5827601,3,soc2
1643,4,SIRA,11,0,soc,0.31013894,8.0,0.22911403000000002,0.6521266817818341,0.26301676,3,soc2
1644,4,ÇORAP,12,0,soc,0.45284566,6.0,0.282603205,0.46492629851099787,0.19924504,3,soc2
1645,4,ZEMİN,13,1,soc,0.49636292,4.0,0.28401913,0.5150439061576337,0.32511196,3,soc2
1646,4,KALIP,14,1,soc,0.47379452,2.0,0.43955036000000003,0.4387990716749316,0.4053062,3,soc2
1647,4,KASA,15,0,soc,0.47207937,11.0,0.311910595,0.5396108145378511,0.34331515,3,soc2
1648,4,KUTU,16,0,soc,0.50979894,10.0,0.387367505,0.4883939870005203,0.34008557,3,soc2
1649,4,MEKTUP,17,0,soc,0.4055868,14.0,0.28912175,0.6290571202469725,0.32184452,3,soc2
1656,1,KÖPEK,1,1,eng,,,,0.5627941721675869,,1,eng2
1657,1,KOLAY,2,1,eng,0.28874114,1.0,0.28874114,0.5569647910666333,0.28874114,1,eng2
1658,1,BARDAK,3,1,eng,0.35654488,2.0,0.354728655,0.5438965437146897,0.35291243,1,eng2
1659,1,BİNA,4,1,eng,0.33253533,3.0,0.27976336999999996,0.5622039891776272,0.26028532,1,eng2
1660,1,RAKAM,5,1,eng,0.33812043,4.0,0.30884575000000003,0.45929678299164745,0.2963404,2,eng2
1661,1,YAZI,6,1,eng,0.46593082,1.0,0.370279685,0.4899800985719981,0.46593082,2,eng2
1662,1,EKRAN,7,1,eng,0.27778062,2.0,0.2648928,0.5836015225776281,0.25200498,2,eng2
1663,1,ÖLÇEK,8,1,eng,0.39440662,3.0,0.32995236,0.49574819868654874,0.2835013,2,eng2
1664,1,BEYİN,9,1,eng,0.4649074,8.0,0.29094045,0.5027306921090687,0.32061154,2,eng2
1665,1,KABLO,10,1,eng,0.34407964,3.0,0.264986225,0.4866041794491378,0.24588041,3,eng2
1666,1,KAĞIT,11,1,eng,0.48910698,8.0,0.35366605,0.38952797630399294,0.3362329,3,eng2
1667,1,ŞİŞE,12,1,eng,0.57344735,9.0,0.41935310000000003,0.41507634690367223,0.42838985,3,eng2
1668,1,AĞAÇ,13,1,eng,0.54864174,2.0,0.49600340499999995,0.4133914771252677,0.44336507,3,eng2
1669,1,ÇANTA,14,1,eng,0.475014,2.0,0.42827621,0.46857818187054523,0.38153842,3,eng2
1670,1,KALE,15,1,eng,0.3545144,6.0,0.30640619,0.48420436881983864,0.294141,3,eng2
1671,1,SARI,16,1,eng,0.38170138,5.0,0.302394705,0.5810903326997239,0.35213766,3,eng2
1672,1,KALEM,17,1,eng,0.4933328,11.0,0.36274151,0.5153112668323784,0.32352942,3,eng2
1673,1,PARK,18,0,eng,0.42821342,5.0,0.2616828,0.5972239384575468,0.2841928,3,eng2
1674,2,CÜZDAN,1,0,eng,,,,0.5765490713456642,,1,eng2
1675,2,GRUP,2,1,eng,0.25811055,1.0,0.25811055,0.5748092567102814,0.25811055,1,eng2
1676,2,TABAK,3,1,eng,0.3968097,2.0,0.36887895,0.5005033719793517,0.3409482,1,eng2
1677,2,BÜYÜK,4,1,eng,0.3422365,1.0,0.3170575,0.5230756578837121,0.3422365,1,eng2
1678,2,İLAÇ,5,1,eng,0.39676955,4.0,0.361978415,0.5082062631388566,0.3721858,2,eng2
1679,2,DEFTER,6,1,eng,0.43763897,5.0,0.34365004,0.5211955440188712,0.39090934,2,eng2
1680,2,TOPLU,7,1,eng,0.35744882,5.0,0.29913287,0.564387854549159,0.32276386,2,eng2
1681,2,SPOR,8,1,eng,0.40395597,6.0,0.2634575,0.6226692907117282,0.28589264,2,eng2
1682,2,ELMA,9,0,eng,0.38530537,6.0,0.19549039,0.6228795720950318,0.18898071,2,eng2
1683,2,KAPI,10,1,eng,0.4451493,9.0,0.22989495,0.5190730735679359,0.25010276,3,eng2
1684,2,TERLİK,11,1,eng,0.5149376,10.0,0.38725793,0.3781856531003166,0.40499806,3,eng2
1685,2,SEHPA,12,1,eng,0.5454403,11.0,0.51515645,0.37755626839474876,0.5154791,3,eng2
1686,2,TAŞLIK,13,1,eng,0.56647515,2.0,0.536288025,0.4044923893241723,0.5061009,3,eng2
1687,2,KOLTUK,14,1,eng,0.4808347,2.0,0.358749355,0.6382034915620138,0.23666401,3,eng2
1688,2,KISA,15,1,eng,0.40214,11.0,0.17008594249999998,0.7301951838934622,0.069293715,3,eng2
1689,2,KAŞIK,16,1,eng,0.589364,13.0,0.278164085,0.43695819287577553,0.25696507,3,eng2
1690,2,KEDİ,17,1,eng,0.5216344,1.0,0.379821195,0.5226764536346097,0.5216344,3,eng2
1691,3,DOLAP,1,1,eng,,,,0.3650792795775425,,1,eng2
1692,3,FIRIN,2,1,eng,0.51395726,1.0,0.51395726,0.4595404829838794,0.51395726,1,eng2
1693,3,DUVAR,3,1,eng,0.471445,2.0,0.40467133,0.4698469650153082,0.33789766,1,eng2
1694,3,LAMBA,4,1,eng,0.49137753,3.0,0.43611695,0.4299620248377859,0.4130549,1,eng2
1695,3,KALAS,5,1,eng,0.30332863,2.0,0.293221695,0.5528892098867028,0.28311476,2,eng2
1696,3,KİTAP,6,1,eng,0.43762326,5.0,0.29143551,0.5755431396875077,0.25458395,2,eng2
1697,3,KÜÇÜK,7,1,eng,0.4007821,2.0,0.3708173,0.46719383905380363,0.3408525,2,eng2
1698,3,SALÇA,8,1,eng,0.61937714,6.0,0.30475662,0.40816493040468294,0.36133695,2,eng2
1699,3,KOLA,9,1,eng,0.5345457,1.0,0.47851157499999997,0.5237481730340997,0.5345457,2,eng2
1700,3,DÜĞME,10,1,eng,0.66616935,6.0,0.576928345,0.4136747951001978,0.52985805,3,eng2
1701,3,TOPRAK,11,1,eng,0.3622997,4.0,0.292246535,0.545556565681694,0.26918492,3,eng2
1702,3,ODA,12,1,eng,0.3933454,11.0,0.29039349,0.5616865860466131,0.27958626,3,eng2
1703,3,HALI,13,1,eng,0.484204,5.0,0.28417592999999997,0.5218110257983077,0.25789952,3,eng2
1704,3,KOKU,14,1,eng,0.49111593,6.0,0.306922715,0.5148848754488287,0.33392733,3,eng2
1705,3,YATAK,15,1,eng,0.4827052,3.0,0.35165132499999996,0.42087485081310816,0.30546498,3,eng2
1706,3,ÇİÇEK,16,1,eng,0.4708734,9.0,0.350218935,0.5484227061086404,0.29841107,3,eng2
1707,3,PARKUR,17,1,eng,0.4097581,16.0,0.31469970999999997,0.5961556237432073,0.2627292,3,eng2
1708,4,HARİTA,1,1,eng,,,,0.5960797503164932,,1,eng2
1709,4,MARKET,2,1,eng,0.2728039,1.0,0.2728039,0.5141695438231098,0.2728039,1,eng2
1710,4,DERGİ,3,1,eng,0.3527386,1.0,0.30663947,0.5798761259779989,0.3527386,1,eng2
1711,4,ZEMİN,4,1,eng,0.37907192,2.0,0.332492085,0.4895873635156168,0.28591225,1,eng2
1712,4,SULUK,5,1,eng,0.38278615,1.0,0.325974225,0.5289457162563774,0.38278615,2,eng2
1713,4,ÇORAP,6,1,eng,0.42235893,4.0,0.35246021,0.5034402141585239,0.37980846,2,eng2
1714,4,SIRA,7,1,eng,0.2429263,3.0,0.2205747,0.6391752730033122,0.19924504,2,eng2
1715,4,KASA,8,1,eng,0.47207937,6.0,0.32687817500000005,0.5262228662030445,0.25118095,2,eng2
1716,4,SİLGİ,9,1,eng,0.4086417,3.0,0.31211365999999996,0.47846207520533146,0.3432377,2,eng2
1717,4,KALIP,10,1,eng,0.47379452,4.0,0.346782025,0.5189619000110571,0.3502489,3,eng2
1718,4,TAHTA,11,1,eng,0.45284566,5.0,0.357281335,0.47602276940267363,0.34271187,3,eng2
1719,4,BAHÇE,12,1,eng,0.42791113,1.0,0.36443843,0.5747153510870024,0.42791113,3,eng2
1720,4,PARA,13,1,eng,0.42892715,5.0,0.25624743,0.5419528338753998,0.19861166,3,eng2
1721,4,HALKA,14,1,eng,0.37018293,1.0,0.31415589,0.5034242841033426,0.37018293,3,eng2
1722,4,MEKTUP,15,1,eng,0.4055868,1.0,0.37257830000000003,0.5516254118633409,0.4055868,3,eng2
1723,4,TERAS,16,1,eng,0.5827601,4.0,0.23967631,0.6311925155864093,0.1952275,3,eng2
1724,4,KUTU,17,1,eng,0.50979894,6.0,0.30895765,0.5622414177263548,0.29607078,3,eng2
1731,1,KALE,1,1,soc,,,,0.5590645802168832,,1,soc19
1732,1,KALEM,2,1,soc,0.4019536,1.0,0.4019536,0.4415730103741502,0.4019536,1,soc19
1733,1,RAKAM,3,0,soc,0.3962175,1.0,0.29874681999999997,0.5622005994356429,0.3962175,1,soc19
1734,1,SARI,4,0,soc,0.35213766,3.0,0.29225296,0.5391981181173633,0.2609765,1,soc19
1735,1,KAĞIT,5,0,soc,0.4597374,3.0,0.403746115,0.3672277063631174,0.38170138,2,soc19
1736,1,ŞİŞE,6,0,soc,0.42838985,1.0,0.352691415,0.519036879985,0.42838985,2,soc19
1737,1,ÖLÇEK,7,0,soc,0.39440662,4.0,0.32159613,0.5310374691517235,0.29075453,2,soc19
1738,1,BARDAK,8,0,soc,0.57344735,2.0,0.43099615,0.3985556570595433,0.28854495,2,soc19
1739,1,YAZI,9,0,soc,0.4933328,7.0,0.32966598999999996,0.5386121328110471,0.28292856,2,soc19
1740,1,AĞAÇ,10,0,soc,0.54864174,5.0,0.41147550499999996,0.415698221320028,0.35528117,3,soc19
1741,1,ÇANTA,11,1,soc,0.475014,5.0,0.336580695,0.4893654702666057,0.38153842,3,soc19
1742,1,BEYİN,12,0,soc,0.39122522,3.0,0.324808025,0.4732778124893824,0.32166585,3,soc19
1743,1,KÖPEK,13,1,soc,0.4649074,1.0,0.42928865000000005,0.45016654528903377,0.4649074,3,soc19
1744,1,PARK,14,0,soc,0.42821342,4.0,0.326095495,0.527366352985427,0.33429617,3,soc19
1745,1,BİNA,15,1,soc,0.40404665,1.0,0.36829099,0.4869724906456625,0.40404665,3,soc19
1746,1,EKRAN,16,0,soc,0.2835013,9.0,0.235307665,0.6302640028259645,0.24826914,3,soc19
1747,1,KOLAY,17,1,soc,0.38691002,12.0,0.25352074999999996,0.6426078824613088,0.20780008,3,soc19
1748,1,KABLO,18,0,soc,0.4190494,7.0,0.31970557,0.5373386371613197,0.2953315,3,soc19
1749,2,CÜZDAN,1,1,soc,,,,0.5616314091307723,,1,soc19
1750,2,KISA,2,1,soc,0.30601087,1.0,0.30601087,0.5460881881671306,0.30601087,1,soc19
1751,2,GRUP,3,0,soc,0.3189331,1.0,0.288521825,0.6041806189963337,0.3189331,1,soc19
1752,2,SEHPA,4,0,soc,0.5454403,3.0,0.284472325,0.4857610913871744,0.3361218,1,soc19
1753,2,BÜYÜK,5,0,soc,0.40214,3.0,0.28680174999999997,0.48895741123417746,0.281725,2,soc19
1754,2,ELMA,6,0,soc,0.35061005,1.0,0.330189485,0.5903619341917279,0.35061005,2,soc19
1755,2,TABAK,7,0,soc,0.47021928,3.0,0.363770935,0.45911681104748303,0.38530537,2,soc19
1756,2,TOPLU,8,0,soc,0.3854969,6.0,0.24397866,0.6092325685820578,0.28595725,2,soc19
1757,2,KOLTUK,9,0,soc,0.4808347,5.0,0.238219795,0.5924999277476223,0.16557239,2,soc19
1758,2,DEFTER,10,0,soc,0.43763897,9.0,0.27079963500000004,0.5447242001729062,0.21883541,3,soc19
1759,2,KEDİ,11,1,soc,0.49827254,7.0,0.3234332,0.4152103558774066,0.3339461,3,soc19
1760,2,KAPI,12,0,soc,0.5148338,8.0,0.376365585,0.473849092308564,0.43674022,3,soc19
1761,2,KAŞIK,13,0,soc,0.589364,6.0,0.43435417000000004,0.41126559319075573,0.34707394,3,soc19
1762,2,TERLİK,14,0,soc,0.5154791,10.0,0.426094115,0.3589987774804736,0.44719017,3,soc19
1763,2,İLAÇ,15,1,soc,0.4146146,1.0,0.39451173500000003,0.5424446741987519,0.4146146,3,soc19
1764,2,TAŞLIK,16,1,soc,0.56647515,2.0,0.467218925,0.4496481628477754,0.3679627,3,soc19
1765,2,SPOR,17,0,soc,0.40417683,3.0,0.260040445,0.6378951672251338,0.26740217,3,soc19
1766,3,KOLA,1,1,soc,,,,0.5166093350805712,,1,soc19
1767,3,SALÇA,2,0,soc,0.5345457,1.0,0.5345457,0.4217123876065385,0.5345457,1,soc19
1768,3,LAMBA,3,0,soc,0.5125295,1.0,0.47454585,0.4587029047921133,0.5125295,1,soc19
1769,3,KİTAP,4,0,soc,0.32828707,1.0,0.28823168,0.5742778422932051,0.32828707,1,soc19
1770,3,TOPRAK,5,0,soc,0.34517598,3.0,0.30032426,0.5151580177758858,0.28827846,2,soc19
1771,3,ÇİÇEK,6,0,soc,0.45051584,5.0,0.36548295,0.44675417207885626,0.3972849,2,soc19
1772,3,PARKUR,7,0,soc,0.36776924,4.0,0.25517084,0.5824314159562042,0.2627292,2,soc19
1773,3,KÜÇÜK,8,0,soc,0.4708734,2.0,0.38023665,0.42561698902793443,0.2895999,2,soc19
1774,3,KALAS,9,0,soc,0.4007821,1.0,0.35147248,0.539485668302022,0.4007821,2,soc19
1775,3,KOKU,10,0,soc,0.49111593,8.0,0.328583475,0.4453357855935036,0.26692703,3,soc19
1776,3,FIRIN,11,0,soc,0.61937714,9.0,0.37011813,0.4323510984243294,0.45417356,3,soc19
1777,3,DUVAR,12,0,soc,0.4130549,9.0,0.345868665,0.5021837401475457,0.33789766,3,soc19
1778,3,DÜĞME,13,0,soc,0.66616935,10.0,0.455048425,0.35320849128792675,0.4160808,3,soc19
1779,3,YATAK,14,1,soc,0.39775768,12.0,0.363204505,0.4078205709131315,0.39755028,3,soc19
1780,3,HALI,15,1,soc,0.484204,13.0,0.40481575000000003,0.533656644627479,0.39783767,3,soc19
1781,3,DOLAP,16,0,soc,0.59253436,3.0,0.43041536,0.40832339362253167,0.41348156,3,soc19
1782,3,ODA,17,1,soc,0.4827052,3.0,0.32562246,0.5417486773482936,0.3933454,3,soc19
1783,4,SULUK,1,0,soc,,,,0.5093094109509166,,1,soc19
1784,4,TAHTA,2,0,soc,0.393131,1.0,0.393131,0.43270190216449844,0.393131,1,soc19
1785,4,MEKTUP,3,1,soc,0.3148368,1.0,0.29923121500000005,0.6209930089709812,0.3148368,1,soc19
1786,4,BAHÇE,4,0,soc,0.42791113,2.0,0.33189630999999997,0.5082565195336455,0.23588149,1,soc19
1787,4,MARKET,5,0,soc,0.45019683,3.0,0.31928,0.4559999038140563,0.3717398,2,soc19
1788,4,SIRA,6,0,soc,0.26301676,2.0,0.23437089500000002,0.6328396588148777,0.20572503,2,soc19
1789,4,HALKA,7,0,soc,0.4055868,4.0,0.32159587,0.5529141232647838,0.31013894,2,soc19
1790,4,KASA,8,0,soc,0.47207937,3.0,0.274306425,0.4937766815938154,0.2974319,2,soc19
1791,4,ÇORAP,9,0,soc,0.45284566,7.0,0.358873515,0.4825794807431847,0.4025754,2,soc19
1792,4,KALIP,10,0,soc,0.47379452,1.0,0.408554835,0.4646411210156769,0.47379452,3,soc19
1793,4,DERGİ,11,0,soc,0.3527386,6.0,0.247076885,0.5923906006282714,0.2301935,3,soc19
1794,4,ZEMİN,12,1,soc,0.4053062,2.0,0.345609225,0.49572990650981064,0.28591225,3,soc19
1795,4,KUTU,13,0,soc,0.50979894,11.0,0.34646204,0.44028068331858383,0.33154258,3,soc19
1796,4,SİLGİ,14,0,soc,0.4086417,5.0,0.30482944,0.5070383923221706,0.29989988,3,soc19
1797,4,HARİTA,15,1,soc,0.38407496,2.0,0.33995527000000003,0.53094323305483,0.29583558,3,soc19
1798,4,PARA,16,1,soc,0.42892715,8.0,0.31158809,0.5660801423671737,0.25755575,3,soc19
1799,4,TERAS,17,0,soc,0.5827601,13.0,0.28391948499999997,0.6083586751966075,0.27193144,3,soc19
1806,1,PARK,1,0,eng,,,,0.6076811592003102,,1,eng19
1807,1,ÖLÇEK,2,1,eng,0.30512348,1.0,0.30512348,0.5160611446773178,0.30512348,1,eng19
1808,1,YAZI,3,0,eng,0.37640342,1.0,0.328659995,0.4992434810242721,0.37640342,1,eng19
1809,1,BEYİN,4,0,eng,0.39122522,1.0,0.35591838,0.4712745865095521,0.39122522,1,eng19
1810,1,AĞAÇ,5,1,eng,0.42821342,4.0,0.341615685,0.41596681124299484,0.3279502,2,eng19
1811,1,KAĞIT,6,1,eng,0.54864174,1.0,0.45987047000000003,0.3704222011700753,0.54864174,2,eng19
1812,1,KÖPEK,7,0,eng,0.4649074,3.0,0.43932753999999996,0.4234346500671755,0.41663003,2,eng19
1813,1,SARI,8,0,eng,0.38170138,2.0,0.3250418,0.5727764045549084,0.26838222,2,eng19
1814,1,ŞİŞE,9,0,eng,0.44336507,4.0,0.35845278999999997,0.4713448086478401,0.27699298,2,eng19
1815,1,KALEM,10,1,eng,0.4933328,7.0,0.307786285,0.4909071124210096,0.29204315,3,eng19
1816,1,EKRAN,11,0,eng,0.2835013,9.0,0.228730605,0.6697846042631685,0.23708813,3,eng19
1817,1,ÇANTA,12,0,eng,0.475014,3.0,0.289113215,0.484354320009056,0.22529416,3,eng19
1818,1,KALE,13,0,eng,0.4019536,3.0,0.253091425,0.5670036715625962,0.294141,3,eng19
1819,1,BARDAK,14,1,eng,0.57344735,5.0,0.36473732999999997,0.4793333010571864,0.33625048,3,eng19
1820,1,RAKAM,15,0,eng,0.46593082,12.0,0.26131362,0.5876790111131638,0.3213511,3,eng19
1821,1,KOLAY,16,0,eng,0.38691002,10.0,0.338241295,0.5539381654758144,0.32357016,3,eng19
1822,1,KABLO,17,0,eng,0.4190494,5.0,0.26082862,0.5663341833814842,0.2953315,3,eng19
1823,1,BİNA,18,0,eng,0.40404665,17.0,0.3192469,0.566897064066949,0.33925238,3,eng19
1824,2,KEDİ,1,1,eng,,,,0.4886755631418501,,1,eng19
1825,2,BÜYÜK,2,1,eng,0.2836857,1.0,0.2836857,0.6072370061711776,0.2836857,1,eng19
1826,2,SEHPA,3,1,eng,0.49827254,2.0,0.38999877,0.45247332736011925,0.281725,1,eng19
1827,2,TAŞLIK,4,1,eng,0.5061009,1.0,0.418564,0.4241512140259742,0.5061009,1,eng19
1828,2,TABAK,5,0,eng,0.4900897,1.0,0.48015449,0.46554919245143844,0.4900897,2,eng19
1829,2,KISA,6,0,eng,0.40214,4.0,0.2561738,0.6502114652850495,0.24146943,2,eng19
1830,2,GRUP,7,0,eng,0.3409482,2.0,0.32994065,0.5465816834875538,0.3189331,2,eng19
1831,2,ELMA,8,0,eng,0.43838486,7.0,0.223422815,0.6238568266124433,0.18902083,2,eng19
1832,2,KOLTUK,9,0,eng,0.4808347,6.0,0.24187762499999999,0.7143441664058163,0.24608445,2,eng19
1833,2,TOPLU,10,0,eng,0.3854969,4.0,0.18378623,0.5733712153977553,0.16557239,3,eng19
1834,2,SPOR,11,0,eng,0.40395597,4.0,0.23995033,0.6124801133161687,0.28589264,3,eng19
1835,2,İLAÇ,12,0,eng,0.40010008,11.0,0.2640903,0.5494906461924202,0.25267872,3,eng19
1836,2,CÜZDAN,13,0,eng,0.5454403,10.0,0.334850295,0.4021874885928459,0.39676955,3,eng19
1837,2,TERLİK,14,0,eng,0.56647515,10.0,0.4647761,0.3919288133606422,0.5149376,3,eng19
1838,2,KAŞIK,15,0,eng,0.589364,10.0,0.455405,0.46376794242993313,0.44719017,3,eng19
1839,2,KAPI,16,0,eng,0.5148338,13.0,0.37603600000000004,0.5040892184102629,0.34707394,3,eng19
1840,2,DEFTER,17,0,eng,0.43763897,4.0,0.338533175,0.5939913017213391,0.31599095,3,eng19
1841,3,HALI,1,0,eng,,,,0.5285452769227162,,1,eng19
1842,3,DUVAR,2,0,eng,0.3393043,1.0,0.3393043,0.531558570663537,0.3393043,1,eng19
1843,3,KALAS,3,0,eng,0.30332863,1.0,0.29792039000000003,0.6172676190026652,0.30332863,1,eng19
1844,3,FIRIN,4,0,eng,0.39744106,3.0,0.31198018,0.4246967052236924,0.2860627,1,eng19
1845,3,DÜĞME,5,0,eng,0.49401605,1.0,0.36618741,0.3598880517559949,0.49401605,2,eng19
1846,3,YATAK,6,0,eng,0.39783767,5.0,0.384606165,0.5348874893948741,0.39755028,2,eng19
1847,3,KOKU,7,0,eng,0.46388754,2.0,0.38467626,0.4202469859412913,0.30546498,2,eng19
1848,3,KOLA,8,0,eng,0.52985805,3.0,0.387592175,0.4731235518036633,0.42278865,2,eng19
1849,3,ÇİÇEK,9,0,eng,0.45051584,1.0,0.42627132,0.5319021201101176,0.45051584,2,eng19
1850,3,LAMBA,10,0,eng,0.66616935,5.0,0.39521634,0.42534549603732996,0.35387048,3,eng19
1851,3,ODA,11,1,eng,0.4827052,5.0,0.25794433,0.6225497759987059,0.3085285,3,eng19
1852,3,DOLAP,12,0,eng,0.59253436,7.0,0.442361465,0.3962144832961343,0.3933454,3,eng19
1853,3,PARKUR,13,0,eng,0.4097581,1.0,0.35305275,0.5318828438731511,0.4097581,3,eng19
1854,3,SALÇA,14,1,eng,0.62399864,9.0,0.40544311499999997,0.5402789595979128,0.31460726,3,eng19
1855,3,TOPRAK,15,1,eng,0.3972849,6.0,0.29639423,0.562312132345347,0.34517598,3,eng19
1856,3,KİTAP,16,1,eng,0.43762326,4.0,0.268227375,0.566451097633113,0.28827846,3,eng19
1857,3,KÜÇÜK,17,1,eng,0.4708734,8.0,0.3515761,0.5202403749376097,0.3408525,3,eng19
1858,4,DERGİ,1,0,eng,,,,0.6303446572759306,,1,eng19
1859,4,HALKA,2,0,eng,0.20206158,1.0,0.20206158,0.5472060550869814,0.20206158,1,eng19
1860,4,TAHTA,3,0,eng,0.32169798,1.0,0.30742744,0.4977449005290926,0.32169798,1,eng19
1861,4,MEKTUP,4,0,eng,0.4055868,2.0,0.3602118,0.5228732710662185,0.3148368,1,eng19
1862,4,ZEMİN,5,0,eng,0.373964,2.0,0.33053618,0.51048079384384,0.28710836,2,eng19
1863,4,SULUK,6,0,eng,0.393131,3.0,0.33320589,0.4828234463180332,0.38278615,2,eng19
1864,4,SIRA,7,0,eng,0.31013894,5.0,0.24241533,0.6452235583967036,0.24190436,2,eng19
1865,4,KUTU,8,0,eng,0.50979894,5.0,0.28948098,0.4776204859744726,0.22398563,2,eng19
1866,4,KALIP,9,0,eng,0.43464944,1.0,0.35430321,0.44509196626373115,0.43464944,2,eng19
1867,4,HARİTA,10,0,eng,0.38407496,2.0,0.35920283,0.5782553754909716,0.3343307,3,eng19
1868,4,PARA,11,0,eng,0.37018293,9.0,0.284936725,0.5222515289610594,0.25755575,3,eng19
1869,4,ÇORAP,12,0,eng,0.47379452,3.0,0.27491101500000004,0.4392400138608359,0.3853378,3,eng19
1870,4,MARKET,13,0,eng,0.45019683,10.0,0.401528625,0.4251152168344169,0.42235893,3,eng19
1871,4,TERAS,14,0,eng,0.49636292,9.0,0.38226804000000003,0.46752580432244784,0.39254424,3,eng19
1872,4,SİLGİ,15,0,eng,0.4086417,3.0,0.3170349,0.5201440956914782,0.33391768,3,eng19
1873,4,KASA,16,0,eng,0.47207937,3.0,0.328629735,0.5369684017432782,0.3432377,3,eng19
1874,4,BAHÇE,17,1,eng,0.5827601,3.0,0.310415935,0.5029629380172631,0.26488227,3,eng19
1881,1,KOLAY,1,0,soc,,,,0.6157633431223062,,1,soc18
1882,1,ÖLÇEK,2,1,soc,0.32609946,1.0,0.32609946,0.5407011277949479,0.32609946,1,soc18
1883,1,KABLO,3,1,soc,0.2953315,2.0,0.28971177000000004,0.5131069985638232,0.28409204,1,soc18
1884,1,KALEM,4,1,soc,0.36259457,1.0,0.350747885,0.44467488359008545,0.36259457,1,soc18
1885,1,BİNA,5,1,soc,0.33925238,2.0,0.32450145500000005,0.5534613467032184,0.30975053,2,soc18
1886,1,KALE,6,0,soc,0.4019536,2.0,0.34177595000000005,0.5121970576239524,0.2815983,2,soc18
1887,1,YAZI,7,0,soc,0.4933328,3.0,0.2908936,0.526464736510987,0.30715865,2,soc18
1888,1,EKRAN,8,0,soc,0.34407964,5.0,0.232023415,0.6497525770955013,0.25200498,2,soc18
1889,1,SARI,9,0,soc,0.35213766,3.0,0.235850905,0.5502970666433296,0.20562766,2,soc18
1890,1,ŞİŞE,10,0,soc,0.41031635,7.0,0.24868303,0.5114697268482122,0.27699298,3,soc18
1891,1,KAĞIT,11,1,soc,0.4597374,7.0,0.405045615,0.3927827815830601,0.42838985,3,soc18
1892,1,AĞAÇ,12,0,soc,0.54864174,1.0,0.49600340499999995,0.4010608025938984,0.54864174,3,soc18
1893,1,BEYİN,13,0,soc,0.39122522,6.0,0.3495247,0.47914852889236237,0.3279502,3,soc18
1894,1,BARDAK,14,0,soc,0.57344735,4.0,0.42844989499999997,0.42254532224948527,0.38922995,3,soc18
1895,1,KÖPEK,15,1,soc,0.4649074,2.0,0.41072614,0.42015129431384035,0.35654488,3,soc18
1896,1,RAKAM,16,0,soc,0.46593082,9.0,0.329735765,0.5664808434029939,0.33812043,3,soc18
1897,1,ÇANTA,17,1,soc,0.475014,7.0,0.340351235,0.49518762249399007,0.28703257,3,soc18
1898,1,PARK,18,0,soc,0.42821342,6.0,0.288749085,0.5913377651382142,0.34361807,3,soc18
1899,2,SPOR,1,1,soc,,,,0.6815328778718506,,1,soc18
1900,2,KAPI,2,1,soc,0.20968714,1.0,0.20968714,0.5696196965000411,0.20968714,1,soc18
1901,2,TOPLU,3,1,soc,0.3183804,1.0,0.30213652,0.5391657016354083,0.3183804,1,soc18
1902,2,TAŞLIK,4,1,soc,0.45242313,2.0,0.399012625,0.4242519171737186,0.34560212,1,soc18
1903,2,TERLİK,5,0,soc,0.56647515,1.0,0.454855575,0.4058519128454463,0.56647515,2,soc18
1904,2,GRUP,6,1,soc,0.40395597,5.0,0.35919572,0.5567975608976599,0.39615887,2,soc18
1905,2,TABAK,7,0,soc,0.4900897,3.0,0.40160978,0.43893981751314537,0.3409482,2,soc18
1906,2,BÜYÜK,8,0,soc,0.3422365,1.0,0.3170575,0.5295794656215247,0.3422365,2,soc18
1907,2,ELMA,9,0,soc,0.41110483,5.0,0.36795771,0.522726190770388,0.35061005,2,soc18
1908,2,DEFTER,10,0,soc,0.4031799,6.0,0.28989565500000003,0.5460104398085113,0.28340057,3,soc18
1909,2,KEDİ,11,0,soc,0.46819958,7.0,0.38616548,0.46567445093446536,0.3339461,3,soc18
1910,2,KISA,12,0,soc,0.40214,4.0,0.24202796,0.6477947337270287,0.23800799,3,soc18
1911,2,CÜZDAN,13,0,soc,0.5149376,8.0,0.375267285,0.3940052968674057,0.30601087,3,soc18
1912,2,SEHPA,14,0,soc,0.5454403,1.0,0.389131575,0.3807588115217504,0.5454403,3,soc18
1913,2,KAŞIK,15,1,soc,0.589364,8.0,0.508263665,0.4615430361568691,0.5529075,3,soc18
1914,2,İLAÇ,16,0,soc,0.4146146,11.0,0.340465725,0.6074584582569311,0.37440887,3,soc18
1915,2,KOLTUK,17,1,soc,0.4808347,3.0,0.24102521500000001,0.6441294456464386,0.18268733,3,soc18
1916,3,KOLA,1,1,soc,,,,0.5051736002751783,,1,soc18
1917,3,FIRIN,2,1,soc,0.38961592,1.0,0.38961592,0.5077953034621249,0.38961592,1,soc18
1918,3,KOKU,3,1,soc,0.45417356,1.0,0.438481105,0.4925328840916857,0.45417356,1,soc18
1919,3,PARKUR,4,0,soc,0.27347842,1.0,0.259554985,0.5608066947521145,0.27347842,1,soc18
1920,3,ODA,5,0,soc,0.2963474,1.0,0.28813275,0.5583044455537988,0.2963474,2,soc18
1921,3,KİTAP,6,0,soc,0.3477716,1.0,0.33944676,0.5166084422778434,0.3477716,2,soc18
1922,3,HALI,7,0,soc,0.39744106,5.0,0.29592761,0.530815240694066,0.3339557,2,soc18
1923,3,KÜÇÜK,8,0,soc,0.42247745,7.0,0.33017623500000004,0.4893238283356248,0.31949997,2,soc18
1924,3,SALÇA,9,0,soc,0.61937714,7.0,0.422770475,0.4275895208627427,0.36133695,2,soc18
1925,3,KALAS,10,0,soc,0.4007821,2.0,0.363538185,0.5815545965707539,0.32629427,3,soc18
1926,3,DUVAR,11,0,soc,0.3779416,2.0,0.340635115,0.4784716754639686,0.30332863,3,soc18
1927,3,DOLAP,12,0,soc,0.51395726,10.0,0.34670451,0.3796759024134012,0.471445,3,soc18
1928,3,DÜĞME,13,0,soc,0.62399864,4.0,0.50430758,0.43334380977102493,0.59253436,3,soc18
1929,3,YATAK,14,1,soc,0.4827052,9.0,0.42244972000000003,0.5000251048252597,0.39755028,3,soc18
1930,3,TOPRAK,15,1,soc,0.36813366,12.0,0.28482989999999997,0.564997494609313,0.30047488,3,soc18
1931,3,ÇİÇEK,16,1,soc,0.4708734,8.0,0.347847985,0.526909145486236,0.3972849,3,soc18
1932,3,LAMBA,17,1,soc,0.66616935,4.0,0.33312027,0.5253127838751718,0.35387048,3,soc18
1933,4,DERGİ,1,0,soc,,,,0.6087641367616862,,1,soc18
1934,4,KUTU,2,0,soc,0.3613815,1.0,0.3613815,0.4848046044278097,0.3613815,1,soc18
1935,4,ÇORAP,3,0,soc,0.4534277,1.0,0.358693985,0.4510284109203434,0.4534277,1,soc18
1936,4,BAHÇE,4,1,soc,0.36596137,1.0,0.349250105,0.49400607868983304,0.36596137,1,soc18
1937,4,SİLGİ,5,0,soc,0.4086417,2.0,0.38229565,0.4934415734520158,0.3559496,2,soc18
1938,4,TAHTA,6,1,soc,0.50979894,4.0,0.399880965,0.43027861066428885,0.3718508,2,soc18
1939,4,SULUK,7,0,soc,0.41458023,3.0,0.360933115,0.5099264076934762,0.393131,2,soc18
1940,4,MEKTUP,8,0,soc,0.35096163,3.0,0.29923121500000005,0.5098194385124719,0.28362563,2,soc18
1941,4,HALKA,9,0,soc,0.4055868,1.0,0.31998183,0.516320530461746,0.4055868,2,soc18
1942,4,PARA,10,0,soc,0.3853378,7.0,0.35487636499999997,0.5038021215368509,0.37018293,3,soc18
1943,4,KALIP,11,0,soc,0.47379452,8.0,0.288226975,0.5414593794154436,0.3123177,3,soc18
1944,4,TERAS,12,0,soc,0.5827601,8.0,0.28184237,0.5696232629482354,0.2917533,3,soc18
1945,4,SIRA,13,0,soc,0.31013894,4.0,0.23458414,0.6330728998025218,0.1952113,3,soc18
1946,4,KASA,14,0,soc,0.42892715,4.0,0.28260136,0.520980457036597,0.25118095,3,soc18
1947,4,MARKET,15,1,soc,0.47207937,1.0,0.3389022,0.47506419514557885,0.47207937,3,soc18
1948,4,HARİTA,16,0,soc,0.38407496,14.0,0.262605085,0.599893457196168,0.2728039,3,soc18
1949,4,ZEMİN,17,1,soc,0.49636292,5.0,0.37405841,0.5599860433495232,0.3690449,3,soc18
1956,1,AĞAÇ,1,1,eng,,,,0.5460081313679865,,1,eng18
1957,1,KALEM,2,1,eng,0.3726788,1.0,0.3726788,0.516816893644586,0.3726788,1,eng18
1958,1,KOLAY,3,1,eng,0.28919542,2.0,0.26528535999999997,0.5909995972747049,0.2413753,1,eng18
1959,1,BEYİN,4,0,eng,0.3629623,2.0,0.32418210000000003,0.5293809099829272,0.2854019,1,eng18
1960,1,KABLO,5,0,eng,0.40594682,4.0,0.270605955,0.5367623933264779,0.24588041,2,eng18
1961,1,SARI,6,1,eng,0.32352942,4.0,0.269747065,0.5786371092956182,0.22458771,2,eng18
1962,1,ÇANTA,7,0,eng,0.4190494,2.0,0.33585057500000004,0.455192286181097,0.25265175,2,eng18
1963,1,KAĞIT,8,0,eng,0.54864174,7.0,0.414316415,0.42651029602149093,0.44693145,2,eng18
1964,1,KÖPEK,9,0,eng,0.4649074,5.0,0.405149965,0.5291313970742637,0.41663003,2,eng18
1965,1,BARDAK,10,0,eng,0.48910698,2.0,0.42282593,0.4829385314029625,0.35654488,3,eng18
1966,1,EKRAN,11,0,eng,0.34407964,6.0,0.23863626500000001,0.6397733395662712,0.25516546,3,eng18
1967,1,ÖLÇEK,12,0,eng,0.38344455,11.0,0.28602312500000004,0.5247900518032862,0.2835013,3,eng18
1968,1,BİNA,13,1,eng,0.36686105,12.0,0.288781,0.5303304507036646,0.32929286,3,eng18
1969,1,PARK,14,1,eng,0.42821342,13.0,0.354585065,0.5003838172150439,0.40404665,3,eng18
1970,1,YAZI,15,0,eng,0.4933328,13.0,0.27777256,0.522258004342613,0.28091657,3,eng18
1971,1,KALE,16,0,eng,0.4019536,14.0,0.35046561,0.5477997608680976,0.30715865,3,eng18
1972,1,ŞİŞE,17,0,eng,0.57344735,7.0,0.26129996,0.6195032600951811,0.29269317,3,eng18
1973,1,RAKAM,18,0,eng,0.46593082,3.0,0.227205625,0.5683922640497189,0.25313511,3,eng18
1974,2,KISA,1,1,eng,,,,0.6347664340670174,,1,eng18
1975,2,DEFTER,2,0,eng,0.24604793,1.0,0.24604793,0.5451448332302585,0.24604793,1,eng18
1976,2,KEDİ,3,1,eng,0.3339461,1.0,0.285977045,0.4714738985398562,0.3339461,1,eng18
1977,2,İLAÇ,4,0,eng,0.40010008,1.0,0.39550471,0.44681371587240926,0.40010008,1,eng18
1978,2,TABAK,5,0,eng,0.38218427,2.0,0.36697765,0.45954398267067686,0.35177103,2,eng18
1979,2,ELMA,6,0,eng,0.43838486,3.0,0.365005415,0.4951989944441353,0.38530537,2,eng18
1980,2,TERLİK,7,1,eng,0.46227136,2.0,0.41589458,0.4105137038514616,0.3695178,2,eng18
1981,2,KAPI,8,1,eng,0.43674022,5.0,0.32755040999999996,0.5138574988341666,0.40499806,2,eng18
1982,2,BÜYÜK,9,1,eng,0.40214,8.0,0.334397495,0.5433331702516455,0.32838392,2,eng18
1983,2,KAŞIK,10,0,eng,0.589364,5.0,0.333940685,0.4493525860980374,0.32080743,3,eng18
1984,2,SEHPA,11,0,eng,0.5529075,1.0,0.41731625,0.41027504414878124,0.5529075,3,eng18
1985,2,TAŞLIK,12,1,eng,0.56647515,5.0,0.52010793,0.4608353468023003,0.5061009,3,eng18
1986,2,SPOR,13,1,eng,0.40417683,6.0,0.25618752499999997,0.6297179161840472,0.26740217,3,eng18
1987,2,TOPLU,14,0,eng,0.3854969,13.0,0.31574738,0.5528724615605458,0.28589264,3,eng18
1988,2,KOLTUK,15,0,eng,0.4808347,4.0,0.179790205,0.6905645878011952,0.16557239,3,eng18
1989,2,CÜZDAN,16,0,eng,0.5454403,5.0,0.320080195,0.5744613242694678,0.28515083,3,eng18
1990,2,GRUP,17,1,eng,0.40395597,4.0,0.247890675,0.5962699691582216,0.25811055,3,eng18
1991,3,SALÇA,1,1,eng,,,,0.38626170383754377,,1,eng18
1992,3,KÜÇÜK,2,0,eng,0.36133695,1.0,0.36133695,0.5333140045119262,0.36133695,1,eng18
1993,3,YATAK,3,0,eng,0.39775768,2.0,0.37173604,0.5111135389512056,0.3457144,1,eng18
1994,3,FIRIN,4,0,eng,0.61937714,3.0,0.367703325,0.4302609041009062,0.37166205,1,eng18
1995,3,DÜĞME,5,1,eng,0.62399864,4.0,0.445783165,0.31320991733162995,0.49401605,2,eng18
1996,3,KOLA,6,0,eng,0.5345457,5.0,0.459736985,0.41697614781869485,0.52985805,2,eng18
1997,3,PARKUR,7,0,eng,0.36667022,4.0,0.30972323999999996,0.5818101000103004,0.27185863,2,eng18
1998,3,LAMBA,8,0,eng,0.66616935,3.0,0.40216572,0.41347981986761984,0.36776924,2,eng18
1999,3,ÇİÇEK,9,0,eng,0.4708734,7.0,0.30829984,0.46420757148788594,0.35387048,2,eng18
2000,3,HALI,10,0,eng,0.484204,9.0,0.32963447999999995,0.526826706865007,0.31026676,3,eng18
2001,3,TOPRAK,11,0,eng,0.3972849,2.0,0.35386861999999997,0.5006853336398238,0.31045234,3,eng18
2002,3,KOKU,12,0,eng,0.49111593,11.0,0.351030495,0.49106689214042143,0.36813366,3,eng18
2003,3,KALAS,13,0,eng,0.4007821,11.0,0.298804815,0.629547502440805,0.26692703,3,eng18
2004,3,ODA,14,0,eng,0.4827052,11.0,0.21279448,0.5573922086055483,0.14567086,3,eng18
2005,3,DUVAR,15,0,eng,0.4160808,10.0,0.30590145,0.4965774924547065,0.30847427,3,eng18
2006,3,DOLAP,16,1,eng,0.59253436,11.0,0.4323952,0.4353623700873718,0.471445,3,eng18
2007,3,KİTAP,17,1,eng,0.43762326,1.0,0.38590987,0.5365569350279722,0.43762326,3,eng18
2008,4,HALKA,1,0,eng,,,,0.5241787986037558,,1,eng18
2009,4,HARİTA,2,0,eng,0.27613202,1.0,0.27613202,0.6426078818746397,0.27613202,1,eng18
2010,4,MEKTUP,3,0,eng,0.4055868,2.0,0.313814195,0.5811120277130475,0.22204159,1,eng18
2011,4,MARKET,4,0,eng,0.3330528,3.0,0.26981204999999997,0.4485590542276515,0.2668202,1,eng18
2012,4,KASA,5,1,eng,0.47207937,1.0,0.364239175,0.49193847276638447,0.47207937,2,eng18
2013,4,ZEMİN,6,1,eng,0.37907192,2.0,0.32978898,0.5464975381558301,0.28050604,2,eng18
2014,4,PARA,7,1,eng,0.42892715,2.0,0.35416044,0.4855154183077396,0.27939373,2,eng18
2015,4,SULUK,8,0,eng,0.38278615,2.0,0.350141825,0.5015172226030762,0.3174975,2,eng18
2016,4,SIRA,9,0,eng,0.31013894,8.0,0.26543153,0.6350903661558429,0.24190436,2,eng18
2017,4,TAHTA,10,0,eng,0.45019683,6.0,0.31032139000000003,0.5051187575934765,0.22751178,3,eng18
2018,4,KALIP,11,0,eng,0.4077956,3.0,0.30833442499999997,0.4844802610192921,0.34271187,3,eng18
2019,4,ÇORAP,12,0,eng,0.47379452,1.0,0.46332008999999996,0.450690034355376,0.47379452,3,eng18
2020,4,SİLGİ,13,0,eng,0.4086417,1.0,0.3794453,0.47072089964778574,0.4086417,3,eng18
2021,4,BAHÇE,14,0,eng,0.42791113,4.0,0.36095548499999996,0.4699075496934261,0.3559496,3,eng18
2022,4,TERAS,15,1,eng,0.5827601,1.0,0.45833889,0.47186307605342825,0.5827601,3,eng18
2023,4,DERGİ,16,0,eng,0.3527386,12.0,0.262077765,0.5835832500748585,0.26846683,3,eng18
2024,4,KUTU,17,0,eng,0.50979894,7.0,0.32872614,0.561326058977198,0.3613815,3,eng18
2031,1,KALEM,1,1,soc,,,,0.5050460444503806,,1,soc17
2032,1,ÖLÇEK,2,1,soc,0.3389012,1.0,0.3389012,0.546847757455352,0.3389012,1,soc17
2033,1,KAĞIT,3,0,soc,0.4597374,2.0,0.406087565,0.39077458428208245,0.35243773,1,soc17
2034,1,AĞAÇ,4,0,soc,0.54864174,1.0,0.466043145,0.3797620844270767,0.54864174,1,soc17
2035,1,ŞİŞE,5,0,soc,0.44336507,1.0,0.43587746,0.5033229725919213,0.44336507,2,soc17
2036,1,PARK,6,1,soc,0.42821342,2.0,0.357832985,0.513870674854741,0.28745255,2,soc17
2037,1,KALE,7,0,soc,0.4019536,6.0,0.34323287,0.5339993507058334,0.39377257,2,soc17
2038,1,SARI,8,1,soc,0.38170138,5.0,0.29565523,0.5692034982510146,0.35213766,2,soc17
2039,1,KÖPEK,9,0,soc,0.46202505,5.0,0.25619121,0.5036297606060653,0.26838222,2,soc17
2040,1,RAKAM,10,0,soc,0.42579085,7.0,0.299548465,0.549967484908952,0.33812043,3,soc17
2041,1,BEYİN,11,0,soc,0.4649074,2.0,0.41457535,0.4662139330469359,0.3642433,3,soc17
2042,1,BİNA,12,0,soc,0.40404665,6.0,0.31623694999999996,0.5456972469105923,0.3361335,3,soc17
2043,1,KOLAY,13,1,soc,0.38691002,10.0,0.29232166,0.5541445939303775,0.29924142,3,soc17
2044,1,ÇANTA,14,0,soc,0.475014,9.0,0.30955786,0.5165058788114276,0.31023642,3,soc17
2045,1,YAZI,15,1,soc,0.4933328,14.0,0.308419785,0.5632321185959626,0.29162297,3,soc17
2046,1,EKRAN,16,0,soc,0.2835013,14.0,0.23864956999999998,0.6198722569784645,0.25200498,3,soc17
2047,1,KABLO,17,0,soc,0.4190494,3.0,0.31549077000000003,0.4964882529469401,0.34407964,3,soc17
2048,1,BARDAK,18,0,soc,0.57344735,13.0,0.297474,0.6003177458591239,0.33978254,3,soc17
2049,2,TERLİK,1,1,soc,,,,0.48696114995075634,,1,soc17
2050,2,ELMA,2,0,soc,0.3695178,1.0,0.3695178,0.48946047035086815,0.3695178,1,soc17
2051,2,KEDİ,3,0,soc,0.4558914,2.0,0.44713813,0.477629610791071,0.43838486,1,soc17
2052,2,BÜYÜK,4,0,soc,0.35061005,2.0,0.31714787499999997,0.5026774946867641,0.2836857,1,soc17
2053,2,SEHPA,5,0,soc,0.5154791,4.0,0.38999877,0.4879417549852806,0.281725,2,soc17
2054,2,KISA,6,0,soc,0.40214,2.0,0.317481425,0.5300039467105372,0.23282285,2,soc17
2055,2,GRUP,7,0,soc,0.39615887,6.0,0.32752745000000005,0.5289873063102206,0.3189331,2,soc17
2056,2,TOPLU,8,0,soc,0.3854969,2.0,0.37147286,0.4818044913554721,0.35744882,2,soc17
2057,2,TAŞLIK,9,1,soc,0.56647515,8.0,0.33391734500000003,0.4380952129023381,0.34560212,2,soc17
2058,2,KAŞIK,10,0,soc,0.5529075,5.0,0.42139993,0.45109663930425303,0.53411496,3,soc17
2059,2,DEFTER,11,0,soc,0.4031799,2.0,0.38212765,0.5318090094331283,0.3610754,3,soc17
2060,2,TABAK,12,0,soc,0.589364,2.0,0.452125285,0.44665672784524635,0.31488657,3,soc17
2061,2,SPOR,13,0,soc,0.40417683,12.0,0.24416787,0.6592536091084638,0.24731338,3,soc17
2062,2,KAPI,14,1,soc,0.5148338,9.0,0.28619316,0.5057757651502189,0.20968714,3,soc17
2063,2,KOLTUK,15,0,soc,0.4808347,10.0,0.27445814,0.6149304957346935,0.35490826,3,soc17
2064,2,CÜZDAN,16,0,soc,0.5454403,11.0,0.365150065,0.4642247689026189,0.28515083,3,soc17
2065,2,İLAÇ,17,0,soc,0.4146146,16.0,0.28972844000000003,0.6394665480173614,0.39676955,3,soc17
2066,3,DÜĞME,1,0,soc,,,,0.3932028713724738,,1,soc17
2067,3,LAMBA,2,0,soc,0.66616935,1.0,0.66616935,0.4134251362273428,0.66616935,1,soc17
2068,3,YATAK,3,0,soc,0.39755028,2.0,0.39156077499999997,0.5047291554971245,0.38557127,1,soc17
2069,3,HALI,4,0,soc,0.41179383,3.0,0.373419935,0.5153260405209982,0.39783767,1,soc17
2070,3,KOKU,5,0,soc,0.46388754,4.0,0.31969615500000004,0.4889212620478982,0.33392733,2,soc17
2071,3,SALÇA,6,1,soc,0.62399864,5.0,0.487659965,0.35521954481490114,0.49111593,2,soc17
2072,3,ODA,7,0,soc,0.4827052,4.0,0.258191815,0.6064449004168351,0.23646553,2,soc17
2073,3,KOLA,8,1,soc,0.5345457,2.0,0.366560485,0.5273011469797587,0.19857527,2,soc17
2074,3,FIRIN,9,1,soc,0.61937714,3.0,0.341640395,0.5044677611767232,0.38961592,2,soc17
2075,3,KİTAP,10,0,soc,0.3477716,3.0,0.214966035,0.5475804014942351,0.2069913,3,soc17
2076,3,DUVAR,11,1,soc,0.4160808,10.0,0.33604707,0.4849103191458143,0.33419648,3,soc17
2077,3,ÇİÇEK,12,1,soc,0.45051584,4.0,0.33132956,0.46401694160546336,0.32897812,3,soc17
2078,3,TOPRAK,13,1,soc,0.3972849,1.0,0.35756135,0.5295890955511688,0.3972849,3,soc17
2079,3,DOLAP,14,0,soc,0.59253436,13.0,0.338465475,0.45160096196786104,0.29038775,3,soc17
2080,3,KÜÇÜK,15,0,soc,0.4708734,3.0,0.37159692499999997,0.42832581907804523,0.38089415,3,soc17
2081,3,PARKUR,16,0,soc,0.4097581,2.0,0.349679,0.5651614857162843,0.2895999,3,soc17
2082,3,KALAS,17,0,soc,0.4007821,2.0,0.35147248,0.5845945917285198,0.30216286,3,soc17
2083,4,KALIP,1,1,soc,,,,0.5202815254678368,,1,soc17
2084,4,KUTU,2,0,soc,0.43464944,1.0,0.43464944,0.5005333548094475,0.43464944,1,soc17
2085,4,KASA,3,0,soc,0.34331515,2.0,0.34170036000000004,0.5079363512390036,0.34008557,1,soc17
2086,4,MARKET,4,0,soc,0.47207937,1.0,0.40116657499999997,0.4778138477540982,0.47207937,1,soc17
2087,4,SULUK,5,0,soc,0.4077956,4.0,0.30795476499999996,0.4994923145852873,0.3413419,2,soc17
2088,4,SIRA,6,0,soc,0.27395698,5.0,0.223814695,0.6512357855203366,0.24190436,2,soc17
2089,4,BAHÇE,7,0,soc,0.41458023,2.0,0.33879849500000003,0.47432409841973533,0.26301676,2,soc17
2090,4,ZEMİN,8,0,soc,0.4053062,7.0,0.31205156500000003,0.48110628169592795,0.38117683,2,soc17
2091,4,TAHTA,9,0,soc,0.50979894,7.0,0.400937565,0.48362337944361555,0.373964,2,soc17
2092,4,MEKTUP,10,0,soc,0.32184452,8.0,0.30097258000000005,0.5636593390345463,0.3148368,3,soc17
2093,4,HARİTA,11,0,soc,0.38407496,9.0,0.273283875,0.5654452647578638,0.22204159,3,soc17
2094,4,SİLGİ,12,0,soc,0.3718508,3.0,0.323398605,0.45367550474019247,0.29583558,3,soc17
2095,4,DERGİ,13,0,soc,0.3613815,11.0,0.29747657,0.5844684191151115,0.3344128,3,soc17
2096,4,PARA,14,0,soc,0.42892715,11.0,0.317098465,0.5108067566910386,0.2685765,3,soc17
2097,4,ÇORAP,15,0,soc,0.47379452,14.0,0.324649035,0.4866802724244592,0.3853378,3,soc17
2098,4,HALKA,16,1,soc,0.4055868,6.0,0.34267728,0.5760088815186417,0.31517163,3,soc17
2099,4,TERAS,17,1,soc,0.5827601,10.0,0.32805848000000004,0.6068464835197074,0.28412512,3,soc17
2106,1,AĞAÇ,1,1,eng,,,,0.5728520918337114,,1,eng17
2107,1,BARDAK,2,1,eng,0.46766984,1.0,0.46766984,0.49924360448753125,0.46766984,1,eng17
2108,1,SARI,3,1,eng,0.33464295,1.0,0.31534813500000003,0.5955582382353677,0.33464295,1,eng17
2109,1,EKRAN,4,0,eng,0.25516546,2.0,0.23039656,0.6397431921338421,0.20562766,1,eng17
2110,1,ÖLÇEK,5,1,eng,0.38344455,4.0,0.26453066000000003,0.5576239153074418,0.2835013,2,eng17
2111,1,BEYİN,6,0,eng,0.38922995,4.0,0.29094045,0.5001370217728814,0.32061154,2,eng17
2112,1,KALEM,7,1,eng,0.3726788,6.0,0.35093175,0.47770493724034924,0.3629623,2,eng17
2113,1,ÇANTA,8,0,eng,0.39322418,6.0,0.33729906,0.5036878035985259,0.35293227,2,eng17
2114,1,KAĞIT,9,0,eng,0.54864174,8.0,0.453334425,0.4399218967616211,0.44693145,2,eng17
2115,1,BİNA,10,0,eng,0.36686105,9.0,0.30078601000000005,0.5202842930607857,0.29269272,3,eng17
2116,1,KOLAY,11,0,eng,0.38691002,2.0,0.34307572,0.5770613959139922,0.29924142,3,eng17
2117,1,KALE,12,0,eng,0.4019536,5.0,0.26179912,0.5596863163999062,0.24199994,3,eng17
2118,1,PARK,13,1,eng,0.42821342,12.0,0.29641886,0.5016537161015222,0.39377257,3,eng17
2119,1,KÖPEK,14,0,eng,0.4649074,8.0,0.289148185,0.4925795285125566,0.33429617,3,eng17
2120,1,ŞİŞE,15,0,eng,0.57344735,13.0,0.363682575,0.516536930469851,0.4399126,3,eng17
2121,1,YAZI,16,0,eng,0.4933328,9.0,0.26691387499999997,0.5489269936873982,0.22990675,3,eng17
2122,1,RAKAM,17,0,eng,0.46593082,1.0,0.359532965,0.5388486952906595,0.46593082,3,eng17
2123,1,KABLO,18,0,eng,0.4190494,10.0,0.25661382,0.5747156277288425,0.22632574,3,eng17
2124,2,KEDİ,1,1,eng,,,,0.5053406455015295,,1,eng17
2125,2,TABAK,2,0,eng,0.38218427,1.0,0.38218427,0.5104312304211596,0.38218427,1,eng17
2126,2,TOPLU,3,0,eng,0.3067139,2.0,0.29633557499999996,0.5475712423052728,0.28595725,1,eng17
2127,2,İLAÇ,4,0,eng,0.40010008,3.0,0.313636455,0.5004793548904585,0.27550188,1,eng17
2128,2,GRUP,5,0,eng,0.35744882,2.0,0.343889685,0.50457364966548,0.33033055,2,eng17
2129,2,DEFTER,6,0,eng,0.39090934,2.0,0.34299479,0.5441485729859832,0.29508024,2,eng17
2130,2,KOLTUK,7,1,eng,0.3129203,6.0,0.228253105,0.6298876805115068,0.21883541,2,eng17
2131,2,TERLİK,8,1,eng,0.46227136,6.0,0.297367545,0.41714943290594775,0.31538105,2,eng17
2132,2,SPOR,9,0,eng,0.40417683,1.0,0.299092425,0.6333780299596956,0.40417683,2,eng17
2133,2,KAPI,10,0,eng,0.43674022,9.0,0.3073426,0.4922647659604723,0.20968714,3,eng17
2134,2,KAŞIK,11,0,eng,0.589364,9.0,0.31442777,0.4354854932603067,0.34707394,3,eng17
2135,2,CÜZDAN,12,0,eng,0.5149376,4.0,0.454384565,0.40374269945125996,0.46361983,3,eng17
2136,2,TAŞLIK,13,1,eng,0.56647515,5.0,0.51263194,0.37588881982061395,0.49114892,3,eng17
2137,2,SEHPA,14,0,eng,0.5529075,3.0,0.5257706,0.4747649109171961,0.5061009,3,eng17
2138,2,KISA,15,0,eng,0.3854969,12.0,0.25185050999999997,0.5840867856696041,0.23282285,3,eng17
2139,2,ELMA,16,0,eng,0.46791017,5.0,0.28379686000000004,0.5668151288714068,0.2578248,3,eng17
2140,2,BÜYÜK,17,0,eng,0.40214,2.0,0.376375025,0.5085280874079574,0.35061005,3,eng17
2141,3,LAMBA,1,0,eng,,,,0.4816651749540949,,1,eng17
2142,3,DOLAP,2,0,eng,0.49137753,1.0,0.49137753,0.4630783239416406,0.49137753,1,eng17
2143,3,YATAK,3,0,eng,0.44734916,1.0,0.416460215,0.5000518294415874,0.44734916,1,eng17
2144,3,TOPRAK,4,0,eng,0.31237006,3.0,0.29543131499999997,0.580879847837553,0.30047488,1,eng17
2145,3,KALAS,5,1,eng,0.3306826,1.0,0.27929687000000003,0.6773927047056724,0.3306826,2,eng17
2146,3,DÜĞME,6,0,eng,0.66616935,5.0,0.253771845,0.48710606194035133,0.23835877,2,eng17
2147,3,ODA,7,0,eng,0.4827052,4.0,0.22343579,0.5909156600745314,0.30120072,2,eng17
2148,3,KOKU,8,0,eng,0.46388754,2.0,0.37190281999999997,0.4786207257406735,0.2799181,2,eng17
2149,3,PARKUR,9,1,eng,0.4097581,7.0,0.28491290999999996,0.5728479525505379,0.27347842,2,eng17
2150,3,KÜÇÜK,10,0,eng,0.4007821,5.0,0.33991991,0.4860030526445329,0.2895999,3,eng17
2151,3,FIRIN,11,0,eng,0.51395726,9.0,0.304688075,0.4692312602388127,0.3637446,3,eng17
2152,3,HALI,12,0,eng,0.41348156,10.0,0.35847051500000005,0.477096923423722,0.39744106,3,eng17
2153,3,KİTAP,13,0,eng,0.43762326,11.0,0.27047350000000003,0.5873952461095135,0.3339557,3,eng17
2154,3,KOLA,14,0,eng,0.52985805,8.0,0.262137185,0.4800545184175321,0.22294077,3,eng17
2155,3,SALÇA,15,1,eng,0.62399864,9.0,0.391360995,0.40130199563089475,0.5345457,3,eng17
2156,3,DUVAR,16,1,eng,0.471445,14.0,0.354368725,0.531902380048652,0.3779416,3,eng17
2157,3,ÇİÇEK,17,1,eng,0.4708734,7.0,0.35699475999999997,0.5101598247109286,0.32897812,3,eng17
2158,4,KUTU,1,1,eng,,,,0.5426537714208708,,1,eng17
2159,4,PARA,2,1,eng,0.35182947,1.0,0.35182947,0.5470897975575557,0.35182947,1,eng17
2160,4,ZEMİN,3,1,eng,0.33154258,2.0,0.305468155,0.536623786093855,0.27939373,1,eng17
2161,4,HALKA,4,0,eng,0.37018293,2.0,0.362264705,0.5262076219189646,0.35434648,1,eng17
2162,4,TAHTA,5,0,eng,0.50979894,4.0,0.34783099,0.45872467966628283,0.32169798,2,eng17
2163,4,ÇORAP,6,0,eng,0.4534277,5.0,0.384008645,0.42082201148597,0.45284566,2,eng17
2164,4,KALIP,7,0,eng,0.47379452,1.0,0.408253195,0.49774813048043864,0.47379452,2,eng17
2165,4,MARKET,8,1,eng,0.45019683,3.0,0.37492551500000004,0.4690059622277697,0.3274921,2,eng17
2166,4,SULUK,9,0,eng,0.4077956,2.0,0.37456875,0.4611834417824342,0.3413419,2,eng17
2167,4,BAHÇE,10,0,eng,0.42791113,5.0,0.393160015,0.5187608670076764,0.41458023,3,eng17
2168,4,HARİTA,11,0,eng,0.38407496,10.0,0.2641138,0.605362640471165,0.25646785,3,eng17
2169,4,SİLGİ,12,0,eng,0.4086417,6.0,0.32589259,0.48548912009700584,0.29583558,3,eng17
2170,4,MEKTUP,13,0,eng,0.4055868,9.0,0.28650161,0.5831596531510962,0.35096163,3,eng17
2171,4,SIRA,14,0,eng,0.31013894,10.0,0.24825637,0.6377923167328992,0.21552312,3,eng17
2172,4,DERGİ,15,0,eng,0.3613815,14.0,0.28626802500000004,0.5858192522726846,0.2239896,3,eng17
2173,4,KASA,16,0,eng,0.47207937,8.0,0.2483074,0.5998476197762956,0.24543385,3,eng17
2174,4,TERAS,17,0,eng,0.5827601,7.0,0.2912443,0.6326637449891739,0.31402177,3,eng17
2181,1,ŞİŞE,1,1,soc,,,,0.5912616843783236,,1,soc16
2182,1,KALEM,2,1,soc,0.29204315,1.0,0.29204315,0.5278635532533877,0.29204315,1,soc16
2183,1,BEYİN,3,1,soc,0.3629623,1.0,0.36193372,0.4929132832319747,0.3629623,1,soc16
2184,1,KALE,4,1,soc,0.4019536,2.0,0.378234,0.5335145851666487,0.3545144,1,soc16
2185,1,EKRAN,5,0,soc,0.26126936,2.0,0.236655605,0.6526556942586288,0.21204185,2,soc16
2186,1,KOLAY,6,0,soc,0.2854019,3.0,0.22490000999999998,0.5802599209190527,0.20780008,2,soc16
2187,1,BARDAK,7,0,soc,0.57344735,6.0,0.304038945,0.4496804186628972,0.35291243,2,soc16
2188,1,ÇANTA,8,0,soc,0.475014,7.0,0.3517303,0.5045763392532749,0.39322418,2,soc16
2189,1,KABLO,9,0,soc,0.4190494,1.0,0.37941597000000005,0.49154183193603185,0.4190494,2,soc16
2190,1,AĞAÇ,10,1,soc,0.46766984,3.0,0.39374262,0.3834634553020394,0.40594682,3,soc16
2191,1,ÖLÇEK,11,0,soc,0.38344455,1.0,0.333768295,0.552415058034073,0.38344455,3,soc16
2192,1,KÖPEK,12,1,soc,0.4649074,9.0,0.33706417,0.5056878062568195,0.21210329,3,soc16
2193,1,RAKAM,13,1,soc,0.3962175,11.0,0.36626352500000003,0.5398840959701585,0.33812043,3,soc16
2194,1,PARK,14,0,soc,0.42821342,4.0,0.284088135,0.5310517537112103,0.2338801,3,soc16
2195,1,SARI,15,1,soc,0.35213766,11.0,0.25007465,0.5835188968764744,0.2391728,3,soc16
2196,1,BİNA,16,1,soc,0.40404665,2.0,0.336847495,0.542510750545504,0.26964834,3,soc16
2197,1,KAĞIT,17,0,soc,0.54864174,7.0,0.33719705,0.498493460181325,0.29269272,3,soc16
2198,1,YAZI,18,1,soc,0.4933328,16.0,0.330217345,0.587869161750545,0.38580614,3,soc16
2199,2,KAPI,1,1,soc,,,,0.5597110837353165,,1,soc16
2200,2,TABAK,2,0,soc,0.36269918,1.0,0.36269918,0.5299356938189177,0.36269918,1,soc16
2201,2,SEHPA,3,0,soc,0.5148338,2.0,0.49252654,0.41712886691259576,0.47021928,1,soc16
2202,2,KISA,4,0,soc,0.24146943,2.0,0.23714614,0.6504682980394784,0.23282285,1,soc16
2203,2,CÜZDAN,5,0,soc,0.5454403,2.0,0.425725585,0.4340696275732373,0.30601087,2,soc16
2204,2,ELMA,6,0,soc,0.38530537,4.0,0.28532214,0.5329214838373948,0.31281948,2,soc16
2205,2,KAŞIK,7,1,soc,0.589364,5.0,0.465765,0.41960291622939694,0.46791017,2,soc16
2206,2,TERLİK,8,1,soc,0.5154791,5.0,0.408353985,0.41034479933542645,0.44719017,2,soc16
2207,2,DEFTER,9,1,soc,0.43763897,4.0,0.32021472,0.5759666051944514,0.27935404,2,soc16
2208,2,KOLTUK,10,0,soc,0.4808347,7.0,0.26710823,0.6676681334959695,0.21883541,3,soc16
2209,2,SPOR,11,0,soc,0.40417683,3.0,0.21751519,0.5932851793564498,0.19400802,3,soc16
2210,2,TAŞLIK,12,0,soc,0.56647515,4.0,0.25203309,0.45528857345034823,0.26740217,3,soc16
2211,2,İLAÇ,13,1,soc,0.4146146,5.0,0.31032071,0.5106816813207304,0.3679627,3,soc16
2212,2,BÜYÜK,14,0,soc,0.40214,10.0,0.35160645,0.5225381204493657,0.3721858,3,soc16
2213,2,KEDİ,15,1,soc,0.5216344,8.0,0.34189289,0.5375367245957696,0.2836857,3,soc16
2214,2,GRUP,16,1,soc,0.40395597,5.0,0.25500065,0.5758102881015228,0.2181228,3,soc16
2215,2,TOPLU,17,1,soc,0.3854969,13.0,0.33208136,0.5483644330483752,0.35744882,3,soc16
2216,3,KOLA,1,0,soc,,,,0.4796244501058641,,1,soc16
2217,3,KÜÇÜK,2,0,soc,0.42247745,1.0,0.42247745,0.47260217358119283,0.42247745,1,soc16
2218,3,ÇİÇEK,3,0,soc,0.4708734,1.0,0.46069462,0.5282983112762365,0.4708734,1,soc16
2219,3,PARKUR,4,0,soc,0.2895999,2.0,0.27616455,0.5650416746679423,0.2627292,1,soc16
2220,3,HALI,5,0,soc,0.31949997,3.0,0.30897936,0.5315598696347569,0.30769196,2,soc16
2221,3,ODA,6,1,soc,0.3292778,4.0,0.27712346,0.6052720945158607,0.25789952,2,soc16
2222,3,SALÇA,7,0,soc,0.5345457,6.0,0.360334765,0.4350770331455257,0.23646553,2,soc16
2223,3,LAMBA,8,0,soc,0.5125295,1.0,0.410529,0.4529477475027599,0.5125295,2,soc16
2224,3,DOLAP,9,0,soc,0.49627897,2.0,0.49382824999999997,0.36282162373933025,0.49137753,2,soc16
2225,3,TOPRAK,10,1,soc,0.3972849,7.0,0.301378905,0.5601274391116284,0.29038775,3,soc16
2226,3,DUVAR,11,0,soc,0.471445,2.0,0.39464140000000003,0.4708146265887866,0.3178378,3,soc16
2227,3,FIRIN,12,1,soc,0.61937714,5.0,0.34474908,0.4646268987115123,0.33789766,3,soc16
2228,3,YATAK,13,0,soc,0.4827052,7.0,0.35026039,0.5225178897661071,0.37166205,3,soc16
2229,3,KİTAP,14,0,soc,0.43762326,5.0,0.2312986,0.5963942085695095,0.2556059,3,soc16
2230,3,DÜĞME,15,1,soc,0.66616935,7.0,0.35696370499999996,0.40579396005358637,0.31637713,3,soc16
2231,3,KALAS,16,1,soc,0.4007821,14.0,0.24647136,0.650045365249059,0.23835877,3,soc16
2232,3,KOKU,17,1,soc,0.49111593,10.0,0.36540728499999997,0.5396349153668,0.26692703,3,soc16
2233,4,TERAS,1,0,soc,,,,0.6093695367807701,,1,soc16
2234,4,KALIP,2,0,soc,0.2917533,1.0,0.2917533,0.4639472376868331,0.2917533,1,soc16
2235,4,KUTU,3,0,soc,0.43464944,1.0,0.36536011,0.4792449285393977,0.43464944,1,soc16
2236,4,ÇORAP,4,0,soc,0.47379452,2.0,0.46361111,0.37984655549031565,0.4534277,1,soc16
2237,4,SİLGİ,5,1,soc,0.4086417,1.0,0.35427079,0.5141423627521089,0.4086417,2,soc16
2238,4,MARKET,6,0,soc,0.42235893,2.0,0.361255525,0.4789254163261253,0.30015212,2,soc16
2239,4,KASA,7,0,soc,0.47207937,1.0,0.407658535,0.4612379710353647,0.47207937,2,soc16
2240,4,SIRA,8,1,soc,0.28098962,3.0,0.22845299000000002,0.6237121458615824,0.25118095,2,soc16
2241,4,HALKA,9,0,soc,0.33861277,6.0,0.30378542,0.5338515414797984,0.31013894,2,soc16
2242,4,PARA,10,1,soc,0.42892715,3.0,0.329570815,0.4958631220337275,0.37018293,3,soc16
2243,4,TAHTA,11,0,soc,0.50979894,8.0,0.31779059,0.5012248226216107,0.3138832,3,soc16
2244,4,DERGİ,12,0,soc,0.3613815,9.0,0.2808667,0.6048115207763082,0.2931569,3,soc16
2245,4,BAHÇE,13,0,soc,0.5827601,12.0,0.34179991499999995,0.5233859483155028,0.2556887,3,soc16
2246,4,HARİTA,14,0,soc,0.38407496,11.0,0.258504095,0.5697021408338894,0.25646785,3,soc16
2247,4,SULUK,15,0,soc,0.41458023,2.0,0.34316999000000004,0.5081771484313585,0.27175975,3,soc16
2248,4,ZEMİN,16,1,soc,0.49636292,15.0,0.37591552500000003,0.47760153809973405,0.38278615,3,soc16
2249,4,MEKTUP,17,1,soc,0.4055868,8.0,0.285366995,0.6513289423240374,0.28710836,3,soc16
2256,1,AĞAÇ,1,1,eng,,,,0.5221445716516795,,1,eng16
2257,1,SARI,2,1,eng,0.29605332,1.0,0.29605332,0.5836485777898476,0.29605332,1,eng16
2258,1,BARDAK,3,1,eng,0.46766984,2.0,0.401156395,0.4471570170557281,0.33464295,1,eng16
2259,1,RAKAM,4,0,eng,0.3451504,3.0,0.2911638,0.515966139682307,0.3213511,1,eng16
2260,1,KAĞIT,5,1,eng,0.54864174,4.0,0.457448915,0.3584015966017091,0.42579085,2,eng16
2261,1,KALEM,6,0,eng,0.4597374,1.0,0.42797745,0.4646208451591052,0.4597374,2,eng16
2262,1,ÇANTA,7,0,eng,0.44693145,2.0,0.39993186000000003,0.4967258201313328,0.35293227,2,eng16
2263,1,ÖLÇEK,8,1,eng,0.39440662,4.0,0.290464755,0.5143879874967018,0.24202831,2,eng16
2264,1,PARK,9,0,eng,0.42821342,8.0,0.324370775,0.5636559733527333,0.30512348,2,eng16
2265,1,KOLAY,10,0,eng,0.38691002,5.0,0.262582305,0.5712683346930965,0.19906515,3,eng16
2266,1,YAZI,11,1,eng,0.4933328,5.0,0.303066585,0.5430683261223528,0.3252166,3,eng16
2267,1,KABLO,12,0,eng,0.4190494,5.0,0.2911167,0.48829110644092744,0.2869019,3,eng16
2268,1,ŞİŞE,13,0,eng,0.57344735,10.0,0.32011155,0.50342285767852,0.41031635,3,eng16
2269,1,KÖPEK,14,0,eng,0.46202505,13.0,0.37108153499999996,0.4773803147242197,0.4399126,3,eng16
2270,1,KALE,15,0,eng,0.4019536,9.0,0.26834668500000003,0.5671521165916257,0.2440002,3,eng16
2271,1,BİNA,16,0,eng,0.40404665,7.0,0.307066815,0.5494653699668363,0.2815983,3,eng16
2272,1,BEYİN,17,0,eng,0.4649074,3.0,0.34532395,0.480299168975736,0.3361335,3,eng16
2273,1,EKRAN,18,0,eng,0.34407964,6.0,0.25476925,0.6773813351826605,0.26126936,3,eng16
2274,2,DEFTER,1,1,eng,,,,0.6065390516009566,,1,eng16
2275,2,ELMA,2,0,eng,0.28340057,1.0,0.28340057,0.6114090645688781,0.28340057,1,eng16
2276,2,TERLİK,3,0,eng,0.3695178,1.0,0.32443592,0.43302199043987155,0.3695178,1,eng16
2277,2,KAPI,4,0,eng,0.40499806,1.0,0.32755040999999996,0.4907883629433658,0.40499806,1,eng16
2278,2,CÜZDAN,5,0,eng,0.5149376,2.0,0.48004345000000004,0.3993455652705933,0.4451493,2,eng16
2279,2,SEHPA,6,1,eng,0.5454403,1.0,0.53013705,0.39205632562064885,0.5454403,2,eng16
2280,2,TABAK,7,1,eng,0.47021928,1.0,0.43351449,0.4664997207124417,0.47021928,2,eng16
2281,2,İLAÇ,8,0,eng,0.4146146,5.0,0.329146805,0.5458135052327517,0.35177103,2,eng16
2282,2,BÜYÜK,9,0,eng,0.3721858,1.0,0.35721115000000003,0.5293773614533386,0.3721858,2,eng16
2283,2,KOLTUK,10,1,eng,0.4808347,4.0,0.20202247,0.633414486383711,0.22135761,3,eng16
2284,2,SPOR,11,0,eng,0.40417683,8.0,0.25605288000000004,0.6410254753199784,0.19400802,3,eng16
2285,2,KEDİ,12,1,eng,0.49827254,6.0,0.247855015,0.500646281541351,0.18278973,3,eng16
2286,2,KAŞIK,13,1,eng,0.589364,6.0,0.40170800000000007,0.44305796263624,0.5216344,3,eng16
2287,2,TAŞLIK,14,0,eng,0.56647515,11.0,0.50115727,0.45564567843504156,0.53411496,3,eng16
2288,2,TOPLU,15,1,eng,0.35500956,10.0,0.32714350999999997,0.49462503792466717,0.34560212,3,eng16
2289,2,GRUP,16,0,eng,0.40395597,5.0,0.339840695,0.5500708582935088,0.35744882,3,eng16
2290,2,KISA,17,0,eng,0.40214,8.0,0.352215,0.5651969127420791,0.3189331,3,eng16
2291,3,ODA,1,1,eng,,,,0.6283404594840356,,1,eng16
2292,3,KOKU,2,0,eng,0.2799181,1.0,0.2799181,0.5535646991958021,0.2799181,1,eng16
2293,3,KALAS,3,0,eng,0.26692703,1.0,0.206298945,0.6586244829329222,0.26692703,1,eng16
2294,3,DOLAP,4,0,eng,0.4199563,2.0,0.32096016,0.41772920588525875,0.22196402,1,eng16
2295,3,DUVAR,5,1,eng,0.471445,1.0,0.387386815,0.4616545646306952,0.471445,2,eng16
2296,3,TOPRAK,6,0,eng,0.36813366,4.0,0.304112775,0.5571794049713534,0.3178378,2,eng16
2297,3,PARKUR,7,0,eng,0.4097581,3.0,0.28191054,0.5431515895637813,0.24761248,2,eng16
2298,3,LAMBA,8,0,eng,0.49137753,4.0,0.34006965,0.4663548496024368,0.36776924,2,eng16
2299,3,HALI,9,0,eng,0.41348156,5.0,0.32834708,0.5045317753323306,0.3490022,2,eng16
2300,3,ÇİÇEK,10,0,eng,0.4020268,8.0,0.33206862,0.5417992556544021,0.31026676,3,eng16
2301,3,KİTAP,11,1,eng,0.43762326,7.0,0.33381835000000004,0.5596416279565741,0.333681,3,eng16
2302,3,DÜĞME,12,1,eng,0.66616935,4.0,0.3347539,0.4086186373560923,0.31637713,3,eng16
2303,3,FIRIN,13,1,eng,0.51395726,9.0,0.350503675,0.497190360187744,0.49401605,3,eng16
2304,3,KÜÇÜK,14,0,eng,0.4708734,4.0,0.37815838,0.46859677132585686,0.3637446,3,eng16
2305,3,YATAK,15,1,eng,0.4827052,14.0,0.35868822499999997,0.5111135389512056,0.3457144,3,eng16
2306,3,KOLA,16,0,eng,0.52985805,4.0,0.38743657499999995,0.45365936963471365,0.3523957,3,eng16
2307,3,SALÇA,17,0,eng,0.62399864,5.0,0.46615169,0.440145826466675,0.5345457,3,eng16
2308,4,HALKA,1,1,eng,,,,0.6021522893213274,,1,eng16
2309,4,MARKET,2,1,eng,0.3330528,1.0,0.3330528,0.4630300369442555,0.3330528,1,eng16
2310,4,TAHTA,3,1,eng,0.45019683,1.0,0.385947405,0.4844691026312262,0.45019683,1,eng16
2311,4,KALIP,4,0,eng,0.34271187,1.0,0.335101985,0.5594362686480494,0.34271187,1,eng16
2312,4,DERGİ,5,1,eng,0.3527386,3.0,0.2616752,0.5577676033829756,0.2301935,2,eng16
2313,4,MEKTUP,6,0,eng,0.4055868,5.0,0.312493355,0.5533261289988445,0.34854645,2,eng16
2314,4,SIRA,7,1,eng,0.31013894,6.0,0.21975636,0.6413114402710983,0.21552312,2,eng16
2315,4,SİLGİ,8,0,eng,0.3718508,5.0,0.315975625,0.4668921719170863,0.28098962,2,eng16
2316,4,SULUK,9,0,eng,0.4077956,5.0,0.285319795,0.521231636630316,0.32873523,2,eng16
2317,4,ÇORAP,10,0,eng,0.47379452,6.0,0.39422508,0.44938598048446576,0.37980846,3,eng16
2318,4,BAHÇE,11,0,eng,0.42791113,8.0,0.39027080000000003,0.5005299067293691,0.36596137,3,eng16
2319,4,KASA,12,0,eng,0.47207937,10.0,0.333728835,0.5561604343208713,0.26488227,3,eng16
2320,4,KUTU,13,0,eng,0.50979894,10.0,0.33631220500000003,0.4908929090793607,0.34008557,3,eng16
2321,4,ZEMİN,14,1,eng,0.4053062,10.0,0.30602430999999997,0.47842891381211317,0.33154258,3,eng16
2322,4,TERAS,15,0,eng,0.5827601,4.0,0.39621684999999995,0.5146979512520952,0.49636292,3,eng16
2323,4,PARA,16,0,eng,0.42892715,4.0,0.275662585,0.5939549110047332,0.27193144,3,eng16
2324,4,HARİTA,17,1,eng,0.38407496,4.0,0.27673164,0.5928581605639605,0.25755575,3,eng16
2331,1,RAKAM,1,1,soc,,,,0.5968320647558124,,1,soc15
2332,1,SARI,2,0,soc,0.2609765,1.0,0.2609765,0.6076736658130453,0.2609765,1,soc15
2333,1,KOLAY,3,0,soc,0.32357016,2.0,0.29886608000000003,0.5566472014838968,0.274162,1,soc15
2334,1,BİNA,4,0,soc,0.29924142,1.0,0.28444488,0.5395339425029696,0.29924142,1,soc15
2335,1,AĞAÇ,5,0,soc,0.36686105,1.0,0.328028235,0.47738949478478043,0.36686105,2,soc15
2336,1,ÇANTA,6,0,soc,0.38153842,1.0,0.34520886,0.49980564091030344,0.38153842,2,soc15
2337,1,YAZI,7,0,soc,0.46593082,6.0,0.32345207,0.5681336289974294,0.29162297,2,soc15
2338,1,KALE,8,0,soc,0.35213766,6.0,0.300649825,0.5785029679206455,0.30715865,2,soc15
2339,1,KÖPEK,9,0,soc,0.46202505,4.0,0.2739606,0.48720515359754124,0.2440002,2,soc15
2340,1,ŞİŞE,10,1,soc,0.475014,4.0,0.36630288499999997,0.4893252229985908,0.4399126,3,soc15
2341,1,EKRAN,11,0,soc,0.27778062,10.0,0.22124007499999998,0.6420239520217426,0.22037308,3,soc15
2342,1,KAĞIT,12,0,soc,0.54864174,7.0,0.326381525,0.4424087370860623,0.2243732,3,soc15
2343,1,KABLO,13,0,soc,0.4190494,7.0,0.34015627000000004,0.49027230513004516,0.3362329,3,soc15
2344,1,KALEM,14,1,soc,0.4933328,7.0,0.411165985,0.4712555914218226,0.36259457,3,soc15
2345,1,BEYİN,15,0,soc,0.4649074,6.0,0.304421355,0.5086682453732354,0.3629623,3,soc15
2346,1,ÖLÇEK,16,0,soc,0.39440662,15.0,0.32975637,0.547075337158216,0.32061154,3,soc15
2347,1,BARDAK,17,1,soc,0.57344735,7.0,0.33888745,0.5431412001720743,0.28854495,3,soc15
2348,1,PARK,18,0,soc,0.42821342,13.0,0.29038320500000003,0.5961048954088202,0.27564293,3,soc15
2349,2,SPOR,1,0,soc,,,,0.6756121991445286,,1,soc15
2350,2,SEHPA,2,0,soc,0.24497288,1.0,0.24497288,0.4835213618324359,0.24497288,1,soc15
2351,2,CÜZDAN,3,0,soc,0.5454403,1.0,0.40918567,0.4189963272603525,0.5454403,1,soc15
2352,2,KAŞIK,4,0,soc,0.5529075,2.0,0.508263665,0.46115420578273236,0.46361983,1,soc15
2353,2,İLAÇ,5,0,soc,0.39676955,2.0,0.38558921,0.4898162129835242,0.37440887,2,soc15
2354,2,TERLİK,6,0,soc,0.5154791,4.0,0.430902385,0.4016007973098471,0.4146146,2,soc15
2355,2,KISA,7,0,soc,0.34222457,2.0,0.338206425,0.5654390811410043,0.33418828,2,soc15
2356,2,TAŞLIK,8,0,soc,0.56647515,2.0,0.41867666000000003,0.4385008552455274,0.27087817,2,soc15
2357,2,ELMA,9,0,soc,0.46791017,5.0,0.334464815,0.6014018663808132,0.41110483,2,soc15
2358,2,GRUP,10,0,soc,0.40395597,9.0,0.2556267,0.5462813367433408,0.18902083,3,soc15
2359,2,DEFTER,11,0,soc,0.43763897,8.0,0.28924040500000003,0.5375672974930512,0.29508024,3,soc15
2360,2,KAPI,12,1,soc,0.5148338,10.0,0.331716525,0.4826881854108038,0.31599095,3,soc15
2361,2,TABAK,13,0,soc,0.589364,9.0,0.338792875,0.4838960729077597,0.36269918,3,soc15
2362,2,KEDİ,14,0,soc,0.5216344,10.0,0.409462245,0.46338186545495785,0.38218427,3,soc15
2363,2,TOPLU,15,0,soc,0.3854969,8.0,0.29633557499999996,0.599036944633303,0.3067139,3,soc15
2364,2,BÜYÜK,16,0,soc,0.40214,9.0,0.289041185,0.5890589346627719,0.29439667,3,soc15
2365,2,KOLTUK,17,1,soc,0.4808347,15.0,0.193465,0.6753431835032616,0.22135761,3,soc15
2366,3,SALÇA,1,1,soc,,,,0.5819520534387974,,1,soc15
2367,3,KİTAP,2,0,soc,0.24817629,1.0,0.24817629,0.5748944569326037,0.24817629,1,soc15
2368,3,KOLA,3,1,soc,0.5345457,2.0,0.378743235,0.5830546399196064,0.22294077,1,soc15
2369,3,ODA,4,1,soc,0.3477716,2.0,0.273173435,0.5643632799229582,0.19857527,1,soc15
2370,3,PARKUR,5,0,soc,0.33112192,3.0,0.284103015,0.5549016634127535,0.2963474,2,soc15
2371,3,KÜÇÜK,6,1,soc,0.42247745,3.0,0.30943885000000004,0.44294780859853766,0.2895999,2,soc15
2372,3,DUVAR,7,0,soc,0.3779416,6.0,0.32065900999999997,0.5017754327095834,0.32510942,2,soc15
2373,3,TOPRAK,8,0,soc,0.3622997,2.0,0.34006875000000003,0.5271333660067026,0.3178378,2,soc15
2374,3,ÇİÇEK,9,1,soc,0.4708734,3.0,0.36313151,0.46495066594492385,0.3972849,2,soc15
2375,3,DOLAP,10,0,soc,0.49627897,9.0,0.338465475,0.392824792997411,0.3865432,3,soc15
2376,3,LAMBA,11,0,soc,0.5125295,10.0,0.42262400499999997,0.42562177531779644,0.49137753,3,soc15
2377,3,HALI,12,0,soc,0.484204,11.0,0.38124188000000003,0.5022421646618098,0.3490022,3,soc15
2378,3,KOKU,13,1,soc,0.49111593,12.0,0.392657725,0.46248287295681123,0.33392733,3,soc15
2379,3,FIRIN,14,0,soc,0.61937714,13.0,0.42580731,0.4066743326249602,0.45417356,3,soc15
2380,3,DÜĞME,15,0,soc,0.66616935,4.0,0.47895179499999996,0.40428834942281855,0.49401605,3,soc15
2381,3,YATAK,16,1,soc,0.4827052,12.0,0.384606165,0.55679308066289,0.39755028,3,soc15
2382,3,KALAS,17,0,soc,0.4007821,11.0,0.233134955,0.6782214874650865,0.22791114,3,soc15
2383,4,DERGİ,1,0,soc,,,,0.6638921673903365,,1,soc15
2384,4,KASA,2,1,soc,0.24543385,1.0,0.24543385,0.5523558653389347,0.24543385,1,soc15
2385,4,ÇORAP,3,1,soc,0.4025754,1.0,0.333267835,0.44002895081683124,0.4025754,1,soc15
2386,4,SİLGİ,4,0,soc,0.4086417,1.0,0.3759397,0.47605876938966796,0.4086417,1,soc15
2387,4,HALKA,5,0,soc,0.32960632,1.0,0.32238897499999997,0.5461012931669853,0.32960632,2,soc15
2388,4,KALIP,6,0,soc,0.47379452,3.0,0.30719257499999997,0.43917954815265337,0.26413625,2,soc15
2389,4,ZEMİN,7,1,soc,0.4053062,1.0,0.37982634000000004,0.4931740102882385,0.4053062,2,soc15
2390,4,KUTU,8,0,soc,0.4534277,5.0,0.38309601,0.4833442886619157,0.33154258,2,soc15
2391,4,HARİTA,9,0,soc,0.38407496,1.0,0.37655993,0.52605653465875,0.38407496,2,soc15
2392,4,SIRA,10,0,soc,0.31013894,5.0,0.22976404,0.6388267239373164,0.23554245,3,soc15
2393,4,MEKTUP,11,0,soc,0.4055868,6.0,0.218782355,0.5727368762420384,0.21552312,3,soc15
2394,4,TAHTA,12,1,soc,0.50979894,4.0,0.27117429000000004,0.4904498855378626,0.3148368,3,soc15
2395,4,PARA,13,0,soc,0.42892715,11.0,0.3267265,0.5041085052080968,0.3138832,3,soc15
2396,4,MARKET,14,0,soc,0.47207937,12.0,0.41544757499999996,0.4454017327334965,0.38069832,3,soc15
2397,4,TERAS,15,0,soc,0.49636292,8.0,0.33223784,0.4492294257117737,0.39254424,3,soc15
2398,4,SULUK,16,0,soc,0.4077956,10.0,0.348070525,0.5078898142464756,0.35479915,3,soc15
2399,4,BAHÇE,17,0,soc,0.5827601,2.0,0.498670165,0.3947474837383359,0.41458023,3,soc15
2406,1,MASA,1,0,soc,,,,0.5382043813689277,,1,soc14
2407,1,PARK,2,1,soc,0.31998503,1.0,0.31998503,0.5475785286829901,0.31998503,1,soc14
2408,1,BARDAK,3,1,soc,0.38489762,2.0,0.330270275,0.5274720315616186,0.27564293,1,soc14
2409,1,RAKAM,4,1,soc,0.3213511,1.0,0.2776156,0.5607971841786878,0.3213511,1,soc14
2410,1,BİNA,5,0,soc,0.40404665,3.0,0.27831286,0.5207356351470018,0.2963404,2,soc14
2411,1,SARI,6,0,soc,0.33464295,3.0,0.26531242,0.5877147517251511,0.26964834,2,soc14
2412,1,AĞAÇ,7,0,soc,0.46766984,4.0,0.331457185,0.47268164251976097,0.29605332,2,soc14
2413,1,YAZI,8,0,soc,0.46593082,4.0,0.31067765999999997,0.5208532215379271,0.35528117,2,soc14
2414,1,ÇANTA,9,0,soc,0.39751527,8.0,0.336580695,0.5266112716218593,0.29162297,2,soc14
2415,1,BEYİN,10,0,soc,0.3991087,9.0,0.356445535,0.47082122533038606,0.32166585,3,soc14
2416,1,KAĞIT,11,0,soc,0.54864174,4.0,0.40901532500000004,0.4366872760854611,0.3710992,3,soc14
2417,1,ÖLÇEK,12,0,soc,0.39440662,8.0,0.33652463499999996,0.5603641237942445,0.35243773,3,soc14
2418,1,KÖPEK,13,0,soc,0.4649074,3.0,0.31436666,0.5095826490038309,0.21210329,3,soc14
2419,1,KALE,14,0,soc,0.39377257,12.0,0.28714625,0.5540026828672739,0.2440002,3,soc14
2420,1,KALEM,15,0,soc,0.4933328,7.0,0.3783096,0.5057345013330321,0.4019536,3,soc14
2421,1,KOLAY,16,1,soc,0.38691002,5.0,0.24168762,0.6246697333936423,0.2413753,3,soc14
2422,1,ŞİŞE,17,0,soc,0.57344735,14.0,0.27718644,0.6011966812301659,0.26232973,3,soc14
2423,1,EKRAN,18,0,soc,0.2835013,6.0,0.21408658,0.6895769199559596,0.22037308,3,soc14
2424,2,SPOR,1,1,soc,,,,0.7372227628177174,,1,soc14
2425,2,KAPI,2,0,soc,0.20968714,1.0,0.20968714,0.48718688682274935,0.20968714,1,soc14
2426,2,KEDİ,3,0,soc,0.43674022,1.0,0.309764975,0.46844270334836613,0.43674022,1,soc14
2427,2,CÜZDAN,4,0,soc,0.4451493,2.0,0.4448365,0.40609052938569756,0.4445237,1,soc14
2428,2,KOLTUK,5,0,soc,0.35490826,3.0,0.299035565,0.610125890092415,0.28515083,2,soc14
2429,2,İLAÇ,6,1,soc,0.40010008,3.0,0.28972844000000003,0.46669978558197134,0.18268733,2,soc14
2430,2,DEFTER,7,0,soc,0.43763897,3.0,0.304872375,0.5259144077189242,0.39090934,2,soc14
2431,2,GRUP,8,0,soc,0.40395597,7.0,0.312705395,0.5437301872329423,0.29508024,2,soc14
2432,2,KISA,9,0,soc,0.34222457,3.0,0.282490515,0.5320395650562455,0.3189331,2,soc14
2433,2,BÜYÜK,10,0,soc,0.40214,1.0,0.34700925,0.5146415808051961,0.40214,3,soc14
2434,2,ŞİŞE,11,0,soc,0.45488286,8.0,0.24842872,0.5838278463035378,0.26435834,3,soc14
2435,2,TERLİK,12,0,soc,0.5149376,8.0,0.36517590499999997,0.4326930791501672,0.38994074,3,soc14
2436,2,TOPLU,13,0,soc,0.3854969,4.0,0.28638390999999996,0.6252295666161921,0.343236,3,soc14
2437,2,TABAK,14,1,soc,0.46227136,2.0,0.374114305,0.38812441845058465,0.28595725,3,soc14
2438,2,KAŞIK,15,0,soc,0.589364,1.0,0.44902445,0.3381988611864075,0.589364,3,soc14
2439,2,ELMA,16,1,soc,0.46791017,1.0,0.42660777,0.5592531117277341,0.46791017,3,soc14
2440,2,SEHPA,17,0,soc,0.5529075,2.0,0.43133821,0.48474698743923117,0.30976892,3,soc14
2441,3,FIRIN,1,1,soc,,,,0.5064938960145053,,1,soc14
2442,3,DUVAR,2,0,soc,0.33789766,1.0,0.33789766,0.5488563341950141,0.33789766,1,soc14
2443,3,HALI,3,0,soc,0.39744106,2.0,0.36837268,0.4946254586800577,0.3393043,1,soc14
2444,3,KÜÇÜK,4,0,soc,0.3637446,3.0,0.32230469500000003,0.46434768970074347,0.31949997,1,soc14
2445,3,SALÇA,5,0,soc,0.61937714,4.0,0.422770475,0.38612959678198255,0.36133695,2,soc14
2446,3,ÇİÇEK,6,0,soc,0.4708734,2.0,0.4279424,0.4601432127385563,0.3850114,2,soc14
2447,3,KALAS,7,0,soc,0.4007821,3.0,0.328812375,0.5441006480326346,0.33133048,2,soc14
2448,3,LAMBA,8,0,soc,0.5125295,3.0,0.31849262,0.4008069314698073,0.28311476,2,soc14
2449,3,TOPRAK,9,0,soc,0.3972849,3.0,0.32152632999999997,0.5455644711231598,0.31237006,2,soc14
2450,3,DÜĞME,10,0,soc,0.66616935,2.0,0.46767713499999997,0.38987410951457047,0.26918492,3,soc14
2451,3,PARKUR,11,1,soc,0.36776924,3.0,0.29760016499999997,0.531291457570794,0.34758785,3,soc14
2452,3,DOLAP,12,1,soc,0.59253436,2.0,0.50114623,0.38506708594904304,0.4097581,3,soc14
2453,3,KİTAP,13,0,soc,0.43762326,1.0,0.38437259,0.5359751308676531,0.43762326,3,soc14
2454,3,ODA,14,1,soc,0.3933454,2.0,0.3705585,0.5094888839643557,0.3477716,3,soc14
2455,3,YATAK,15,1,soc,0.4827052,1.0,0.36915555,0.44655111842926354,0.4827052,3,soc14
2456,3,KOKU,16,0,soc,0.49111593,11.0,0.29269154,0.6171904428262869,0.30546498,3,soc14
2457,3,CAM,17,0,soc,0.42991534,7.0,0.28376215,0.6578632038337386,0.22704084,3,soc14
2458,4,FIRIN,1,0,soc,,,,0.5849617609846569,,1,soc14
2459,4,KALIP,2,0,soc,0.35546896,1.0,0.35546896,0.45737696221467206,0.35546896,1,soc14
2460,4,KUTU,3,0,soc,0.43464944,1.0,0.39827402,0.4452989031674732,0.43464944,1,soc14
2461,4,MEKTUP,4,1,soc,0.32184452,1.0,0.29914239,0.6008786082762728,0.32184452,1,soc14
2462,4,ÇORAP,5,1,soc,0.47379452,3.0,0.33264998,0.40829940196257153,0.21187226,2,soc14
2463,4,MARKET,6,1,soc,0.42235893,1.0,0.34458956500000004,0.46028274805494274,0.42235893,2,soc14
2464,4,PARA,7,1,soc,0.3853378,2.0,0.38301806,0.5106751209377374,0.38069832,2,soc14
2465,4,TERAS,8,1,soc,0.39254424,2.0,0.33223784,0.5306058948764589,0.27193144,2,soc14
2466,4,DERGİ,9,0,soc,0.3613815,6.0,0.26852166499999996,0.5905771233170254,0.26846683,2,soc14
2467,4,HARİTA,10,1,soc,0.38407496,7.0,0.278223935,0.5624796050125759,0.26054034,3,soc14
2468,4,KASA,11,0,soc,0.47207937,5.0,0.24892006,0.5664977461081501,0.25240627,3,soc14
2469,4,ZEMİN,12,0,soc,0.49636292,4.0,0.32477547,0.4949279719560492,0.28050604,3,soc14
2470,4,TAHTA,13,0,soc,0.50979894,10.0,0.3568345,0.45421085235729286,0.373964,3,soc14
2471,4,SİLGİ,14,0,soc,0.4086417,9.0,0.34080489999999997,0.4927728825968034,0.3718508,3,soc14
2472,4,BAHÇE,15,0,soc,0.5827601,7.0,0.391930365,0.5147541871334246,0.3559496,3,soc14
2473,4,HALKA,16,0,soc,0.4055868,12.0,0.293867585,0.5712001194667504,0.25812885,3,soc14
2474,4,SIRA,17,1,soc,0.31013894,1.0,0.28657785,0.6146582613899756,0.31013894,3,soc14
2481,1,RAKAM,1,0,soc,,,,0.6078689167603353,,1,soc13
2482,1,BARDAK,2,0,soc,0.3213511,1.0,0.3213511,0.5497370405663959,0.3213511,1,soc13
2483,1,KALE,3,1,soc,0.33625048,1.0,0.26876331,0.5078422394866302,0.33625048,1,soc13
2484,1,KALEM,4,1,soc,0.4019536,1.0,0.37207566000000003,0.4451306652626076,0.4019536,1,soc13
2485,1,PARK,5,1,soc,0.39377257,2.0,0.338982685,0.5428348324711646,0.2841928,2,soc13
2486,1,ÇANTA,6,0,soc,0.39322418,4.0,0.34827516999999997,0.43405600611236606,0.34361807,2,soc13
2487,1,KAĞIT,7,1,soc,0.48910698,5.0,0.380692975,0.4287110248011924,0.44693145,2,soc13
2488,1,ŞİŞE,8,0,soc,0.57344735,6.0,0.451701925,0.4419364735378646,0.42838985,2,soc13
2489,1,KÖPEK,9,0,soc,0.4399126,1.0,0.428271315,0.44229221252228,0.4399126,2,soc13
2490,1,BİNA,10,1,soc,0.40404665,5.0,0.323015545,0.5474262724986507,0.33253533,3,soc13
2491,1,AĞAÇ,11,1,soc,0.54864174,4.0,0.41444305000000004,0.4440008389366872,0.36686105,3,soc13
2492,1,EKRAN,12,1,soc,0.27778062,11.0,0.238443405,0.6395156453806488,0.22861767,3,soc13
2493,1,YAZI,13,0,soc,0.4933328,9.0,0.303643075,0.530896331382491,0.25200498,3,soc13
2494,1,MASA,14,1,soc,0.39751527,8.0,0.28151463,0.5269947816946574,0.3030605,3,soc13
2495,1,SARI,15,1,soc,0.38170138,8.0,0.28760552500000003,0.583500523025459,0.3091369,3,soc13
2496,1,BEYİN,16,0,soc,0.4649074,7.0,0.35700756,0.47438441864783476,0.31490642,3,soc13
2497,1,KOLAY,17,0,soc,0.38691002,10.0,0.27978195,0.6127075925165888,0.2854019,3,soc13
2498,1,ÖLÇEK,18,0,soc,0.39440662,17.0,0.3233555,0.5982409863754183,0.32609946,3,soc13
2499,2,CÜZDAN,1,0,soc,,,,0.4898753643306091,,1,soc13
2500,2,TERLİK,2,0,soc,0.5149376,1.0,0.5149376,0.4491343920084927,0.5149376,1,soc13
2501,2,ŞİŞE,3,1,soc,0.42463765,2.0,0.407289195,0.5552632508079556,0.38994074,1,soc13
2502,2,ELMA,4,1,soc,0.3695178,2.0,0.36271125000000004,0.5593433536252008,0.3559047,1,soc13
2503,2,KOLTUK,5,0,soc,0.31538105,3.0,0.21084222000000002,0.5823578427252594,0.24608445,2,soc13
2504,2,DEFTER,6,0,soc,0.43763897,5.0,0.25111799,0.5757208494369357,0.21883541,2,soc13
2505,2,KAPI,7,0,soc,0.4451493,6.0,0.335449605,0.481883279061191,0.31599095,2,soc13
2506,2,SEHPA,8,0,soc,0.5454403,7.0,0.45425601000000004,0.388211143414273,0.5148338,2,soc13
2507,2,BÜYÜK,9,1,soc,0.35061005,5.0,0.30505446,0.5425169472344438,0.281725,2,soc13
2508,2,TOPLU,10,0,soc,0.35500956,9.0,0.313393935,0.5277819578732921,0.29439667,3,soc13
2509,2,GRUP,11,1,soc,0.39615887,9.0,0.32466366,0.4841827488878072,0.35744882,3,soc13
2510,2,SPOR,12,1,soc,0.40417683,10.0,0.344924305,0.5749813608634238,0.40395597,3,soc13
2511,2,KAŞIK,13,0,soc,0.5529075,5.0,0.28908615000000004,0.43853227086707147,0.2817816,3,soc13
2512,2,KISA,14,0,soc,0.40214,5.0,0.23414047,0.5919892109757311,0.25696507,3,soc13
2513,2,KEDİ,15,0,soc,0.5216344,2.0,0.379821195,0.5152685103386629,0.23800799,3,soc13
2514,2,TABAK,16,0,soc,0.589364,3.0,0.31182685,0.49410500539381397,0.38218427,3,soc13
2515,2,İLAÇ,17,1,soc,0.4146146,15.0,0.375935555,0.49741925686093547,0.35177103,3,soc13
2516,3,KÜÇÜK,1,1,soc,,,,0.5598329977923557,,1,soc13
2517,3,DÜĞME,2,0,soc,0.39257216,1.0,0.39257216,0.4897780220197684,0.39257216,1,soc13
2518,3,CAM,3,0,soc,0.42991534,1.0,0.3703603,0.588094299649311,0.42991534,1,soc13
2519,3,ODA,4,0,soc,0.3292778,3.0,0.2704278,0.5347987614437583,0.23965488,1,soc13
2520,3,TOPRAK,5,0,soc,0.3622997,4.0,0.26816733,0.5739212770507062,0.27958626,2,soc13
2521,3,PARKUR,6,1,soc,0.34758785,4.0,0.27197994,0.5633395415781561,0.24761248,2,soc13
2522,3,YATAK,7,0,soc,0.4827052,3.0,0.33357254999999997,0.42433046565443133,0.36667022,2,soc13
2523,3,KOKU,8,0,soc,0.46388754,6.0,0.2894717,0.4856993137277956,0.30546498,2,soc13
2524,3,ÇİÇEK,9,0,soc,0.4708734,8.0,0.350218935,0.5333035936600057,0.4020268,2,soc13
2525,3,HALI,10,1,soc,0.41179383,8.0,0.322097045,0.47350136891784667,0.31026676,3,soc13
2526,3,DOLAP,11,1,soc,0.59253436,9.0,0.40001238,0.3820867053728596,0.41348156,3,soc13
2527,3,FIRIN,12,1,soc,0.51395726,1.0,0.45569916,0.4464019209178036,0.51395726,3,soc13
2528,3,KALAS,13,0,soc,0.4007821,12.0,0.25401336,0.6019795880608507,0.2860627,3,soc13
2529,3,DUVAR,14,1,soc,0.471445,3.0,0.320613145,0.46786744376269984,0.30332863,3,soc13
2530,3,LAMBA,15,0,soc,0.66616935,13.0,0.34808483,0.41794848477282376,0.4130549,3,soc13
2531,3,KİTAP,16,0,soc,0.43762326,5.0,0.331241775,0.5894453092107039,0.32828707,3,soc13
2532,3,SALÇA,17,1,soc,0.62399864,15.0,0.38035289499999997,0.5095146382607874,0.24817629,3,soc13
2533,4,SIRA,1,0,soc,,,,0.6986246610078282,,1,soc13
2534,4,DERGİ,2,1,soc,0.2239896,1.0,0.2239896,0.6154393360928828,0.2239896,1,soc13
2535,4,ZEMİN,3,0,soc,0.28591225,1.0,0.264419275,0.5155130963102997,0.28591225,1,soc13
2536,4,MARKET,4,0,soc,0.37907192,1.0,0.36590526,0.5210250616246075,0.37907192,1,soc13
2537,4,KALIP,5,1,soc,0.4053062,2.0,0.36639915,0.479662282736793,0.3274921,2,soc13
2538,4,SİLGİ,6,1,soc,0.3502489,1.0,0.32520051,0.5186207935517149,0.3502489,2,soc13
2539,4,KUTU,7,0,soc,0.43464944,2.0,0.36727466,0.4983768345739513,0.29989988,2,soc13
2540,4,KASA,8,0,soc,0.47207937,4.0,0.341661635,0.5367185080479204,0.34008557,2,soc13
2541,4,BAHÇE,9,1,soc,0.38117683,6.0,0.298710555,0.5299992331665939,0.26488227,2,soc13
2542,4,TERAS,10,0,soc,0.5827601,1.0,0.448390935,0.515880523438259,0.5827601,3,soc13
2543,4,MEKTUP,11,0,soc,0.35096163,5.0,0.215554495,0.5875009848761045,0.1952275,3,soc13
2544,4,PARA,12,0,soc,0.42892715,4.0,0.30575062,0.5439323538023166,0.3395698,3,soc13
2545,4,HALKA,13,0,soc,0.4055868,2.0,0.387884865,0.4978440678998396,0.37018293,3,soc13
2546,4,FIRIN,14,0,soc,0.41650194,10.0,0.26146122,0.5463803380574447,0.2612621,3,soc13
2547,4,ÇORAP,15,1,soc,0.47379452,10.0,0.343640135,0.4937239305144613,0.37210864,3,soc13
2548,4,HARİTA,16,1,soc,0.38407496,9.0,0.230782765,0.6221736905739712,0.16448423,3,soc13
2549,4,TAHTA,17,1,soc,0.50979894,10.0,0.38868590999999997,0.4494111594902981,0.32452616,3,soc13
2556,1,BARDAK,1,0,soc,,,,0.37255950929789705,,1,soc12
2557,1,BEYİN,2,0,soc,0.38922995,1.0,0.38922995,0.5400392838459239,0.38922995,1,soc12
2558,1,ŞİŞE,3,1,soc,0.57344735,2.0,0.467176245,0.4617760605725292,0.36090514,1,soc12
2559,1,AĞAÇ,4,1,soc,0.46766984,3.0,0.385657635,0.4214435658021035,0.44336507,1,soc12
2560,1,PARK,5,1,soc,0.42821342,1.0,0.357832985,0.5201721074000136,0.42821342,2,soc12
2561,1,SARI,6,0,soc,0.33464295,5.0,0.26761306,0.6166802145910446,0.2391728,2,soc12
2562,1,ÇANTA,7,0,soc,0.475014,4.0,0.29813491000000003,0.5181409176912226,0.25265175,2,soc12
2563,1,ÖLÇEK,8,0,soc,0.38344455,4.0,0.243794165,0.5575776393514629,0.24202831,2,soc12
2564,1,KÖPEK,9,0,soc,0.4649074,7.0,0.30288659500000004,0.5045869247645622,0.21210329,2,soc12
2565,1,BİNA,10,1,soc,0.40404665,5.0,0.330914095,0.5404999378804893,0.33253533,3,soc12
2566,1,RAKAM,11,0,soc,0.39440662,3.0,0.31723041500000004,0.47337197525022967,0.2963404,3,soc12
2567,1,KAĞIT,12,0,soc,0.54864174,8.0,0.35924178500000004,0.47605058979792225,0.42579085,3,soc12
2568,1,KOLAY,13,0,soc,0.38691002,1.0,0.35524009,0.5665697326648199,0.38691002,3,soc12
2569,1,EKRAN,14,1,soc,0.2835013,6.0,0.21608664,0.6565258398153553,0.20780008,3,soc12
2570,1,KALE,15,1,soc,0.39377257,10.0,0.227020895,0.5510017123064832,0.21204185,3,soc12
2571,1,KALEM,16,1,soc,0.4597374,4.0,0.319520865,0.46292335407591867,0.4019536,3,soc12
2572,1,YAZI,17,1,soc,0.4933328,1.0,0.400245725,0.5260998937925666,0.4933328,3,soc12
2573,1,KABLO,18,1,soc,0.4190494,11.0,0.324748235,0.5765365415151209,0.2869019,3,soc12
2574,2,TAŞLIK,1,0,soc,,,,0.4594673944590626,,1,soc12
2575,2,ELMA,2,0,soc,0.41110483,1.0,0.41110483,0.6371167089189551,0.41110483,1,soc12
2576,2,CÜZDAN,3,0,soc,0.49114892,2.0,0.4019842,0.5179759327010538,0.31281948,1,soc12
2577,2,GRUP,4,1,soc,0.32223257,3.0,0.22356568999999998,0.5800807673945871,0.25811055,1,soc12
2578,2,KISA,5,0,soc,0.3189331,1.0,0.312471985,0.5878512316376798,0.3189331,2,soc12
2579,2,KOLTUK,6,1,soc,0.28515083,3.0,0.1534822575,0.6919801198728927,0.069293715,2,soc12
2580,2,TERLİK,7,0,soc,0.56647515,6.0,0.32478466500000003,0.3976463843730129,0.31538105,2,soc12
2581,2,İLAÇ,8,0,soc,0.4146146,1.0,0.298650965,0.4952068517277253,0.4146146,2,soc12
2582,2,TABAK,9,0,soc,0.4900897,8.0,0.407021195,0.42469487728934696,0.35177103,2,soc12
2583,2,KAŞIK,10,1,soc,0.589364,1.0,0.481886435,0.37174089742277594,0.589364,3,soc12
2584,2,BÜYÜK,11,1,soc,0.40214,6.0,0.331521965,0.5349420537242482,0.32080743,3,soc12
2585,2,KEDİ,12,1,soc,0.5216344,2.0,0.40266005000000005,0.5142882574881842,0.2836857,3,soc12
2586,2,DEFTER,13,0,soc,0.43763897,10.0,0.31516842,0.523694729278201,0.3339461,3,soc12
2587,2,TOPLU,14,1,soc,0.3854969,9.0,0.31473888,0.5338281401170393,0.32276386,3,soc12
2588,2,SPOR,15,0,soc,0.40417683,8.0,0.2634575,0.6780133752521987,0.28589264,3,soc12
2589,2,SEHPA,16,1,soc,0.5529075,6.0,0.28868204,0.44931540523204816,0.24497288,3,soc12
2590,2,KAPI,17,0,soc,0.5148338,1.0,0.36226047,0.5781670484188043,0.5148338,3,soc12
2591,3,YATAK,1,0,soc,,,,0.5629375622328019,,1,soc12
2592,3,DÜĞME,2,0,soc,0.39755028,1.0,0.39755028,0.5120001541659721,0.39755028,1,soc12
2593,3,SALÇA,3,0,soc,0.62399864,1.0,0.5108781600000001,0.4892768704689737,0.62399864,1,soc12
2594,3,KALAS,4,0,soc,0.32629427,1.0,0.28232652,0.6465567458729209,0.32629427,1,soc12
2595,3,ODA,5,0,soc,0.4827052,4.0,0.191068195,0.6074674586698856,0.14567086,2,soc12
2596,3,DUVAR,6,0,soc,0.4160808,4.0,0.30590145,0.4881564165460923,0.30847427,2,soc12
2597,3,ÇİÇEK,7,0,soc,0.3850114,4.0,0.26816914,0.5230239313150279,0.32897812,2,soc12
2598,3,KİTAP,8,0,soc,0.3477716,3.0,0.33393874,0.4948357586619253,0.333681,2,soc12
2599,3,LAMBA,9,1,soc,0.66616935,7.0,0.341078775,0.4535132863321494,0.32828707,2,soc12
2600,3,KÜÇÜK,10,1,soc,0.4708734,3.0,0.32819851,0.46407688032731087,0.31554452,3,soc12
2601,3,PARKUR,11,0,soc,0.36776924,2.0,0.32868457,0.5465797612244664,0.2895999,3,soc12
2602,3,DOLAP,12,0,soc,0.59253436,10.0,0.395326125,0.3866369334088795,0.4097581,3,soc12
2603,3,FIRIN,13,1,soc,0.61937714,10.0,0.379794405,0.4264977318432738,0.51395726,3,soc12
2604,3,TOPRAK,14,0,soc,0.3972849,7.0,0.320994125,0.5411197199824489,0.3516005,3,soc12
2605,3,KOKU,15,0,soc,0.49111593,12.0,0.41115360999999995,0.44577292207432984,0.36813366,3,soc12
2606,3,KOLA,16,0,soc,0.5345457,13.0,0.3690484,0.5133406116773258,0.42278865,3,soc12
2607,3,HALI,17,1,soc,0.484204,14.0,0.31763046500000003,0.5859264861749234,0.3013336,3,soc12
2608,4,BAHÇE,1,0,soc,,,,0.5714191835940035,,1,soc12
2609,4,KASA,2,1,soc,0.26488227,1.0,0.26488227,0.5424191318927458,0.26488227,1,soc12
2610,4,MARKET,3,0,soc,0.47207937,1.0,0.421909585,0.40752033588849357,0.47207937,1,soc12
2611,4,TAHTA,4,1,soc,0.45019683,1.0,0.394950915,0.45252342768030707,0.45019683,1,soc12
2612,4,TERAS,5,0,soc,0.5827601,4.0,0.36776110500000003,0.46127140463511407,0.34297797,2,soc12
2613,4,ZEMİN,6,1,soc,0.49636292,1.0,0.43516346,0.42233530372382333,0.49636292,2,soc12
2614,4,HARİTA,7,0,soc,0.3690449,1.0,0.332476215,0.5821374680289513,0.3690449,2,soc12
2615,4,SULUK,8,0,soc,0.41458023,7.0,0.32727295,0.4747604177378255,0.27175975,2,soc12
2616,4,ÇORAP,9,0,soc,0.45284566,5.0,0.272146345,0.5015785106690921,0.37980846,2,soc12
2617,4,PARA,10,1,soc,0.42892715,8.0,0.35141765,0.519567591861583,0.3853378,3,soc12
2618,4,KALIP,11,0,soc,0.47379452,2.0,0.39305610999999996,0.5194358761475888,0.3123177,3,soc12
2619,4,MEKTUP,12,0,soc,0.3395698,2.0,0.30800503,0.5163742165622951,0.27644026,3,soc12
2620,4,DERGİ,13,0,soc,0.3527386,10.0,0.289369975,0.5764748973659832,0.34854645,3,soc12
2621,4,HALKA,14,0,soc,0.4055868,2.0,0.30382419,0.5303827455253938,0.20206158,3,soc12
2622,4,KUTU,15,0,soc,0.50979894,11.0,0.349997135,0.5428395968169968,0.33861277,3,soc12
2623,4,SİLGİ,16,1,soc,0.4086417,7.0,0.3147531,0.544228542270385,0.29989988,3,soc12
2624,4,SIRA,17,0,soc,0.31013894,3.0,0.252487625,0.6476567979257684,0.28098962,3,soc12
2631,1,YAZI,1,1,eng,,,,0.5910082524880904,,1,eng12
2632,1,BARDAK,2,1,eng,0.28292856,1.0,0.28292856,0.4779220470697332,0.28292856,1,eng12
2633,1,ÇANTA,3,1,eng,0.39322418,1.0,0.342423575,0.49347465115950473,0.39322418,1,eng12
2634,1,KAĞIT,4,1,eng,0.48910698,2.0,0.468019215,0.42986955450464515,0.44693145,1,eng12
2635,1,KALE,5,1,eng,0.33625048,3.0,0.28761919999999996,0.5120939320204241,0.2810974,2,eng12
2636,1,PARK,6,0,eng,0.39377257,1.0,0.354113535,0.5001179734961934,0.39377257,2,eng12
2637,1,SARI,7,1,eng,0.38170138,3.0,0.29565523,0.5506116242105406,0.2391728,2,eng12
2638,1,BİNA,8,0,eng,0.40404665,2.0,0.336847495,0.5054757155567233,0.26964834,2,eng12
2639,1,RAKAM,9,0,eng,0.46593082,8.0,0.27865845,0.5663906496237319,0.2963404,2,eng12
2640,1,ŞİŞE,10,1,eng,0.57344735,8.0,0.283315435,0.5106280487767983,0.25313511,3,eng12
2641,1,AĞAÇ,11,1,eng,0.54864174,7.0,0.394257735,0.4260729927799023,0.44336507,3,eng12
2642,1,BEYİN,12,0,eng,0.39122522,11.0,0.34442767,0.48907873094672527,0.3279502,3,eng12
2643,1,KALEM,13,1,eng,0.4933328,12.0,0.36782055,0.49307546068527,0.3629623,3,eng12
2644,1,KÖPEK,14,0,eng,0.4649074,2.0,0.40978650000000005,0.47126244235600445,0.3546656,3,eng12
2645,1,KABLO,15,0,eng,0.4190494,12.0,0.33242252,0.5169683101880842,0.30225047,3,eng12
2646,1,ÖLÇEK,16,0,eng,0.39440662,7.0,0.248097665,0.5573213322392107,0.28409204,3,eng12
2647,1,KOLAY,17,1,eng,0.38691002,13.0,0.31071548000000004,0.5959210779605095,0.32609946,3,eng12
2648,1,EKRAN,18,1,eng,0.34407964,3.0,0.24565069,0.61636056563321,0.20780008,3,eng12
2649,2,GRUP,1,1,eng,,,,0.5725237463277799,,1,eng12
2650,2,KEDİ,2,1,eng,0.2181228,1.0,0.2181228,0.642127607417131,0.2181228,1,eng12
2651,2,TAŞLIK,3,1,eng,0.46819958,1.0,0.395216075,0.45169160156751,0.46819958,1,eng12
2652,2,SPOR,4,0,eng,0.40395597,3.0,0.22509595,0.5415365065640567,0.26740217,1,eng12
2653,2,TOPLU,5,0,eng,0.35744882,4.0,0.31574738,0.5453742188557036,0.28589264,2,eng12
2654,2,TERLİK,6,0,eng,0.56647515,3.0,0.373706415,0.37152527350420794,0.343236,2,eng12
2655,2,BÜYÜK,7,0,eng,0.34041107,1.0,0.31740387000000003,0.5479099011340804,0.34041107,2,eng12
2656,2,SEHPA,8,1,eng,0.5154791,2.0,0.39860205,0.3524372051555126,0.281725,2,eng12
2657,2,TABAK,9,0,eng,0.4900897,6.0,0.40622789000000004,0.41911637012148173,0.47021928,2,eng12
2658,2,KOLTUK,10,0,eng,0.4808347,2.0,0.39585095000000003,0.6088954634551483,0.3108672,3,eng12
2659,2,KAŞIK,11,0,eng,0.589364,2.0,0.44436355,0.3880984117572718,0.2993631,3,eng12
2660,2,KAPI,12,0,eng,0.5148338,4.0,0.3509911,0.5239042439983725,0.34707394,3,eng12
2661,2,KISA,13,0,eng,0.40214,6.0,0.24140413500000002,0.6710769430587584,0.2258432,3,eng12
2662,2,ELMA,14,0,eng,0.46791017,3.0,0.25396378,0.5421279919106144,0.2578248,3,eng12
2663,2,CÜZDAN,15,0,eng,0.5454403,7.0,0.309415175,0.433008472736104,0.31281948,3,eng12
2664,2,DEFTER,16,0,eng,0.43763897,1.0,0.36051977,0.5454985636013572,0.43763897,3,eng12
2665,2,İLAÇ,17,0,eng,0.4146146,11.0,0.393839445,0.511834950743888,0.39090934,3,eng12
2666,3,HALI,1,1,eng,,,,0.541862927199531,,1,eng12
2667,3,KİTAP,2,1,eng,0.3339557,1.0,0.3339557,0.5747183284308702,0.3339557,1,eng12
2668,3,LAMBA,3,1,eng,0.3490022,2.0,0.33864463499999997,0.4326830263533684,0.32828707,1,eng12
2669,3,DÜĞME,4,0,eng,0.66616935,1.0,0.49127324,0.41199063863052776,0.66616935,1,eng12
2670,3,KALAS,5,0,eng,0.29251215,4.0,0.260736765,0.5782287341098787,0.23835877,2,eng12
2671,3,DUVAR,6,0,eng,0.4160808,2.0,0.359704715,0.4791518816647876,0.30332863,2,eng12
2672,3,TOPRAK,7,0,eng,0.3306826,2.0,0.3242602,0.570799854056404,0.3178378,2,eng12
2673,3,PARKUR,8,0,eng,0.36776924,5.0,0.28191054,0.5534498335349983,0.24761248,2,eng12
2674,3,SALÇA,9,0,eng,0.62399864,5.0,0.32989162,0.36305009900305263,0.31460726,2,eng12
2675,3,DOLAP,10,0,eng,0.59253436,6.0,0.453018535,0.37447328661163914,0.49627897,3,eng12
2676,3,ÇİÇEK,11,0,eng,0.3972849,4.0,0.3857773,0.5224111024089433,0.3865432,3,eng12
2677,3,FIRIN,12,0,eng,0.61937714,3.0,0.40428513,0.4326452005297574,0.294613,3,eng12
2678,3,YATAK,13,0,eng,0.44734916,3.0,0.33503656000000004,0.5126530643045464,0.37166205,3,eng12
2679,3,KOLA,14,0,eng,0.5345457,5.0,0.37100581,0.4828798988419458,0.3523957,3,eng12
2680,3,KÜÇÜK,15,0,eng,0.4708734,4.0,0.384095925,0.48083058957120595,0.42247745,3,eng12
2681,3,KOKU,16,1,eng,0.49111593,7.0,0.406514285,0.5449889847875418,0.39023992,3,eng12
2682,3,ODA,17,1,eng,0.4827052,4.0,0.30459795,0.6524184978839804,0.2799181,3,eng12
2683,4,SIRA,1,1,eng,,,,0.6475080394267538,,1,eng12
2684,4,HALKA,2,1,eng,0.31013894,1.0,0.31013894,0.5631109904504098,0.31013894,1,eng12
2685,4,SİLGİ,3,1,eng,0.32960632,1.0,0.30529797000000003,0.5037510706775745,0.32960632,1,eng12
2686,4,ÇORAP,4,1,eng,0.4086417,1.0,0.361906665,0.5061881099509049,0.4086417,1,eng12
2687,4,KASA,5,0,eng,0.4025754,1.0,0.37290655,0.45792793541823174,0.4025754,2,eng12
2688,4,PARA,6,0,eng,0.42892715,1.0,0.407132475,0.45892132511876316,0.42892715,2,eng12
2689,4,DERGİ,7,0,eng,0.3344128,4.0,0.257005175,0.572542720697793,0.2685765,2,eng12
2690,4,MARKET,8,0,eng,0.47207937,3.0,0.36671845999999997,0.42328406055204626,0.3527386,2,eng12
2691,4,MEKTUP,9,0,eng,0.4055868,7.0,0.307683325,0.5515861152462267,0.2668202,2,eng12
2692,4,HARİTA,10,0,eng,0.29583558,7.0,0.247422745,0.5993805421870774,0.22204159,3,eng12
2693,4,TAHTA,11,0,eng,0.45284566,7.0,0.31968148,0.37674190158724086,0.32452616,3,eng12
2694,4,BAHÇE,12,0,eng,0.42791113,1.0,0.34218949,0.44335644944444796,0.42791113,3,eng12
2695,4,SULUK,13,0,eng,0.41458023,1.0,0.403855615,0.4799905690539099,0.41458023,3,eng12
2696,4,KUTU,14,0,eng,0.50979894,3.0,0.343757585,0.46430419216150354,0.35497633,3,eng12
2697,4,TERAS,15,0,eng,0.5827601,3.0,0.325434965,0.4348179945944921,0.29607078,3,eng12
2698,4,ZEMİN,16,1,eng,0.49636292,1.0,0.41395275,0.44741991867380393,0.49636292,3,eng12
2699,4,KALIP,17,0,eng,0.47379452,13.0,0.34852974999999997,0.4968707740933589,0.4053062,3,eng12
2706,1,RAKAM,1,1,soc,,,,0.6005890309213225,,1,soc11
2707,1,ŞİŞE,2,1,soc,0.25313511,1.0,0.25313511,0.5929125094077305,0.25313511,1,soc11
2708,1,PARK,3,1,soc,0.28745255,1.0,0.260666325,0.6043844609104647,0.28745255,1,soc11
2709,1,KALEM,4,1,soc,0.3962175,3.0,0.288117975,0.5205470741593654,0.2841928,1,soc11
2710,1,KOLAY,5,0,soc,0.32357016,4.0,0.220220225,0.6220478413503929,0.2413753,2,soc11
2711,1,BEYİN,6,1,soc,0.3642433,5.0,0.32418210000000003,0.49496515519931217,0.2854019,2,soc11
2712,1,BARDAK,7,1,soc,0.57344735,5.0,0.37107119,0.41493846926653455,0.38922995,2,soc11
2713,1,KALE,8,1,soc,0.4019536,4.0,0.34538244,0.5488453156216375,0.33625048,2,soc11
2714,1,AĞAÇ,9,0,soc,0.46766984,2.0,0.39317061,0.3942621003234148,0.31867138,2,soc11
2715,1,KAĞIT,10,0,soc,0.54864174,1.0,0.41486957,0.41442250686087556,0.54864174,3,soc11
2716,1,KABLO,11,0,soc,0.41031635,9.0,0.37108986,0.5181211162149086,0.3362329,3,soc11
2717,1,ÖLÇEK,12,0,soc,0.39440662,11.0,0.318264885,0.5206401816836536,0.28409204,3,soc11
2718,1,YAZI,13,0,soc,0.4933328,9.0,0.33165266,0.5214318872803989,0.37640342,3,soc11
2719,1,KÖPEK,14,1,soc,0.4649074,8.0,0.258012145,0.5638908842558954,0.303921,3,soc11
2720,1,BİNA,15,1,soc,0.40404665,12.0,0.30358194000000005,0.5371533546361948,0.33253533,3,soc11
2721,1,SARI,16,0,soc,0.38170138,6.0,0.26901527999999997,0.6149041581541973,0.26964834,3,soc11
2722,1,EKRAN,17,1,soc,0.34407964,6.0,0.2269484,0.6734449728328826,0.20562766,3,soc11
2723,1,ÇANTA,18,0,soc,0.475014,16.0,0.238972955,0.6261824039071597,0.22529416,3,soc11
2724,2,KOLTUK,1,0,soc,,,,0.6418537133030172,,1,soc11
2725,2,TERLİK,2,0,soc,0.31538105,1.0,0.31538105,0.4526488201819956,0.31538105,1,soc11
2726,2,ELMA,3,0,soc,0.3695178,1.0,0.307801125,0.5228762542374331,0.3695178,1,soc11
2727,2,KEDİ,4,0,soc,0.4558914,2.0,0.44713813,0.4169600689918683,0.43838486,1,soc11
2728,2,TOPLU,5,0,soc,0.343236,3.0,0.254356985,0.6037474366986346,0.3067139,2,soc11
2729,2,TABAK,6,0,soc,0.46227136,4.0,0.33407076,0.4490413260202295,0.28595725,2,soc11
2730,2,CÜZDAN,7,0,soc,0.5149376,5.0,0.37590963,0.4430890710105091,0.3968097,2,soc11
2731,2,TAŞLIK,8,0,soc,0.56647515,6.0,0.49061931000000003,0.4374975093272391,0.49114892,2,soc11
2732,2,GRUP,9,0,soc,0.39615887,7.0,0.29017156,0.5433007224353428,0.32223257,2,soc11
2733,2,İLAÇ,10,0,soc,0.4146146,8.0,0.349146625,0.4717211995205144,0.33033055,3,soc11
2734,2,BÜYÜK,11,0,soc,0.3721858,1.0,0.33203214999999997,0.4856483803672247,0.3721858,3,soc11
2735,2,KISA,12,0,soc,0.40214,1.0,0.372182285,0.5598997038915456,0.40214,3,soc11
2736,2,KAŞIK,13,0,soc,0.589364,7.0,0.28888625,0.4996608595037343,0.25696507,3,soc11
2737,2,KAPI,14,0,soc,0.45242313,6.0,0.28645857,0.5417269611855897,0.34707394,3,soc11
2738,2,SPOR,15,0,soc,0.40417683,13.0,0.24573437,0.6625352670116724,0.20968714,3,soc11
2739,2,DEFTER,16,1,soc,0.43763897,9.0,0.278506655,0.5632444820692193,0.24102236,3,soc11
2740,2,SEHPA,17,1,soc,0.5529075,4.0,0.31932555,0.4558683037238185,0.39367822,3,soc11
2741,3,PARKUR,1,1,soc,,,,0.6106937229454055,,1,soc11
2742,3,FIRIN,2,1,soc,0.24563155,1.0,0.24563155,0.500208852047414,0.24563155,1,soc11
2743,3,DOLAP,3,0,soc,0.51395726,1.0,0.46185768,0.3999741869036486,0.51395726,1,soc11
2744,3,ODA,4,1,soc,0.3933454,1.0,0.343505135,0.5894586659097191,0.3933454,1,soc11
2745,3,SALÇA,5,0,soc,0.61937714,3.0,0.36637225,0.42973783257132725,0.23646553,2,soc11
2746,3,KALAS,6,0,soc,0.32629427,1.0,0.235982565,0.6297957091738222,0.32629427,2,soc11
2747,3,DUVAR,7,0,soc,0.471445,4.0,0.340635115,0.49268094204877455,0.30332863,2,soc11
2748,3,TOPRAK,8,0,soc,0.3516005,6.0,0.3242602,0.5396309738609423,0.3178378,2,soc11
2749,3,HALI,9,0,soc,0.484204,4.0,0.32487832,0.5139522576626159,0.31045234,2,soc11
2750,3,LAMBA,10,1,soc,0.5125295,5.0,0.33068613,0.46094598232234696,0.3490022,3,soc11
2751,3,KİTAP,11,0,soc,0.43762326,8.0,0.331121385,0.5493259790214842,0.32828707,3,soc11
2752,3,ÇİÇEK,12,0,soc,0.3972849,4.0,0.34377574,0.47808079314613094,0.333681,3,soc11
2753,3,YATAK,13,0,soc,0.4827052,9.0,0.27700848499999997,0.5374182542009789,0.29841107,3,soc11
2754,3,KOKU,14,0,soc,0.49111593,9.0,0.35374589,0.45579830313652103,0.30546498,3,soc11
2755,3,KOLA,15,0,soc,0.5345457,10.0,0.387592175,0.3990802928030939,0.42278865,3,soc11
2756,3,DÜĞME,16,0,soc,0.66616935,6.0,0.496872795,0.38980325440320407,0.52985805,3,soc11
2757,3,KÜÇÜK,17,0,soc,0.4708734,5.0,0.407524805,0.5024536372462423,0.39257216,3,soc11
2758,4,HARİTA,1,0,soc,,,,0.634253808462895,,1,soc11
2759,4,TAHTA,2,0,soc,0.32452616,1.0,0.32452616,0.5392711352909934,0.32452616,1,soc11
2760,4,SIRA,3,0,soc,0.23554245,2.0,0.231527115,0.6375103723928464,0.22751178,1,soc11
2761,4,PARA,4,0,soc,0.3138832,2.0,0.30142095,0.5008725524969695,0.2889587,1,soc11
2762,4,ÇORAP,5,0,soc,0.45284566,3.0,0.29229142,0.4754383317229671,0.3853378,2,soc11
2763,4,SİLGİ,6,0,soc,0.4086417,1.0,0.387131065,0.5029243951317358,0.4086417,2,soc11
2764,4,HALKA,7,0,soc,0.37018293,3.0,0.32238897499999997,0.5212082807823496,0.32960632,2,soc11
2765,4,KASA,8,0,soc,0.42892715,4.0,0.32033480000000003,0.4943979050458084,0.2974319,2,soc11
2766,4,MARKET,9,0,soc,0.47207937,1.0,0.402566085,0.423449165238061,0.47207937,2,soc11
2767,4,ZEMİN,10,1,soc,0.37907192,1.0,0.32978898,0.4871835411073765,0.37907192,3,soc11
2768,4,SULUK,11,1,soc,0.393131,9.0,0.362064025,0.4983808113074253,0.38278615,3,soc11
2769,4,BAHÇE,12,1,soc,0.42791113,10.0,0.39787853,0.5076754338367471,0.41458023,3,soc11
2770,4,KUTU,13,0,soc,0.50979894,11.0,0.343757585,0.501970257013491,0.33253884,3,soc11
2771,4,DERGİ,14,0,soc,0.3613815,1.0,0.3085351,0.5668361560304317,0.3613815,3,soc11
2772,4,MEKTUP,15,0,soc,0.4055868,8.0,0.335195485,0.5899499531001939,0.34854645,3,soc11
2773,4,TERAS,16,0,soc,0.5827601,4.0,0.231847165,0.6233393101218825,0.1952275,3,soc11
2774,4,KALIP,17,0,soc,0.47379452,12.0,0.28409678,0.6337703509708126,0.2917533,3,soc11
2781,1,YAZI,1,1,eng,,,,0.5809046290533385,,1,eng11
2782,1,BEYİN,2,1,eng,0.39122522,1.0,0.39122522,0.5153803959611273,0.39122522,1,eng11
2783,1,EKRAN,3,1,eng,0.26126936,1.0,0.25663716999999997,0.6575369661376946,0.26126936,1,eng11
2784,1,PARK,4,0,eng,0.31789482,2.0,0.270120505,0.5775946411750799,0.22234619,1,eng11
2785,1,KALEM,5,0,eng,0.4933328,4.0,0.26064046500000004,0.5071343291056847,0.2841928,2,eng11
2786,1,KÖPEK,6,1,eng,0.4649074,4.0,0.344480885,0.47662754988993383,0.3546656,2,eng11
2787,1,SARI,7,0,eng,0.32352942,2.0,0.29595582,0.6133885613704296,0.26838222,2,eng11
2788,1,ÇANTA,8,0,eng,0.3936699,2.0,0.323160825,0.4534029642645613,0.25265175,2,eng11
2789,1,ŞİŞE,9,0,eng,0.475014,1.0,0.37600349,0.4427210002695987,0.475014,2,eng11
2790,1,KABLO,10,0,eng,0.4190494,2.0,0.414682875,0.5192733506715742,0.41031635,3,eng11
2791,1,ÖLÇEK,11,0,eng,0.37640342,10.0,0.28742328500000003,0.5261827322295032,0.28409204,3,eng11
2792,1,KOLAY,12,0,eng,0.32609946,1.0,0.31071548000000004,0.5419682006223263,0.32609946,3,eng11
2793,1,RAKAM,13,0,eng,0.46593082,12.0,0.35898839,0.5340663612057981,0.32357016,3,eng11
2794,1,KALE,14,0,eng,0.4019536,9.0,0.22163803999999998,0.5923481280381919,0.20127614,3,eng11
2795,1,KAĞIT,15,0,eng,0.4597374,10.0,0.353444125,0.3984209853100751,0.2810974,3,eng11
2796,1,BARDAK,16,0,eng,0.57344735,7.0,0.41267873,0.45703476061317216,0.48910698,3,eng11
2797,1,AĞAÇ,17,0,eng,0.54864174,2.0,0.50815579,0.40796800622682405,0.46766984,3,eng11
2798,1,BİNA,18,0,eng,0.40404665,14.0,0.313573185,0.6181860590699997,0.36686105,3,eng11
2799,2,KAPI,1,1,eng,,,,0.5517539347346998,,1,eng11
2800,2,CÜZDAN,2,0,eng,0.4451493,1.0,0.4451493,0.45244616813040606,0.4451493,1,eng11
2801,2,SPOR,3,0,eng,0.27293104,1.0,0.24130909,0.6641037442570774,0.27293104,1,eng11
2802,2,SEHPA,4,1,eng,0.5454403,2.0,0.39520659,0.3899738306538315,0.24497288,1,eng11
2803,2,ELMA,5,0,eng,0.31281948,3.0,0.249374815,0.6173150574330402,0.30976892,2,eng11
2804,2,TERLİK,6,0,eng,0.5154791,2.0,0.44249845,0.40938423105613975,0.3695178,2,eng11
2805,2,DEFTER,7,0,eng,0.43763897,5.0,0.281377305,0.5314740809106985,0.27935404,2,eng11
2806,2,TOPLU,8,0,eng,0.35500956,6.0,0.33299993,0.5721486986627222,0.32276386,2,eng11
2807,2,GRUP,9,0,eng,0.40395597,6.0,0.32626453,0.559106991899821,0.35744882,2,eng11
2808,2,TAŞLIK,10,0,eng,0.56647515,4.0,0.33391734500000003,0.4608560475842197,0.32223257,3,eng11
2809,2,KOLTUK,11,0,eng,0.4808347,7.0,0.237167405,0.6866988324735546,0.23666401,3,eng11
2810,2,KEDİ,12,0,eng,0.49827254,8.0,0.39055994,0.5209407403672304,0.3129203,3,eng11
2811,2,KISA,13,0,eng,0.3854969,5.0,0.1536508525,0.6110035707861563,0.23800799,3,eng11
2812,2,KAŞIK,14,0,eng,0.5529075,10.0,0.38929973500000004,0.40381785051143293,0.25696507,3,eng11
2813,2,BÜYÜK,15,0,eng,0.40214,2.0,0.36147371500000003,0.5009031656428036,0.32080743,3,eng11
2814,2,İLAÇ,16,0,eng,0.4146146,10.0,0.373297335,0.5036720802008297,0.3721858,3,eng11
2815,2,TABAK,17,0,eng,0.589364,3.0,0.34700376499999996,0.4710354242667314,0.35177103,3,eng11
2816,3,HALI,1,1,eng,,,,0.5212501905704015,,1,eng11
2817,3,KİTAP,2,1,eng,0.3339557,1.0,0.3339557,0.5616942994916931,0.3339557,1,eng11
2818,3,ÇİÇEK,3,1,eng,0.333681,1.0,0.32197388,0.5014299183393574,0.333681,1,eng11
2819,3,YATAK,4,1,eng,0.39783767,3.0,0.27700848499999997,0.4918931175403236,0.29841107,1,eng11
2820,3,KÜÇÜK,5,0,eng,0.4708734,2.0,0.4082939,0.445805935619743,0.3457144,2,eng11
2821,3,DOLAP,6,0,eng,0.44734916,2.0,0.414121655,0.35122683083036954,0.38089415,2,eng11
2822,3,DÜĞME,7,0,eng,0.59253436,1.0,0.49255326,0.3622102636575534,0.59253436,2,eng11
2823,3,FIRIN,8,0,eng,0.51395726,2.0,0.503986655,0.3866831036126469,0.49401605,2,eng11
2824,3,KOLA,9,0,eng,0.52985805,2.0,0.459736985,0.4214869314174099,0.38961592,2,eng11
2825,3,TOPRAK,10,0,eng,0.3972849,7.0,0.333454325,0.5552231696033649,0.31530815,3,eng11
2826,3,SALÇA,11,0,eng,0.62399864,4.0,0.43986084000000003,0.32136956263543026,0.34517598,3,eng11
2827,3,KOKU,12,0,eng,0.49111593,1.0,0.42962479499999995,0.477351610379668,0.49111593,3,eng11
2828,3,PARKUR,13,0,eng,0.4097581,7.0,0.29404284,0.5604857303009421,0.27347842,3,eng11
2829,3,DUVAR,14,0,eng,0.471445,8.0,0.335024135,0.49284451623797987,0.3162086,3,eng11
2830,3,ODA,15,0,eng,0.4827052,11.0,0.302410835,0.6047045111551542,0.30847427,3,eng11
2831,3,KALAS,16,0,eng,0.4007821,11.0,0.224499745,0.6795744965675201,0.14567086,3,eng11
2832,3,LAMBA,17,0,eng,0.66616935,10.0,0.29582163,0.546219909141453,0.28311476,3,eng11
2833,4,SİLGİ,1,1,eng,,,,0.5486868193208332,,1,eng11
2834,4,MARKET,2,0,eng,0.30015212,1.0,0.30015212,0.49530123295521933,0.30015212,1,eng11
2835,4,HALKA,3,0,eng,0.3330528,1.0,0.33132956,0.5078676153260662,0.3330528,1,eng11
2836,4,ÇORAP,4,1,eng,0.42235893,2.0,0.36876528,0.45253657098196076,0.31517163,1,eng11
2837,4,ZEMİN,5,0,eng,0.37907192,3.0,0.33972922,0.5116573834193738,0.32511196,2,eng11
2838,4,PARA,6,0,eng,0.3853378,2.0,0.33236576500000004,0.5252731436439091,0.27939373,2,eng11
2839,4,BAHÇE,7,0,eng,0.38117683,2.0,0.289894245,0.4798666477771286,0.19861166,2,eng11
2840,4,SIRA,8,0,eng,0.31013894,5.0,0.27598773,0.6394953588149026,0.26301676,2,eng11
2841,4,KUTU,9,0,eng,0.4534277,5.0,0.278262235,0.5054931703958512,0.22398563,2,eng11
2842,4,TERAS,10,0,eng,0.5827601,3.0,0.24564103999999998,0.5144657126408709,0.29607078,3,eng11
2843,4,SULUK,11,0,eng,0.41458023,4.0,0.35488774,0.5007513186141603,0.35479915,3,eng11
2844,4,HARİTA,12,0,eng,0.38407496,3.0,0.28383364,0.5534578755580726,0.27175975,3,eng11
2845,4,MEKTUP,13,0,eng,0.4055868,10.0,0.25283361000000004,0.613055465563755,0.22204159,3,eng11
2846,4,KALIP,14,0,eng,0.47379452,10.0,0.30538548,0.503341895327848,0.27644026,3,eng11
2847,4,KASA,15,0,eng,0.47207937,13.0,0.299857065,0.5649871010418703,0.34331515,3,eng11
2848,4,TAHTA,16,0,eng,0.50979894,7.0,0.341208435,0.5257919108114014,0.339705,3,eng11
2849,4,DERGİ,17,0,eng,0.3613815,8.0,0.269295375,0.6654981459899143,0.2931569,3,eng11
2856,1,RAKAM,1,0,soc,,,,0.5423053232690818,,1,soc10
2857,1,YAZI,2,0,soc,0.46593082,1.0,0.46593082,0.4920788084323694,0.46593082,1,soc10
2858,1,KALE,3,1,soc,0.30715865,1.0,0.25421739499999996,0.6100269928647759,0.30715865,1,soc10
2859,1,KOLAY,4,1,soc,0.3252166,2.0,0.28360827,0.5734365380534301,0.24199994,1,soc10
2860,1,MASA,5,0,soc,0.31927836,4.0,0.241898415,0.5387093179736736,0.21997873,2,soc10
2861,1,ÇANTA,6,0,soc,0.39751527,1.0,0.353875845,0.498767272624126,0.39751527,2,soc10
2862,1,KÖPEK,7,0,soc,0.3936699,1.0,0.366420565,0.5353302401494047,0.3936699,2,soc10
2863,1,ÖLÇEK,8,0,soc,0.39440662,7.0,0.22706579999999998,0.6030124221699875,0.21210329,2,soc10
2864,1,EKRAN,9,0,soc,0.2835013,1.0,0.252804185,0.6623343896493356,0.2835013,2,soc10
2865,1,BARDAK,10,0,soc,0.39322418,4.0,0.27185520500000004,0.4137833953478526,0.25516546,3,soc10
2866,1,ŞİŞE,11,0,soc,0.57344735,1.0,0.396910215,0.48042644333606177,0.57344735,3,soc10
2867,1,KAĞIT,12,0,soc,0.48910698,2.0,0.458748415,0.43095922928660235,0.42838985,3,soc10
2868,1,KALEM,13,0,soc,0.4933328,11.0,0.375890275,0.5054231600517012,0.4597374,3,soc10
2869,1,BEYİN,14,0,soc,0.4649074,7.0,0.36703075,0.4983908195865888,0.3629623,3,soc10
2870,1,PARK,15,0,soc,0.39377257,12.0,0.30104381,0.5092449632146582,0.31789482,3,soc10
2871,1,AĞAÇ,16,1,soc,0.54864174,4.0,0.37808181,0.465597879757329,0.42821342,3,soc10
2872,1,SARI,17,0,soc,0.38170138,5.0,0.26761306,0.6192393826722251,0.29605332,3,soc10
2873,1,BİNA,18,0,soc,0.40404665,3.0,0.31825469500000003,0.5309117385372937,0.26964834,3,soc10
2874,2,ŞİŞE,1,0,soc,,,,0.7237204856319113,,1,soc10
2875,2,DEFTER,2,0,soc,0.22253215,1.0,0.22253215,0.6254482129765384,0.22253215,1,soc10
2876,2,SPOR,3,1,soc,0.24102236,1.0,0.21282793,0.6363407809292034,0.24102236,1,soc10
2877,2,KOLTUK,4,1,soc,0.21883541,2.0,0.206421715,0.6888616628060799,0.19400802,1,soc10
2878,2,BÜYÜK,5,0,soc,0.31809774,2.0,0.269727675,0.5193594522666154,0.22135761,2,soc10
2879,2,CÜZDAN,6,0,soc,0.43763897,4.0,0.307223815,0.4467017413258537,0.3292968,2,soc10
2880,2,İLAÇ,7,0,soc,0.39676955,1.0,0.384477675,0.4879989032749801,0.39676955,2,soc10
2881,2,TERLİK,8,0,soc,0.5149376,2.0,0.4647761,0.4073124185586232,0.4146146,2,soc10
2882,2,KAŞIK,9,0,soc,0.48971486,8.0,0.41079952,0.43861651905376475,0.44719017,2,soc10
2883,2,KISA,10,0,soc,0.40214,5.0,0.295576675,0.5757530126237099,0.25696507,3,soc10
2884,2,KEDİ,11,0,soc,0.5216344,2.0,0.379821195,0.43707462057353563,0.23800799,3,soc10
2885,2,KAPI,12,0,soc,0.4451493,6.0,0.33129171,0.48588452054616627,0.43674022,3,soc10
2886,2,TOPLU,13,0,soc,0.3854969,3.0,0.31254715,0.4984682819606706,0.3183804,3,soc10
2887,2,SEHPA,14,0,soc,0.5529075,5.0,0.4236125,0.38146766926833797,0.3323912,3,soc10
2888,2,TABAK,15,0,soc,0.589364,6.0,0.37808826500000003,0.4638713092556206,0.47021928,3,soc10
2889,2,GRUP,16,0,soc,0.40395597,13.0,0.33853500000000003,0.5860422616868406,0.3409482,3,soc10
2890,2,ELMA,17,1,soc,0.46791017,8.0,0.2871631,0.6476327456678238,0.18902083,3,soc10
2891,3,PARKUR,1,1,soc,,,,0.5595826106852728,,1,soc10
2892,3,KALAS,2,0,soc,0.30216286,1.0,0.30216286,0.5661138965147199,0.30216286,1,soc10
2893,3,DOLAP,3,0,soc,0.4097581,2.0,0.31586106,0.44846399845552254,0.22196402,1,soc10
2894,3,KÜÇÜK,4,1,soc,0.4007821,2.0,0.390838125,0.45603602270088006,0.38089415,1,soc10
2895,3,SALÇA,5,1,soc,0.49627897,2.0,0.42880796,0.4359623461930445,0.36133695,2,soc10
2896,3,KOKU,6,0,soc,0.49111593,1.0,0.440677925,0.4902056389786522,0.49111593,2,soc10
2897,3,TOPRAK,7,0,soc,0.36813366,1.0,0.35665482,0.5267397257965525,0.36813366,2,soc10
2898,3,KİTAP,8,0,soc,0.43762326,5.0,0.29105237,0.5538284855116049,0.28827846,2,soc10
2899,3,ODA,9,0,soc,0.3933454,6.0,0.31367893,0.5758005441197774,0.3477716,2,soc10
2900,3,HALI,10,1,soc,0.484204,5.0,0.29592761,0.5180810275725658,0.25789952,3,soc10
2901,3,CAM,11,0,soc,0.399174,8.0,0.27016329,0.5442425622738016,0.3006717,3,soc10
2902,3,DUVAR,12,1,soc,0.471445,9.0,0.3622331,0.4750866078087056,0.3851619,3,soc10
2903,3,FIRIN,13,0,soc,0.61937714,8.0,0.34228828,0.46738047546319494,0.33789766,3,soc10
2904,3,ÇİÇEK,14,0,soc,0.4708734,10.0,0.31179555999999997,0.541403521236715,0.294613,3,soc10
2905,3,DÜĞME,15,0,soc,0.62399864,10.0,0.42357336,0.3435518201046659,0.35313067,3,soc10
2906,3,YATAK,16,1,soc,0.4827052,7.0,0.34798067499999996,0.5236196768859009,0.39755028,3,soc10
2907,3,LAMBA,17,1,soc,0.66616935,2.0,0.52587031,0.41706227093326587,0.38557127,3,soc10
2908,4,HARİTA,1,0,soc,,,,0.6894982683945553,,1,soc10
2909,4,ÇORAP,2,0,soc,0.16448423,1.0,0.16448423,0.6110493734849769,0.16448423,1,soc10
2910,4,SIRA,3,0,soc,0.23554245,2.0,0.217393745,0.6178607932028398,0.19924504,1,soc10
2911,4,PARA,4,0,soc,0.3853378,2.0,0.33714825000000004,0.45092634099744455,0.2889587,1,soc10
2912,4,HALKA,5,0,soc,0.37018293,1.0,0.340160935,0.4956524498045737,0.37018293,2,soc10
2913,4,KASA,6,1,soc,0.42892715,2.0,0.363179525,0.4937426159996571,0.2974319,2,soc10
2914,4,MEKTUP,7,0,soc,0.4055868,2.0,0.33099289,0.5789316673022036,0.25639898,2,soc10
2915,4,BAHÇE,8,0,soc,0.36596137,6.0,0.25038188,0.49991865500751576,0.23588149,2,soc10
2916,4,MARKET,9,0,soc,0.47207937,3.0,0.31928,0.42080559845475074,0.3717398,2,soc10
2917,4,TERAS,10,0,soc,0.5827601,2.0,0.48765217,0.44572959320980154,0.39254424,3,soc10
2918,4,SİLGİ,11,0,soc,0.4086417,9.0,0.3170349,0.5049435736070363,0.33391768,3,soc10
2919,4,FIRIN,12,0,soc,0.41650194,3.0,0.371407435,0.4461570620536347,0.35775,3,soc10
2920,4,TAHTA,13,0,soc,0.45284566,11.0,0.40212427500000003,0.46459343356461746,0.43239775,3,soc10
2921,4,KALIP,14,0,soc,0.47379452,12.0,0.349090415,0.4788971644046125,0.34271187,3,soc10
2922,4,ZEMİN,15,0,soc,0.49636292,5.0,0.3896351,0.49918731213719525,0.4053062,3,soc10
2923,4,DERGİ,16,0,soc,0.3527386,7.0,0.25805287499999996,0.6037798756043091,0.28591225,3,soc10
2924,4,KUTU,17,1,soc,0.50979894,4.0,0.34646204,0.48696613361069363,0.3613815,3,soc10
2931,1,EKRAN,1,1,eng,,,,0.6492900934609254,,1,eng10
2932,1,KABLO,2,1,eng,0.34407964,1.0,0.34407964,0.5458462928381251,0.34407964,1,eng10
2933,1,KOLAY,3,0,eng,0.2953315,1.0,0.25156579,0.5980327137385657,0.2953315,1,eng10
2934,1,KALE,4,1,eng,0.33969778,2.0,0.29084886,0.5397284696001672,0.24199994,1,eng10
2935,1,SARI,5,0,eng,0.35213766,1.0,0.31314983,0.5801353873410273,0.35213766,2,eng10
2936,1,ÇANTA,6,0,eng,0.4190494,4.0,0.273396375,0.5123381591135221,0.25265175,2,eng10
2937,1,AĞAÇ,7,1,eng,0.40594682,5.0,0.33879587,0.4581695173020597,0.38153842,2,eng10
2938,1,KÖPEK,8,0,eng,0.46202505,1.0,0.427847475,0.47307401526787973,0.46202505,2,eng10
2939,1,YAZI,9,0,eng,0.35528117,2.0,0.32960108499999996,0.47157584763112204,0.303921,2,eng10
2940,1,KALEM,10,1,eng,0.4933328,1.0,0.4239992,0.4528604423833732,0.4933328,3,eng10
2941,1,BİNA,11,0,eng,0.36686105,4.0,0.29218954,0.5442420733033559,0.30975053,3,eng10
2942,1,RAKAM,12,0,eng,0.46593082,3.0,0.34627895,0.4895523060734315,0.2963404,3,eng10
2943,1,ŞİŞE,13,1,eng,0.475014,7.0,0.283315435,0.5503926946627368,0.25313511,3,eng10
2944,1,ÖLÇEK,14,1,eng,0.39440662,2.0,0.342580575,0.507794784908252,0.29075453,3,eng10
2945,1,PARK,15,0,eng,0.42821342,8.0,0.296288015,0.5802290371006522,0.30512348,3,eng10
2946,1,BEYİN,16,1,eng,0.4649074,8.0,0.31925318,0.4997009505813269,0.31789482,3,eng10
2947,1,KAĞIT,17,0,eng,0.54864174,10.0,0.34277685,0.4742387887236893,0.3710992,3,eng10
2948,1,BARDAK,18,0,eng,0.57344735,5.0,0.439168465,0.49637687275913056,0.48910698,3,eng10
2949,2,SPOR,1,1,eng,,,,0.5784367829982475,,1,eng10
2950,2,SEHPA,2,1,eng,0.24497288,1.0,0.24497288,0.5315014459940917,0.24497288,1,eng10
2951,2,GRUP,3,1,eng,0.40395597,2.0,0.37003888500000004,0.5558208849660202,0.3361218,1,eng10
2952,2,DEFTER,4,0,eng,0.39367822,2.0,0.34437923000000004,0.5748969544903415,0.29508024,1,eng10
2953,2,ELMA,5,0,eng,0.30976892,3.0,0.2362107,0.6054893512523882,0.28340057,2,eng10
2954,2,KOLTUK,6,0,eng,0.4808347,4.0,0.23245993,0.5864059367631851,0.24608445,2,eng10
2955,2,TERLİK,7,0,eng,0.5154791,5.0,0.342449425,0.4264481640068678,0.31538105,2,eng10
2956,2,CÜZDAN,8,0,eng,0.5454403,6.0,0.400044215,0.432303274991756,0.5149376,2,eng10
2957,2,KAPI,9,1,eng,0.5148338,7.0,0.42507368,0.48663648714199115,0.4451493,2,eng10
2958,2,KISA,10,0,eng,0.33418828,3.0,0.265927035,0.5922233466996005,0.2258432,3,eng10
2959,2,TOPLU,11,1,eng,0.3854969,1.0,0.35193865,0.5152034493772752,0.3854969,3,eng10
2960,2,TABAK,12,1,eng,0.47021928,10.0,0.26371334,0.47428561429287885,0.28595725,3,eng10
2961,2,KAŞIK,13,1,eng,0.589364,1.0,0.44902445,0.4207837000189708,0.589364,3,eng10
2962,2,BÜYÜK,14,1,eng,0.40214,4.0,0.331521965,0.5379889219712541,0.32080743,3,eng10
2963,2,KEDİ,15,1,eng,0.5216344,2.0,0.40266005000000005,0.4494452576344935,0.2836857,3,eng10
2964,2,İLAÇ,16,0,eng,0.4146146,9.0,0.38614294000000005,0.4898977322539587,0.40010008,3,eng10
2965,2,TAŞLIK,17,0,eng,0.56647515,10.0,0.41808113999999996,0.48315544183321824,0.3679627,3,eng10
2966,3,DOLAP,1,0,eng,,,,0.43906955474165466,,1,eng10
2967,3,KOKU,2,0,eng,0.4199563,1.0,0.4199563,0.5138017156242474,0.4199563,1,eng10
2968,3,YATAK,3,0,eng,0.44734916,2.0,0.37640707,0.5104859444963483,0.30546498,1,eng10
2969,3,ÇİÇEK,4,0,eng,0.4020268,2.0,0.350218935,0.5139813072816288,0.29841107,1,eng10
2970,3,PARKUR,5,0,eng,0.4097581,4.0,0.31469970999999997,0.5691956082503091,0.2627292,2,eng10
2971,3,DÜĞME,6,1,eng,0.59253436,5.0,0.35035925999999995,0.36834002548135325,0.34758785,2,eng10
2972,3,SALÇA,7,1,eng,0.62399864,1.0,0.46930295,0.387095967472738,0.62399864,2,eng10
2973,3,TOPRAK,8,1,eng,0.3972849,4.0,0.30718045,0.5578792207183558,0.34517598,2,eng10
2974,3,LAMBA,9,1,eng,0.66616935,3.0,0.41244978,0.4035799447776658,0.31237006,2,eng10
2975,3,DUVAR,10,0,eng,0.471445,9.0,0.36544635000000003,0.4897160380968596,0.4130549,3,eng10
2976,3,KÜÇÜK,11,1,eng,0.4708734,7.0,0.32032697,0.49291399986749307,0.32510942,3,eng10
2977,3,KİTAP,12,1,eng,0.43762326,11.0,0.33752449,0.5512975928779189,0.3408525,3,eng10
2978,3,FIRIN,13,0,eng,0.61937714,6.0,0.28536795,0.5285611679050417,0.2069913,3,eng10
2979,3,ODA,14,0,eng,0.4827052,11.0,0.320718235,0.5967244565566024,0.29366487,3,eng10
2980,3,KOLA,15,0,eng,0.5345457,8.0,0.294095595,0.5860637492533058,0.19857527,3,eng10
2981,3,KALAS,16,0,eng,0.4007821,5.0,0.24057935,0.646903915815676,0.33548784,3,eng10
2982,3,HALI,17,0,eng,0.484204,10.0,0.29692287500000003,0.6199054715294807,0.29251215,3,eng10
2983,4,ZEMİN,1,1,eng,,,,0.5017636769364809,,1,eng10
2984,4,KALIP,2,0,eng,0.4053062,1.0,0.4053062,0.5159346919039702,0.4053062,1,eng10
2985,4,MARKET,3,0,eng,0.37907192,2.0,0.35328201000000004,0.5057513346963711,0.3274921,1,eng10
2986,4,SİLGİ,4,0,eng,0.3502489,2.0,0.32520051,0.497030127171895,0.30015212,1,eng10
2987,4,PARA,5,0,eng,0.38069832,2.0,0.37315937499999996,0.4584071867845718,0.36562043,2,eng10
2988,4,MEKTUP,6,0,eng,0.35096163,2.0,0.34526571500000003,0.5386443113178573,0.3395698,2,eng10
2989,4,KASA,7,0,eng,0.47207937,4.0,0.342663065,0.5171074339678164,0.25639898,2,eng10
2990,4,KUTU,8,0,eng,0.43464944,6.0,0.330965045,0.4852364973693917,0.34008557,2,eng10
2991,4,HALKA,9,0,eng,0.4055868,3.0,0.318022335,0.5074300400472159,0.33861277,2,eng10
2992,4,SIRA,10,0,eng,0.31013894,1.0,0.26706228499999995,0.6274858984749858,0.31013894,3,eng10
2993,4,TAHTA,11,0,eng,0.50979894,3.0,0.27460488,0.46595643632796135,0.22751178,3,eng10
2994,4,SULUK,12,1,eng,0.4077956,10.0,0.31751768,0.5400432551011533,0.393131,3,eng10
2995,4,HARİTA,13,0,eng,0.38407496,5.0,0.298142955,0.5842144663843929,0.27175975,3,eng10
2996,4,DERGİ,14,0,eng,0.3613815,6.0,0.26485132,0.6076958712159626,0.26054034,3,eng10
2997,4,TERAS,15,0,eng,0.49636292,14.0,0.28218718,0.4332465292027473,0.26846683,3,eng10
2998,4,BAHÇE,16,1,eng,0.5827601,1.0,0.4192244,0.469732520358354,0.5827601,3,eng10
2999,4,ÇORAP,17,1,eng,0.47379452,15.0,0.368976605,0.5642148064593802,0.36596137,3,eng10
3006,1,KAĞIT,1,1,soc,,,,0.43254657110262495,,1,soc1
3007,1,AĞAÇ,2,0,soc,0.54864174,1.0,0.54864174,0.4077523468938803,0.54864174,1,soc1
3008,1,ÖLÇEK,3,1,soc,0.38344455,1.0,0.36794114,0.5250081714495569,0.38344455,1,soc1
3009,1,YAZI,4,0,soc,0.38580614,3.0,0.365842295,0.5065048035503168,0.37640342,1,soc1
3010,1,KABLO,5,0,soc,0.40594682,3.0,0.28549696999999996,0.5636549458953415,0.2869019,2,soc1
3011,1,SARI,6,0,soc,0.38170138,5.0,0.24533093,0.616597193916563,0.22458771,2,soc1
3012,1,KOLAY,7,0,soc,0.38691002,6.0,0.28474675000000005,0.5573133478321808,0.274162,2,soc1
3013,1,RAKAM,8,0,soc,0.46593082,4.0,0.29227333,0.5751742756082343,0.32357016,2,soc1
3014,1,ÇANTA,9,0,soc,0.44693145,8.0,0.298634495,0.5247286952385167,0.28703257,2,soc1
3015,1,PARK,10,1,soc,0.42821342,8.0,0.288749085,0.5551435569880628,0.34361807,3,soc1
3016,1,EKRAN,11,1,soc,0.34407964,6.0,0.223820175,0.6345196133084319,0.22234619,3,soc1
3017,1,BARDAK,12,0,soc,0.48910698,11.0,0.265404195,0.5191876144154439,0.25516546,3,soc1
3018,1,BİNA,13,0,soc,0.40404665,3.0,0.25427723,0.5242146523313885,0.26028532,3,soc1
3019,1,KALEM,14,1,soc,0.4933328,10.0,0.325974125,0.5062842064135964,0.30975053,3,soc1
3020,1,BEYİN,15,0,soc,0.39122522,11.0,0.3495479,0.44252413811907376,0.3629623,3,soc1
3021,1,KALE,16,0,soc,0.4019536,2.0,0.378234,0.5483941417522056,0.3545144,3,soc1
3022,1,ŞİŞE,17,1,soc,0.57344735,5.0,0.326799155,0.5269961705258575,0.29269317,3,soc1
3023,1,KÖPEK,18,1,soc,0.4649074,3.0,0.3419564,0.4962559010412503,0.4399126,3,soc1
3024,2,ELMA,1,1,soc,,,,0.5985507037376545,,1,soc1
3025,2,KEDİ,2,1,soc,0.43838486,1.0,0.43838486,0.4956983858050964,0.43838486,1,soc1
3026,2,KAPI,3,0,soc,0.43674022,1.0,0.34342149,0.5367916291961827,0.43674022,1,soc1
3027,2,SPOR,4,1,soc,0.20968714,1.0,0.196238435,0.6911707493964675,0.20968714,1,soc1
3028,2,KISA,5,1,soc,0.2578248,4.0,0.218579535,0.6575423719003699,0.21131587,2,soc1
3029,2,SEHPA,6,1,soc,0.5148338,3.0,0.238897865,0.41606976819924424,0.23282285,2,soc1
3030,2,KOLTUK,7,1,soc,0.4808347,1.0,0.2750642075,0.6857445107254326,0.4808347,2,soc1
3031,2,İLAÇ,8,1,soc,0.40010008,6.0,0.244604955,0.5064573829936942,0.18268733,2,soc1
3032,2,TAŞLIK,9,0,soc,0.5061009,3.0,0.302313355,0.43098248881487433,0.3679627,2,soc1
3033,2,KAŞIK,10,0,soc,0.5529075,4.0,0.454261915,0.46725432416041546,0.53411496,3,soc1
3034,2,DEFTER,11,1,soc,0.4031799,2.0,0.38212765,0.4861818664134546,0.3610754,3,soc1
3035,2,BÜYÜK,12,1,soc,0.40214,7.0,0.308599085,0.5545054102304661,0.29639074,3,soc1
3036,2,GRUP,13,1,soc,0.40395597,9.0,0.29347937,0.5330392507056888,0.2918785,3,soc1
3037,2,CÜZDAN,14,0,soc,0.5454403,8.0,0.293703675,0.45536062694481483,0.25811055,3,soc1
3038,2,TOPLU,15,1,soc,0.3854969,10.0,0.35622919,0.533503235190721,0.35500956,3,soc1
3039,2,TERLİK,16,1,soc,0.56647515,7.0,0.4290868,0.42198197567020923,0.343236,3,soc1
3040,2,TABAK,17,1,soc,0.589364,7.0,0.374114305,0.5354877602535673,0.46227136,3,soc1
3041,3,ODA,1,1,soc,,,,0.6034211195231465,,1,soc1
3042,3,LAMBA,2,0,soc,0.3085285,1.0,0.3085285,0.4966713577651354,0.3085285,1,soc1
3043,3,TOPRAK,3,0,soc,0.31237006,1.0,0.29597816,0.5516874536136799,0.31237006,1,soc1
3044,3,DUVAR,4,0,soc,0.4130549,2.0,0.36544635000000003,0.5026323665618722,0.3178378,1,soc1
3045,3,SALÇA,5,1,soc,0.5125295,3.0,0.36155879,0.46087502366097555,0.3779416,2,soc1
3046,3,KÜÇÜK,6,1,soc,0.3622997,3.0,0.343223185,0.4883121525565124,0.36133695,2,soc1
3047,3,PARKUR,7,1,soc,0.36776924,5.0,0.30210358000000004,0.5180653403582958,0.2895999,2,soc1
3048,3,KİTAP,8,1,soc,0.3477716,7.0,0.33598721,0.5747595793099762,0.33112192,2,soc1
3049,3,DÜĞME,9,1,soc,0.66616935,7.0,0.33198249,0.42800642131662914,0.31637713,2,soc1
3050,3,YATAK,10,1,soc,0.4827052,9.0,0.32657809,0.5183370147524493,0.39755028,3,soc1
3051,3,KOKU,11,0,soc,0.49111593,6.0,0.38467626,0.441854359672353,0.30546498,3,soc1
3052,3,ÇİÇEK,12,0,soc,0.4708734,6.0,0.350218935,0.5031161109768492,0.4020268,3,soc1
3053,3,DOLAP,13,0,soc,0.59253436,4.0,0.40324974999999996,0.38569014497460197,0.3865432,3,soc1
3054,3,FIRIN,14,0,soc,0.61937714,9.0,0.40428513,0.42953817819495355,0.51395726,3,soc1
3055,3,KOLA,15,0,soc,0.5345457,10.0,0.4168659,0.4627146874763892,0.38961592,3,soc1
3056,3,KALAS,16,1,soc,0.4007821,10.0,0.31077527,0.6164464544689356,0.33548784,3,soc1
3057,3,HALI,17,1,soc,0.484204,12.0,0.29692287500000003,0.5507040737562323,0.29251215,3,soc1
3058,4,TERAS,1,0,soc,,,,0.543625905275605,,1,soc1
3059,4,BAHÇE,2,0,soc,0.5827601,1.0,0.5827601,0.46567990122796143,0.5827601,1,soc1
3060,4,DERGİ,3,1,soc,0.26846683,2.0,0.262077765,0.6221585208389269,0.2556887,1,soc1
3061,4,SIRA,4,0,soc,0.26301676,2.0,0.24350318,0.6385804520626382,0.2239896,1,soc1
3062,4,SULUK,5,0,soc,0.41458023,3.0,0.25553333,0.5381331935929309,0.24190436,2,soc1
3063,4,SİLGİ,6,0,soc,0.3559496,4.0,0.304862425,0.5064695013599336,0.32873523,2,soc1
3064,4,KASA,7,1,soc,0.3432377,1.0,0.30890266499999997,0.5519110653738395,0.3432377,2,soc1
3065,4,HARİTA,8,1,soc,0.29590753,7.0,0.27412092499999996,0.5682171383376975,0.25240627,2,soc1
3066,4,KUTU,9,1,soc,0.38407496,1.0,0.362080265,0.45279015908892384,0.38407496,2,soc1
3067,4,TAHTA,10,0,soc,0.50979894,1.0,0.41716255,0.4290696072718361,0.50979894,3,soc1
3068,4,MARKET,11,0,soc,0.47207937,4.0,0.39022530499999997,0.49266455311632606,0.45019683,3,soc1
3069,4,HALKA,12,0,soc,0.33861277,3.0,0.32737539,0.5259459913942086,0.3330528,3,soc1
3070,4,MEKTUP,13,0,soc,0.4055868,1.0,0.3362035,0.5668612165018434,0.4055868,3,soc1
3071,4,ÇORAP,14,0,soc,0.4534277,5.0,0.263521945,0.4620938590934277,0.21187226,3,soc1
3072,4,KALIP,15,0,soc,0.47379452,1.0,0.37511739,0.5041196467235244,0.47379452,3,soc1
3073,4,ZEMİN,16,0,soc,0.49636292,15.0,0.36520907999999996,0.5444967946816924,0.4053062,3,soc1
3074,4,PARA,17,1,soc,0.42892715,10.0,0.29585571499999996,0.5915027072602939,0.27939373,3,soc1
3081,1,SARI,1,1,eng,,,,0.608966830086556,,1,eng1
3082,1,RAKAM,2,1,eng,0.2609765,1.0,0.2609765,0.5555997483949353,0.2609765,1,eng1
3083,1,MASA,3,0,eng,0.31927836,1.0,0.31420762999999996,0.5260680243554974,0.31927836,1,eng1
3084,1,AĞAÇ,4,1,eng,0.3451504,2.0,0.333807985,0.4862760273738267,0.32246557,1,eng1
3085,1,KÖPEK,5,1,eng,0.46202505,1.0,0.40059814,0.4956832431103828,0.46202505,2,eng1
3086,1,KALEM,6,1,eng,0.3962175,4.0,0.3636722,0.4670039837070603,0.3546656,2,eng1
3087,1,EKRAN,7,0,eng,0.27778062,5.0,0.2295976,0.6575700517140777,0.23708813,2,eng1
3088,1,YAZI,8,0,eng,0.4933328,2.0,0.37266889000000003,0.48774558727109985,0.25200498,2,eng1
3089,1,PARK,9,0,eng,0.42821342,5.0,0.25163137999999996,0.605246616822477,0.28091657,2,eng1
3090,1,KOLAY,10,0,eng,0.3252166,2.0,0.262140875,0.5542741612525895,0.19906515,3,eng1
3091,1,BARDAK,11,0,eng,0.46766984,7.0,0.31427768,0.5163086061730616,0.35291243,3,eng1
3092,1,KAĞIT,12,1,eng,0.54864174,8.0,0.4380085,0.4433386456110473,0.48910698,3,eng1
3093,1,BİNA,13,1,eng,0.40404665,4.0,0.27648902,0.5629303541999473,0.29269272,3,eng1
3094,1,ÖLÇEK,14,0,eng,0.39440662,12.0,0.340865295,0.5588425989290005,0.32929286,3,eng1
3095,1,ŞİŞE,15,0,eng,0.57344735,4.0,0.302125145,0.4614220384035719,0.29075453,3,eng1
3096,1,ÇANTA,16,0,eng,0.475014,1.0,0.358521155,0.5111587221396162,0.475014,3,eng1
3097,1,BEYİN,17,0,eng,0.4649074,12.0,0.341285495,0.5140376857839501,0.32166585,3,eng1
3098,1,KALE,18,0,eng,0.4019536,12.0,0.3243277,0.5948635244861851,0.3545144,3,eng1
3099,2,TERLİK,1,0,eng,,,,0.4384940787616679,,1,eng1
3100,2,BÜYÜK,2,1,eng,0.34041107,1.0,0.34041107,0.600262367930843,0.34041107,1,eng1
3101,2,GRUP,3,1,eng,0.39615887,2.0,0.344018685,0.6042717808782729,0.2918785,1,eng1
3102,2,KEDİ,4,1,eng,0.4558914,3.0,0.25090425,0.5207225199218846,0.2181228,1,eng1
3103,2,KOLTUK,5,0,eng,0.31538105,4.0,0.27529555,0.6661380752222898,0.3129203,2,eng1
3104,2,KAŞIK,6,0,eng,0.5216344,2.0,0.41049875,0.4575151110171706,0.2993631,2,eng1
3105,2,KISA,7,1,eng,0.40214,5.0,0.16312939250000003,0.6902835739861133,0.25696507,2,eng1
3106,2,DEFTER,8,0,eng,0.3610754,2.0,0.303561665,0.5422875937289754,0.24604793,2,eng1
3107,2,KAPI,9,0,eng,0.43674022,5.0,0.270917075,0.5464802452438424,0.31599095,2,eng1
3108,2,CÜZDAN,10,0,eng,0.5149376,9.0,0.441394135,0.427475868478453,0.4451493,3,eng1
3109,2,TABAK,11,0,eng,0.589364,5.0,0.37975444,0.46359353187075547,0.3968097,3,eng1
3110,2,SPOR,12,0,eng,0.40417683,11.0,0.26012221,0.6932388768001472,0.24731338,3,eng1
3111,2,ELMA,13,0,eng,0.46791017,7.0,0.28714304,0.5746473543968257,0.18898071,3,eng1
3112,2,SEHPA,14,0,eng,0.5529075,8.0,0.2773709,0.45562557182301,0.30976892,3,eng1
3113,2,ŞİŞE,15,0,eng,0.48971486,9.0,0.42256029,0.5160088728323521,0.48921588,3,eng1
3114,2,TOPLU,16,1,eng,0.3854969,9.0,0.28096151,0.6594281100846939,0.22953182,3,eng1
3115,2,İLAÇ,17,0,eng,0.4146146,16.0,0.332268655,0.5636958736987407,0.27550188,3,eng1
3116,3,DOLAP,1,1,eng,,,,0.5071632748806157,,1,eng1
3117,3,KALAS,2,0,eng,0.22196402,1.0,0.22196402,0.6113418252249222,0.22196402,1,eng1
3118,3,KÜÇÜK,3,0,eng,0.4007821,1.0,0.390838125,0.500231156199085,0.4007821,1,eng1
3119,3,YATAK,4,1,eng,0.44734916,3.0,0.28681277,0.4644472843846308,0.3457144,1,eng1
3120,3,HALI,5,1,eng,0.41348156,4.0,0.35866882,0.48615422686068976,0.39783767,2,eng1
3121,3,DÜĞME,6,1,eng,0.59253436,5.0,0.40467205500000003,0.4369265233900467,0.41179383,2,eng1
3122,3,PARKUR,7,0,eng,0.4097581,6.0,0.32763990499999995,0.5395443984147128,0.34758785,2,eng1
3123,3,KOKU,8,0,eng,0.46388754,2.0,0.36868298,0.49596739893164676,0.27347842,2,eng1
3124,3,ODA,9,1,eng,0.4827052,5.0,0.28813275,0.582830814285642,0.2799181,2,eng1
3125,3,LAMBA,10,1,eng,0.66616935,4.0,0.37995831,0.4103266827465597,0.3085285,3,eng1
3126,3,DUVAR,11,1,eng,0.471445,10.0,0.36076458499999997,0.4973381664132638,0.4130549,3,eng1
3127,3,FIRIN,12,1,eng,0.51395726,11.0,0.39853833,0.4876712941796354,0.33789766,3,eng1
3128,3,SALÇA,13,1,eng,0.62399864,7.0,0.49865937,0.3794297222899845,0.61937714,3,eng1
3129,3,KİTAP,14,0,eng,0.43762326,13.0,0.22758379499999998,0.6155613297782062,0.24817629,3,eng1
3130,3,CAM,15,0,eng,0.42991534,9.0,0.3056567,0.5580159069032979,0.21640104,3,eng1
3131,3,ÇİÇEK,16,0,eng,0.4708734,13.0,0.33572331499999997,0.49750521483203225,0.33776563,3,eng1
3132,3,TOPRAK,17,0,eng,0.3972849,1.0,0.32701665,0.5941626872835235,0.3972849,3,eng1
3133,4,TERAS,1,1,eng,,,,0.6232590535079473,,1,eng1
3134,4,KALIP,2,0,eng,0.2917533,1.0,0.2917533,0.5140531072971344,0.2917533,1,eng1
3135,4,KUTU,3,0,eng,0.43464944,1.0,0.36536011,0.4932359357722902,0.43464944,1,eng1
3136,4,PARA,4,0,eng,0.35182947,1.0,0.33207358499999995,0.5171110335388772,0.35182947,1,eng1
3137,4,MARKET,5,0,eng,0.39254424,4.0,0.35547605,0.49387257268108853,0.38069832,2,eng1
3138,4,ZEMİN,6,0,eng,0.49636292,5.0,0.329232825,0.5175936757064279,0.37907192,2,eng1
3139,4,HALKA,7,0,eng,0.37018293,3.0,0.34369964,0.5232767348161134,0.35434648,2,eng1
3140,4,HARİTA,8,0,eng,0.38407496,5.0,0.32258845999999997,0.5752333919342398,0.27613202,2,eng1
3141,4,KASA,9,0,eng,0.47207937,4.0,0.274919085,0.5615210694069013,0.25240627,2,eng1
3142,4,BAHÇE,10,1,eng,0.5827601,9.0,0.26067505999999996,0.5618340271770306,0.26488227,3,eng1
3143,4,FIRIN,11,0,eng,0.41650194,6.0,0.36743141999999995,0.5204874686771994,0.38622448,3,eng1
3144,4,DERGİ,12,1,eng,0.3613815,9.0,0.25196379,0.5864370542374037,0.24823888,3,eng1
3145,4,MEKTUP,13,0,eng,0.4055868,6.0,0.274352605,0.605970364647104,0.34854645,3,eng1
3146,4,SİLGİ,14,0,eng,0.36562043,10.0,0.342687215,0.4559123421658954,0.35096163,3,eng1
3147,4,ÇORAP,15,0,eng,0.47379452,13.0,0.31025698,0.5684861186667755,0.4086417,3,eng1
3148,4,SIRA,16,0,eng,0.31013894,9.0,0.24011733000000002,0.684818947198826,0.19924504,3,eng1
3149,4,TAHTA,17,0,eng,0.50979894,14.0,0.34017872,0.5754672571727776,0.22751178,3,eng1
3156,1,SARI,1,1,soc,,,,0.6089344176491882,,1,soc0
3157,1,BEYİN,2,1,soc,0.31490642,1.0,0.31490642,0.5296963904221823,0.31490642,1,soc0
3158,1,BARDAK,3,1,soc,0.38922995,1.0,0.36193644999999997,0.44301400234997,0.38922995,1,soc0
3159,1,ÇANTA,4,0,soc,0.39322418,1.0,0.357445015,0.48134264378727465,0.39322418,1,soc0
3160,1,KAĞIT,5,1,soc,0.48910698,2.0,0.468019215,0.39551942016407315,0.44693145,2,soc0
3161,1,ÖLÇEK,6,0,soc,0.35243773,1.0,0.29723302,0.5364509423991599,0.35243773,2,soc0
3162,1,ŞİŞE,7,1,soc,0.57344735,4.0,0.35957219,0.5236222385926296,0.29075453,2,soc0
3163,1,YAZI,8,0,soc,0.39122522,6.0,0.303155085,0.47444280508816283,0.22990675,2,soc0
3164,1,EKRAN,9,0,soc,0.2835013,3.0,0.23618903,0.6332961724335671,0.25200498,2,soc0
3165,1,KOLAY,10,0,soc,0.38691002,5.0,0.26650834,0.5843693944637566,0.20780008,3,soc0
3166,1,KALEM,11,1,soc,0.4933328,3.0,0.239231715,0.47453180523444904,0.2413753,3,soc0
3167,1,RAKAM,12,0,soc,0.46593082,4.0,0.35989382999999997,0.5161594005652781,0.3962175,3,soc0
3168,1,KÖPEK,13,0,soc,0.4649074,11.0,0.346393015,0.5154387926595012,0.33812043,3,soc0
3169,1,BİNA,14,0,soc,0.3361335,12.0,0.31443786500000004,0.4995680558586164,0.33253533,3,soc0
3170,1,PARK,15,0,soc,0.40404665,1.0,0.36917141,0.45171121921643,0.40404665,3,soc0
3171,1,KALE,16,1,soc,0.4019536,5.0,0.33768543500000003,0.5490298046017101,0.39377257,3,soc0
3172,1,KABLO,17,0,soc,0.4190494,13.0,0.33790794,0.5111318978959349,0.33969778,3,soc0
3173,1,AĞAÇ,18,0,soc,0.54864174,13.0,0.3623091,0.49089573436866973,0.40594682,3,soc0
3174,2,KAPI,1,1,soc,,,,0.4824163902837232,,1,soc0
3175,2,TAŞLIK,2,1,soc,0.45242313,1.0,0.45242313,0.3834455898138035,0.45242313,1,soc0
3176,2,TABAK,3,1,soc,0.4900897,1.0,0.42639444000000004,0.48290282136030604,0.4900897,1,soc0
3177,2,KEDİ,4,1,soc,0.46819958,2.0,0.425191925,0.463398915944748,0.38218427,1,soc0
3178,2,SEHPA,5,1,soc,0.5148338,4.0,0.48424591,0.3711763947470118,0.49827254,2,soc0
3179,2,SPOR,6,0,soc,0.26740217,4.0,0.21388130500000002,0.6748546668804112,0.24497288,2,soc0
3180,2,DEFTER,7,0,soc,0.4031799,5.0,0.31735029000000003,0.5395128196787825,0.24102236,2,soc0
3181,2,CÜZDAN,8,0,soc,0.5454403,3.0,0.35528500500000004,0.433173151956989,0.43763897,2,soc0
3182,2,KAŞIK,9,0,soc,0.589364,6.0,0.412347615,0.42659144297978524,0.46361983,2,soc0
3183,2,KOLTUK,10,0,soc,0.4808347,5.0,0.292256965,0.6269505238163097,0.2993631,3,soc0
3184,2,BÜYÜK,11,1,soc,0.3422365,8.0,0.27108252,0.5303932350389565,0.22135761,3,soc0
3185,2,ELMA,12,1,soc,0.46791017,3.0,0.29834725,0.5660297308728445,0.35061005,3,soc0
3186,2,GRUP,13,0,soc,0.40395597,7.0,0.24044966499999998,0.54787315051204,0.18902083,3,soc0
3187,2,TOPLU,14,0,soc,0.35744882,1.0,0.279724445,0.5392712908291776,0.35744882,3,soc0
3188,2,TERLİK,15,0,soc,0.56647515,13.0,0.36969743499999996,0.4389878223988143,0.343236,3,soc0
3189,2,İLAÇ,16,0,soc,0.4146146,1.0,0.34505823999999996,0.542425660833273,0.4146146,3,soc0
3190,2,KISA,17,0,soc,0.40214,6.0,0.338206425,0.5299786505483548,0.34222457,3,soc0
3191,3,YATAK,1,1,soc,,,,0.5489957484201704,,1,soc0
3192,3,KOLA,2,1,soc,0.3523957,1.0,0.3523957,0.4594389772333589,0.3523957,1,soc0
3193,3,DUVAR,3,1,soc,0.33079585,1.0,0.32982729,0.5394997784493445,0.33079585,1,soc0
3194,3,KÜÇÜK,4,1,soc,0.42247745,2.0,0.37379343499999995,0.4556275212258366,0.32510942,1,soc0
3195,3,ÇİÇEK,5,1,soc,0.4708734,1.0,0.39992576,0.5157707925386235,0.4708734,2,soc0
3196,3,ODA,6,1,soc,0.4827052,5.0,0.26831898,0.5834472134473037,0.20736016,2,soc0
3197,3,SALÇA,7,0,soc,0.5345457,5.0,0.310738465,0.4063551806115113,0.23646553,2,soc0
3198,3,FIRIN,8,0,soc,0.61937714,1.0,0.45652100500000004,0.439779797536588,0.61937714,2,soc0
3199,3,DOLAP,9,0,soc,0.51395726,1.0,0.5051181149999999,0.3992974460715606,0.51395726,2,soc0
3200,3,LAMBA,10,0,soc,0.5125295,3.0,0.47527826500000003,0.37054060049772175,0.49137753,3,soc0
3201,3,KALAS,11,1,soc,0.4007821,7.0,0.25253939000000003,0.6247263763177324,0.28311476,3,soc0
3202,3,TOPRAK,12,0,soc,0.3972849,7.0,0.32152632999999997,0.5501352410406792,0.3306826,3,soc0
3203,3,DÜĞME,13,0,soc,0.66616935,3.0,0.253771845,0.39843505849529526,0.26918492,3,soc0
3204,3,KOKU,14,0,soc,0.49111593,7.0,0.4160106,0.4986406042639725,0.46388754,3,soc0
3205,3,KİTAP,15,0,soc,0.43762326,6.0,0.305101705,0.5504118211467129,0.29382628,3,soc0
3206,3,HALI,16,0,soc,0.484204,9.0,0.333941515,0.5190715750307282,0.3339557,3,soc0
3207,3,PARKUR,17,0,soc,0.4097581,8.0,0.31940694000000003,0.5929556566770109,0.30769196,3,soc0
3208,4,PARA,1,1,soc,,,,0.5959401546599796,,1,soc0
3209,4,TAHTA,2,1,soc,0.3138832,1.0,0.3138832,0.5240946527537623,0.3138832,1,soc0
3210,4,SİLGİ,3,1,soc,0.3718508,1.0,0.36873561499999996,0.4872982031832296,0.3718508,1,soc0
3211,4,ZEMİN,4,1,soc,0.373964,2.0,0.34186150000000004,0.5211153938359574,0.309759,1,soc0
3212,4,DERGİ,5,0,soc,0.3344128,2.0,0.31016252499999997,0.5818265319308983,0.28591225,2,soc0
3213,4,HALKA,6,0,soc,0.37018293,5.0,0.27820403,0.5626817831655269,0.20206158,2,soc0
3214,4,ÇORAP,7,1,soc,0.45284566,5.0,0.28956594999999996,0.5078421890680985,0.31517163,2,soc0
3215,4,KUTU,8,0,soc,0.50979894,6.0,0.396020235,0.47682333757230255,0.4534277,2,soc0
3216,4,SULUK,9,0,soc,0.393131,7.0,0.367392395,0.5099986938431109,0.35497633,2,soc0
3217,4,SIRA,10,0,soc,0.31013894,4.0,0.232944995,0.6822762928432418,0.24190436,3,soc0
3218,4,BAHÇE,11,0,soc,0.42791113,9.0,0.33879849500000003,0.4409413306889898,0.26301676,3,soc0
3219,4,MARKET,12,1,soc,0.45019683,10.0,0.288732415,0.5285348934509229,0.3717398,3,soc0
3220,4,TERAS,13,0,soc,0.5827601,2.0,0.48765217,0.49419808057045744,0.39254424,3,soc0
3221,4,HARİTA,14,1,soc,0.38407496,6.0,0.284355715,0.5907762590885113,0.29590753,3,soc0
3222,4,MEKTUP,15,0,soc,0.4055868,9.0,0.208634545,0.6419698706837345,0.22204159,3,soc0
3223,4,KASA,16,0,soc,0.47207937,4.0,0.254402625,0.5651169883100003,0.25639898,3,soc0
3224,4,KALIP,17,0,soc,0.47379452,10.0,0.309877705,0.5487620224741047,0.34331515,3,soc0
3231,1,SARI,1,1,eng,,,,0.6158516479253382,,1,eng0
3232,1,KAĞIT,2,1,eng,0.38170138,1.0,0.38170138,0.5042619215083615,0.38170138,1,eng0
3233,1,YAZI,3,1,eng,0.38580614,1.0,0.325940145,0.56788707909983,0.38580614,1,eng0
3234,1,EKRAN,4,0,eng,0.25200498,1.0,0.23818909,0.6552167653399026,0.25200498,1,eng0
3235,1,PARK,5,0,eng,0.3144545,3.0,0.25163137999999996,0.5586329948564157,0.22234619,2,eng0
3236,1,ŞİŞE,6,0,eng,0.42838985,4.0,0.25391281499999996,0.546872949497986,0.28745255,2,eng0
3237,1,KOLAY,7,0,eng,0.38691002,5.0,0.23069743999999998,0.63244252180285,0.26232973,2,eng0
3238,1,AĞAÇ,8,1,eng,0.54864174,6.0,0.366280245,0.4356650708652683,0.28919542,2,eng0
3239,1,KALE,9,1,eng,0.39377257,4.0,0.28033566,0.5272002217005136,0.31867138,2,eng0
3240,1,KALEM,10,1,eng,0.4933328,7.0,0.3873162,0.47115295083058184,0.4019536,3,eng0
3241,1,BEYİN,11,0,eng,0.39122522,8.0,0.35873835,0.49290124276811453,0.3629623,3,eng0
3242,1,ÇANTA,12,1,eng,0.475014,6.0,0.33729906,0.5038158549181015,0.32166585,3,eng0
3243,1,ÖLÇEK,13,0,eng,0.38344455,5.0,0.28131992499999997,0.5950125160538945,0.24202831,3,eng0
3244,1,BARDAK,14,0,eng,0.57344735,8.0,0.340884565,0.46751589542348226,0.28854495,3,eng0
3245,1,MASA,15,0,eng,0.3991087,4.0,0.33191113,0.48102449932272473,0.38489762,3,eng0
3246,1,KÖPEK,16,0,eng,0.4649074,5.0,0.347858055,0.535905348078705,0.33917123,3,eng0
3247,1,RAKAM,17,0,eng,0.46593082,14.0,0.328699395,0.5573681901133043,0.33812043,3,eng0
3248,1,BİNA,18,1,eng,0.40404665,13.0,0.31443786500000004,0.5663095833178803,0.2963404,3,eng0
3249,2,DEFTER,1,1,eng,,,,0.580293011734619,,1,eng0
3250,2,BÜYÜK,2,1,eng,0.29639074,1.0,0.29639074,0.5658785142488321,0.29639074,1,eng0
3251,2,KAŞIK,3,1,eng,0.3610754,2.0,0.34094141499999997,0.45737147527215993,0.32080743,1,eng0
3252,2,GRUP,4,0,eng,0.2963907,1.0,0.2941346,0.5519193870043453,0.2963907,1,eng0
3253,2,KAPI,5,0,eng,0.3474421,1.0,0.34725802,0.5273120680267311,0.3474421,2,eng0
3254,2,ŞİŞE,6,0,eng,0.48971486,3.0,0.285703965,0.4576808830165495,0.33917266,2,eng0
3255,2,İLAÇ,7,0,eng,0.39090934,6.0,0.34601461499999997,0.47655487812757646,0.38903543,2,eng0
3256,2,ELMA,8,0,eng,0.46791017,5.0,0.35030508000000005,0.5067174354353547,0.34470546,2,eng0
3257,2,KEDİ,9,0,eng,0.5216344,6.0,0.41924247000000003,0.3929880531853036,0.43838486,2,eng0
3258,2,TABAK,10,0,eng,0.589364,7.0,0.38374482,0.4689642557160415,0.38218427,3,eng0
3259,2,KOLTUK,11,0,eng,0.35490826,6.0,0.31189374999999997,0.6521180574662429,0.3108672,3,eng0
3260,2,CÜZDAN,12,0,eng,0.46361983,9.0,0.340980265,0.4462157598800288,0.28515083,3,eng0
3261,2,SPOR,13,0,eng,0.40395597,9.0,0.23346953,0.6328213025101115,0.27293104,3,eng0
3262,2,KISA,14,0,eng,0.40214,12.0,0.25866337,0.6286774884000094,0.21131587,3,eng0
3263,2,TOPLU,15,0,eng,0.3854969,1.0,0.33569477,0.5043884258599238,0.3854969,3,eng0
3264,2,SEHPA,16,0,eng,0.5529075,13.0,0.282607025,0.5725853697727079,0.3323912,3,eng0
3265,2,TERLİK,17,0,eng,0.5154791,1.0,0.42935755,0.5101598980778614,0.5154791,3,eng0
3266,3,KİTAP,1,1,eng,,,,0.6399287074568271,,1,eng0
3267,3,KALAS,2,0,eng,0.25458395,1.0,0.25458395,0.6101605463149996,0.25458395,1,eng0
3268,3,HALI,3,0,eng,0.3339557,2.0,0.313233925,0.48889441892720165,0.29251215,1,eng0
3269,3,FIRIN,4,0,eng,0.39744106,1.0,0.34175188,0.4967000843807816,0.39744106,1,eng0
3270,3,LAMBA,5,0,eng,0.459179,1.0,0.40409059999999997,0.4415828082158202,0.459179,2,eng0
3271,3,PARKUR,6,0,eng,0.36776924,1.0,0.306700395,0.5593135339649584,0.36776924,2,eng0
3272,3,KÜÇÜK,7,0,eng,0.4007821,5.0,0.30257221,0.4892208340980837,0.2895999,2,eng0
3273,3,KOKU,8,0,eng,0.45417356,4.0,0.33185917,0.45533997911822,0.39023992,2,eng0
3274,3,YATAK,9,0,eng,0.39783767,6.0,0.32558969,0.5221226263891703,0.30546498,2,eng0
3275,3,TOPRAK,10,0,eng,0.36813366,2.0,0.33430426999999996,0.5120724154448728,0.30047488,3,eng0
3276,3,ÇİÇEK,11,0,eng,0.4708734,4.0,0.347847985,0.481723498383689,0.3972849,3,eng0
3277,3,DÜĞME,12,0,eng,0.66616935,7.0,0.31115779499999996,0.3853648813485344,0.35313067,3,eng0
3278,3,SALÇA,13,0,eng,0.62399864,1.0,0.5045050200000001,0.43945020048904515,0.62399864,3,eng0
3279,3,CAM,14,0,eng,0.42991534,2.0,0.41241384999999997,0.5116982265752037,0.39491236,3,eng0
3280,3,DOLAP,15,1,eng,0.59253436,3.0,0.447726485,0.3751101259398183,0.399174,3,eng0
3281,3,ODA,16,1,eng,0.4827052,7.0,0.31650014,0.6305601201073965,0.3933454,3,eng0
3282,3,DUVAR,17,1,eng,0.471445,2.0,0.38995963499999997,0.5128067997425563,0.30847427,3,eng0
3283,4,KASA,1,1,eng,,,,0.6026582331305308,,1,eng0
3284,4,DERGİ,2,0,eng,0.24543385,1.0,0.24543385,0.572777679528683,0.24543385,1,eng0
3285,4,KUTU,3,0,eng,0.3613815,1.0,0.35073353500000004,0.49463254634057163,0.3613815,1,eng0
3286,4,SİLGİ,4,1,eng,0.3432377,3.0,0.31715634000000004,0.5090595383694252,0.29989988,1,eng0
3287,4,MARKET,5,1,eng,0.47207937,4.0,0.31520295,0.4774863350853925,0.30015212,2,eng0
3288,4,ÇORAP,6,1,eng,0.4534277,3.0,0.415500315,0.3856350240600689,0.42235893,2,eng0
3289,4,TERAS,7,0,eng,0.39254424,2.0,0.38226804000000003,0.49986947706937257,0.37199184,2,eng0
3290,4,KALIP,8,0,eng,0.47379452,2.0,0.38277391,0.5101667577119506,0.2917533,2,eng0
3291,4,FIRIN,9,1,eng,0.41650194,4.0,0.370266915,0.46658015670851183,0.35546896,2,eng0
3292,4,TAHTA,10,0,eng,0.50979894,7.0,0.38755481,0.4508951178891387,0.43239775,3,eng0
3293,4,HALKA,11,0,eng,0.33861277,8.0,0.29148004,0.5758026152990745,0.32169798,3,eng0
3294,4,BAHÇE,12,0,eng,0.5827601,5.0,0.34301999,0.5063051497553441,0.25812885,3,eng0
3295,4,ZEMİN,13,0,eng,0.49636292,6.0,0.367761655,0.47783719137721536,0.38117683,3,eng0
3296,4,HARİTA,14,0,eng,0.38407496,11.0,0.312756375,0.5823168469635991,0.3690449,3,eng0
3297,4,MEKTUP,15,1,eng,0.4055868,4.0,0.25457497500000004,0.5987694822567105,0.22204159,3,eng0
3298,4,PARA,16,1,eng,0.42892715,15.0,0.298562775,0.5671471352702233,0.3395698,3,eng0
3299,4,SIRA,17,0,eng,0.31013894,6.0,0.25224091000000004,0.6528562911749506,0.2889587,3,eng0
