MASA,CAM,SU,İYİLİK,TÜTÜN,KELİME,KALEM,ÖLÇEK,ÇANTA,AĞAÇ,PARK,SARI,ŞİŞE,BEYİN,BARDAK,YAZI,KAĞIT,BİNA,KOLAY,RAKAM,KÖPEK,EKRAN,KALE,TABAK,TERLİK,KEDİ,CÜZDAN,KAPI,GRUP,BÜYÜK,DEFTER,SPOR,TOPLU,ELMA,KAŞIK,SEHPA,KISA,İLAÇ,KOLTUK,PARKUR,TOPRAK,KALAS,DOLAP,KİTAP,ODA,HALI,KÜÇÜK,DUVAR,SALÇA,ÇİÇEK,YATAK,LAMBA,DÜĞME,KOKU,FIRIN,TAHTA,MARKET,MEKTUP,KASA,HARİTA,DERGİ,PARA,ZEMİN,HALKA,TERAS,SIRA,KUTU,BAHÇE,SİLGİ,KALIP,ÇORAP,KABLO,TAŞLIK,KOLA,SULUK
-0.008491173,-0.067948975,-0.032345306,-0.07071178,0.17403421,-0.014247914,-0.11032255,-0.059940476,0.076353535,-0.12761313,-0.15693443,-0.010151553,-0.027819542,-0.0013906565,-0.027049908,-0.12882164,0.011107983,-0.015405528,9.558443e-05,-0.14915736,-0.017509928,-0.1615062,-0.077519104,0.05603442,0.043424405,-0.035267163,0.0104685975,0.12226998,0.04853075,-0.04425514,-0.068870254,-0.016189963,-0.021829225,-0.02844961,0.022110801,-0.0042025913,-0.13912079,0.1676797,0.0003008567,-0.043760907,0.04139955,-0.06456401,0.025108695,0.015841577,-0.051413257,-0.009718809,-0.07656638,-0.13868527,-0.0061531425,0.06318719,-0.091103524,-0.11260198,-0.025165427,0.09580123,0.08556327,-0.08242925,0.12482871,-0.11507978,-0.18654436,0.12751544,-0.07900598,0.0761758,-0.04717621,0.0023642937,-0.010493873,-0.12796432,0.034785308,-0.013033264,-0.03221766,-0.011983382,0.029142499,-0.07982606,-0.018045528,-0.047307502,0.0145183485
-0.0027046006,-0.08299516,-0.17798854,-0.03738252,-0.00014360482,0.06531727,-0.14703485,0.036171835,-0.043864742,-0.12679875,-0.110030845,-0.015010163,0.042416777,0.058760602,0.0100895865,-0.02079857,-0.008928705,0.0039436365,-0.08569023,-0.017053567,-0.02567552,-0.05634085,-0.04286542,-0.067198455,-0.063306615,-0.060155667,-0.026516637,-0.053412423,0.0023342732,-0.013533926,0.009871503,0.075387225,-0.057647683,-0.12707208,-0.047037724,-0.021871522,0.1219096,0.01621929,-0.034395367,-0.032904077,-0.07203856,0.015206019,0.012200834,0.049760647,-0.02726452,0.12075734,-0.09217976,-0.003259839,0.01577917,-0.15178354,-0.036464024,0.016231475,0.013347931,-0.027408449,0.028149232,-0.030335672,0.09037068,0.022558598,-0.06562786,0.016150905,-0.015521981,-0.2950992,0.1125094,0.043061994,-0.007374346,-0.06385898,0.018957494,0.073070854,-0.04629665,-0.023068719,-0.01926883,-0.10631586,-0.018467724,-0.05764357,-0.012513554
0.15613617,0.19690514,0.151428,0.022936488,0.023762101,0.13155259,0.116668746,0.08092218,0.042719375,-0.008998788,0.11425674,0.19412202,0.058676668,0.12299491,0.07494789,0.13462272,0.15811811,0.15840368,0.07556799,0.07828006,0.11813972,0.17202194,0.053121995,0.03249179,0.04980733,0.15473013,0.086079255,0.1803463,0.117125265,0.012059912,0.12136725,0.21429884,0.13433413,0.117701426,0.045576368,0.06135255,0.04768799,0.13884774,0.06636642,0.116011225,-0.038133692,0.023342546,0.15979637,0.10919481,0.16527458,0.2181726,0.064467266,0.11723041,0.05536343,0.0977667,0.11743802,0.09093315,0.059382327,0.057937376,0.025787815,0.113408774,0.093292005,0.11053276,0.10975232,0.15714882,0.21460557,0.079699576,0.01721346,0.016768392,0.084741704,0.13717853,0.12256861,0.09431392,0.05109871,0.106001064,0.023854986,0.082561344,0.06348342,0.13823187,-0.015231213
-0.084037535,-0.07705429,0.35895514,-0.0089654485,0.04817991,0.0060238764,0.071441524,0.11643895,-0.11433222,0.14984849,0.17074631,-0.00868961,0.07596763,-0.015490683,0.009887523,0.09140652,0.029067177,0.1007238,-0.05613012,-0.0023818957,-0.046536047,-0.07944021,0.028979555,-0.0021693911,-0.0051767547,0.019773057,-0.0125210835,-0.06821582,0.1523373,-0.015140774,0.06705516,-0.034415178,0.03509238,0.15505306,0.010300154,-0.044964172,0.0076664556,0.097857565,-0.18294828,-0.035152856,-0.004347469,0.035386592,-0.034017593,0.08538413,0.044185936,0.0073296065,0.055841874,-0.081684776,-0.005561496,-0.0021317191,0.054816946,-0.009523461,-0.000258442,1.1043157e-05,-0.14952722,-0.042529628,-0.056643456,0.039881837,-0.18676065,0.048498027,0.051882334,0.042600572,0.00059869327,0.07264733,0.014298627,0.049152266,0.020173647,0.04469153,0.0216154,0.021341434,0.038783237,-0.0008036641,0.007194668,0.0033883145,-0.08869787
0.009049905,-0.06344321,-0.48907226,-0.052261658,0.061903484,-0.07000064,0.085988075,0.040366508,0.002210956,0.022123933,-0.017376041,0.18638745,0.06359981,0.011364143,-0.042990085,0.13370252,0.05003605,0.022373151,-0.016412284,-0.024438992,-0.08907085,0.13425818,-0.039690964,-0.007972077,-0.006148891,-0.016057387,0.017079381,-0.05003523,0.0025088391,-0.05574694,0.16525938,0.1246292,0.13109064,0.0570331,0.059364267,0.030128246,-0.085448906,0.054846488,0.005525835,-0.008856365,0.0031772614,-0.009699814,-0.029455042,-0.11511653,0.10857324,-0.0013376623,-0.004826233,-0.07487618,0.024788456,0.02604097,-0.0448922,0.023952821,0.0015222707,-0.012160955,0.02874835,0.02286207,-0.081126705,0.017222447,0.001200219,0.11923951,0.09141986,0.03351016,-0.1292921,0.055328906,-0.041370846,0.16117366,0.039121043,-0.01614275,0.04665578,-0.04199899,0.0119992625,0.0009856857,0.014463407,0.008203965,0.0088960575
0.12243283,0.0059562866,0.1434434,-0.016547952,0.12581667,0.016017135,-0.004568783,-0.03789794,0.062134806,-0.09195043,-0.025610223,0.068732195,0.1302315,0.14154458,0.035207022,-0.044310447,-0.040380515,0.013955815,-0.042679507,-0.099580415,-0.0057657314,-0.0103974715,0.07779729,-0.014391586,-0.031317275,-0.06025387,-0.011194683,0.0043208934,0.015077068,-0.04250143,-0.2055006,0.0005725175,-0.12769967,0.006700294,-0.0032793493,0.0029187105,0.022632373,-0.04586005,0.0048426627,0.013510254,0.07520505,-0.021441203,-0.016070962,0.037312858,-0.1826384,0.14126772,-0.039569363,0.08641447,0.0031021251,-0.025148526,0.03879602,0.09724904,-0.017486172,0.057943545,-0.0065108244,-0.02772934,-0.07677912,-0.007899437,0.0025128794,0.006158226,-0.0690809,-0.010836368,0.005194952,0.05060267,-0.044256143,-0.08202279,0.04691283,-0.05767327,0.00534474,-0.10309589,-0.022719227,0.020989532,0.008613348,0.020169865,-0.054476738
-0.21110573,-0.37398383,-0.14893551,-0.04132781,0.03371157,-0.01111348,0.017177513,0.01735846,0.022689372,-0.043318957,0.008235082,0.078579776,-0.026290383,0.018626109,0.03275039,0.043809608,-0.05218446,0.008630294,-0.03710512,0.13489665,0.008696662,-0.0015715025,0.08133325,-0.0508067,-0.02004688,-0.040549703,0.011897873,-0.04475732,-0.0121387,0.023569468,0.011501503,0.053872637,-0.18578088,-0.03477575,0.0032515419,-0.030980317,-0.09654167,0.0584059,0.052826,0.015019983,-0.047736164,0.0037029628,-0.048501782,0.03560758,-0.13325757,-0.11798352,0.08045204,0.07499262,-0.0013511742,-0.053279355,-0.01986073,0.031429682,-0.015919745,-0.012338474,-0.007143237,0.036953688,-0.095277876,0.045593783,-0.036832113,0.022342091,-0.019677252,0.121311784,-0.09433038,0.0013067396,-0.07761147,0.002065152,0.04105839,0.042124107,-0.03001666,-0.1730515,-0.036352433,-0.056947965,-0.054100167,-0.031839155,-0.083666034
0.022256134,-0.43722406,0.24700847,0.04849766,0.018571956,-0.0032342428,0.1303776,-0.04674685,0.02686348,0.17448056,-0.020454695,0.030235857,-0.119638965,0.021013413,0.020704722,-0.0550193,0.04051979,0.025533743,0.106733896,0.0049996087,0.18515624,-0.09056817,-0.05158975,0.063877895,-0.016549328,0.1375817,-0.0011220679,-0.023418467,-0.07979488,0.08689819,0.12171769,0.11850359,0.020287747,0.1521697,0.08873227,-0.04576803,-0.0616427,0.008127971,-0.07537074,0.02802208,0.049760483,-0.0011592507,0.0149420425,0.07617749,-0.11897372,0.0049918424,0.068079576,-0.04073005,0.019018643,-0.008180202,0.0068828687,-0.08327776,-0.01603733,-0.0016768759,0.021495907,0.011621412,0.0060095023,0.086300515,0.11159169,0.017965415,0.0060884263,0.037508104,0.08432425,0.017414127,-0.079723105,0.10695842,-0.058566913,0.04397733,0.04260072,0.059294626,0.025366781,-0.121836185,0.0429462,0.012971933,0.017941492
-0.0011144405,-0.06878027,-0.29345694,-0.12346224,-0.014567405,-0.012521741,0.007861961,0.008348259,0.035717614,0.10100129,-0.007009442,-0.12859423,-0.03903643,-0.032830417,-0.030557616,0.19138794,-0.041259196,0.046965815,0.021443425,0.033275764,0.011570156,-0.056905832,-0.036454737,-0.051843412,-0.02000319,-0.019539967,-0.029177083,0.14503115,0.027719963,-0.0034667486,-0.060121477,-0.01872055,-0.020847721,0.02767945,0.022723079,0.02528676,0.021123454,-0.17784935,0.027871484,-0.05273042,0.004080891,0.0027713205,0.08833118,-0.002609545,0.039755337,-0.04690834,-0.013231391,0.09734283,0.01512582,-0.04415966,0.0025371923,0.053213358,0.059827007,-0.039715752,0.04215665,-0.13702814,-0.03118454,0.06159057,-0.12900987,-0.03217232,0.023451196,-0.04623396,0.011098294,0.10339538,0.07505467,-0.13923307,0.060679287,0.10463378,-0.014203552,0.05771994,-0.04101252,0.058519095,-0.0040201233,-0.060283717,0.022963032
-0.018998837,0.03529913,0.13901782,0.06868757,0.12519073,0.09387637,-0.046272706,0.07782099,0.08002664,-0.036053132,-0.0020776615,-0.008090439,0.09949374,-0.0042098444,0.023865415,-0.045255985,-0.06246182,0.08022316,0.14626332,-0.072443694,0.055215146,0.27427727,-0.037267886,0.072689526,0.07697693,0.0043168995,0.03207856,-0.07549892,-0.058413453,0.02745027,-0.03993223,-0.005061542,-0.028656473,0.015726127,-0.009161145,-0.0042471737,0.057090577,-0.038784653,0.014913742,0.056031074,-0.01491408,-0.024396246,0.0096559785,0.023066046,0.02048593,0.047458097,0.047113802,0.018918417,0.04207123,0.12580875,0.08040956,0.0011862796,0.008552844,0.07851263,0.13000393,0.023989718,0.041961327,0.06213036,-0.21526104,0.07875635,-0.0030804519,-0.09099,-0.024662802,-0.06971151,0.031678535,-0.0117933005,-0.006251754,-0.00041678548,0.005810413,0.103145204,-0.024808446,0.10429461,0.029512594,0.034955144,-0.035935562
0.017463384,0.045060337,-0.07458559,-0.056490548,-0.049054947,-0.05403726,-0.112985,0.006680088,-0.022273775,0.009301245,0.051722363,0.15103832,-0.03729844,-0.05495609,-0.033640902,-0.04222777,0.08351266,-0.1370626,-0.036856398,-0.01083101,-0.053396083,-0.052956477,-0.14248523,-0.051899247,-0.02619121,0.021255687,-0.031653717,-0.060058825,-0.07969047,0.08658289,0.032636758,0.060667425,-0.025498739,0.00012165184,-0.06610171,-0.0045813983,-0.10268094,-0.111551166,0.01792389,0.01190156,0.05604424,-0.058167797,0.049116578,0.05148995,0.09711885,0.04405312,0.0916061,0.11307132,0.024462454,0.09467309,-0.012820439,-0.05029062,0.012676149,0.044437673,-0.008694977,-0.09896002,-0.028790504,-0.046918057,-0.07241331,0.015795376,-0.037714362,-0.109850585,-0.018195556,-0.10285017,0.018616844,-0.19212666,-0.15772772,0.023266576,0.0211664,-0.027717073,-0.055346157,-0.12915479,-0.015571738,-0.034018077,-0.025867
-0.06331516,-0.047971837,0.24628417,-0.09176634,-0.03083456,-0.050430942,-0.04667855,0.007711786,-0.05561825,-0.030876935,-0.07195631,-0.06526791,0.049692478,0.024967566,0.009207419,-0.15609059,-0.029060546,0.019649943,-0.06860955,-0.093345344,-0.044774737,0.050141625,0.087328695,-0.05586859,-0.074540935,-0.021079546,-0.02051199,-0.01855313,-0.03909561,-0.02234909,-0.034541458,-0.1976445,0.015077296,-0.025528198,-0.03739933,-0.025744196,0.016460333,-0.19054556,-0.039551392,0.00068962044,-0.060164023,-0.046580847,-0.0407992,-0.14632234,-0.13709374,-0.05246266,-0.017143989,-0.09992223,0.010948788,0.023614787,-0.049362365,0.03484451,0.01637311,-0.1104514,-0.011546573,-0.008376321,-0.02452905,-0.0011110365,-0.08233559,0.028433992,-0.10351488,-0.13816468,-0.061993483,0.0018899221,0.009084012,-0.15155391,0.03591095,0.0141304545,-0.09159017,-0.014822686,0.01798181,-0.022033563,-0.009774581,0.043299213,-0.04338509
-0.15963408,-0.26770923,-0.22100845,-0.0020446093,-0.06890885,0.059808668,-0.07132056,-0.030985486,-0.09055964,-0.059284665,-0.037843175,-0.09617646,-0.01872029,-0.05763008,-0.03009036,-0.050356016,-0.18841264,-0.19878647,0.0008598417,0.045849886,-0.06226184,0.049236327,-0.07516241,-0.03878288,-0.007365474,-0.14163232,-0.03808112,-0.116641454,-0.09117621,0.045579333,-0.115581535,0.086690366,-0.13606142,0.1197785,-0.05619988,-0.06306208,0.15479708,-0.031583827,-0.10313957,0.005105684,-0.034793664,-0.038712956,-0.06173558,-0.033326305,0.03389744,-0.13158494,0.03724202,-0.040781606,-0.051806875,-0.05688174,-0.12236676,-0.054592524,-0.04781162,0.046186894,-0.10479442,-0.054734368,-0.03889309,-0.064090334,-0.13570654,-0.09520072,0.21016636,-0.012428457,-0.0029769985,-0.045736954,0.01739923,-0.05503475,-0.08006659,-0.03363736,-0.030150246,-0.18112318,-0.07702499,-0.12289883,-0.017868144,-0.06702883,-0.08861407
-0.13031782,-0.0892777,0.19477485,0.022717211,-0.044133376,0.0449482,0.024881218,0.105235934,-0.012413025,-0.07176314,-0.14601122,-0.008536952,-0.14241388,-0.04815021,-0.006927444,0.08566797,-0.059338644,-0.0770232,0.0128853265,0.00049124187,-0.085845,-0.0061697215,-0.041543327,0.061214656,-0.02207784,-0.043504678,-0.06637655,-0.10660307,0.073318474,0.0111653125,0.04941993,0.041894965,-0.15188742,-0.13376509,0.03857816,-0.027271692,0.008043738,0.09871875,-0.07673418,0.014715755,-0.041370988,0.0022913504,0.0021986014,0.05607829,0.013312671,-0.048767902,-0.06908111,0.014165003,-0.028397115,-0.072078824,-0.000100496225,-0.071601175,-0.023613341,-0.0195514,0.039820284,-0.013601798,-0.019108498,-0.0038138756,-0.050976347,0.049540367,0.028463896,-0.15959823,0.025895547,-0.04260788,-0.06962392,-0.025414957,-0.030832535,-0.08371328,0.019148795,-0.021778503,-0.042181972,-0.10682425,0.016956296,-0.05209432,-0.020393666
0.06708133,0.023738686,-0.43509305,-0.051448803,-0.14316404,-0.014362327,0.04216165,-0.04649672,-0.035172768,-0.065129384,-0.007375009,0.04951465,-0.025061592,-0.06921355,0.020435888,-0.18923657,-0.031038865,-0.043820363,-0.046410818,-0.11967407,-0.05276218,-0.022880793,0.022759033,0.0026529445,-0.026343687,-0.10905611,-0.056914996,-0.03743969,-0.057953205,-0.07324213,-0.013212125,-0.074071735,-0.057732392,0.14722088,-0.016104424,-0.034068312,-0.12353017,-0.054794446,-0.022510454,-0.028632326,-0.0055957246,-0.0081405565,-0.04705707,-0.08486278,-0.14650911,-0.026860945,-0.013812358,-0.074905336,-0.00051633804,0.08424832,-0.056154065,0.011320388,-0.047481887,-0.04457286,0.048106503,7.10045e-05,-0.042134494,-0.026592223,0.010695636,-0.031944305,0.045547552,-0.16999596,-0.16499417,-0.09856315,0.023491766,-0.044645574,-0.1836321,0.067196,-0.023519184,-0.022431567,-0.015427427,-0.11376156,-0.0326017,-0.086301446,-0.006607862
-0.016847938,0.08702846,-0.22833757,-0.018961346,0.15376848,0.02862364,-0.010162646,-0.058686633,0.04215337,-0.0025494061,0.06676036,0.13632165,0.07942957,-0.08612324,0.032543357,-0.044565044,0.12769413,0.22453436,0.11888103,0.039109185,0.06735645,-0.07845213,0.14354923,0.0038992465,0.055081733,0.14441532,0.04696969,0.19246505,0.16037314,-0.04154717,0.1260853,0.023545139,0.10829815,-0.008716559,0.037397,0.03416292,0.13070983,0.08292589,-0.011201381,0.040089216,-0.11724744,0.034940552,0.049567416,0.21640593,0.1431465,-0.07977368,0.043864,0.028442074,-0.017102528,0.1336403,0.10940841,0.05143666,0.020347482,0.03699735,-0.011347836,-0.022936901,-0.0033354608,0.122322656,0.102156416,-0.045411043,0.10715157,0.17422651,-0.08016032,0.14771669,0.08263227,0.14628895,0.040703937,0.09237394,0.052382037,-0.003567351,0.045217127,-0.023059744,0.0123002,0.03847922,0.103443995
0.009937769,0.0059127957,0.33688563,0.039947018,-0.026315128,0.031224433,0.11683008,0.068953514,0.07483856,-0.039195776,-0.029163063,-0.0018646227,-0.05189821,-0.011225764,-0.005954997,0.06254804,0.021822669,-0.052367926,0.031426035,0.09185174,0.0028112214,0.17644408,0.038590558,-0.06119635,0.025070814,0.06935182,0.036394965,-0.01604722,-0.15961199,0.09802352,0.01723006,0.13729155,-0.02565631,0.06953794,0.03860283,0.02166406,-0.0744731,-0.01061818,-0.022052376,0.051514525,0.017958404,-0.03639964,0.061750986,0.039480824,0.025931647,0.046763055,0.0431605,0.11864894,-0.0088161975,0.040418293,-0.040405348,-0.038470153,0.004416916,0.004828708,0.08762841,-0.033850692,0.00129216,0.03474823,0.15284266,-0.050179016,0.05251948,0.12361686,0.08326297,0.07357246,0.10011381,0.012106784,0.03539508,-0.02286394,-0.013160041,0.00476085,-0.0021297627,-0.07169626,0.033448227,0.041447334,-0.0005213013
0.021103006,0.105940804,0.10630714,-0.08016899,-0.06513207,0.009795076,-0.0027041945,-0.025056344,-0.06235044,-0.043696336,0.043812357,0.030781744,-0.044837054,0.0007126741,-0.047947,-0.06254038,0.01988218,0.070495605,-0.033904947,-0.101242185,-0.08170776,-0.0711966,0.11345901,0.032813508,-0.04642212,0.0021665725,-0.0119773,0.117947295,0.038636897,0.012763935,0.024256054,-0.069108665,-0.10345912,0.05473849,-0.100391254,-0.021016106,0.011667959,0.15165249,0.079773985,-0.048101705,0.04396248,0.0030363477,0.041373238,0.054915797,0.20696941,0.18767858,-0.0015950184,0.10758809,-0.034023475,-0.010616278,0.058555648,-0.021403283,-0.019581715,-0.035330094,-0.14628938,-0.038641706,0.0988825,-0.044518284,0.09277945,0.052060824,0.119923964,-0.0036767721,0.15895657,-0.089486025,0.0010748319,0.0030002247,-0.047422703,0.07511782,0.004806122,-0.05397959,-0.082381524,0.008380512,-0.0005130099,0.009372313,0.028793078
-0.19857869,-0.11555215,0.3567007,0.0027418637,-0.018938594,-0.068504356,-0.093030125,0.022095645,-0.11199328,-0.057583034,-0.07426183,-0.13194439,-0.04009559,-0.085514165,-0.01339705,0.0010358518,-0.07097032,-0.031899005,-0.06678861,0.0034047044,-0.07957221,-0.06453531,-0.03319083,-0.0326786,-0.010203118,-0.06612773,-0.013461758,-0.1783734,-0.035978824,-0.05282723,-0.06660272,0.16913985,0.12945302,-0.14081109,-0.023378946,-0.057325773,0.06778887,-0.010605117,-0.04659788,-0.071554676,-0.0058085695,0.038423374,-0.08933779,0.0116681475,-0.18144834,-0.030929616,-0.051804155,-0.00073353155,-0.021789012,-0.06848646,-0.07619852,-0.07850405,-0.07659094,-0.07767263,-0.071394645,-0.07909115,0.0046771034,0.13306277,-0.25572562,-0.054157913,-0.05934825,-0.114667825,-0.08185795,0.00074872887,-0.044401914,-0.10079728,-0.18551335,-0.12919419,-0.028916243,0.027125672,0.02115356,-0.047469664,-0.03955161,-0.095830046,0.024103224
-0.034943637,-0.06744306,-0.26743653,-0.033932116,-0.09715091,-0.077956855,-0.09156178,-0.07684321,-0.09033027,-0.062382683,-0.08865448,0.06999631,-0.05203846,-0.047478266,0.0092577385,-0.11939311,-0.17050274,-0.090857655,-0.024057698,-0.12112448,-0.13102737,-0.05704257,-0.034823257,0.024083419,-0.047682766,-0.08918979,-0.05094559,-0.048873745,0.021968395,0.03387564,-0.09319279,-0.025854036,-0.026724186,-0.04156301,-0.093976386,-0.08009515,-0.0028593566,-0.16660497,-0.022815472,-0.03354878,-0.025596498,0.02441187,0.023543697,-0.036144238,-0.026170809,-0.15799248,0.018017128,-0.030713823,-0.105447024,-0.028938688,-0.045406822,-0.0023540556,-0.053737342,-0.10964541,-0.10597402,-0.09583523,-0.13712005,-0.02700898,-0.06599154,-0.09301678,-0.10270223,-0.14766562,-0.0025637262,0.047272697,-0.061122693,0.10450548,-0.07724038,0.032616287,-0.031720057,-0.16309065,-0.09187333,-0.10629588,-0.013758791,0.0060413284,-0.07163183
-0.059230294,-0.004425615,-0.08790502,-0.09614753,-0.13597532,-0.15993297,-0.12792261,-0.07609934,-0.0713557,0.04506723,-0.008073236,0.0890681,0.044361368,-0.15867817,-0.021136224,-0.07892893,-0.040500052,-0.17419001,-0.07593305,-0.05594022,-0.056762572,-0.099951945,-0.11500466,-0.0063792123,-0.055851262,0.012674428,-0.04896146,0.042333882,-0.20356727,-0.07543634,-0.08932221,-0.027917948,-0.0020027715,-0.047054395,-0.059112724,-0.042825874,-0.15640628,-0.17475896,-0.06680693,-0.06709602,0.025386829,0.043398514,-0.094103664,-0.12318091,-0.12526004,0.060779613,0.03390359,-0.0060234107,-0.007040429,0.02392976,0.003180732,-0.10305736,-0.031827044,-0.007895174,-0.0061910516,-0.020988079,-0.06318508,-0.0021103246,-0.018590212,-0.11760821,-0.17220579,0.029663377,-0.023675159,-0.052891236,-0.043056242,-0.093096405,-0.11528539,-0.008004805,-0.07034792,0.014197228,-0.002737649,0.0582355,-0.06715035,-0.039540205,-0.058981627
0.009350009,-0.22683546,-0.46449438,-0.045337763,-0.05545185,0.07166957,-0.061886035,-0.09036804,0.025876235,-0.112103604,-0.0039459867,-0.09980335,-0.13047114,0.0041949432,0.025722269,0.10964754,0.025158383,0.008440649,-0.18948066,0.10400911,0.0034810884,0.13724305,-0.048875745,-0.03922751,0.047184125,0.04565598,0.009898924,-0.06645343,-0.028748743,-0.09996678,-0.04657033,-0.12967888,0.106930815,-0.030464893,-0.0035174591,-0.0021321035,-0.020664578,-0.098404214,-0.046622723,-0.019445606,0.034020226,0.009647332,-0.0018087802,-0.0058313087,0.15475333,0.09308161,-0.10839112,0.078033514,0.0050103143,-0.072265096,0.042854454,0.027128162,0.028554153,0.02399796,0.0019017013,0.07953477,0.11934924,0.14467092,0.036308117,0.0072570606,0.06099473,0.11595067,0.058312505,0.0049210144,0.01593992,0.09841346,0.035348162,-0.08012247,-0.008347843,-0.12804903,0.05727349,-0.08574092,0.012354078,-0.060660522,-0.021666298
-0.17292163,0.08558309,0.04401685,-0.0043544755,-0.035266884,-0.057518393,0.01771342,0.02489238,-0.04984641,-0.0062327376,-0.02030521,-0.06148103,-0.044942524,0.026299376,0.02521245,-0.050581582,-0.08058874,-0.071776584,-0.027327958,0.046195615,-0.026989339,0.06371365,-0.0029993034,0.02529003,0.01684218,0.07187022,-0.014393593,-0.116196536,-0.009740079,-0.070380256,0.024135094,-0.022833621,0.01651685,-0.05680669,0.011497625,-0.015714185,0.051323034,0.10593064,0.022431482,-0.04085183,0.035764262,0.012967538,-0.062520735,0.004537317,-0.0067158807,0.05589518,-0.13591263,0.021020986,-0.02675334,-0.0082920985,-0.010207073,-0.067547254,-0.015247578,-0.094081745,-0.018369364,-0.11308441,-0.09754337,-0.05820169,-0.0066020237,-0.048975356,0.12822233,-0.016685957,0.05045533,-0.0077884784,0.07875448,0.11499604,0.0034605116,-0.02319561,-0.011401306,-0.080260895,0.00879386,-0.0009813234,-0.051282037,-0.0025860346,-0.10375343
0.03276921,-0.010246406,0.05559292,-0.0137072895,-0.068605945,0.012510722,0.010695239,-0.0013377895,0.034389652,-0.04353141,-0.0343005,0.00768673,-0.09654318,-0.01134352,0.025966424,0.042888403,-0.0018110676,-0.09540894,0.006892912,-0.05508917,-0.0040334323,-0.16012341,-0.050010525,0.023126567,-0.02387598,-0.017584447,0.0039628283,0.059120737,0.12580544,0.03361328,0.053922188,0.10262905,-0.007425258,0.052029487,0.056693226,-0.033509735,0.017825626,0.047481924,0.053443205,0.003934664,-0.07943576,0.021502724,-0.035486616,0.13351104,-0.099386565,-0.06377539,-0.01170597,0.024740394,-0.037618622,-0.01879952,-0.03233122,-0.040573247,-0.03280532,-0.09633838,-0.028644733,0.10506606,-0.062704645,0.06593418,-0.10161656,0.07856629,-0.019828035,-0.086280495,0.14081568,0.111361116,-0.01250867,0.0069894544,0.049985137,-0.030092863,0.051131133,0.052306008,-0.010576122,-0.15869729,0.046032242,0.046796665,-0.0070875473
0.041571457,0.0047887936,0.4789612,0.035815444,0.04721901,0.08174269,0.10470216,0.05189531,0.060777597,0.09394651,0.09980613,0.17388085,0.0835987,0.044911508,0.06528439,0.10487055,0.1150824,0.15460756,0.060105678,0.09115086,0.027276201,0.01410551,0.11775776,0.11805018,0.044763334,0.093941435,0.04533744,0.14345527,0.1064738,0.06069762,0.08292555,0.032572545,-0.06411548,0.12399649,0.12949227,0.0670812,0.08553071,0.074279405,0.065398134,0.053827684,0.087773874,0.05736604,0.09802092,0.09364608,0.18594122,0.030601144,0.09755081,0.14434826,0.08991063,0.09701772,0.06140942,0.051664256,0.114988804,0.13370013,0.10824196,0.13946791,0.10248863,0.0660292,0.17652218,0.033054244,0.1284568,0.04941947,0.11488995,-0.07136082,0.0845062,-0.011101862,0.15545309,0.10579523,0.029101413,0.0888897,0.070066996,0.13937788,0.039892267,0.07345584,0.1257149
-0.0464826,-0.05766944,-0.05879115,-0.0029594197,-0.017666886,0.061463483,-0.051300313,0.13560472,-0.061792564,0.0080632325,-0.07058227,-0.07467025,0.034625426,0.04051405,0.010361373,0.07315266,-0.01923512,0.16168138,0.022789462,-0.03140626,0.016063746,0.046369143,-0.055324607,-0.001988656,-0.0017410445,-0.03318257,-0.036371853,-0.21646082,0.007015986,0.05483041,0.04668803,-0.03611205,0.010252781,-0.007986702,0.045140535,0.049555324,0.14883761,0.04538393,0.06362861,0.029147375,-0.0572821,-0.00014671063,0.0003654277,-0.042076778,-0.13414334,-0.047081202,0.060084358,-0.009810209,0.009876476,0.04378312,0.0072060805,0.079326525,0.07047879,0.054419324,-0.069534265,0.034883086,0.009294069,-0.04753447,0.05071686,0.056386888,-0.04801588,-0.0151332,0.026995495,-0.002783923,0.12553321,-0.13992505,0.0972722,-0.019746775,0.055669054,0.075126864,0.029216412,-0.07148503,-0.030966619,0.11269107,-0.01524486
0.0050723776,0.13286339,0.0030242496,-0.017919594,0.08927492,-0.026030118,0.040609673,-0.03736185,0.038529426,-0.03495507,-0.17619304,-0.000408041,0.111902475,0.092174806,1.1625886e-05,-0.09749954,-0.026322559,0.0481217,0.038837098,0.06279089,0.03196457,0.06587829,-0.115494154,-0.032658115,-0.007387516,-0.00028526038,0.018015511,0.025938105,-0.14658256,0.06526294,-0.04315054,-0.008046682,0.05542464,0.037670553,-0.028305363,-0.006408803,-0.08429305,-0.04952402,-0.038456716,-0.07369425,-0.032270927,-0.05123356,-0.00033656647,0.0127884485,-0.20359358,0.09959348,0.03402901,-0.004201714,0.012063596,-0.001814743,-0.012140751,-0.004594042,-0.02465545,-0.09618048,-0.018640552,0.021904284,0.043461632,-0.072361685,0.11316883,-0.14079049,-0.010822481,0.15746032,0.02857466,0.09458413,-0.03442983,-0.029463701,0.0010205358,0.031305723,0.021622878,-0.00451723,0.055035245,0.07475976,-0.011617278,0.09522691,-0.05742298
-0.02940939,0.05085786,-0.112055875,-0.0073892176,-0.022522464,-0.034989595,0.080963604,-0.050547786,-0.0071966313,0.011178377,-0.028433189,0.035999723,0.031645786,0.041516993,-0.0011362787,0.047577992,0.049411446,-0.03874983,0.047203675,0.023847241,0.01689412,-0.10022497,1.1243121e-05,-0.05080448,0.04103072,0.020309161,0.005614251,-0.021164073,-0.02601564,-0.10607814,-0.031736594,0.046057858,0.040291138,0.003659688,-0.03860291,-0.037039828,0.15683445,0.14506626,-0.04322013,-0.014877796,0.037014466,-0.0044137514,0.044896267,0.03709999,0.057020664,0.08471446,0.0068574036,0.07244034,-0.018386012,0.091133505,-0.07341617,-0.09839955,-0.0013458137,-0.03595859,-0.062949315,-0.04443438,0.072211705,-0.033815786,0.029628716,-0.0024866909,-0.013371244,0.042957142,-0.02670773,-0.027997252,0.0069731902,-0.044678964,-0.02582635,-0.056150254,-0.01569476,0.051715676,-0.031386264,-0.02795394,0.0008148372,-0.064046875,-0.012704244
-0.1567279,-0.019991755,-0.30342475,0.038445186,-0.0011187387,-0.028342737,-0.11018861,-0.030944237,-0.01986704,-0.11921108,0.07261568,-0.096626446,-0.04957439,0.03852383,-0.069735624,0.011918025,-0.022566056,0.038284156,0.06714539,-0.037980273,0.008684521,-0.07086009,-0.122652814,-0.04078717,0.0035265589,-0.09326686,-0.017387087,-0.047117606,-0.052065186,-0.008081405,-0.009693225,-0.017978538,0.04113709,-0.13909622,-0.028246308,-0.043537356,-0.014310889,0.04404565,-0.018156653,0.015260181,-0.035760827,0.015357199,-0.042463705,-0.04697167,-0.10482296,0.033758834,-0.07457216,-0.031979438,-0.02943189,-0.050761662,-0.020683765,0.005558554,-0.02080703,-0.05688893,0.025126413,-0.09618351,-0.00723494,-6.75574e-05,-0.09016025,-0.079291984,0.1113971,-0.008317437,0.071272254,-0.024322832,0.0023312224,0.039965246,-0.11835461,-0.033029363,0.04037349,0.015336381,-0.023481615,-0.030478816,-0.013134296,0.0010299658,0.008497018
0.07573883,-0.13164653,-0.050225403,0.06364296,-0.108615294,0.11147008,-0.007224009,-0.0724329,0.043246947,0.1518935,-0.022918915,-0.013264528,0.04494407,0.117311805,-0.024522156,-0.057969466,0.042587247,-0.07140372,-0.08780892,0.004417673,-0.051331967,0.07331591,-0.089701526,-0.045434274,-0.0015515983,-0.0009381771,0.030759696,-0.0633602,-0.03181036,0.03216923,-0.033017285,-0.06347003,-0.062523335,-0.10372021,0.034553755,-0.035297077,-0.057472162,0.10176791,-0.18195514,0.00023620557,0.018264344,-0.036447104,-0.069835484,0.009129658,-0.19848359,-0.078192085,0.005201628,-0.09472586,-0.0016890559,0.03673183,0.06795667,-0.13820799,-0.035000082,-0.022661028,-0.122595966,-0.06217201,-0.02575173,0.062646136,-0.16212124,0.0022934356,0.055199943,0.039838344,-0.025279576,0.056825597,-0.02059614,0.015630996,0.011315751,-0.023337342,-0.027589083,0.03919361,0.010029729,-0.08221704,-0.0070658536,-0.021931887,0.046786577
-0.14029546,-0.027900474,0.14536625,-0.059593093,-0.02679965,-0.036715996,0.041472744,-0.060461883,-0.053149443,-0.10232987,-0.075683534,-0.08334315,-0.022488436,-0.02591728,-0.016883245,-0.085435405,-0.0022951518,0.05361788,-0.02419737,-0.004783799,0.08767875,-0.02206343,-0.023125147,-0.04549952,-0.040544357,0.017963804,0.0041131633,-0.06629512,-0.10730314,0.0056218314,0.007202536,-0.05201023,-0.08282999,0.068390526,-0.045983084,-0.03199695,0.059744813,-0.050515845,-0.114656426,-0.049975242,-0.00039807707,0.014059844,-0.052738465,0.008156901,0.08345379,0.023284733,-0.0077239163,0.1073834,-0.012208362,-0.02186216,-0.15309235,-0.0420021,-0.06683855,-0.05402509,-0.027425162,0.04104035,0.038539764,0.013261362,0.064882144,0.030895649,-0.04903451,0.06832617,0.022937896,-0.05594722,0.03956155,-0.11256882,-0.052432146,-0.08231411,0.023079671,-0.032194115,-0.017232597,-0.06560321,-0.018066533,-0.06982022,-0.023126148
-0.14013028,-0.16002975,-0.26914397,-0.042108435,-0.058243133,-0.15144695,-0.07847709,-0.004453374,-0.04176656,-0.07783826,-0.08025152,-0.10918203,0.011682714,-0.07711609,-0.03601121,-0.13601959,0.06820902,-0.06345111,-0.07841118,-0.09135941,-0.09711911,0.00089106546,-0.103410006,-0.09232763,-0.013176332,-0.13915311,-0.026346562,-0.13701735,-0.093115896,-0.13648814,-0.07169582,-0.028249105,-0.03554222,-0.12877157,-0.07085947,-0.03828458,0.032291077,0.012689336,-0.19009104,-0.02316967,-0.09088005,-0.048814595,-0.09496589,-0.12149433,-0.36505628,0.016846234,-0.15628004,-0.040517393,-0.008555588,0.01870381,-0.14952374,-0.08389794,-0.07193888,-0.03574344,-0.027323918,-0.020025825,-0.12544583,-0.08463847,-0.13130294,-0.13387541,-0.06894318,-0.10823165,-0.07680166,-0.12595308,-0.10487517,-0.052475035,-0.048021257,-0.013722682,-0.028371612,0.007151712,-0.046095714,-0.024575382,-0.047225703,-0.025324084,-0.026789423
-0.12503445,-0.007962025,0.35521406,0.026786068,0.038150035,-0.039362714,-0.10821401,0.078021646,0.054381624,0.074673876,0.051506903,-0.11088603,0.1003899,-0.115611,-0.0011207712,-0.112551615,0.0029521924,0.07856923,-0.037027486,0.025030967,0.03131872,0.085091576,-0.016293388,0.012407806,-0.007973256,-0.0033745663,-0.012446961,-0.018743655,0.09058356,0.06472206,0.009260025,0.015813366,0.06586711,-0.0050638593,-0.032495476,-0.02251331,-0.060549226,0.11946674,-0.031898696,0.051857915,0.05024568,0.054650895,0.023997927,-0.043733805,-0.051728584,0.12526216,0.031599708,-0.057832867,0.07124665,-0.0463493,0.059404954,-0.08450621,-0.030774452,0.051404327,0.15664749,-0.028979078,0.08477076,-0.11136208,0.12850162,0.1631314,0.0301289,-0.010093461,0.029702079,0.011994264,0.090771586,0.0018594887,-0.05820134,0.025056548,0.014400188,-0.00202105,0.033490565,-0.010765063,0.05735488,-0.029993728,0.060481835
-0.24822097,-0.11277234,-0.1792679,-0.0794373,-0.046586957,-0.037193555,-0.049503114,-0.1505814,-0.062258773,-0.040174074,-0.10010677,-0.19529212,-0.13009739,-0.11468418,-0.073648825,-0.13366237,0.010168023,-0.14602551,-0.14420041,-0.021547839,-0.067791276,-0.034422137,-0.14693709,-0.11041413,-0.066316046,-0.09914529,-0.07100838,-0.14313145,-0.1402448,-0.1591251,-0.03787894,-0.07707169,-0.026186705,-0.03910672,-0.06610379,-0.052625135,-0.22636124,-0.096986674,0.077955596,-0.046182986,-0.02359528,-0.055113427,-0.00985741,-0.12776266,-0.061260268,0.06624115,-0.0728519,-0.019586634,-0.022960752,-0.11934105,0.026138486,-0.09811862,-0.08529039,-0.08105789,-0.024352048,-0.049543805,-0.04254185,-0.076371096,-0.08334406,-0.06917389,-0.13408546,-0.08683528,-0.08123577,-0.13364998,-0.047408894,-0.08210145,-0.113071084,0.066654086,-0.023143921,-0.0785272,-0.0629759,0.047013782,-0.012076864,-0.09280115,-0.019174887
-0.06669222,-0.037920754,-0.15936056,0.0586554,-0.015887376,0.04908639,-0.136185,-0.01248678,-0.034430273,-0.13012087,-0.09448841,-0.10685312,-0.03260109,-0.079579785,-0.11200261,0.02060043,-0.08773094,-0.0077153593,-0.021235418,0.07964721,-0.021743372,-0.008398142,-0.11778848,-0.1629698,-0.064014934,-0.06420557,-0.08369,-0.090343975,0.0081942445,0.058439117,0.019858783,0.034495667,-0.0009082733,-0.08779036,-0.07728846,-0.0096099945,-0.057013538,0.06895633,0.01351159,-0.03281219,-0.100363486,-0.09092181,-0.015115076,0.035273127,0.12359069,-0.031904824,-0.06687158,-0.11941163,-0.046186075,-0.18969284,-0.115008876,-0.098516814,-0.064763285,-0.108067684,-0.087245286,-0.12755123,-0.001952424,0.111168005,-0.110369496,0.05584624,0.09335965,0.036221273,-0.011560556,0.042507652,-0.045799352,0.029380202,-0.025884885,-0.11369521,-0.03326495,-0.12637003,-0.090797305,-0.077749275,-0.10044416,-0.17595118,-0.06757524
0.12264439,0.10094442,0.012819014,-0.0021633531,0.0335045,-0.11417601,0.054862097,0.098468445,0.0775791,0.057502,0.08132318,-0.053015858,0.16710828,0.016818628,0.059666373,0.01533881,-0.013504595,0.13996655,0.020802382,-0.07356731,0.009231015,0.060306955,0.07421159,0.011124512,0.04418577,-0.0008777964,0.05975124,0.064795285,0.12963021,0.09323309,-0.022859862,0.024412539,0.0323378,0.11539995,-0.032393288,0.040912233,0.08078613,0.07674338,-0.054625034,-0.009667036,0.051879317,0.05906312,0.052918732,-0.0007358901,-0.024388693,-0.054950498,0.14245586,0.0072394535,0.04001189,0.07437837,-0.016900072,-0.0026794658,0.08374082,-0.05904559,0.16385566,-0.011184455,0.13523486,0.01079166,0.1179386,0.09967752,0.10392296,0.10030021,0.13342977,0.009334415,0.04113909,-0.027593281,-0.027307276,-0.033899665,0.06222948,0.077073604,0.0031414134,0.17250365,0.014481919,0.037773196,-0.030273445
-0.08485551,-0.041941624,0.47338215,0.04307908,0.11980982,0.10182049,-0.061290786,-0.064118594,-0.048709583,0.055932835,-0.019408464,0.056999173,-0.052565835,0.056702353,0.06204183,0.100848526,0.09886248,-0.035082795,0.045190103,0.09380192,0.18933533,-0.116757944,0.058367204,0.016316712,-0.0009558052,0.26960987,0.0491469,0.12228212,-0.17807695,-0.030090552,-0.0661738,-0.11890784,-0.011687405,0.043724056,-0.0057842173,-0.0038365847,-0.01973034,0.20016026,0.03294212,-0.05237422,0.04922681,0.08218382,-0.039563134,-0.04400619,0.024593253,0.03845952,-0.0058658477,-0.037856728,0.040472325,0.025154334,0.08278698,0.024376523,0.0022800837,0.28816903,0.058419447,0.017869156,-0.05937455,-0.07144201,-0.09287211,0.066962734,-0.003721372,0.044712186,-0.13347052,-0.058928654,-0.028565813,0.06747066,-0.10899028,0.04332614,0.06578068,0.003570226,0.030680401,-0.15091795,0.0010246389,0.104168944,0.06641175
0.13374573,0.024490215,-0.16294451,0.029568106,-0.04625437,-0.0050086356,0.06036587,0.09060702,-0.049734738,-0.09976401,0.02206869,0.013038803,0.010823194,-0.054307435,-0.07377513,0.08723672,-0.08101531,0.02828767,0.046855807,0.043295365,-0.0499585,-0.09840399,-0.033980403,-0.037173364,-0.0106071,-0.020931317,0.012011225,-0.07207275,0.16136973,-0.045466363,-0.010168302,-0.027409723,0.04916929,-0.06545326,-0.035278708,-0.009528931,0.08897096,0.02892429,-0.049411952,0.015286945,0.015487904,0.0048578684,0.02405157,0.05888862,-0.076715335,-0.22514682,0.028111327,-0.0708826,-0.0060836063,0.037720717,-0.03969632,-0.013132962,-0.0009976379,-0.022690719,-0.14088437,0.016768208,0.08742543,0.038850963,0.025881514,0.037015826,0.045449343,0.10464545,-0.009629245,0.13266116,0.0040367786,0.122937165,0.123016775,-0.008310873,0.009835476,-0.057266578,-0.0037108003,0.016721886,-0.029905692,-0.0751088,0.04466279
-0.09507489,-0.11602439,-0.60049635,-0.028222188,0.06485614,-0.051096886,-0.010214086,0.012634715,-0.014601801,-0.011446156,0.012444815,0.092504494,-0.031160511,-0.0023651123,-0.03410254,0.13578105,-0.051368043,-0.11806178,-0.020018902,-0.05422789,-0.105997704,-0.16569984,-0.055036526,0.013395229,-0.010128518,-0.06924638,-0.063384734,-0.1173739,0.06256233,-0.058314692,-0.04316106,0.05316196,-0.03424025,0.036571406,0.012102233,-0.06197937,-0.06482778,-0.09449187,0.09476983,0.03705561,0.028189931,0.008661924,-0.027191699,-0.08036277,0.043628845,2.6027363e-05,0.02714936,-0.09024301,-0.02607357,0.053681735,0.026489,-0.0826193,-0.050043628,-0.021700423,-0.060470052,-0.075432956,-0.010790772,-0.116184585,-0.0578161,-0.062820695,-0.042856663,-0.007253251,-0.065975815,-0.0407879,-0.0016725175,0.018839158,-0.07364063,0.053920362,-0.056335315,0.022783026,-0.013884145,-0.06624981,0.011180284,0.048782304,-0.028769985
0.084655374,-0.037014604,-0.11326624,0.020395076,-0.088419355,-0.03241549,0.086510494,-0.12154796,-0.07067136,-0.103423856,-0.07110197,0.110607564,-0.06077753,0.03288188,-0.027553678,0.09872075,0.048438102,0.11207145,-0.04469779,-5.3392956e-05,0.025479626,0.018446553,-0.12245282,0.0209148,0.036233265,-0.023928907,-0.00089183,0.039188612,0.090446845,-0.008140324,0.028825456,0.18660276,-0.016191293,-0.39182314,0.006330409,-0.012353705,0.008627004,0.038161248,0.108028375,0.021215865,0.028645951,0.016559321,0.0020358097,0.02569305,0.2146207,0.113580614,-0.017096505,0.0011589336,-0.046511147,0.0682721,0.032708146,0.015095817,-0.041925,0.012925315,-0.0439923,-0.082002796,-0.03751924,0.03574775,0.036860593,-0.09172617,0.07862647,0.07042399,0.039114267,-0.13129066,-0.047649924,0.084358156,-0.029264357,-0.023755386,-0.010821513,0.13880819,-0.024031388,0.028107725,-0.010719463,-0.094326876,-0.005759323
0.08483105,0.09496546,-0.27347434,-0.046388984,-0.1528928,0.082954265,0.005044095,0.009456368,0.037473477,-0.034638528,-0.068530075,-0.035169266,-0.054886576,0.062579945,-0.050760936,-0.10178834,0.04203069,-0.014871924,0.10068825,0.081385545,-0.007469574,-0.043489445,-0.032634944,-0.020804163,0.07576551,0.076347455,0.046389423,0.11229946,-0.03454995,-0.037429772,-0.019572312,-0.062219173,-0.029000731,-0.052749854,-0.003122204,-0.0049831015,0.015149164,-0.054313835,-0.00017315373,-0.036578204,-0.037792176,-0.0036978624,-0.016865429,0.01249823,-0.0053409804,0.29925746,-0.03282983,0.01650781,0.013871498,-0.0019019735,0.038771227,0.03540005,0.043484643,0.05143298,0.03805151,0.022735517,-0.010802398,0.026571373,-0.133112,0.036557894,-0.004779335,0.07910198,0.064713016,0.017123997,0.024949003,-0.10167732,-0.0037125412,-0.05416687,0.019207334,-0.016862528,0.04023043,-0.0023198253,0.024595726,-0.035500787,-0.0003928243
-0.09008266,0.08540653,0.076275095,0.022265064,-0.010287915,-0.024610031,-0.038459502,0.108134806,-0.042613287,0.11764779,-0.043481857,0.035400234,0.11323498,0.111995324,0.08094164,0.020855134,0.073375516,-0.050592095,-0.006915896,0.030534253,-0.037520327,0.13579985,-0.02734494,0.05516524,-0.009918319,-0.006470648,-0.024974132,-0.025702775,-0.050064307,0.059954435,0.029915286,-0.06150391,-0.07298179,0.1552304,0.05677984,0.005460006,0.030570693,0.066532455,-0.014057356,0.0091772545,0.018197646,0.01076607,0.03285501,0.0022176784,-0.12977518,-0.1435052,0.009491643,-0.005817555,0.069900446,-0.015034087,0.0049497206,0.0738174,0.061873753,0.12915374,-0.0002346849,0.011430046,-0.043579854,0.01985208,-0.00838962,0.010299501,0.06512885,-0.015458638,0.07386381,0.0786029,0.025012523,0.03572174,0.08139257,-0.044624995,0.07260342,-0.0014685225,0.006398757,0.040094156,0.023931473,0.1417192,0.0074112574
0.08414119,0.04812576,0.19627807,0.07084771,0.06164693,-0.0013028652,0.16121042,0.0052158386,0.04073044,0.094853014,0.09578123,-0.067836806,0.06197133,0.061754756,0.035021365,0.16886947,0.069384985,0.085760176,0.022447716,0.09153588,0.11890056,-0.0305104,-0.010656184,0.0076091858,0.05309053,0.14952686,0.07068848,0.09366165,0.1954808,-0.0037698764,0.059440907,0.083815776,0.10827233,0.016959138,0.03866924,0.055638734,0.03451933,0.16181287,0.08685412,0.008836014,0.016472137,-0.019349758,0.0792587,0.14299588,0.20605516,0.08797112,-0.014626204,0.11522335,0.026222777,0.039934345,0.04946926,-0.03259877,0.060601942,0.13438667,0.044272613,0.021661999,0.075577475,0.06673574,0.09483912,0.010563504,0.076666296,0.10671948,0.0008524321,0.048990436,-0.007094115,0.10591063,-0.0041510058,0.08792861,0.117449634,0.08250454,0.024534965,0.08218363,0.056862902,-0.009539789,0.027798798
-0.10156598,-0.10887961,-0.40277,-0.018237738,-0.14612558,-0.034365308,0.053581063,0.05917172,0.016897429,-0.027229134,-0.18095872,0.05842195,-0.040003635,0.06689196,-0.07984278,0.09668921,-0.10008884,-0.07126491,0.047723547,0.0007444215,0.023664681,0.03366016,0.11400028,-0.12040798,0.04541313,0.027867509,0.092561476,-0.008751965,0.057105035,0.09292838,-0.04725611,0.029177606,-0.09939039,0.059870116,-0.06437636,-0.0029844674,0.06586015,-0.029202564,-0.021174407,-0.025209798,-0.0022336673,0.021872193,-0.059370838,0.070069164,-0.1630469,0.04492809,0.07225711,-0.1482475,-0.00090060086,0.015968855,-0.12343362,-0.01632509,-0.028165262,-0.09405776,-0.036554277,-0.054750804,0.031170664,0.06560647,-0.06420533,0.06527672,-0.06377977,-0.15396252,-0.027766876,0.07255074,-0.076508135,0.08155155,0.065731965,-0.022324095,0.024701325,0.00599337,-0.0063816328,-0.11749471,0.024853507,0.0034554794,0.05849279
0.14056987,0.090811975,0.5806159,0.059857663,0.064073265,0.04038105,0.07785568,0.0042049354,0.0016159117,0.06273697,0.033738576,0.0908817,0.16592863,0.09296191,0.05149091,0.034736037,0.12487401,0.18542139,-0.046976335,0.060169317,0.036909126,0.1411923,0.11811324,0.028878607,-0.010398487,0.13838956,0.06297314,0.15502878,0.17000274,-0.032267187,0.08060431,0.07825824,-0.013781611,0.13881972,0.07665756,0.05127389,0.03414664,0.10983565,0.17159016,0.0066410797,0.024330793,0.01260937,0.075710155,0.059627704,0.13900164,0.121475786,-0.08052398,0.024535494,0.053433456,0.023170669,0.12342428,0.10879888,0.04917444,0.045063894,0.08767756,0.038761895,0.080207504,0.029580224,0.18870401,0.06326257,0.09145307,0.021516068,-0.05036726,-0.019280072,0.06760239,0.10718178,0.11402517,0.07175404,0.034668695,0.10230838,0.043876007,0.05089622,-0.010671708,0.04424423,-0.015997373
-0.10749119,-0.09332536,0.2438653,-0.053479683,-0.09259823,0.0072814934,-0.0136431055,0.10256501,-0.041731223,-0.10296389,0.04158041,0.10483649,-0.017854925,-0.02162349,0.012808583,-0.021064121,-0.12530737,0.076053396,-0.06293961,0.14755811,-0.046876658,0.0011040606,0.03605942,-0.022121307,-0.05433465,-0.025400307,-0.0146410195,-0.111390315,0.0017971841,0.037296727,-0.1292295,0.06360109,0.01723874,0.008398151,0.040185507,-0.029946385,0.0152007,-0.09515601,0.076325566,0.032735728,0.07617116,0.013475339,-0.013147911,0.060175195,0.01022671,-0.12412311,0.056630738,-0.034183484,0.026548631,0.070072584,-0.12268943,0.02174429,-0.04704517,-0.010391943,0.05901265,-0.025634486,0.02100921,0.0032355234,-0.2161399,0.11005256,0.04488816,-0.029656202,0.058356687,-0.029295404,0.097436324,0.11207773,-0.044558477,0.11361991,0.014155611,-0.10235356,-0.045580376,-0.11697489,-0.022587616,-0.025059521,-0.059142254
-0.01620243,-0.27011576,-0.16810627,0.011817663,-0.14385556,-0.04531611,-0.09703851,-0.0892465,-0.024533395,-0.018135142,0.06688098,-0.12231736,-0.03496179,0.07929231,0.022282774,-0.11360283,0.0015133482,-0.033054963,0.048431188,-0.07195708,0.044095516,0.036862187,-0.059531502,-0.007872192,0.01479657,-0.020195961,0.020916952,0.03129734,-0.021195993,-0.018954292,0.054187056,0.09216323,0.036793917,-0.06789391,0.023471087,0.0060901474,-0.042594537,-0.07380559,0.07074475,-0.011451434,-0.044348534,0.026577562,-0.016451113,0.024766402,0.3027671,-0.04791069,-0.028784495,-0.10156446,-0.023307689,-0.0435336,0.13784724,-0.003096036,-0.028480884,-0.049066525,-0.016644478,-0.009793984,0.04420367,-0.05184523,-0.1793652,0.043804985,0.052661598,0.032235336,0.037280504,0.028232131,0.056759156,0.047234397,-0.062459715,0.014577687,-0.023556776,-0.1624629,0.016461194,-0.061191607,0.01267234,0.005986163,0.025088554
0.03267571,-0.11833884,-0.2448844,0.038205843,0.013282324,0.06593964,0.054428153,0.050294112,0.03012457,0.1602899,0.12389698,0.10465648,-0.066656664,-0.051164113,-0.017667854,0.1484107,0.029592585,0.05767724,0.08512659,0.05920996,0.15554632,0.09300175,0.09128541,0.019678703,0.13507102,0.12930089,0.028873295,0.1668391,0.062945694,0.1224087,0.02668391,0.122251436,0.06555147,0.038509283,0.049302146,0.072734185,0.031810496,-0.05032073,0.056642365,-0.08337275,0.073404364,-0.025266921,0.075068414,-0.04102254,0.08209443,0.06585733,0.081671506,0.08077051,0.01740257,0.06661124,-0.0053518573,0.06030486,0.020784354,-0.021270787,0.08665687,-0.015106263,0.115064405,-0.060207177,0.12446233,-0.103157856,0.050415825,0.062382117,0.00089774653,0.13793291,0.0054304115,0.24090567,0.056163713,0.09123947,-0.002721427,0.13319564,0.10412288,0.08631072,0.05157532,0.061761856,0.04311779
-0.10510998,0.05854142,-0.21623695,-0.016492162,0.04282186,-0.011633313,0.0012325312,-0.010018509,-0.0138481455,-0.09648733,0.030509103,0.04303675,0.14078228,0.0013859803,0.049784195,0.04083833,0.004086213,0.029113825,0.025050737,-0.079021886,0.007298357,0.11348245,0.0124973655,-0.045443732,-0.03323868,-0.04517087,0.04774547,0.110047005,-0.053744923,-0.042617187,-0.006268449,0.033086114,0.019874018,0.09603608,-0.0058393553,-0.08280586,0.08731052,0.13425356,-0.05664004,0.02900067,-0.051071025,0.019750167,0.029221658,-0.008767266,-0.038370777,-0.09283592,-0.08340908,-0.0011105109,-0.003463887,-0.0700281,-0.009003861,0.051039904,0.048619147,0.062432766,-0.0523491,-0.10760637,-0.034425955,-0.077551775,-0.029759249,-0.062893175,0.012528479,0.028882474,-0.10712203,-0.0040424606,-0.068238966,0.09123716,-0.02337914,-0.015382808,-0.034085907,-0.048835035,-0.0649513,0.104804985,0.02898011,0.047903396,-0.05398526
-0.014614742,0.16776782,0.1377325,0.015220751,0.018357238,0.010152526,-0.111590385,-0.012356985,-0.035906248,-0.08062297,-0.0067761764,-0.1984549,-0.027628575,-0.028556505,-0.07271469,-0.04938759,-0.08846152,-0.078106314,-0.051653624,-0.049864266,-0.022311855,-0.06767117,0.09018952,-0.09772783,-0.008522989,-0.14479686,-0.031943258,0.029416328,0.11462843,-0.057821296,-0.09218265,-0.008372906,0.00075095944,-0.17504907,-0.049259223,0.010195552,0.09785943,-0.057092465,-0.0059849233,0.026617294,0.031662665,0.00091136526,-0.0067804814,-0.03824065,0.075805984,-0.026101138,-0.013997184,0.035199173,-0.015881347,-0.2090902,0.06311141,-0.028960211,-0.06492904,-0.05713586,-0.034634933,-0.055197924,0.073432766,0.046771526,-0.01601145,-0.1158736,0.03544136,0.01844156,0.012151274,-0.069124185,-0.0039668838,0.12155779,-0.02890753,0.03498091,-0.029468233,0.053366512,-0.04083822,0.03273658,-0.0008359574,-0.05572398,0.0096316775
0.07022234,-0.017918557,-0.39959514,0.059245195,0.092758104,0.035098623,0.05447416,0.010767259,0.08894792,0.039460167,0.08454042,0.18368703,-0.03748296,0.009173062,0.008153527,-0.03734829,0.02041722,0.113489084,0.11356076,-0.032318417,0.008878062,0.017188668,-0.09786251,0.124006316,0.10071766,-0.061081663,0.022890732,0.004142925,0.23393242,0.12925188,-0.008626004,0.28506565,0.0043149004,0.010625376,0.03237382,0.0017024283,0.14827436,0.13435826,-0.009155896,0.017207764,0.06751194,0.081479214,0.0335643,0.06435282,0.11820482,0.07832707,0.14015353,0.02978894,0.0007930779,0.1306406,0.030655796,-0.0068415347,0.015016952,0.014534116,-0.043794073,0.023101863,0.0801866,-0.023126323,0.01052824,0.08225264,0.15721963,0.015687983,0.042828146,0.042731743,0.03448895,0.14622153,0.02083954,0.035701606,0.0051350016,-0.028820358,0.007167784,0.028687742,0.01020329,-0.00050352886,0.077618904
0.12974274,0.05756669,0.12802106,0.06157521,-0.05709029,0.036500867,-0.12218154,-0.06633106,-0.004890721,0.040764198,0.21000259,0.0220646,-0.0029958072,-0.017172802,0.041440636,0.015893966,0.101411775,0.011929674,0.086794615,-0.048308335,0.038694203,0.07137041,-0.11406513,-0.056621604,0.025019411,0.06823787,0.023275504,0.022355368,-0.048075806,-0.07706721,0.012556997,0.011906746,-0.00793164,-0.010476451,-0.015742458,0.002753601,-0.12838994,0.021082781,0.13193212,0.04719578,0.0054859803,0.0035893868,0.017393066,-0.08186859,0.15438859,-0.03759808,-0.058171675,0.044760182,-0.015363521,0.07759201,0.11461094,0.06603847,0.007300339,0.101618275,0.03806012,-0.03232527,-0.04486445,0.025126312,-0.11981958,-0.01725785,-0.07138264,-0.07320902,-0.020170305,-0.03618965,0.058923192,0.09127474,0.015426475,0.12688565,0.015941821,-0.038359955,-0.033873465,-0.024873327,0.010081854,0.02297026,-0.025625952
0.012559867,-0.1752338,-0.12573802,0.029213017,0.023385912,0.11600089,-0.015154896,0.030386034,-0.062176205,-0.086276434,-0.082052164,-0.01154696,-0.034825858,-0.10593297,0.009263216,-0.0009755492,-0.004412605,-0.16253304,0.06373987,0.048321623,-0.07508043,0.0014244039,-0.06029006,-0.006931976,0.01474956,-0.038988333,0.0071713105,0.013114518,0.04025893,-0.005534983,-0.026604641,0.049942985,0.11798662,0.011428143,-0.029557392,-0.023749257,-0.025592595,-0.010860394,-0.013860317,-0.021604808,-0.007681571,0.042862516,-0.07485376,0.034377795,0.06287252,-0.31025428,-0.02953814,0.010903158,-0.03175608,-0.04765114,-0.09232719,-0.009173224,-0.05456701,-0.1479727,-0.22917865,0.049476586,0.01424592,-0.06695913,-0.053369515,-0.022805069,0.07847585,-0.023898866,-0.049953826,-0.07428896,-0.004643364,-0.022074586,-0.0013759471,0.009944158,-0.02661639,-0.018742166,-0.042663023,-0.07111879,-0.0396475,-0.0026026543,-0.03816227
0.08128651,-0.043053243,-0.14046495,-0.0052759885,0.1614567,0.063191615,0.16186956,-0.01264041,0.08478991,0.046756037,0.23493972,0.039368976,0.17457786,0.10107354,0.0457233,0.1617682,0.0036866928,0.019517211,0.04644834,0.042604625,0.056323312,0.044673443,-0.006704306,0.051280744,0.022445342,0.04355034,-0.0013163328,0.029261034,-0.04107768,0.07729222,0.023782581,0.18718354,0.07250373,0.012126626,0.065149784,0.031222375,0.18771444,0.20728582,-0.039279677,0.031167502,0.04764956,0.04335369,0.046111204,0.1171675,0.101529196,0.18548344,0.0860683,0.035589144,0.053630665,0.03274009,0.023097882,0.10060418,0.0023875672,0.041153822,0.009749018,0.07992789,0.090915084,0.0052232514,0.0211127,-0.03528167,0.09902656,0.049783837,-0.03785509,0.15653935,-0.09828873,0.044958018,0.12381031,0.011895181,-0.00914507,-0.015430038,0.0509324,0.02676146,-0.0036072105,0.10067477,0.043776847
0.09513014,-0.057073716,0.36919418,-0.01807225,0.009380961,-0.16975941,-0.044763535,-0.098668404,-2.384372e-05,-0.03548663,0.022109834,0.03451362,0.10371095,-0.023625687,-0.01021267,-0.011816892,-0.107730895,-0.051609706,0.032966383,-0.07849361,-0.066027604,0.14709824,-0.022646857,0.04543456,-0.015389651,0.076506704,0.069404244,0.011552784,-0.15867695,-0.054149263,-0.09086503,-0.074888766,0.011220939,-0.07008362,0.01822643,0.036064852,-0.055698834,0.008803649,0.031229153,0.013049311,-0.049393393,-0.048900776,-0.0042749704,-0.059751254,0.016133672,-0.06671992,0.0023757725,0.114251025,0.04050843,-0.12634611,0.0058204588,-0.0043882774,0.03912198,0.03273153,0.10971804,0.055185195,0.010045235,0.018313149,-0.15371194,-0.056552585,0.037919343,0.007050296,-0.023600012,-0.14513455,0.026210457,-0.059443913,0.037420616,0.038532306,0.0011419663,-0.1301723,-0.05684493,-0.03636046,-0.035376612,-0.04598246,-0.014353179
0.0044165803,0.008768372,-0.07974492,0.008759377,0.07124866,-0.041481525,0.05955229,0.03159412,-0.05533943,-0.062200483,-0.09276422,0.075341836,-0.06667594,0.025831591,-0.015956804,0.057497114,0.0041519296,-0.034859993,0.0160832,-0.0024620928,0.0542812,-0.053333625,-0.053665243,0.007901311,-0.025255049,0.0053796116,-0.02528338,-0.0568659,0.034184247,0.17302522,0.02125988,0.15098242,0.06907662,-0.094207,-0.037698373,-0.025831934,0.23831904,0.005084482,-0.053056087,-0.008071835,0.004688789,0.09658003,-0.0019482672,0.031381253,0.10372956,0.09115496,0.019329844,-0.012158754,0.011200762,-0.009725663,-0.04091756,-0.028762296,0.027353683,-0.024221038,0.02388075,-0.042756967,-0.010971506,0.051191222,-0.046709698,0.03158481,0.071112655,0.027704418,-0.014809968,0.011136612,0.027145127,0.12980717,0.009918866,-0.039990645,-0.03581687,0.079013966,-0.03858801,-0.0066774553,-0.036106605,-0.024166,-0.012546727
0.06650567,-0.25233045,-0.15323026,0.013483129,-0.028731426,-0.08877467,-0.06318082,-0.041168954,0.026029801,-0.15997662,0.0121706305,-0.0028959038,-0.13970003,0.1211011,-0.06957691,-0.07715389,-0.16892093,-0.022285275,-0.021523766,-0.07261424,0.028849445,-0.04423497,-0.024415765,-0.052465778,0.02966224,0.0025139812,0.011979194,0.057886314,-0.113884225,0.064831056,-0.105902076,-0.030179275,-0.050057735,-0.045838486,-0.07389544,-0.016402574,-0.06260776,0.03354451,0.185426,-0.040142115,0.033103015,-0.034509473,0.07779475,0.0692036,-0.074658014,0.12968874,-0.041790076,-0.023071315,-0.0102769565,0.07566679,0.06055574,-0.04243749,-0.008776505,0.08200501,-0.0367301,-0.085026786,0.07847872,0.0444837,0.054499686,0.033667505,-0.06472932,-0.03478711,0.003908608,0.028123846,0.033501748,-0.10439268,0.007518257,0.004041348,-0.0012668893,0.02037531,0.036438193,-6.118254e-05,0.006681405,0.010794422,-0.051174246
-0.0258662,0.07101092,0.115269125,-0.032204486,0.09665867,0.023785796,0.015363211,0.0023611095,-0.057170752,-0.04043691,0.16121086,0.08841199,0.044453084,0.056718923,0.006839243,-0.055729955,0.01042152,0.012716627,0.024161354,-0.069555275,0.07749414,-0.045456477,0.14001143,0.015801962,0.0035793465,0.013823307,-0.047398522,-0.010977472,0.0066947443,-0.003503153,-0.008554584,0.061175805,0.061035387,0.13634738,0.08605869,0.05226356,0.08214495,0.100936785,-0.0057901493,0.019282622,0.055846464,0.008894848,0.028394792,0.024874853,0.04783521,0.14399654,-0.06561297,-0.05654551,0.06700278,0.1334868,0.042529006,0.10644375,0.06422641,0.083289504,0.03984292,0.095189326,0.08818458,-0.01733095,-0.07635675,-0.026875794,0.018731736,0.010276354,-0.019524014,0.03431497,0.025910443,-0.047775265,0.02663531,0.07372903,0.03511584,-0.07746269,0.03371874,0.09086168,0.024853889,0.07650605,0.017521244
0.1203278,0.07196354,0.027730778,0.05520035,-0.01372499,0.08030357,0.1470856,-0.039204836,0.10747485,-0.016461417,0.052119642,0.07369858,0.14065205,0.015069616,0.11285438,0.053499274,0.20070285,0.024865417,0.07557682,0.061734796,0.10844998,0.013874665,-0.08711534,0.15311329,0.14922473,0.10465672,0.07516076,0.096542165,0.08127361,-0.0067311414,0.06515553,-0.057369895,0.0015974389,0.03816183,0.103991866,0.11960477,0.10876328,0.15329504,0.080682755,0.038782965,0.07182057,-0.046590462,0.14502966,0.025287483,0.14629045,0.031457454,-0.013181784,0.12606391,0.04317505,0.07147888,0.22655086,0.115587376,0.18931723,0.14126453,-0.024890166,-0.024543017,0.032123666,-0.01794771,0.15631507,0.022517754,0.0036826907,0.040022906,0.008041692,-0.01467428,0.053525656,-0.12067115,0.21458666,0.09327702,0.109187566,0.14163774,0.20538716,0.04682359,0.022643933,0.21931282,0.00018014386
0.14634371,-0.037973613,0.028274015,0.029642139,-0.06086832,-0.05147773,0.055844627,-0.03554209,0.036706682,-0.12681614,-0.03543029,-0.057463706,-0.09482743,0.01598695,0.0396636,-0.05810314,0.088492714,0.020867607,1.8903986e-05,-0.0005811992,-0.058871448,0.02074341,0.039762132,0.0011913553,-0.019503098,-0.090814784,0.04752677,0.050306246,-0.014516889,-0.0022803685,0.083539315,0.041815635,0.009251288,-0.0037547462,-0.035098776,-0.03412449,-0.028688904,-0.048026364,-0.0075862966,0.049866565,-0.07962135,0.019946449,-0.01860688,0.027997363,-0.065760925,-0.07369863,-0.032937482,-0.08537528,-0.038711835,-0.09345314,-0.12518167,-0.042100072,-0.0052755717,-0.034040794,-0.060313657,-0.07104409,0.006685521,0.048263043,0.05383977,-0.052314308,-0.01263012,0.11415514,0.035393298,-0.0297145,0.020388765,0.09279296,0.099913955,-0.031305563,0.06428492,-0.020063732,0.024185777,-0.04496847,-0.003401483,-0.011157846,-0.047809064
-0.13150321,-0.002335569,-0.29545212,-0.0022258684,0.07801907,-0.03341327,-0.052457742,0.02898946,-0.092894495,-0.006026402,-0.021307893,0.09619425,0.0013735456,0.06723959,0.017531907,-0.062373754,-0.027547702,0.020629397,0.025250835,-0.065346904,0.009565302,0.11890989,-0.024957573,-0.039099112,-0.015420853,-0.0070652394,-0.065764725,-0.05616092,-0.024254851,-0.03893716,0.025443384,-0.081415,-0.08648593,0.018751003,-0.011947048,-0.0044739028,0.08506887,-0.09472865,0.017427031,-0.010692909,-0.011999338,0.022796277,-0.0006865915,-0.11372957,-0.09471613,-0.1361211,0.02652955,0.051605754,-0.008084896,-0.02899545,0.029114386,0.005401171,0.013434945,-0.067194715,-0.09663167,-0.06553821,0.031313892,0.03735111,0.027071802,-0.0076987566,-0.121562116,0.06400696,-0.06927031,0.037893143,-0.02724283,-0.033999294,-0.06042873,0.0030818789,-0.009508414,0.060897756,-0.09130846,-0.13317446,0.03714652,0.008638321,0.04318859
-0.077647105,-0.118721426,-0.32582572,-0.11699374,-0.1553417,-0.04474204,-0.13125245,-0.12916917,-0.11406684,-0.16511059,-0.14967121,-0.23904257,-0.11087076,-0.113659635,-0.13907547,-0.12996805,-0.14748019,-0.17054974,-0.1702525,-0.0639298,-0.06198293,-0.12761152,-0.16302554,-0.23394942,-0.08838218,-0.11032203,-0.03654149,-0.112431906,-0.17143857,-0.1172135,-0.11709446,-0.18089572,-0.14705715,-0.20333064,-0.1936664,-0.07155169,-0.16608374,-0.13785395,-0.06924783,-0.043925762,-0.13970923,-0.07694952,-0.05265085,-0.099817306,-0.12419684,-0.16764554,-0.17254946,-0.10093309,-0.05122167,-0.13421074,-0.08806038,-0.073913276,-0.08599351,-0.12945193,-0.1271796,-0.081597745,-0.090392545,-0.09444446,-0.17439209,-0.049719106,-0.09528426,-0.093265265,-0.06873867,-0.12498716,-0.07431807,-0.18181676,-0.14845018,-0.15780835,-0.007390488,-0.09837499,-0.11335777,-0.07539143,-0.04033068,-0.071040004,-0.13613647
0.029181149,0.22119617,-0.05678676,-0.09576303,-0.03747867,-0.022026442,-0.037933104,-0.07745633,-0.038246807,0.114414655,0.12551859,0.031235266,0.0034603602,-0.030827217,-0.052382242,-0.0020317982,0.051063795,-0.15495495,-0.052907348,-0.018150046,0.07979633,0.13335341,0.09744017,-0.01263831,-0.014858595,0.02708058,0.044489004,-0.046955537,-0.06871118,0.0775125,-0.12473583,0.09365143,-0.12772863,0.055572897,0.040941913,0.017747708,-0.038824216,-0.19642273,0.036795195,0.040037595,0.005792808,0.014417738,-0.01228175,-0.06397395,0.12408311,0.006887757,0.08357893,-0.01248027,-0.030879715,0.038219344,0.08668059,0.0013417546,-0.035551406,-0.07108116,-0.10791889,-0.047603,0.035594415,-0.038475133,-0.04064915,-0.053251226,-0.07864403,0.0779964,-0.048411984,-0.045219917,0.057131954,-0.01726384,0.0315879,-0.023385437,0.014089876,-0.026655933,0.028914372,0.11196575,-0.039392926,0.0017402008,0.0102009
-0.042644538,-0.05346146,0.027759759,-0.009725091,0.01530889,-0.06744067,0.028654808,0.06458588,0.03544601,-0.036332853,0.0733176,0.006171153,0.022775752,0.032453533,-0.024776725,-0.009485608,-0.029067343,-0.14980559,-0.012387281,-0.07576317,0.036523655,-0.04842308,-0.002961134,0.024698723,0.0014795102,0.107108645,-0.022636263,-0.0003601946,-0.084279776,-0.0033809133,0.0066171037,0.007838011,0.04357741,0.05362023,0.011694092,-0.069007084,0.092333764,-0.053111564,-0.02547144,0.035948984,0.076359585,0.007136249,-0.02678527,0.09195231,0.13703406,-0.019647887,0.07428299,-0.03756489,-0.028955307,0.047526717,0.098077424,-0.06645222,-0.021630092,0.052855983,-0.0468926,-0.05194654,-0.15813889,-0.011930564,-0.19903132,0.068823524,-0.088234425,0.07733694,-0.09608808,-0.067172,-0.015495092,0.049689204,0.016046066,0.07147139,0.0039084256,0.038256835,-0.018305738,0.025540592,-0.028736997,0.011917803,0.08549178
-0.015881848,-0.08303562,-0.0019353335,0.009054244,0.026966173,-0.0016817041,-0.008194721,-0.02058658,-0.02812528,0.06706799,0.04349594,-0.070974015,-0.0787193,-0.10582785,-0.06396409,0.0034987999,0.0022129356,0.06532411,-0.060312882,0.0065256725,0.00986795,0.048065547,-0.055187635,-0.05534013,-0.07755223,0.03516238,-0.029223938,0.017048758,-0.09155478,0.07407485,-0.013478713,-0.11177994,0.062459618,0.010316715,-0.047899514,-0.06433484,0.05760836,-0.088289276,0.03158246,0.0024904914,0.05784427,0.031360514,0.0025243014,0.022891592,-0.12186925,-0.12549947,-0.001391415,0.036618784,-0.05148579,-0.0042119343,-0.12359019,-0.032868706,-0.06431263,-0.0005280736,0.0021918754,0.03609018,-0.07739378,-0.07239487,-0.078846514,-0.068146154,-0.08923967,0.08954352,-0.07345425,-0.053420465,-0.07849957,0.020621426,-0.04519982,-0.045945276,-0.03357097,0.0027256827,-0.075113386,-0.1071666,-0.072497904,-0.072026014,0.0016203378
-0.058498934,-0.1386576,0.06479952,0.0154736405,0.025977911,0.023763314,0.019959796,-0.024692822,-0.022278938,-0.046825044,-0.025101375,-0.106248066,-0.086145364,0.01061858,-0.033781607,-0.0282163,-0.078379594,0.020849755,0.11573059,0.004231169,-0.023253448,-0.054183863,-0.076548785,-0.05890853,-0.044123936,-0.1443793,-0.032531004,-0.02810227,0.13455352,-0.055175085,-0.020423137,-0.14062992,0.036514398,-0.083748065,-0.044948477,-0.030886699,0.26147968,-0.0300239,-0.10505865,-0.039779898,0.051242817,-0.013551237,-0.02319275,0.044112302,0.1415049,-0.16445586,0.016562155,-0.17409356,-0.03513022,-0.08631527,-0.050433777,-0.0027072858,-0.008213354,0.0058674654,0.05467731,-0.040046763,-0.009881938,-0.04943535,-0.19883041,0.08331468,0.041263416,-0.07236214,-0.021285808,0.0034429468,-0.0817701,0.004491595,0.106721774,-0.07707065,-0.023737831,0.0058622146,-0.08191694,0.0730967,-0.052390017,-0.008215338,-0.07859823
-0.20095962,-0.021786977,0.040020656,0.032350507,-0.059659846,-0.029358942,0.041907318,0.065936476,0.05104571,-0.09787299,0.023861505,-0.08981859,-0.020949986,-0.023958992,0.016027449,0.010582775,-0.016328108,-0.0882838,0.046252456,0.01239416,0.0012694944,0.0052201715,0.10016518,-0.032236617,0.026218368,-0.04176502,-0.0021299794,-0.1128311,0.06889842,-0.015174279,-0.03250992,-0.038303964,-0.06684578,0.047070257,0.003382938,0.027732188,-0.107748866,0.077515684,0.12410503,-0.04955255,0.025225798,-0.026476016,-0.033524808,-0.11101567,-0.14226751,-0.011876153,0.07446356,0.030203324,0.029452957,-0.020656291,0.08793252,0.045507345,0.006412845,0.025654387,0.040882207,0.017401375,-0.050707426,0.10431881,-0.05934098,-0.0749642,-0.046270564,0.05809041,0.046272494,0.038145974,-0.028156115,0.079639,-0.052431047,0.08230225,0.026049167,0.059510905,0.08097866,0.0005224636,0.01716212,0.03558938,0.022901056
-0.09625201,0.028092224,0.07613227,-0.013190994,-0.027989902,-0.0047052973,-0.0033879932,-0.06990283,0.0027508596,-0.0042424574,0.010602156,-0.00817285,-0.10374468,-0.038364805,-0.03010093,-0.14489922,-0.0014446769,-0.07053613,0.040957697,-0.03935402,0.012168439,0.010781291,-0.059537426,-0.05277335,-0.017889297,0.040013514,-0.002023639,0.07593038,-0.11803138,0.07830842,0.015365339,-0.15577003,0.06516288,-0.042628653,-0.03288273,-0.0016700043,-0.115857214,0.089148544,0.03718327,0.02165818,0.07208084,-0.030341446,-0.023788242,-0.031357467,-0.03491907,0.01586624,-0.030195916,0.0312921,-0.00676844,0.008725879,-0.022847086,-0.010410267,0.017318813,0.008397644,-0.00838753,-0.0017740494,-0.013110468,0.0125604365,0.0109107,0.021639187,-0.084933646,0.06677723,-0.08911969,0.05456408,0.021210624,0.0075403554,0.0036569312,-0.020804642,0.041447416,-0.1148366,-0.004052895,0.066809356,0.038025215,-0.04517676,-0.0010128766
-0.046800233,0.034519125,-0.09501315,0.020206882,0.0046045026,-0.0007080293,0.0034874352,-0.01904663,-0.010337548,-0.042697143,-0.060215525,-0.08175847,-0.10332349,0.030201836,-0.0885219,0.05913247,-0.06127055,0.031137904,-0.010334257,-0.024742926,0.09519365,0.013888241,0.10526693,-0.0034003183,-0.031072898,-0.037047353,-0.070524864,-0.103822194,0.13863112,0.04662764,-0.031396694,0.0067024184,0.15049885,-0.053504534,-0.04757651,-0.067084745,-0.09158364,-0.060040098,-0.096370794,-0.04040624,0.027929718,0.0032990277,-0.04819195,-0.025260631,0.031018863,-0.12562034,-0.00086351484,-0.0658941,-0.041305065,-0.06899374,-0.002243115,-0.05585277,-0.05757625,0.015787117,-0.01677889,-0.04044851,-0.10585096,-0.007857069,-0.15968765,-0.01392009,-0.040744692,-0.16487044,0.015637053,-0.12286907,0.03847897,-0.012734298,-0.099550635,0.026425548,0.01725249,-0.10713609,-0.032063555,0.014931444,-0.08306608,-0.023523018,-0.04825878
-0.078327626,-0.031971835,-0.1585219,0.12672782,-0.07341596,0.045742042,-0.030099321,-0.06834091,-0.013829456,0.1401811,0.020542718,0.06060502,-0.10342368,-0.02491926,-0.039987996,0.10704066,0.012211146,0.0244632,0.03673359,-0.01979447,-0.07876595,0.066068836,0.08719542,0.039131306,0.044685498,0.04879969,0.027068106,0.06389539,0.09057953,-0.08101357,-0.077390306,0.016883485,-0.013210097,-0.07553935,-0.03779863,0.0033568493,0.03677396,-0.026174147,0.044240475,0.011716488,0.14209597,0.006027256,-0.054337576,0.021876145,0.030874923,0.12643068,-0.11190649,0.093607455,-0.021607935,-0.032097995,-0.012331908,0.037157327,0.026066301,-0.052336346,-0.021836376,0.047173582,-0.010772332,-0.0082421675,0.0093537085,0.050493266,0.084348574,0.01772756,-0.012412215,0.02568838,0.093708396,-0.15820214,0.089258574,0.025926754,-0.0048318934,-0.02835107,-0.0003710262,0.20543244,-0.018076492,0.03660641,0.015009085
-0.028634025,-0.024150671,-0.02276422,0.07071202,0.06417889,0.049914327,0.17251894,0.06246595,-0.055201277,0.031192493,0.068353616,0.086437166,0.033537906,0.033351433,0.027809495,0.10743107,0.1659014,0.0030371621,0.133095,0.08035056,0.036247883,-0.014602175,-0.0063763238,-0.027203152,0.035165783,0.012228845,0.05851195,-0.12659827,-0.047935233,0.03283244,0.043188352,0.041052483,-0.03320065,0.10266986,-0.03755185,-0.010161853,-0.032115247,0.13827434,-0.047184378,0.0034846633,-0.04583367,-0.022341453,0.0058474233,0.06856808,0.050202988,-0.0107747605,0.027308313,0.09091423,0.02294295,0.010929041,-0.019708864,0.0177246,0.04291417,0.05801031,0.059793323,0.04676391,0.039142694,-0.0026764309,-0.08142397,0.04063298,0.11270834,0.13513833,0.018909639,0.019593222,-0.10127318,-0.15247343,0.08279215,-0.03261753,0.022323236,0.060712025,-0.00349495,0.023236668,0.07142483,0.07977119,0.072984636
-0.050895076,0.18323553,-0.11168303,0.052163064,0.015317858,0.009008819,0.058340937,-0.011469722,0.02508225,0.1077693,0.051540654,0.010915272,0.04830777,-0.00041494705,-0.02481179,-0.09524505,-0.03644002,0.3094391,0.0050191265,-0.003992137,0.067853995,0.0064763334,0.0055346317,-0.0668326,0.013012901,0.076685384,0.0075049005,0.18529132,0.09607381,0.038615413,-0.013294597,0.09495511,0.0166341,0.049546756,0.04255727,-0.010172374,0.03782145,0.01950296,0.06025148,0.052494,0.07111384,0.015907193,0.026506705,-0.009000231,0.16627327,-0.022140432,-0.015201547,0.11996366,0.03214083,0.087558374,0.13166174,-0.01521612,0.0122060785,0.022785977,0.04736089,0.02379367,0.10786337,-0.079081185,0.21001077,0.11671161,-0.11170029,0.016318623,0.21405388,0.06800444,0.12186334,0.36821982,-0.05367463,0.06050899,-0.014590671,0.072494075,0.0043693576,0.1081336,0.04006437,0.04690463,0.0020075138
0.07264205,-0.120961025,0.07569703,-0.047152914,-0.08023084,-0.100260094,0.021735046,0.049887363,-0.056784943,-0.03814817,0.04893116,-0.026262742,-0.008126207,0.052984964,0.033158947,-0.093176275,0.07335922,-0.084387064,0.10983805,-0.044994116,0.025931932,0.037985504,0.045758046,-0.05953162,0.020352036,0.03898299,-0.01512332,0.004799324,-0.07867077,-0.05946317,-0.04827116,0.082166195,0.010670255,-0.064854026,-0.066788726,0.041443735,-0.040839806,-0.0055539995,-0.026890999,0.013540081,-0.072889246,0.0073364154,0.014660201,-0.041657045,-0.06532561,0.030913081,-0.10315451,0.051158413,0.025514437,-0.11301786,0.0045989715,0.043808855,0.029990928,-0.085126445,0.008703368,0.007470805,0.040220436,-0.096707374,0.042264685,-0.0758632,0.077800475,-0.006759982,-0.039262965,-0.0744466,0.028759878,-0.015637001,0.043794896,0.028010003,-0.020746192,-0.079121366,-0.0112170335,0.024645243,-0.012154694,-0.02492359,0.003410988
-0.019908058,0.06973458,-0.023683876,0.022108769,-0.025960494,-0.03216982,0.117717,-0.0003637094,-0.036029547,-0.05581784,-0.14192134,-0.029337183,-0.009968235,0.04266137,0.025928205,0.05518278,0.023410905,-0.22406678,0.07308994,0.009106775,0.047877625,-0.003051173,0.10108134,0.04708835,-0.0004839114,0.021029565,0.0034655642,0.09823443,-0.08382781,0.04756639,-0.060500305,0.002563753,0.033743005,0.07534481,-0.015057325,0.020161238,0.12387043,0.02437454,-0.08180796,0.02156572,-0.040431943,0.05302243,0.034490943,0.059613436,-0.20673403,-0.006777048,0.04587245,-0.14842886,0.027844904,-0.079249464,-0.03025309,0.02411619,0.04780091,0.036619246,0.06978017,0.034492042,0.0034243898,-0.01205423,-0.043836057,-0.15177664,0.09673834,-0.00032340488,-0.09854009,0.03539399,0.014373294,0.06944238,0.013832225,0.0043847845,0.010594657,0.043990325,0.016515376,0.017942673,0.012430537,0.037899755,0.0069767945
-0.080103315,-0.010205075,-0.41416067,-0.09090615,0.035066873,-0.12680057,-0.023919366,-0.14809792,-0.088646255,-0.15098922,0.024305318,-5.5934615e-05,-0.04590149,-0.1474948,-0.08413341,-0.1995072,-0.033563886,-0.24975345,-0.03989055,-0.014408798,-0.060124867,-0.0826078,0.08602812,-0.10954813,-0.04921159,0.07201529,-0.033417802,0.055202585,-0.040891007,-0.055872303,-0.06625798,-0.060115278,-0.034412626,0.13060752,-0.041684564,-0.0273716,0.11133274,-0.031658225,0.004191892,0.0011812218,-0.048003297,-0.014407389,-0.009875536,-0.06192735,-0.20565061,-0.17807671,-0.13565096,-0.11623182,-0.004541341,0.084208824,-0.0955559,-0.0120887365,-0.04094301,0.06712726,0.055524755,-0.009693748,0.0089276545,-0.0087798815,-0.049906947,-0.05690934,-0.04137037,-0.045473095,-0.07030752,0.06884614,-0.12051415,-0.09605448,0.029887259,-0.03475993,0.018330246,-0.07782435,-0.046703838,0.02879802,-0.027701555,-0.041037917,-0.081231475
-0.07481142,-0.008821208,0.15475622,0.10495182,0.001964691,0.004187097,0.04587313,0.018799499,-0.05219048,0.022138178,-0.06950061,-0.063292876,0.029928885,-0.006350046,0.0015323544,-0.008112858,0.06936402,0.032779355,0.09451766,0.09888144,-0.0028759413,-0.09247304,-0.116972536,0.038816404,0.00070770906,0.08637935,0.041410953,-0.006536782,-0.044246644,0.045024935,-0.05744301,-0.12836099,0.07355121,0.053229176,0.005914038,-0.025642501,0.083921395,0.019081278,-0.059032883,-0.002778545,-0.0038917877,0.005911884,0.012272897,0.026058141,0.00761652,0.010112126,-0.042278424,0.029289428,0.0097989505,-0.0028473176,-0.08658002,0.004803853,-0.017919246,0.09986167,0.022871394,-0.070247196,-0.0143328225,0.035289936,0.025485357,-0.061540544,0.10994111,0.049224414,0.016693305,0.16854852,0.019222572,0.14750265,-0.04843719,-0.017920587,0.034206897,0.048858777,0.05671646,-0.17790234,-0.028075809,-0.05261692,0.0038048066
0.09421684,-0.17811845,0.16460812,-0.056081332,0.15935017,0.0452885,-0.04267022,-0.06344319,-0.057242434,-0.09249633,-0.010376029,0.10984522,-0.0495072,0.0033393374,-0.015801447,-0.06050101,0.034364954,-0.081334665,-0.01826578,-0.0038124863,0.049010288,-0.084557764,-0.15417215,-0.010788616,0.020547584,-0.031254932,0.008209115,-0.008687427,0.0031644963,-0.10840404,-0.0722182,-0.03399288,-0.016204674,-0.013586212,-0.0043097083,-0.025247984,0.033379525,0.020260178,0.10595751,-0.016838126,0.020046666,-0.031754017,-0.059399635,-0.107838534,-0.0046124654,-0.024055405,-0.0042550364,-0.18464783,0.01390272,-0.19588755,0.09123833,0.011517353,0.0703621,-0.040078714,0.026782764,-0.06717041,-0.04270364,-0.013043284,-0.086802185,-0.12367842,-0.027129943,0.09808766,-0.07525459,0.07442094,-0.06476486,-0.16257986,0.04445705,-0.2057121,-0.020432532,-0.08634978,-0.048085995,-0.19726682,0.008590202,0.03370651,-0.02307742
-0.05111531,-0.1021997,0.1993144,0.073292315,-0.017771408,0.03333531,0.08217756,-0.024807855,0.030770928,0.15985717,0.046872146,-0.07142946,0.11982025,0.094017714,0.038358532,0.14228204,0.038551606,-0.06616011,-0.0061428696,0.08757621,0.12634282,-0.11781867,-0.023461882,0.022632295,0.032535348,0.11525758,0.007877343,-0.052815676,-0.011723253,0.11610892,0.10117358,-0.07525791,-0.024680283,0.081970386,0.009912986,-0.0004558221,-0.049812447,0.00833147,-0.0012063548,0.005225116,0.05762574,0.037573874,-0.009108552,0.108240664,-0.07031295,-0.030805288,0.030926835,0.04322288,0.008740799,0.02416739,0.059185132,0.020448709,-0.016353367,0.14097852,-0.0032622656,0.08049641,0.0079069305,0.05008189,-0.124908045,-0.091545984,0.14268841,0.015192709,0.021608349,0.09782905,0.037053302,-0.09239664,0.0894084,0.08230086,0.06618463,0.047335014,0.0770048,-0.019349163,0.0021542944,0.00041517027,0.019121703
0.09173289,-0.35574237,-0.23455016,0.05206142,-0.038625687,-0.03629137,-0.045354474,-0.005518792,0.011915682,-0.007787831,-0.009030159,-0.02343918,-0.21627598,-0.01844338,-0.06118232,0.11371567,-0.12518385,-0.19189274,-0.14833091,-0.11233401,-0.07311117,0.03577149,0.044499874,-0.074044816,-0.015634468,-0.16809371,-0.0044490965,0.1335236,0.015980575,-0.09594545,0.008849551,0.14484331,-0.094499975,-0.019451551,-0.09839855,-0.013870614,-0.14623651,-0.1138923,0.08977043,0.0454794,-0.11271479,-0.016553747,-0.015911302,0.02109712,0.21962282,0.021333491,-0.048434526,-0.0034669908,0.008856038,0.018699868,-0.025588572,-0.020333719,-0.032477256,-0.018824643,0.052808452,0.014472606,0.06489611,0.08058671,0.05242757,0.03937933,0.098224536,-0.09634785,-0.0030077212,-0.056084573,-0.15257137,-0.12664248,-0.11153683,-0.06825417,-0.05228795,-0.01564781,-0.10502492,0.03897442,-0.06894254,-0.08737733,0.018091923
-0.14442693,0.04018285,0.5306372,-0.11051688,0.06612783,-0.05878566,0.002639357,0.06714076,-0.082824394,0.009657435,0.010423731,-0.14468114,0.033877254,-0.116935946,0.023619784,-0.14411701,-0.07766877,-0.10237537,-0.050840788,-0.0069691837,-0.027403027,0.065813005,-0.07882631,-0.076619506,-0.0805663,-0.025177043,0.0032252811,-0.07148101,-0.15540344,-0.012633038,0.025760764,0.07022701,-0.056569397,-0.1637736,0.03325291,-0.020412352,-0.101553306,0.050064445,-0.038656227,-0.033050478,-0.03301465,-0.06740692,-0.03478171,-0.0062198704,-0.28257883,-0.16021568,-0.014622357,-0.015190582,0.000332674,-0.0057112128,-0.087809,-0.022727262,-0.014007023,-0.016926087,0.06255129,-0.03295069,0.03510923,-0.050622415,0.06624587,0.048924234,0.004461316,0.019292116,0.006329392,-0.10458399,-0.024198664,-0.043974828,0.034503,-0.023241721,0.0116517,-0.007813005,-0.0013281775,0.047944665,-0.019669143,0.01983033,-0.05040358
0.048393052,0.19799949,0.24165873,0.05528128,0.12131219,0.045551736,0.04319542,-0.008111006,0.023413036,0.037478797,-0.08090661,-0.12391274,-0.008348115,0.04438109,-0.0002992267,0.021040186,0.0080927,0.09802352,0.013364712,0.039984524,0.076672114,0.14161445,-0.048678204,0.069029815,0.038382456,0.016177094,0.0026227662,-0.039823722,0.08681926,0.035337485,0.06575001,0.07935517,0.14285794,-0.1109194,-0.009679015,0.0048192325,-0.04206381,0.036207527,0.11266476,0.014119309,0.05019793,0.028410932,-0.026441256,-0.0060263583,-0.014819883,0.05479771,-0.02389976,0.08980425,0.013610296,-0.21928711,0.019960666,-0.03145766,0.016102072,0.004953885,0.08332011,0.05120784,0.04350387,-0.016396644,-0.035457145,0.0021452834,0.017838666,0.03405492,0.09115202,0.062581986,0.036563292,0.1096801,0.027231684,0.060212642,0.038227037,0.055765588,0.07453467,0.025527025,0.02677219,0.06214839,-0.015446281
-0.013729615,-0.039564494,0.22635294,-0.072825484,-0.015070302,-0.040421665,-0.020634227,-0.06666543,-0.0073816963,0.016678512,-0.03836403,0.010886913,0.08566685,-0.05326452,0.08912479,-0.1135067,0.007404357,-0.11803975,-0.035846986,0.0042763925,-0.0001609046,0.079740405,0.02070443,0.12600382,-0.017449284,0.07503763,0.022743424,-0.012567364,-0.051755153,-0.14733437,-0.078684345,-0.057786476,-0.06255585,-0.019947767,0.099415004,0.005005608,-0.0990335,-0.08941162,0.0032643601,-0.026086738,0.017246155,-0.033532932,0.015058197,-0.06941016,-0.18674003,0.0060326485,-0.08573672,0.023839029,0.012688397,0.022675846,-0.101031706,0.0020812042,0.03699538,0.029564727,0.03496438,0.02840693,-0.07980935,-0.064501315,-0.043705374,-0.10849812,0.03607381,-0.11708516,-0.051319584,0.005925476,-0.048899066,-0.049310084,0.020082872,-0.04523153,-0.004533481,-0.08952835,0.031977993,-0.06112139,-0.02637983,0.05612213,-0.023396235
-0.009682164,-0.18660134,-0.10668122,0.041435536,-0.037217222,0.051322658,-0.005814897,0.06449843,-0.28430834,-0.12068145,-0.15844335,-0.10031782,-0.2866689,0.093728,-0.1547015,0.11121663,-0.119175434,0.0035890448,-0.07600347,0.036878332,-0.0829726,-0.049046017,-0.09500973,-0.13488245,-0.14077373,-0.11491954,-0.07585905,-0.19296853,-0.013582349,-0.045721985,0.006348647,-0.119890526,-0.019305632,-0.23736182,-0.12988228,-0.1971942,-0.044688404,0.049722448,-0.24262042,0.00061532593,-0.02818282,-0.07481748,-0.17462496,0.077600315,0.014272913,-0.17433183,-0.029964933,-0.1507843,-0.17244774,-0.048996937,-0.16295001,-0.0933374,-0.14909105,-0.22563452,-0.2491914,-0.0655518,-0.1386709,0.012021708,-0.116897665,0.04910329,0.014153927,0.017841443,-0.16007107,-0.10510737,-0.1858018,0.021898944,-0.07463941,-0.07954006,-0.068634,-0.15728669,-0.23187746,-0.18343255,-0.03495838,-0.16779149,-0.034241654
0.15897034,0.32772318,0.24496791,0.018505633,0.12499203,0.11703747,-0.014774373,0.12355488,0.056122158,0.1425634,0.28917837,0.12025729,0.16851102,0.15226026,0.124483846,0.07703861,0.14270766,0.15277168,0.1084176,-0.07324635,0.17038919,0.05140214,0.13943549,0.13287988,0.093459345,0.16961764,0.081383705,0.08109018,0.18141177,0.10028713,0.14442007,0.15953499,0.04178767,0.07313706,0.088925004,0.017493535,-0.053723197,0.3056229,0.09946435,0.09193589,0.04006008,0.08688792,0.0585585,-0.029582605,0.11440094,0.23627439,0.19657663,0.11533289,0.09842801,0.10123417,0.077915065,0.074542284,0.022101356,0.09541886,0.17373666,0.17014813,0.14754497,0.003505268,0.23287022,0.089712076,0.08600244,0.029750094,0.111635745,0.004591934,0.119604394,0.0012107741,0.23945215,0.15971345,0.03307104,0.13277514,0.10124349,0.15761992,0.08179253,0.098229036,0.12596196
0.10590264,-0.28925645,-0.10993315,-0.025443634,-0.16258396,0.06664053,0.028306633,0.014499966,0.043641854,-0.31187868,-0.112278044,-0.0031835388,-0.19615601,0.03327341,-0.009065694,0.034291815,-0.12163138,-0.0077920854,-0.00865146,0.1053243,-0.00966036,0.009451117,-0.078925036,-0.06488573,0.009581096,0.086339526,0.045789685,-0.16751018,-0.2300977,0.058075167,0.033406273,-0.0065499553,0.012870771,-0.038557895,0.029876012,0.03367032,0.056977317,-0.111952156,0.0035745997,0.04006803,-0.01097712,-0.0017135374,0.041368876,0.040475264,0.28526172,0.08272186,0.056455344,-0.023836901,-0.00023292145,-0.08635737,0.0958196,0.014624637,-0.026657283,-0.028402857,0.055568296,0.0327866,0.06276127,-0.06349756,0.10220097,-0.09023567,0.0048120967,0.16023266,0.06476685,-0.100734,0.014681444,0.00026967068,-0.0882801,-0.1511802,-0.009112834,-0.054389074,-0.01996114,-0.057194646,0.009259136,-0.085112825,0.02257696
0.13236575,0.2962569,0.06187544,0.0016934503,-0.19167817,-0.026839161,0.115998365,-0.041991215,0.116592035,0.1398081,0.09677517,0.09585206,0.13233411,0.052248098,0.047261238,0.032958936,0.020012537,0.14499494,-0.0071710306,0.055300184,0.0635895,-0.02986942,0.09083225,0.037049193,0.0313285,0.19268255,0.005897721,0.08623877,0.05697529,0.035009645,-0.04231697,0.01804484,0.06338999,0.13164115,-0.009100465,0.002831364,-0.070838355,0.11418675,0.026688794,0.021206094,0.057385363,0.061684124,-0.03340996,0.11232257,0.10885261,0.15822363,0.08581139,0.10219409,0.004279471,0.025380235,-0.041760612,0.0896639,0.07005132,0.08032403,-0.10042518,0.0014867112,0.002199629,-0.061726887,-0.054178335,-0.04170401,0.081543945,-0.07653914,-0.028944742,-0.13391891,0.053341083,-0.047255754,0.090797685,0.09637833,-0.01163203,0.099160075,0.04649656,0.03980349,-0.005282946,0.050070092,0.040132575
0.05330242,0.10039903,0.2644694,0.025059173,-0.012528639,-0.03136562,0.1110246,0.04382702,0.02246166,0.10155882,0.019559,0.18125229,0.056100797,0.015721858,0.063135445,0.09525701,0.16961539,0.07650909,-0.0050650095,0.04452694,0.06057746,0.08681275,0.077148184,0.01603882,0.048923988,0.085982606,0.04184149,0.03481065,0.072169,-0.017244644,0.0053217127,0.06041169,0.043677688,0.08972283,0.09195055,0.010383615,0.18614909,0.11666922,0.09777763,0.05526465,0.13059317,-0.025326207,0.058557477,0.14109239,0.37845403,0.08850461,-0.033822577,-0.004082693,0.01801676,0.013946856,0.097464636,0.07890275,0.01078042,0.05854356,-0.031300344,-0.010836551,0.028629279,0.14315213,0.108001135,0.09047674,0.075478196,0.23421714,0.0453327,0.12431614,0.094221145,0.16529438,0.08456279,0.008338477,0.065917864,0.08784972,0.04908555,0.23668224,0.027994728,-0.010545864,0.037775245
-0.062811136,0.20043507,-0.1958062,-0.02291057,-0.05206337,-0.021443656,-0.053208034,-0.003220899,-0.03300051,-0.004753518,-0.03940362,0.06519993,-0.059263345,-0.06648245,-0.056404985,-0.050599724,-0.032188136,0.028942704,-0.06403786,-0.050244614,-0.03240674,-0.14890346,0.04955503,0.014190902,-0.025200361,-0.08344274,-0.04747596,-0.030969594,0.035452887,-0.07395358,0.008743477,-0.0943151,-0.07396127,0.052881192,0.05507728,-0.0077922256,0.03631919,-0.0054499162,0.013831151,0.0005874738,0.07802578,-0.0037715703,-0.011847958,0.019560121,-0.025927886,0.08637063,-0.010432282,0.008453706,0.017042212,0.015310224,-0.007560132,0.0745736,0.020605547,0.05982424,0.020148877,0.056527644,-0.016246252,-0.030383764,-0.059806824,0.07274849,0.050110497,-0.078654274,0.067925945,0.0012818582,0.13381597,-0.06873092,-0.029068243,0.00082032103,-0.010888148,0.0016488163,-0.023837559,-0.03120466,0.046654988,-0.07241833,0.06473804
0.05433809,0.038161125,0.05967874,0.036468346,0.037438057,-0.07272553,-0.09289442,-0.0071482006,-0.010154724,-0.09395327,-0.004238813,-0.121287756,-0.06499669,-0.028012227,-0.027294172,0.10000555,-0.07920408,0.011691923,0.005680548,-0.0060307663,-0.01427939,0.08458782,-0.03547366,-0.07256758,0.043655913,-0.06224745,0.028715951,0.10658981,0.19650754,-0.07393567,0.018666806,0.07169641,0.1394048,0.002232864,-0.02317509,-0.006750358,0.26874727,0.0037493086,0.0061042905,0.022865275,-0.01380935,0.086101845,-0.035193726,0.14165811,0.050018623,-0.1172446,-0.00096700527,0.08518234,-0.0429332,0.028545,0.04836883,-0.023081586,-0.046247754,-0.060314804,-0.021737905,-0.070628434,-0.024103574,0.083275504,0.19693968,0.051615085,-0.0749526,0.027733704,-0.079238385,0.002947603,-0.05441408,-0.104081854,-0.08832532,0.068942904,-0.008729851,-0.11461369,-0.05917701,0.08576993,0.03258982,-0.02815288,0.019549362
0.09631532,0.1941292,0.07383262,-0.04261167,-0.068888426,0.06176299,0.014624614,-0.040488303,0.05936569,-0.086666696,-0.10069661,-0.017199125,-0.016596979,0.0762079,0.019496774,0.077297464,-0.038828716,-0.03464473,-0.009246895,0.02747121,-0.018064458,0.23008867,-0.050442874,-0.01042163,-0.045899678,-0.054191254,-0.046840817,0.07053164,0.090295196,0.010142747,-0.05197647,0.059627287,0.04291314,0.0003799498,-0.051025722,0.0041707754,0.02928117,0.09240271,0.08961109,0.05556978,-0.06373102,0.057039272,0.03387418,0.025814334,0.106377214,-0.18688256,-0.070807025,0.04212237,-0.042257823,-0.072222814,0.06844306,0.03481537,0.055976897,-0.06842601,-0.02974614,-0.009201016,-0.027478134,-0.031034047,0.10419522,0.09885775,0.0021567657,0.052217245,-0.054801073,-0.055955574,-0.048578784,0.05251646,0.04525937,-0.10266894,-0.0016336944,0.11348407,-0.083643876,0.24294111,-0.052280065,-0.006322312,-0.06838475
-0.041638866,0.31603003,0.28861845,0.015931802,-0.0806161,-0.031155283,-0.06960655,0.0135171795,0.011632232,0.04529068,-0.044233054,-0.21130341,0.12244829,-0.0020570671,0.072770596,0.033660397,-0.0015476276,-0.002074793,-0.010613624,0.016081002,-0.13970952,-0.01743115,-0.045734912,0.07019535,-0.024077635,-0.0291197,0.016099723,0.10550641,-0.017118651,0.011697864,-0.055541195,-0.18707584,-0.2002205,-0.04311876,0.03591187,0.021936275,0.02341069,-0.14059049,-0.010545725,0.013488444,-0.07933043,0.018826954,0.0044489787,0.026377626,0.37652755,-0.13953774,0.021644948,-0.029753674,0.008241131,-0.056863092,-0.006041285,-0.03438796,-0.00067865336,-0.13456474,-0.08752805,0.05375938,-0.007740196,0.03712472,0.1491718,-0.056430817,0.03782974,-0.049952906,-0.071733765,-0.073058575,0.021969559,0.22863667,-0.029759867,0.030810656,-0.02176497,0.035322465,-0.005647504,-0.015126322,-0.04137209,0.08895421,0.022923924
-0.14278188,-0.08681923,0.18630762,-0.0122984145,-0.051385928,-0.0621404,-0.021988887,0.031352345,-0.023437135,-0.14721616,-0.022670716,0.0008435161,-0.037816416,0.000853084,-0.08581128,0.03594736,-0.0995933,-0.07385473,-0.0025326612,-0.047379535,0.011569415,0.041486427,0.06458659,-0.09055312,0.009766373,-0.049599424,-0.026891798,0.043848105,-0.12228082,0.05381866,-0.072603755,-0.076675326,-0.07823368,-0.016890125,-0.03669946,-0.06752136,0.14821726,-0.12934853,-0.1689771,0.046307262,0.08746337,-0.0037945162,-0.067677185,-0.07074297,-0.08670137,-0.12377455,-0.017956585,0.043556277,-0.041908406,-0.03206637,-0.15003797,-0.035971805,-0.004538097,-0.027038572,-0.0663701,0.011278692,-0.02757419,-0.034670975,0.055630203,0.032133322,0.008196285,-0.044579368,-0.01692095,-0.013901411,-0.060197696,-0.05701735,0.012383331,-0.0904529,-0.018731704,-0.0549736,-0.032138024,-0.15504055,-0.0021110454,-0.024654737,-0.014838979
-0.015087905,-0.17722517,-0.12153311,0.06678857,-0.00017726421,0.06387741,0.0479376,0.023907967,0.06035403,0.024904978,0.021422755,-0.029787749,-0.07502412,-0.022747835,-0.09749945,-0.046383135,-0.04151213,0.030390847,-0.0659915,0.020842547,-0.09047775,-0.061900057,0.015701821,-0.08303486,-0.04986152,-0.06963487,-0.0415507,-0.042536616,-0.0045538237,0.07071445,-0.0012423613,0.011267386,-0.03379485,0.09117775,-0.059988488,-0.05840728,0.03040108,-0.02326867,-0.10191003,0.03718595,0.034344826,0.06498798,-0.0004662096,0.07159516,-0.08263883,-0.0007795816,0.04256185,-0.060664345,-0.02580825,-0.04193531,-0.08270553,-0.099680744,-0.08962898,-0.050083037,-0.0779883,0.013846521,0.028476292,0.068433546,0.026076179,0.011453199,0.061721187,0.020106656,0.06638183,-0.011692797,0.07229346,0.072656736,-0.0034448681,0.0517039,-0.011394154,0.014549483,-0.06673205,-0.15496272,-0.032461654,-0.04156823,0.0058744512
0.16312309,0.039986484,-0.11421455,-0.06299557,-0.05192467,0.040029656,0.033052485,0.0400077,-0.026654446,0.0035238226,0.14640364,-0.10149836,0.0828189,0.010141229,0.04150979,0.036718667,0.0345878,-0.014047116,0.034121245,-0.017200854,0.0049140444,0.009186352,0.05750681,0.04581862,0.041462123,0.063658625,-0.0026933476,-0.032374606,0.02104654,0.019822363,0.10036848,0.018348347,0.056402717,0.037913352,-0.042310227,-0.03836723,0.055043127,0.06041743,0.03424393,0.0623306,0.015247191,0.03809528,0.07802296,0.031687096,0.029997218,0.28377828,0.037536323,-0.01739686,0.0029912582,-0.021212207,-0.032363195,-0.04587422,-0.057479944,0.0488874,0.02830277,0.0284863,0.08891996,-0.042445745,0.08464902,0.08494135,0.1824497,0.08423274,0.08100249,0.049290817,0.006113179,-0.028428532,0.024106761,-0.021543179,0.0025547575,-0.02188523,0.012244623,0.028457005,0.012976537,0.040382862,0.009553501
0.09032848,0.051339306,-0.28214177,0.124247685,0.048089158,0.06917021,0.11823826,0.12903494,-0.008590577,-0.01913514,-0.0034057822,0.036398225,0.019864649,0.05594883,-0.005051698,0.11356511,0.023216503,-0.128305,0.12136501,0.0739916,0.01971133,0.013359329,0.01919616,0.05816106,0.078290164,0.07886872,-0.020033918,0.050124995,0.16882655,0.15155116,-0.01919608,0.03986413,0.019070845,0.13027573,0.0034599071,0.012677197,0.15955116,0.08173951,0.032995563,0.021949822,0.055906154,0.162833,0.018830437,-0.008319651,-0.015536718,0.0128729325,0.09419663,-0.018521456,0.023964483,0.03447237,0.024664726,0.07041716,-0.004432881,0.019782625,0.011099203,0.044924688,0.021164952,0.09783318,0.012947863,0.033973,0.21693575,-0.037916638,0.046571806,0.07033051,0.115866296,-0.015518951,0.06199497,0.054040562,0.02631813,0.10962286,0.018324608,-0.0036242958,-0.014065834,0.029739492,0.068363264
-0.040608615,0.06937125,0.20101501,0.019223444,-0.07328677,0.0083027035,-0.0037221406,0.016558692,-0.016518554,-0.004672059,-0.021500021,0.08032833,0.029674625,-0.026535783,-0.06167488,-0.11380355,-0.01538528,-0.04463823,-0.006333273,0.03816914,-0.027891077,-0.0066305622,0.029237315,-0.0039777383,-0.0327404,-0.039582353,-0.019972991,0.102631055,0.0017905757,0.13609351,-0.056287568,-0.14556235,0.007718807,0.017357044,0.0010270849,-0.015449381,-0.074962765,0.04352912,0.013437784,0.023571499,-0.012408857,0.014848247,-0.014076316,0.066602446,0.039524294,-0.049502812,0.062306527,-0.051177543,-0.028441295,-0.05457993,0.08401115,0.013424159,-0.0154157905,0.10432922,0.046780955,-0.05137291,-0.0710503,-0.10531236,-0.037949957,0.066493675,-0.067816764,0.0038542561,-0.05221514,0.029381499,-0.010860017,0.114282005,0.021947984,-0.076316886,-0.038427882,0.00064031314,-0.084759444,-0.022796286,-3.285259e-05,-0.018033748,-0.019159414
0.11701199,0.17211059,0.3088531,-0.020850625,-0.021104824,-0.0117889745,0.08102202,-0.04539814,0.0838122,0.08598234,0.0851026,0.03174761,0.11706029,-0.06606653,0.09389645,0.038778238,0.015999474,0.075604804,-0.05620056,-0.059896607,0.059341967,-0.084599,-0.07591653,0.05068186,0.060023755,-0.0041294377,0.032151464,0.14491884,0.14655298,-0.084299184,0.02724559,0.21942382,0.10151076,0.19810008,0.03306039,0.02641161,-0.0676027,-0.054458585,0.05387911,0.025387922,0.04717706,0.005046908,0.026519742,-0.07197729,-0.014514858,0.04129432,-0.050879765,0.06044584,0.03783852,0.057046704,-0.016956,-0.027643053,-0.0005109573,-0.177659,-0.035564814,0.12595402,0.028575111,-0.020920217,0.21910512,0.023677038,-0.072936654,0.10271271,-0.05574204,0.13282306,0.09398382,-0.095337,-0.0924221,0.1147953,0.057172287,0.019818198,0.058581714,0.10213131,0.024303613,-0.017089687,0.052277736
-0.26704758,-0.13758194,0.1134121,-0.0830575,0.0612675,-0.033080634,-0.10688347,0.057791613,-0.041592203,0.0042551467,-0.0781548,-0.119407766,-0.0519348,-0.050970912,0.0024190003,0.056168556,0.07174593,-0.2163602,-0.0107419565,-0.013112382,-0.0014460264,-0.13127154,-0.12258743,-0.11068022,-0.056466073,-0.19564252,0.01447055,-0.07262366,-0.16113079,0.03848605,0.018664269,-0.12027128,-0.06703017,0.007231027,-0.10089888,-0.012628238,0.016270591,0.008408319,0.06449201,-0.055297043,-0.03523061,-0.07370492,-0.046821553,-0.06023463,-0.015014816,-0.16052115,-0.04435498,-0.03519163,0.0005160435,-0.21519771,-0.036268394,-0.09409554,-0.05394122,-0.036493182,-0.19075844,0.04798987,-0.079088464,-0.10392641,-0.12677903,0.016871734,-0.0053378567,-0.058299422,-0.102800906,-0.010608531,-0.033674438,-0.28177768,-0.01670196,-0.06224186,-0.06925165,-0.07712051,0.021585481,-0.047900252,-0.013404361,0.013131753,0.05246081
0.012921659,-0.26792002,-0.25272995,0.046821322,-0.039728902,0.17626965,-0.0067479564,-0.00040152483,0.042012114,0.008836427,-0.08428745,-0.06393084,-0.1428392,0.030964961,-0.06485939,-0.0733897,-0.011024669,0.04484233,0.01818774,0.015351813,0.038612958,-0.040035814,0.08103331,-0.03177388,0.040177386,-0.0072453856,0.009023177,-0.029318852,0.019316433,0.08196036,-0.0521364,0.07445884,-0.12056757,0.043437865,0.0010223109,-0.0019377116,0.11802008,0.1006399,0.037660092,-0.029607309,0.016765852,0.03229272,-0.02079773,-0.05383774,-0.05312195,-0.028867928,0.102561064,-0.04905625,-0.05803905,-0.044771872,-0.017759316,-0.03741346,0.0391026,-0.09532513,-0.15596296,-0.008957265,0.04027315,0.0054056034,0.011591151,-0.026597837,-0.1919261,-0.004007074,0.005385138,0.029104188,-0.01325769,0.036860116,-0.13326901,-0.033242363,-0.015591897,0.08934938,0.015634311,-0.038680412,0.00655664,-0.04180896,-0.0866522
0.05658278,0.21294773,0.23905714,0.04006322,-0.0152660385,0.0027909086,-0.09185643,0.026504135,-0.15568778,-0.070402354,-0.024053127,-0.011646568,-0.0002684025,-0.061803766,-0.0064901966,-0.1542745,-0.11289403,0.017437387,-0.03710729,-0.014468916,0.086446226,-0.024954686,-0.15659213,-0.031023331,-0.038627487,-0.011988966,-0.05565113,-0.1914764,0.04117348,0.035315838,-0.09529735,0.010341895,-0.021269266,0.017196266,-0.04951798,-0.019689009,-0.010125911,-0.009364597,-0.08848323,-0.012154259,0.068899825,-0.034422357,-0.0043463297,-0.06906557,0.20857698,-0.031228285,0.020710045,-0.04368632,-0.02378545,-0.013477651,-0.058458626,-0.036670923,-0.09173186,-0.021379998,-0.055446874,-0.076793015,-0.07294365,-0.011222052,0.058913346,0.027339846,0.013751874,-0.015056817,0.0016457867,-0.054279137,0.03532119,0.052456193,0.016150726,0.020346712,-0.08910143,-0.009618626,-0.07952971,-0.007897423,-0.005467533,-0.08381218,-0.03814917
0.27228725,0.26736164,0.5591896,0.13862982,0.20002452,0.17008542,0.15312849,0.12905388,0.078732,0.25015193,0.21410361,0.11692339,0.13548999,0.20522468,0.08485398,0.22720407,0.18251675,0.27314627,0.15199977,0.15069236,0.19164062,0.3129073,0.21170196,0.09529821,0.11238698,0.23691791,0.12608898,0.24989972,0.18512997,0.26838088,0.12325189,0.25833413,0.1967687,0.16347009,0.14492251,0.0807866,0.24471307,0.2065429,0.18730493,0.08030261,0.19048806,0.020154001,0.14819793,0.15923998,0.33429453,0.25716686,0.1526118,0.23988354,0.034830403,0.17018871,0.14377066,0.13220799,0.08780216,0.15550183,0.057660505,0.17505795,0.12404156,0.0797025,0.15428217,0.16203085,0.15576947,0.23531221,0.21020564,0.14861256,0.15081395,0.2536034,0.116187535,0.19776155,0.14709815,0.17281146,0.073405966,0.17304334,0.062631845,0.13694188,0.17968106
0.09083396,-0.021887295,0.4233843,0.021191785,0.09498051,0.07412493,0.03146525,0.040844843,-0.043250546,-0.052232616,-0.032827422,0.051583927,0.020719228,-0.06053397,-0.02790424,-0.06367474,-0.012445544,-0.1675906,0.024752283,-0.023071632,-0.01072925,0.011284507,-0.030499121,0.002226282,-0.022381715,-0.11190985,0.03679923,-0.076449975,0.006781037,0.055690877,0.047249027,0.19322215,-0.11075597,0.07367599,0.051493514,-0.054372117,0.059454642,0.13022086,-0.1311355,-0.027737949,0.0010546088,0.05828161,-0.038124762,-0.0087033585,-0.037859872,-0.041637756,0.0050555514,-0.05214819,0.012454698,0.042309053,-0.03257185,-0.008238167,-0.03270904,-0.015376102,0.020102363,-0.03680279,0.050700415,-0.05902815,0.065407135,-0.02781269,0.019182378,-0.019263161,0.045563187,-0.039235942,-0.03845807,-0.10706398,-0.021025155,-0.09553833,0.005319289,-0.07117968,0.0836561,0.00034142705,-0.021252327,0.023168921,-0.03130433
0.04175429,0.04106164,0.15387265,0.016184164,-8.619856e-05,-0.0035617545,-0.05912782,-0.052850403,-0.017712966,-0.04720108,-0.0140803335,0.094044864,0.055020355,0.040755667,0.045597814,0.009908586,0.005098356,0.022817617,0.012183506,0.030778002,0.040467575,-0.06294055,0.06383285,0.048509397,0.01006412,0.01013694,-0.0074415724,0.062633984,0.06145911,-0.006108056,-0.034802806,0.062048845,-0.07715406,-0.11607696,0.049476534,0.016138593,0.05636953,-0.105513245,-0.10310473,-0.019489417,0.0008234276,0.08461045,-0.012113381,0.020767959,0.020968657,-0.01871459,0.024793962,0.06463475,0.04567735,0.003618271,0.01573826,-0.027825605,0.017076163,0.0035005435,0.014465712,-0.048473366,-0.07349617,-0.029377759,-0.10945305,-0.055013,-0.009266683,-0.060652845,-0.03521554,-0.02849895,0.06670746,-0.0012802234,-0.06197425,0.001840878,-0.013464013,-0.038433947,0.010190125,-0.043722067,0.041842118,0.0405789,0.003097881
-0.13992064,0.01399048,0.40093333,-0.027394224,-0.07573789,0.07383766,0.05858175,-0.00022089027,0.11444665,-0.04601959,0.14896508,0.08115446,0.0485803,0.13459933,-0.03851097,0.0704464,0.040398367,0.07283364,-0.0054458007,0.061344832,0.018824859,0.06324851,0.040024713,-0.0628144,-0.009407504,-0.07007538,0.04261327,0.10752061,-0.08487795,0.05181156,0.023171818,0.0053951098,0.0033476795,-0.076790154,0.0074597783,0.0069079176,-0.035248213,-0.11888836,0.013082229,0.085407175,0.030865451,-0.040227152,0.049078036,0.03339811,-0.09029279,0.05563184,0.084539875,-0.12421249,-0.026203562,0.020030115,-0.019015953,0.068268575,0.08198799,0.06226761,0.0034857532,0.031177439,0.029514154,0.045171868,0.21070573,-0.03870669,-0.0010869671,0.014704615,0.021477766,-0.0043077557,0.012022363,-0.0553933,0.15506956,-0.013095139,0.04353649,-0.0050565926,-0.009725872,0.19196433,0.014026517,-0.04443049,-0.011953546
0.024614578,0.22570583,-0.05055477,0.021594202,-0.06430849,0.04030505,0.2027731,0.08904167,0.029442646,0.0721903,0.14183979,0.09204744,-0.04667912,0.15728803,0.03361142,0.023149446,0.10604621,0.016895272,0.010697906,0.0028600767,0.042141132,-0.00751221,0.08032519,0.05470018,-0.07340016,0.058044236,0.031001551,0.07013444,-0.054850213,0.0073599573,0.073808014,-0.075895324,-0.05361197,0.06723175,0.097486444,0.09433917,0.020796899,-0.008648681,0.10046126,-0.00037341044,-0.0051124482,-0.00013997282,0.11348204,0.16028684,0.27557042,0.14301868,0.14242065,0.03151477,0.03348376,0.029116377,0.029014558,0.12645642,0.12334958,0.12661722,0.19985303,0.13159114,0.007740429,-0.024336673,0.058768835,0.033259686,0.014334705,0.049282342,-0.012190936,-0.091827616,0.0785,0.014817664,0.2830509,0.11991975,0.013062261,0.07998306,-0.0022523447,0.052444972,0.016744483,-0.00045060297,0.113544956
-0.0827091,0.0018100366,0.18302998,-0.08804793,-0.08032989,0.0077762813,-0.078083046,-0.16474201,-0.04702576,-0.096938744,-0.124740034,-0.07667598,0.07034831,-0.041878343,-0.059139866,-0.12771183,-0.05207432,-0.1630634,-0.13347895,-0.08867492,0.016647395,-0.1878694,-0.11795847,-0.05539646,-0.015083122,0.031533428,-0.05721556,-0.05531966,-0.12896028,-0.116243295,-0.08287081,-0.17326468,-0.15053669,-0.11967044,-0.058803264,-0.02231695,-0.21730718,-0.11310323,-0.06817197,-0.05051103,-0.124881625,-0.046723656,-0.015691219,-0.04941693,-0.07020451,-0.087834895,-0.10880159,0.08156248,-0.0026084916,-0.08991057,-0.046013847,-0.025620155,-0.027188547,0.023551239,0.0005437415,-0.08960164,0.007307832,-0.054193642,-0.13264783,-0.090233915,-0.0074412413,-0.031313527,-0.11431423,-0.10890423,-0.01578588,-0.09393515,-0.05585029,-0.13675779,0.009168778,-0.058946714,-0.0042745243,-0.02441868,-0.0050651007,-0.06834556,-0.008856468
-0.034229048,-0.011992406,0.52126783,-0.014609406,0.005539635,0.06605618,0.03818852,0.023142532,0.08287933,0.0741493,-0.08822995,0.033518966,0.11246246,0.014885218,0.031400405,0.07839763,0.117218375,-0.095161125,0.12684458,0.062140852,-0.07922418,-0.08123703,0.043499418,0.03840039,0.03788414,-0.02451173,0.04574129,0.094328426,-0.02717798,0.024611767,0.019125763,-0.07936274,0.027324967,-0.006338436,0.06301295,0.04121931,-0.05646464,-0.09107518,0.066750966,-0.029557202,0.052583456,0.042969197,0.07638112,0.005300167,-0.09767495,0.034967728,0.012840345,0.018453576,-0.015196751,0.13099404,0.07919346,0.01332941,0.04215376,0.1237881,-0.025829444,-0.15645975,-0.08205112,0.0074940347,-0.00864422,-0.05239576,0.049856998,-0.015675861,-0.020603474,0.01129041,-0.07733716,-0.049701095,0.05072528,-0.094220944,0.02638164,0.10737803,-0.023766726,-0.07181228,0.020889541,0.09731494,0.018398518
0.11014274,0.15648112,-0.04274843,0.09218255,-0.02497314,-0.02423414,0.108027756,0.020497177,0.11918248,0.077892736,0.04188503,0.05382944,0.094234094,0.073767446,0.03956827,0.13837485,0.07326229,0.05934998,-0.06210243,0.098737806,0.07416495,-0.05426726,-0.020948028,0.025571149,-0.012470033,0.063744955,0.040990297,0.07289871,-0.13776079,-0.02260312,0.12122195,-0.03872049,0.0266901,0.035946544,0.010015353,0.03993012,0.15925667,-0.014425999,0.1157363,-0.010935885,0.022002472,-0.0045596045,0.032899573,0.07234787,0.23194622,0.016476816,0.03756919,0.042841963,0.004728934,0.112313874,0.014560629,0.016619097,-0.021042908,-0.010562423,-0.027253032,0.020930562,-0.027095104,0.08977303,0.097052895,-0.0215595,0.040170062,0.008027539,0.0635916,-0.07201526,-0.029507939,-0.012545675,0.1637442,0.03631655,-0.003528824,0.07347505,0.029266672,-0.03236396,-0.005437108,0.005926942,0.060064487
-0.09373971,-0.13072747,-0.064056195,-0.01306175,-0.055963647,-0.036413915,-0.009947654,-0.009183253,-0.048855547,-0.024959989,-0.05986654,0.07636745,0.109998554,-0.057442375,0.060071465,-0.01103207,0.015884139,-0.06982587,0.09225867,0.03981675,-0.0992334,0.030015286,0.02645476,-0.008467704,0.023312245,-0.017611744,0.0040518153,-0.004655272,-0.013481483,-0.02392038,-0.015029713,-0.14593717,-0.15898722,0.026395574,0.0025281832,-0.022434913,-0.07941278,-0.06271274,-0.0013064131,-0.07119587,0.04119424,0.055551313,0.056885164,-0.09959204,-0.16226695,-0.030008014,0.08110625,-0.02647044,0.03493017,0.07465689,-0.14736792,-0.004429827,0.018276136,0.06439615,0.037147723,-0.0004939325,-0.029380644,0.03295635,-3.5350524e-05,-0.1008693,-0.108812176,0.02960374,-0.05129821,-0.029068721,0.020386416,0.046897884,0.020399649,-0.014545953,0.06368506,-0.059017047,-0.0031031813,0.011380352,0.04062704,0.06328443,0.02878321
-0.12476851,-0.14203638,-0.16229124,0.021384425,0.030364487,-0.04682815,0.02104694,-0.030269466,0.17517981,-0.025391668,0.061994426,0.08052041,0.061504424,-0.063060485,0.0015073441,0.012346124,-0.045496225,-0.026228577,0.0011874614,-0.042090952,-1.9656072e-05,-0.13611186,0.2264668,0.015773613,0.024881624,0.060579322,0.007133329,-0.014748502,-0.031808972,0.036233716,-0.05121998,0.038923025,0.053578783,0.016228937,0.03435436,0.017613031,-0.10795532,-0.1038795,0.11541388,0.019359488,-0.059559375,0.062419884,-0.032335937,0.072771125,-0.15102105,0.20319024,0.029383747,-0.09193525,0.021716075,0.060454924,0.012327518,0.0009829649,-0.027245073,0.01546245,-0.0884503,-0.0061004683,0.0078036347,0.0590325,-0.054146938,-0.16253039,0.005824873,-0.04818347,-0.07546589,0.060001284,-0.012220227,0.088290974,0.060998123,0.06009832,0.02101725,-0.0755777,0.032355603,0.10587115,0.040886816,-0.033888638,0.019596964
-0.1803467,-0.16872768,-0.068907574,-0.05265838,-0.0038247737,0.03714187,0.0082527455,0.015389997,-0.03211423,-0.01910514,-0.031846546,0.0038230768,-0.038936757,-0.018517468,-0.060805406,-0.114271306,-0.05626057,0.008821348,-0.017811358,-0.03885184,-0.0030891718,-0.025496537,-0.116183385,-0.06683338,-0.013288627,0.007308091,-0.033319976,-0.071862824,-0.07723113,-0.028072735,-0.03737855,0.086876675,-0.041463256,0.05118316,-0.050499097,-0.0064938166,-0.15374967,-0.1104027,0.08090524,0.020392463,0.03702138,0.018356703,-0.04894307,-0.12522122,-0.092794344,-0.15459538,-0.020806922,-0.06706922,0.0146896895,0.02908792,-0.034335874,-0.019140381,0.017353652,-0.02167639,-0.01655757,-0.08528073,-0.034562062,-0.02989375,-0.04324857,-0.020598454,0.039568324,-0.100168556,-0.09563555,-0.024651987,-0.059292402,-0.092612565,-0.022058256,0.0108157545,0.016877048,-0.0012525506,0.034073528,-0.012663731,-0.029267639,-0.05578471,-0.028113691
0.1277524,0.20477408,-0.23254237,0.1429842,-0.007422397,0.040905125,-0.05110868,0.15750238,0.06277546,0.15829502,0.14477424,0.16854185,0.012453153,0.009851229,0.0061957524,-0.015408705,0.0329767,0.11764791,0.082198426,0.1274837,0.029198278,0.11778217,0.03952484,0.13698967,-0.010269615,0.21055433,0.0024205276,0.123969615,-0.021890879,0.034875695,-0.016702926,0.032401577,0.07126335,0.019794842,0.12768333,0.037399944,0.08120103,0.070481986,-0.011792481,0.043833308,0.04867613,0.035949387,0.023196984,-0.04339142,0.018354192,-0.026374426,0.056867275,0.11424844,0.05093686,0.03545001,-0.034296732,0.04571601,0.066934384,-0.074670956,-0.012798564,0.12918274,-0.008279669,-0.020440618,-0.11805171,0.11145306,0.067577496,-0.003892783,0.043423273,0.088781685,0.0804134,-0.008879269,0.18147402,0.030099938,-0.021292351,0.06451257,0.031412914,0.079807006,0.06525034,-0.013962883,-0.009071117
-0.00025301304,0.25408345,0.24522205,-0.032776568,-0.105505146,0.044056293,0.08144112,0.003415078,0.08178291,0.11447879,0.095058605,0.0030471068,0.046191,-0.049389675,0.061998572,0.04715199,0.06868686,-0.01993644,0.10242164,0.091334835,0.036200855,0.18420759,-0.0028232639,-0.034742408,0.022761181,0.009715715,0.04586185,0.12472009,-0.054057427,0.039838187,0.038259007,0.029343477,-0.011880459,0.0921585,0.011521833,0.0729069,-0.05460769,-0.15041313,0.108834185,0.004577828,-0.027773906,0.027315821,0.09540916,0.058080442,0.08006819,0.1776331,0.02246904,0.118212044,0.011974399,0.030072717,0.10851855,0.057964675,0.06747341,0.015937064,0.02102863,0.14049394,0.086284414,0.06316997,0.033830486,0.05022167,0.0549719,-0.0132124685,-0.027556118,-0.040083718,0.03635484,0.13285077,0.0901651,0.07878769,0.020249717,-0.10266977,0.0698439,0.037668623,-0.039130773,0.020192508,-0.00742958
0.033561848,0.14034422,0.01322384,0.03423017,-0.018183187,-0.022818223,0.05667034,-0.11844818,-0.09440558,0.08050804,0.1710569,0.049806304,0.08600755,-0.022986446,0.045209832,0.11894997,-0.08839064,-0.06382653,-0.1223169,0.0035492931,0.011009181,0.09461165,0.11555354,0.034440897,-0.0431346,-0.026488189,-0.07105135,0.1755245,-0.08118256,-0.055352334,-0.0824886,0.11274575,-0.12885214,0.048683345,0.0013880376,0.011855915,-0.0344873,-0.112312645,0.034787893,0.02110633,0.044280417,-0.016842488,0.009416373,0.054338347,0.14067525,0.06201079,-0.017572898,0.05073439,0.006503502,0.034294147,0.04395184,0.04792707,0.007954119,0.09545051,0.034964386,-0.011671619,-0.009645316,0.0075653507,-0.03974502,-0.081432395,0.022477994,-0.08212711,0.08630204,-0.06973537,0.102672786,-0.0033859015,-0.011543008,0.13371572,-0.029330235,-0.035904408,9.289023e-05,0.003159576,-0.0163113,0.02777838,-0.0036132922
-0.12841897,-0.13195851,0.02305126,-0.024912035,-0.088527754,0.019846387,-0.10882811,0.06721426,-0.12112217,0.080927566,0.15066677,-0.002088079,-0.14892691,-0.00943867,-0.015659126,-0.0594393,0.0071484735,0.017770123,0.049148392,-0.10779035,-0.104506075,0.04704337,0.18683337,-0.016144052,-0.0342223,-0.030594032,-0.007877945,-0.101687655,0.04162275,-0.04032527,-0.027881145,0.07516514,-0.026345216,0.036187652,-0.030145248,0.004646131,0.09004642,-0.17059867,0.017383069,0.013817735,0.14802262,0.02749598,-0.00041615334,0.012248695,-0.026396828,0.089686945,0.043683443,-0.023962606,-0.02498251,-0.01202488,-0.04717142,-0.009438715,-0.019973192,-0.13542953,0.03085035,-0.018736098,0.04355345,0.015075916,-0.01109161,0.061654575,0.12651369,-0.023097645,0.0143596465,-0.03662063,-0.03780612,-0.016216043,-0.020147324,0.07938736,-0.001775098,-0.03074957,-0.053600263,-0.040013924,-0.003230676,-0.015686963,0.06616266
-0.08427789,0.11771287,-0.010378291,-0.047376294,0.036515255,-0.045678202,1.6968697e-05,0.07742885,-0.007269215,-0.00775732,0.09262188,-0.1623718,-0.028332202,-0.08826737,-0.050840802,-0.035567135,-0.09012525,0.034512166,0.07608895,-0.08305998,-0.063918665,-0.03670466,-0.05997088,-0.0044015907,0.021993015,-0.04706652,-0.042783566,0.04970069,0.0724577,0.010003714,-0.010658597,0.021432249,0.14215459,-0.008161814,-0.060086153,-0.007209326,-0.06165096,-0.059994634,0.0016041488,0.042138513,0.078566745,-0.0068687648,-0.0031926036,-0.008588679,0.064104006,0.042621933,0.02308175,-0.05497805,-0.0029313015,0.043769125,0.08418576,-0.0012222964,-0.0018172823,0.005996516,0.033557333,-0.04146192,-0.049930435,0.037703585,-0.013729116,-0.05836851,-0.04205758,0.12390132,-0.030847501,-0.021774705,0.046779018,-0.1396633,-0.03062686,0.06309058,0.033740208,-0.067775704,0.03752782,0.024723057,0.022670664,0.037040338,0.042980947
-0.13477878,0.18164071,-0.0019511554,-0.020598534,-0.06829569,-0.08218106,-0.02136276,-0.058903024,-0.033142347,0.00063347816,0.0053028553,-0.17340302,-0.04687169,-0.07772643,-0.0073511093,-0.029065525,-0.03615245,-0.08180296,-0.06667253,-0.13267425,-0.0010905676,-0.16116053,-0.09604751,-0.11101994,-0.04266327,0.058442604,-0.033830237,-0.074199095,-0.17522787,-0.15808436,-0.030490015,-0.062031522,-0.082177885,-0.04550329,-0.025885561,0.0038667894,-0.24049465,-0.09072442,-0.039617535,-0.01484209,-0.14583574,0.013130578,0.007144222,-0.0909653,-0.047319293,-0.05984832,-0.01870053,-0.08629263,0.012383996,-0.060985845,-0.07606198,-0.025702985,-0.008671788,-0.033434507,-0.053390555,-0.001827091,0.04535612,0.014269352,-0.10081597,-0.053364348,-0.04974435,-0.110868365,-0.12873031,-0.1478742,0.04071276,-0.2427445,-0.056460094,-0.023956172,-0.06597208,-0.021971006,0.020274684,-0.011664838,-0.02894204,-0.03356814,-0.08249274
0.13555533,0.13370812,0.40302092,0.061869957,-0.10093295,0.06447717,0.16518669,0.03725099,0.04716149,0.09909963,-0.16286874,0.05320364,0.19005471,-6.8706926e-05,0.090138614,0.22390555,0.08772097,-0.17069495,0.13271299,0.09434746,-0.0026212754,0.14231183,0.0865665,0.07078269,0.029839506,-0.005148351,0.061423313,0.041855462,-0.15158747,-0.02956869,0.015828004,-0.12994921,0.024121037,0.14576918,0.10869513,0.06087811,-0.022167487,-0.029543122,-0.06305629,0.0127157075,0.000968425,0.016356222,0.040816106,0.109687604,0.17060041,-0.10744657,0.022377573,0.13158014,0.003643435,0.01826721,-0.041375782,0.043903735,0.04114718,0.0027524359,0.028883971,0.087218344,-0.0012745544,0.08305496,-0.028862491,-0.07864305,0.1001314,-0.0003196448,0.062611915,-0.07388799,0.028806286,-0.12428307,0.13047959,0.044919707,0.080018155,0.057129987,0.057250727,-0.023216967,0.05054419,0.060499817,0.041951355
-0.04912163,-0.076443575,-0.39665195,0.017503975,-0.08198735,-0.015487012,0.081284344,0.03561137,-0.04440532,-0.13451019,-0.08841939,0.09685394,-0.16193257,-0.09273628,-0.019285012,0.0451461,-0.058179125,-0.041459523,0.063386746,0.037576348,-0.062628746,0.07288096,-0.089368306,-0.09139722,-0.024614187,-0.018057054,-0.094928734,-0.10370049,-0.10721344,0.052125458,-0.021487428,-0.04360657,-0.0528084,0.019700034,-0.013459222,-0.05795907,-0.041490402,-0.11985053,0.019291429,-0.037964143,-0.07216127,0.023248872,-0.0699939,-0.08069613,-0.018027648,-0.14489196,0.010019429,-0.085305825,-0.05758915,-0.050013166,0.060225755,-0.08696146,-0.07217557,-0.16202822,-0.035808187,-0.06798191,-0.15164113,0.04441898,-0.084388755,-0.07785399,0.035886995,-0.013349107,-0.09927891,-0.0531985,-0.029924724,-0.0114226565,-0.09459226,-0.11545986,0.020932779,-0.14842236,-0.066753075,-0.07595301,0.020023797,0.006668739,0.023250416
-0.089941286,-0.055674966,0.07586278,0.015336505,-0.004292255,-0.094663255,-0.057225127,-0.07597372,-0.01260777,-0.08345606,0.06157568,-0.15119676,-0.13793655,-0.029749496,-0.00057507586,-0.08727481,-0.15183227,-0.048590615,-0.06417561,-0.07171017,-0.15472192,-0.0025673648,0.034561504,-0.026917774,-0.006815947,-0.14274438,-0.036366355,0.1513454,-0.027909337,-0.065473035,-0.06798572,0.02572692,0.01005007,-0.0504646,-0.07889999,-0.017543895,-0.056889854,-0.11426413,-0.08737041,-0.0046421676,-0.1206121,-0.02789661,-0.013727031,-0.06208512,0.008371538,-0.118789844,-0.031709343,-0.020806484,-0.04240099,-0.17777547,-0.05264184,-0.021022335,-0.0037206265,-0.016351089,-0.035491202,-0.058584455,0.052116867,-0.044516414,-0.19984755,-0.031615604,0.021763101,-0.050750416,0.06306242,0.00183952,0.015849477,-0.1207218,-0.10733175,-0.014728711,0.003769883,-0.10575922,-0.04283955,-0.034636542,-0.03295765,-0.024333771,0.005598075
-0.19727288,-0.20527534,0.060134754,-0.040164884,-0.024184098,-0.039435085,-0.041843146,-0.0038905889,0.026701689,-0.065691784,0.057497483,0.0024582818,-0.09816768,0.11527058,0.041857872,-0.19783458,-0.023374198,-0.0076117422,-0.071083106,-0.017535383,-0.03906218,-0.06562169,0.06286326,-0.027916078,-0.005236938,-0.08919744,-0.039378177,-0.061216973,-0.102466285,0.02489091,-0.055154867,0.16636181,0.007258727,-0.09316649,0.074772626,-0.03866555,-0.11251289,-0.04776354,0.06137077,0.0045457105,-0.00086942315,0.0035757055,-0.04759676,-0.04199999,0.090302005,0.0774574,-0.06321201,-0.13119005,0.014385157,-0.060844053,0.072353855,-0.06742566,-0.034940287,-0.0747784,0.0924871,-0.010096997,-0.007082633,-0.029568514,-0.128449,-0.08827895,-0.0683607,-0.063541174,-0.014267725,-0.10123557,-0.0023624063,-0.09248364,-0.053112023,-0.03081205,-0.0038932487,-0.08031912,-0.0750093,-0.110385604,-0.0061320253,-0.03514982,0.035181843
-0.01296715,0.0072026104,-0.06367964,-0.08143571,-0.05646757,-0.01831767,0.026580893,-0.020891258,0.040384606,-0.10431144,0.04548551,0.10213854,0.0018273921,0.04177123,-0.065616205,0.1397924,0.0035580713,0.03997308,-0.046079732,0.008545617,0.012192528,-0.18013918,-0.054079965,-0.020255886,0.018587727,0.028060332,-0.035483267,-0.051438898,-0.012207583,-0.10857631,-0.056920923,-0.054010123,0.066208616,-0.22536473,-0.0146349445,0.028278137,0.07424926,-0.24949497,-0.017907592,-0.04757512,-0.06426512,0.030824762,0.0003995737,0.039285615,-0.055815328,0.12797965,-0.0030370653,-0.028510813,-0.026909664,0.04668718,-0.12030534,-0.043800894,0.014600927,-0.024787402,0.05446833,0.016849227,0.006990996,0.038184438,-0.026290005,0.03371855,0.035492633,0.003452966,0.11003974,-0.08968792,0.028015524,-0.062125444,-0.14871699,0.02287748,0.01904225,-0.049097247,-0.011994505,-0.07556631,-0.004226304,-0.038810663,0.047262594
-0.09751295,-0.11902262,0.47677666,-0.07363545,0.060893565,-0.0058427886,-0.034240205,-0.045404598,-0.035776414,-0.16082352,-0.040043794,0.016950367,-0.037921827,-0.06347628,-0.028620256,0.13594563,-0.06674153,-0.009310808,-0.044811264,-0.033158395,-0.04821948,-0.054892823,0.022198599,-0.007557212,-0.037150662,0.09551436,-0.07157754,-0.13147691,-0.021507202,-0.025738,-0.07086799,0.0020682842,0.038581833,-0.15469205,-0.018228276,-0.03810231,0.040923454,0.078961745,-0.15414137,-0.042019065,-0.050075542,-0.0045008687,-0.040862136,0.009248018,-0.035422854,-0.04517786,-0.020344984,-0.009730747,-0.018266466,-0.14971888,0.008497593,-0.04743872,-0.035130363,-0.054789715,0.05533274,0.05035085,-0.07371466,0.086835235,-0.18287313,-0.02846404,0.09185451,-0.08969301,-0.123086676,-0.033336516,0.015143962,-0.010172373,0.07746716,-0.0244445,-0.0038312487,-0.06920387,-0.037033074,-0.06915718,-0.027762214,-0.045926582,0.038227186
0.034966372,0.06516726,0.10865368,0.025754059,0.043730617,0.11736105,0.12256446,0.013880605,-0.013328169,0.09220183,0.007984063,-0.042636957,0.012484692,0.074461564,0.04814856,0.14371096,0.043055605,0.091345,0.017324522,0.08257396,0.063994184,0.054534726,0.021474116,-0.0633066,0.014995255,0.096278474,-0.025287569,0.10043173,0.052942023,0.006062068,0.027608728,0.044335917,0.1679274,-0.061980855,0.027853692,0.023703337,0.12734807,0.09003942,0.10167396,0.0069427877,0.019181868,-0.16984686,0.05284695,0.068314224,0.184076,0.06430462,0.028509457,0.07487583,0.030236771,-0.06918724,0.100191504,-0.0027610566,0.026904697,0.07984058,0.067652196,0.100183636,0.00094469415,0.0842544,0.061851047,0.08848395,0.035151485,0.08274806,0.08587082,0.082899176,0.051478915,0.12807773,0.0829573,0.037758224,0.09676807,0.02271322,0.020595256,0.08513423,0.057394803,-0.050430667,0.07610713
-0.07770561,-0.095684804,0.27423424,0.025026977,0.045448154,0.033943243,-0.030576564,-0.061628684,-0.013323503,0.07218094,-0.04471182,-0.10370784,-0.036645476,0.10852596,0.005290679,-0.09966495,-0.031987455,-0.09584783,-0.033857234,-0.02475667,0.057012804,0.08940503,-0.008947626,-0.028347205,-0.019002602,0.044083335,-0.044218644,-0.13459222,0.008637996,-0.010591511,-0.014366177,-0.06812325,-0.0651599,0.07392792,-0.019807711,-0.058386404,0.08139115,-0.0028354838,0.06379052,-0.03999008,0.04502209,-0.016625687,0.0091496585,0.03399154,0.10428559,-0.04130816,0.016913664,-0.014968679,-0.009691819,0.108040586,-0.03761575,-0.044213332,-0.035814416,0.08127304,-0.02425468,0.009512316,0.044994902,0.0013747357,-0.0986608,-0.05019771,0.023984503,-0.040409658,-0.07394792,-0.0736249,-0.022117868,-0.12291801,0.07813579,0.02335258,-0.022338644,-0.02920311,0.026492441,-0.06126522,0.0014541924,0.009901841,-0.033830665
0.08131229,0.086910754,-0.10913735,0.036116194,0.0019462984,0.096935034,0.17040475,0.10872714,-0.017404228,0.0070102415,0.07677922,0.15490142,0.005202092,0.04135149,0.11392768,0.18958098,0.08053357,0.049435243,0.121859156,0.048844367,0.019325465,0.089728676,0.13065091,0.19819342,0.09920799,-0.040128894,-0.011034526,0.06131333,0.13683414,0.17173009,0.094587326,0.04561487,0.07380542,0.072794944,0.037363574,-0.00024866324,0.17308097,0.049912997,0.11237726,0.07447739,0.05436009,0.1825246,0.074162744,0.037606973,0.07059919,0.004311239,0.07097882,0.09179315,0.0072408505,0.13059771,0.06697026,0.039229162,0.018750813,0.047650278,0.058562808,0.08571385,0.13710934,0.14467202,0.1176044,0.044928562,0.13354938,0.08232676,0.028927011,0.06680096,0.07011763,0.034669906,0.07656979,0.035207935,0.0509545,0.13957548,0.009535625,0.001871679,0.04357055,0.1686676,0.09386921
0.1245942,0.10608305,0.2515323,0.0747708,0.027980272,0.095712595,0.104751766,0.05799585,0.04195226,0.021588996,0.029697038,0.1248772,0.1448259,0.07899646,-0.014937252,0.13728172,0.039512143,0.13259608,0.13952874,0.060557112,0.07758175,0.13929263,0.06919316,-0.05515215,0.087716796,0.0633401,-0.010024897,0.060932428,0.14919728,0.08771012,-0.020848231,0.073770985,0.08588475,0.09678711,-0.014614286,0.03433169,0.17508191,0.115973756,0.029867655,0.07500386,0.02525474,-0.03841373,0.016663803,0.09011416,0.14649346,-0.083578974,0.09206747,0.046456564,0.0136330845,0.098825924,0.035393484,0.028889509,0.03983181,0.084679216,0.006484907,0.021071872,0.040925246,0.06399906,0.10193148,0.08178079,0.08137814,0.07827451,0.11470489,0.035044007,0.03885094,0.08484691,0.14342016,0.01764905,0.05585835,0.048173778,0.048498377,0.117180854,0.026096568,-0.00507245,0.03710823
0.13322344,-0.021832827,0.15905042,-0.034246605,0.0126887,-0.021686876,-0.00027959235,-0.06681853,0.03618406,0.05122778,0.0086664595,-0.09487267,0.11153725,0.03627571,0.068880014,0.00057348487,0.058061197,-0.0927132,0.0130851,0.096658334,0.054005183,-0.09448399,-0.029930947,-0.019624222,0.03767113,0.06623782,0.026749074,0.043816134,-0.031809367,0.0326925,-0.09772476,0.02902799,-0.015897714,0.2011677,0.05864765,-0.016950319,-0.029258199,0.04157604,-0.050918963,-0.0010810912,0.025984196,-0.007297761,-0.05362465,0.027407007,-0.0037207678,0.08637311,0.012177292,-0.064596914,0.044813808,0.0073030293,-0.0620687,0.0048023104,-0.0033279974,0.034198046,-0.030431177,0.058545247,0.065592535,-0.05061974,0.048235103,-0.011572035,0.027405772,0.07545434,-0.09483283,0.046603065,-0.019205915,-0.19010383,-0.006159705,-0.010286637,0.0128020495,-0.013079253,-0.012548542,-0.049550783,-0.026509335,0.083560966,-0.19854732
-0.06629903,-0.11360374,0.008792005,0.04867183,0.01023726,0.02670737,0.08393961,0.051742025,-0.04728099,-0.01570993,0.05477477,0.01326669,0.041638464,0.02652218,-0.025322055,0.037671987,-0.046140887,-0.06608774,-0.021759054,0.09191452,0.09635816,0.056214493,0.038245223,-0.031100873,0.042216133,0.012601489,0.017770147,-0.045398794,-0.06153851,0.01799332,-0.025929898,-0.06194523,-0.15138361,0.08157782,-0.0412544,-0.0015746016,0.06636451,0.07234456,0.04267632,0.042496067,-0.117748916,-0.06163035,-0.010293944,-0.036529526,-0.2814352,0.016528636,-0.05562515,-0.055033013,-0.02911827,0.0908459,0.10687783,0.06033294,0.0056836056,-0.11315219,-0.18612376,-0.015198848,-0.022412885,0.033804562,0.2007258,0.004781577,0.008413386,-0.05404216,-0.14328013,0.03346959,-0.09843325,-0.07170271,0.09685862,-0.063878134,0.0027926564,-0.067382194,0.04371579,-0.11734552,-0.033153065,-0.0651733,-0.033267673
0.08636679,0.010172245,-0.22880787,-0.015695568,-0.0060388017,0.09777536,0.098143876,0.0837639,0.068896346,0.01104594,-0.034074396,0.072882414,-0.012223637,-0.04269734,0.002038888,0.1402553,0.040612757,-0.08033466,-0.06956212,0.091080286,0.017738078,0.13631539,0.13444611,0.09154622,0.005864506,0.14468658,0.029696995,0.15319344,0.04114973,-0.08330781,0.11510036,-0.11427554,0.10263559,0.12167262,0.043738935,0.025872987,-0.087206356,-0.18564749,0.11491237,-0.005936041,0.063007645,0.003941824,0.0610091,0.059685387,0.120201245,0.14956005,-0.033320203,0.021014193,0.04071125,0.04981173,0.026149172,0.0015300885,0.06748461,-0.047635935,-0.016204644,0.13326158,0.11713866,0.0928377,0.23202817,0.044398516,0.020510636,0.04351023,-0.10269203,0.059312094,0.003286982,0.1448146,0.16665933,-0.0070384466,-0.00027305167,0.030035844,0.051480982,0.06354306,0.026878182,-0.021251194,0.022224516
-0.046989094,0.03754748,-0.13381912,0.04367888,0.023252044,-0.08918996,-0.109338045,0.03770968,-0.052673493,-0.028086437,-0.059035473,-0.006641631,-0.07532625,-0.0031638676,-0.05237193,-0.2019051,-0.14736584,-0.042882696,0.015625816,-0.024780463,-0.033093818,0.08184163,-0.14165783,-0.043258872,0.0061644316,-0.09354702,-0.08627198,-0.0848442,0.024847474,0.06828272,-0.14924322,0.053916156,-0.014552216,0.017594941,-0.032412264,-0.043673713,-0.0048636883,-0.013432814,0.06271109,0.008094015,0.018522149,-0.028744912,-0.01794799,-0.025036687,-0.057425797,-0.10445142,-0.0011666692,-0.085327305,0.017747285,-0.10464742,-0.0029374664,0.0010725888,-0.03820852,0.0416383,-0.12043514,-0.0289925,-0.01601802,-0.19017978,0.03436336,-0.079513334,-0.101817794,0.044261437,-0.020667847,-0.04137749,-0.06046159,-0.10312736,-0.039655145,-0.01238198,-0.05120813,-0.08232622,-0.0072767474,0.12826541,-0.026288657,0.008179283,-0.0084389895
-0.0846931,-0.023379304,0.097307704,0.039152134,0.028585136,-0.07184894,0.058550283,-0.029047595,0.0017586779,0.045257993,0.01103387,0.11327907,0.091407105,0.070654154,0.05653403,0.1193849,0.008547439,0.02259916,0.012471894,-0.04752969,-0.012515122,-0.124223456,-0.06655761,0.062276497,-0.044721354,0.07631332,-0.010500843,-0.18790102,-0.023320984,0.025761876,-0.011741011,0.10474002,-0.092088915,0.076367654,0.034571096,-0.008639465,-0.05176577,-0.05822302,0.07920349,-0.04385361,0.046742614,-0.028715804,0.0039988486,0.0431233,0.010656854,-0.10826869,0.05721265,-0.11530831,0.012118809,0.0599589,-0.04674031,-0.0115060825,-0.020900974,0.05846884,0.0075792694,-0.014776239,0.04500399,0.050440487,0.046035103,0.065016486,0.06834488,-0.025093919,0.016786762,0.024972187,0.039271276,-0.020796536,0.022014482,0.038428303,-0.017374162,-0.08417827,-0.086870655,-0.05613879,-0.017571852,0.07585528,0.003797546
0.09192412,0.09669885,-0.016077084,0.012945398,-0.087947324,0.03388284,0.0781367,0.0011018971,0.07188214,0.044965453,-0.011596033,0.04621104,-0.007880112,0.019826954,-0.03273587,0.019856019,0.16468416,-0.10653021,-0.08794832,0.06340376,0.043175995,-0.059173364,0.006730834,-0.050537266,0.026588133,0.10713147,0.0015537766,0.035420246,0.0856721,0.02304865,-0.017757256,-0.07852725,-0.11546946,-0.12832558,-0.015619351,0.046759184,-0.06594726,0.0023789236,0.08782198,0.008067025,0.014782841,0.001234198,-0.060241766,-0.06795671,-0.0809465,0.16833828,-0.0056989784,-0.032754716,0.03140947,-0.044887517,-0.015390441,0.051821437,0.043239426,0.012279282,-0.002679267,0.06400427,-0.0014899581,0.05122924,0.08076455,-0.010009639,-0.120141804,0.082937166,0.04449042,0.050453454,-0.03743633,-0.19051687,0.04128003,-0.026349362,-0.01363942,0.08945359,0.06843723,0.046304137,-0.058241647,-0.00917393,0.008144151
-0.16752134,0.0109619945,0.29704577,-0.04727293,0.011732969,-0.11004503,0.0013830015,-0.08266868,0.026533758,-0.13179347,0.14881858,-0.02898239,0.014215266,0.015418969,0.01744469,0.06743293,-0.08999595,0.16535318,-0.04107648,-0.06759654,-0.06540783,0.1605394,-0.07001023,0.024101954,-0.018063884,-0.10551056,0.021254435,-0.14826886,0.0003430806,0.0066567045,-0.008307215,0.16517088,-0.12989388,0.10983213,-0.045248747,-0.027519403,-0.13230851,0.054061394,0.1433359,-0.0074434862,0.03699742,-0.010362072,-0.047922254,0.0033199582,0.26971456,-0.08786748,-0.06382831,-0.0051093427,-0.017678062,-0.13126706,-0.015381286,0.0023235492,-0.034433655,0.04983338,0.0030560493,-0.066110514,0.010744038,0.04824957,0.011901749,0.07699115,0.10213747,0.08885112,0.058323294,0.009912933,-0.04833825,0.01563656,0.060775023,-0.004045604,-0.051041506,0.029426435,-0.056903318,0.07428113,-0.028880185,-0.05952531,-0.019473374
-0.072833985,0.008996189,0.091960244,-0.04817135,0.039333023,0.016409202,-0.0565181,0.0184389,0.04622671,0.08898154,0.06835212,0.14657879,-0.028692167,0.12472387,-0.0071482197,-0.09900412,-0.0488678,-0.075387664,-0.05644346,0.092302755,0.034945536,0.095530294,-0.05642435,-0.01574378,-0.0010903865,0.08958322,0.0028118298,-0.035434842,-0.103230014,0.028804779,-0.029948115,0.11977061,0.024132848,0.09963801,-0.023189262,-0.02250115,0.15877101,-0.041518882,-0.029659344,-0.032237846,0.0074585243,0.021126311,-0.017977633,0.05730566,-0.0776497,-0.19233128,0.103774175,-0.068649374,-0.04052276,0.078883834,-0.06036042,-0.0011579662,-0.06735964,-0.004270797,-0.028771047,-0.03701567,-0.013114971,0.046105526,0.2048493,0.09412603,0.10381269,0.092596136,-0.017127858,0.00090269744,0.07996017,-0.17211324,-0.029997554,-0.004786456,-0.0128429495,-0.020612497,0.020002592,0.06500698,-0.0078049423,-0.07747181,-0.027370313
0.064339116,-0.0021231584,0.57993174,0.0073281624,-0.023914773,0.08588459,-0.027731068,-0.03557458,-0.017039357,0.12366961,0.10334306,0.16049568,0.07102136,-0.008067716,0.09308795,-0.06554758,0.038899485,0.07895538,-0.039980672,0.015296655,0.09996261,-0.14256895,-0.015288971,0.038779337,-0.008585421,0.12564334,-0.06233525,0.006662745,0.047064926,0.08037094,0.012253399,-0.026804518,-0.012308726,-0.01652753,0.024782732,-0.019318845,0.007837395,-0.0682352,-0.10833531,0.01841187,0.1602378,0.10620993,0.02215742,0.025706107,-0.12956135,-0.086936444,0.058286484,0.05268641,0.026349617,0.105733745,0.0004990008,0.0037689074,-0.006907476,0.0034826125,-0.04742724,0.09132316,-0.004295816,0.008107591,-0.09898655,-0.10400959,-0.15459304,-0.041556764,0.15679726,0.07827047,0.008876735,-0.076592304,-0.09651287,0.08369468,-0.024165433,-0.04165875,-0.035400983,-0.045268707,0.016767576,0.049800545,-0.034444258
0.066427514,-0.011355378,0.17687562,0.036293663,0.1719263,0.12493153,0.03552176,0.15832716,0.0073540043,0.025089543,0.008155266,0.095374525,0.15191,0.045136496,0.04867247,-0.062223744,0.14631404,0.18557072,0.15052016,0.06607938,0.07641077,0.21233746,-0.012128165,0.098891154,0.05141774,0.0778225,0.038930178,0.11637416,-0.061338708,0.11326191,0.02270533,-0.019046802,0.08280755,0.059163176,0.03957604,0.031564154,0.05885999,0.10727315,-0.01682455,0.028433407,0.08110497,0.16967085,0.014613429,0.09411456,0.045383964,0.06833875,0.059648078,0.051954888,0.0428476,0.04852901,0.13025293,0.07639422,0.06887676,-0.03956213,0.17349108,0.12185694,0.09971816,0.09773409,0.03776057,0.103559665,0.01681282,0.07667107,0.116725355,0.10596097,-0.0544763,0.011336723,0.096409276,-0.026798839,-0.0032043266,0.04081598,-0.0077712787,0.07014415,0.048140794,0.030260224,-0.053728037
0.03712128,-0.07096041,0.40562794,-0.057345677,0.053682476,-0.07346827,0.01830625,-0.010465875,-0.10011238,0.020857811,-0.1758616,0.14045402,0.10834387,-0.0007014442,0.011033657,-0.0147356,-0.050659884,0.08984797,-0.03606209,-0.061288342,-0.0041542277,0.09199077,-0.019433502,0.012913359,-0.029769063,0.030437328,0.037822247,0.049775477,-0.35990423,-0.009556642,0.061674755,-0.070506245,-0.031971715,-0.038943294,-0.00915439,-0.02324234,0.038062245,0.09268357,0.046654887,-0.007202839,0.1119259,-0.011765691,-0.017595736,-0.0122412555,0.10389544,0.12730491,-0.07576364,-0.003991576,-0.0061522583,0.018704766,0.028738998,0.06782618,-0.0039805,0.14089066,0.05293654,0.09272193,-0.0728265,-0.0056274715,0.014737777,0.04037462,0.082721494,-0.077268414,-0.017305112,-0.02880729,-0.050566554,-0.013399838,-0.06451379,-0.028057689,0.0035130493,-0.14922698,0.019468063,0.061487284,0.038020935,-0.038019925,0.07642225
0.053734146,-0.14327069,-0.15156858,0.009842667,-0.008044215,-0.078049794,-0.023126688,0.15504391,-0.033896282,-0.028948706,0.031582914,-0.11654245,0.0074916426,0.04344593,0.0016845971,0.025863409,-0.028767534,0.06848442,-0.06097109,0.076443866,-0.029829143,0.045724567,-0.0272286,0.0135871135,-0.05203218,-0.03685063,0.021430885,0.11420151,0.24214964,-0.01734354,-0.033389043,-0.12842065,-0.069898956,0.0023341763,-0.027822323,0.06922527,-0.2544929,-0.04204788,0.07382567,-0.074851274,0.0055752504,-0.07471546,0.043406203,-0.063289076,0.32236835,-0.14095004,-0.0036105923,0.06008386,0.024274461,-0.017020218,0.050617773,0.010252219,0.053744093,0.045661658,0.08399485,-0.02466334,-0.062102076,-0.006526177,-0.1453253,0.020703336,-0.0007451596,-0.1085289,0.08311831,0.0478948,-0.0049897954,0.028089806,0.026123945,0.07836219,0.009395443,-0.024772644,0.0040602833,0.05936996,-0.006933694,-0.018145358,-0.039145485
-0.11248985,-0.12464082,0.15988313,0.043539368,-0.02555627,0.11265289,0.030500771,-0.04249465,-0.020742476,-0.046401426,0.04544332,-0.03417758,0.07848751,0.038453132,-0.018369583,-0.00024978165,-0.03449859,-0.0676373,-0.04924596,0.02767517,0.03511767,-0.1309909,0.057760373,-0.09486704,-0.044411004,-0.01076038,0.007040945,-0.112308465,0.07889579,-0.10389269,-0.062215637,0.014631556,-0.011358618,-0.03225798,0.07541454,-0.051591847,-0.06382508,-0.11928525,-0.03822233,0.012613097,0.009189052,-0.037360933,-0.09145203,-0.021424498,-0.09852192,-0.11215924,-0.081157826,-0.038528394,0.036199957,0.04577147,-0.052955046,-0.007499044,-0.022610908,0.07007114,-0.066002816,-0.0726411,-0.054082226,-0.07135302,-0.32440636,0.039009485,0.027530504,0.14812803,0.041389547,-0.024075974,0.025169991,0.0392858,0.023531122,-0.040414505,-0.0047929883,-0.026907358,0.031139873,-0.015949491,0.003570345,-0.031389926,0.013691679
0.15458035,0.23808968,-0.16175003,0.10652061,0.16605139,0.052806687,-0.0016212708,0.13073304,0.15142469,0.03159007,-0.023579976,0.02645225,0.17492943,0.06309883,0.051042106,0.04764864,0.1883621,0.013644688,0.06814233,0.09512286,0.059726663,0.053842608,0.16233337,0.048401058,0.05174273,0.020799633,0.073916756,-0.0697322,0.12648794,0.09543501,0.061681885,0.23625174,0.015058547,0.017251778,0.03757093,0.030942062,0.08958708,0.17042136,-0.06354842,0.034048256,0.08159339,0.07968202,0.012152272,0.15755904,0.2413081,0.21138898,0.09832466,0.03128637,0.018049385,0.115111016,0.21334347,0.08425119,0.012873151,0.045857362,0.006898962,0.09639947,0.07125952,0.085953474,0.020586986,0.031039923,0.25170514,0.11295876,0.08063564,-4.8330054e-05,0.13285992,0.2046848,0.11147249,0.10476718,0.026362438,0.10359816,0.06587016,-0.026160883,0.023829455,0.010812387,0.091340095
-0.034271993,-0.0576654,0.06624641,-0.051419593,0.04496352,0.012648572,-0.05516004,-0.07154336,-0.06273565,0.0056709945,-0.08041495,0.037222125,-0.0073481575,-0.00167628,0.05162366,-0.15164314,-0.060678564,-0.11430588,-0.08929273,-0.09112458,-0.052086167,-0.052818745,0.07147491,-0.01813263,-0.039735008,0.0070872447,-0.0350496,0.016144512,-0.0050049797,-0.05200716,-0.059908397,-0.090444826,-0.039758205,0.085157625,0.016497077,0.015359647,-0.1146258,-0.09816702,0.16947022,-0.07734752,0.007432108,-0.069646694,-0.093922086,0.024567295,-0.02197931,-0.05912769,-0.004793577,-0.03588051,-0.021710128,-0.025818802,-0.041547127,-0.056327477,-0.020425135,-0.054544963,-0.12595636,0.0075564436,-0.09984163,-0.025185853,-0.067130014,-0.0350313,-0.023046795,-0.06251649,-0.06566703,-0.048984047,-0.14336318,0.005251567,-0.031479888,-0.069499545,-0.019959982,-0.04972422,-0.012017398,-0.057391446,-0.03367576,-0.07958419,-0.06766521
-0.0829423,-0.11033447,-0.42132413,0.025103593,-0.102847986,0.08011773,0.025859173,0.053577878,0.061613917,0.034327623,-0.01690987,-0.006292169,-0.0844935,0.074975595,-0.09923106,0.17295752,0.009128093,-0.08203788,-0.031693824,0.08238409,0.04977615,-0.008451356,-0.07265351,-0.094045505,-0.011866536,-0.066859156,0.022260923,0.01773793,0.082860306,0.09500751,0.06801621,-0.035830334,-0.08742161,-0.103609756,-0.029479237,-0.0016798063,0.09968316,-0.02561622,0.02644649,-0.013467269,-0.12487694,-0.065989815,-0.008892413,0.07426177,0.15341441,-0.058580235,0.07444064,-0.031547457,0.01994509,0.0896385,0.11602576,0.015647309,0.072371654,0.020686958,-0.045512,0.040618945,0.03330019,0.011091734,-0.053626828,0.0057281405,0.19042523,-0.17531595,-0.09007374,0.04659967,-0.033086494,0.19631195,-0.009829764,0.062578686,0.031117924,-0.06747329,0.016427182,-0.025516458,0.027583137,-0.0702604,-0.043504387
-0.066269234,0.08073562,-0.18551944,0.036655664,-0.118301794,-0.086123385,0.034577254,-0.041098066,-0.010153597,-0.11833373,-0.07350596,-0.022646196,-0.025858074,-0.1297539,-0.09367176,-0.007103055,-0.025610283,-0.04629928,-0.010733783,-0.04947948,0.021938208,-0.04304554,-0.039698806,-0.08804614,-0.04747802,-0.07122969,0.06022833,0.06020777,-0.24861495,-0.060175642,-0.043717988,-0.13546184,-0.042984627,-0.1328133,-0.075438574,-0.06342641,0.07831719,-0.020673554,-0.08764829,-0.10885628,-0.08280981,-0.09498905,-0.04387387,-0.027994491,-0.18135183,-0.18721029,-0.07624754,-0.061040953,-0.02308896,-0.0854791,0.027516719,-0.045428492,-0.116058536,-0.15305951,0.014852384,-0.1320119,0.08172581,0.05339069,0.09997099,-0.13711785,0.07621252,0.08674952,-0.24105254,-0.046045467,-0.18699466,-0.08387713,-0.042621337,-0.07399882,0.016475214,-0.06725775,-0.029785633,0.028716005,-0.033104982,-0.002018638,-0.081763715
-0.014566789,0.04786808,0.2605386,0.077759735,0.01762807,-0.011404659,-0.07293818,-0.044371396,-0.005592658,0.02668566,-0.0091289785,0.008213869,0.028084215,0.013227154,-0.039925884,0.08693428,0.017825548,-0.025330361,0.017882984,0.02287683,0.07720089,-0.0415923,0.07276844,0.013812702,0.023046235,0.10351409,-0.024487693,0.0761159,0.11289727,0.07735467,-0.043054983,-0.0059588007,0.005197391,0.027036447,0.03588808,-0.051130116,-0.0140500665,-0.033498365,-0.023990957,0.037944887,-0.0026993125,-0.050802767,-0.0035146493,0.019961163,0.036513127,0.14727503,-0.016554296,0.04641122,0.015707597,-0.027747016,0.048718397,0.007751778,0.03255273,-0.007892772,0.04009552,0.04605445,0.085564576,0.09258376,-0.13971324,-0.09462601,0.18037608,0.07371861,0.002008697,0.022176612,-0.043886106,-0.042244107,0.12697935,0.03080862,-0.021694839,0.054863326,0.06006675,-0.012601391,0.07280431,0.058270432,0.023783552
0.05044298,-0.017483555,-0.15174946,0.03601178,-0.12008003,0.03689676,-0.009118075,0.016737038,0.002340421,0.068311065,-0.02363972,0.0008542774,0.0044724843,0.045529254,-0.10476073,0.1078531,0.02215704,-0.016065653,0.113537535,0.014718228,0.016405556,0.024762657,-0.019834999,-0.101656996,0.0063000754,-0.0021299783,0.015440513,0.18660657,0.096783064,0.06653356,-0.015499963,0.0864449,-0.034320164,-0.13657418,-0.025109962,-0.0028847808,0.10500814,-0.14658418,0.028439676,-0.023037238,-0.06861214,0.011398162,0.048239168,-0.008431676,-0.13170394,0.004696804,0.10765991,0.04330814,-0.009139068,0.025306545,-0.040148217,-0.020459697,0.0231311,0.09529294,0.046292137,-0.0071064793,-0.05555259,-0.026811862,0.07279298,-0.116353095,0.05141832,0.099109754,-0.08823229,0.03803457,0.051925592,0.11160487,-0.07791111,0.064069785,0.021430288,0.046368755,-0.023262722,-0.02240567,-0.01840654,-0.046484586,0.066625364
-0.031676523,-0.054616995,0.08934436,-0.07818043,0.03532061,-0.004638848,-0.04891064,-0.078170024,0.02597502,0.009755902,-0.045264244,-0.10512607,0.027001072,-0.0026159137,-0.04156941,-0.022260457,0.04896374,-0.016024344,-0.07013289,-0.08826962,-0.03907661,-0.092488155,-0.12710428,-0.08762919,-0.108520105,-0.06142111,-0.038911987,-0.14760825,0.043817393,-0.09387265,-0.08166023,-0.12683144,-0.023695268,-0.13121057,-0.05460275,-0.03722237,-0.004904413,-0.0050508333,-0.045956496,0.0028626674,-0.052236695,-0.1809222,0.013170766,-0.079183504,-0.07898527,0.01878148,-0.059500992,-0.045253776,-0.018262068,-0.008780587,-0.069447026,-0.06573245,-0.014610044,-0.07957028,-0.057956606,-0.018166795,-0.037013173,-0.21553794,-0.055449627,0.025514727,0.012606844,-0.16775678,0.0050250012,-0.12854545,-0.019101499,-0.11341156,-0.042557374,0.05692355,0.027048163,0.015735667,-0.008851016,-0.0012482964,-0.044125777,-0.015043311,-0.07626663
0.080508314,0.10277966,-0.10713827,0.050183196,0.14047404,0.048258718,-0.084271066,-0.011401566,0.09384773,-0.088752985,0.105646096,0.06060646,0.068169646,0.027023442,-0.019711807,0.053547397,-0.056288783,-0.057294272,-0.008254923,0.04763094,-0.0036989818,-0.007358607,-0.20823662,0.00896211,0.011390033,-0.0031666409,0.02723769,0.044928223,0.021176605,0.039224632,-0.08114157,-0.038254,0.15703967,-0.040701896,-0.022546731,0.024586167,0.030568762,0.1306124,-0.011442087,-0.0036510637,-0.03951803,0.001679925,0.02598341,-0.017401272,0.15371211,-0.085955285,0.023834795,-0.043677032,-0.0021834015,0.12805311,0.10654964,-0.05523292,-0.010488995,0.07626043,-0.13371067,-0.0116113685,0.016365597,0.02690203,0.00032169,0.01742716,-0.053557176,0.03077445,0.085371405,0.02323148,0.032531694,0.082512744,0.13107777,-0.004065725,0.032676496,-0.08488028,0.012739858,-0.065890945,0.011450843,0.052271258,0.033336733
0.07536384,0.09217646,0.29079697,0.04828171,0.01644184,0.040692117,0.054680232,0.029578377,0.0805476,0.07016396,-0.062374055,0.14090249,0.092617124,0.02144993,-0.010272081,0.10123976,0.055438578,0.1322873,0.033344287,0.088436306,0.09871947,-0.01949754,0.06802392,0.010927502,0.018515278,0.12002443,0.06602784,0.0189133,0.1296352,0.063823536,0.024322037,0.09697494,0.013242623,0.010691102,0.042457506,0.02830888,-0.03898149,0.038694676,0.01202637,0.0017946467,0.03022607,0.013592186,0.023571007,0.020168377,0.11687975,0.017276578,0.080271736,0.07940329,0.0023478733,0.07911444,-0.006655755,0.060910918,0.023886628,0.10718487,0.05820448,0.02260629,0.054898757,0.033096496,0.082114115,0.051913477,0.033475317,0.1184729,0.058580592,0.054271165,-0.014616653,0.05368155,0.004731117,0.044512324,0.010306602,-0.0035577482,0.023322154,0.026335865,0.0584969,0.05935698,0.04529211
-0.116799295,0.12445283,0.24963297,-0.039375372,0.008577756,-0.032946344,-0.032297246,-0.08697061,-0.00777641,0.019227553,0.07707483,-0.08531731,0.15000105,-0.006727156,-0.012872201,0.004576537,-0.010105716,-0.07748241,0.035599075,-0.049871776,0.19323002,0.02848792,-0.07616574,-0.0010427395,-0.05068565,0.08124919,0.013031796,-0.0327195,0.0423599,0.0023803948,0.054508943,-0.104833126,-0.10074736,-0.08450937,-0.016695881,-0.06294538,0.005048844,0.023374861,-0.07432181,0.0717712,-0.050746996,-0.0022109419,-0.054482747,0.0011613583,0.2331061,-0.18071334,0.035317846,-0.122145,-0.015124157,0.043094944,-0.091078095,-0.012319613,-0.020655237,0.10452759,-0.11055141,0.00026755268,-0.011668497,0.066398926,0.0055219345,0.044821564,-0.029978022,-0.049514186,-0.12069716,0.05844764,0.10091939,-0.06602944,0.0010152839,0.06847042,0.013567692,-0.14133732,-0.103045635,0.12950738,-0.043950778,0.05068822,-0.004234297
-0.07010557,-0.016417967,0.29040647,0.012018437,-0.025454491,0.06956204,-0.0018759286,0.015350141,-0.097235665,0.050510116,-0.06622531,-0.08573863,0.024863884,-0.070595704,0.021115398,0.012932621,0.003444166,0.013129288,-0.02249698,0.021195885,-0.03740167,0.03516288,0.06474386,0.004923003,-0.038154364,-0.00479684,0.018236598,0.018412674,-0.13605241,0.040454164,-0.030881355,-0.048928034,-0.016170014,-0.014467776,-0.0045446325,-0.010517937,-0.014795723,-0.014929382,-0.16870345,-0.0734538,-0.03718651,-0.03947729,0.08622283,-0.03215329,-0.08211748,0.063823424,-0.031485178,-0.068476036,0.010929458,-0.022150464,-0.13719758,0.02355988,0.018736076,0.062723935,0.016828194,0.0039223395,0.012544912,0.031044573,0.07008051,0.08878325,-0.11222441,0.024360832,-0.088936165,0.041273646,-0.065484576,0.004164244,0.05047871,-0.061946813,-0.050451864,0.1161971,0.0034892496,0.052786868,0.004018671,0.028994951,0.0058035757
-0.01570448,0.0628396,0.12370619,0.03843752,0.03924329,0.026818866,-0.018531352,-0.06132051,-0.099152215,-0.016478412,0.028680986,0.031471204,-0.045336977,-0.035777647,-0.016385373,-0.11062467,-0.10255249,-0.076351374,0.021823015,-0.10114142,0.008123385,0.034193352,-0.03821801,0.030411888,9.464361e-05,0.012069769,-0.040679224,-0.03930328,0.08206293,0.019388948,-0.054760188,0.03269748,-0.06500967,-0.041845396,-0.021516949,-0.046898145,0.004095778,0.03807765,-0.0433272,-0.051791858,-0.030351153,0.041869126,-0.071195096,-0.0364253,0.13538238,-0.029885706,-0.0021765959,-0.005302675,-0.074693136,0.019848805,-0.06525153,-0.07852133,-0.055175856,-0.020896409,-0.113548584,-0.027340198,0.00060523156,-0.053505242,-0.008537635,-0.099608235,-0.06906551,0.006335234,-0.037378155,0.014315109,-0.012807373,-0.042925797,-0.0630547,0.029540693,-0.0031285286,0.06600503,-0.077404946,0.05956823,0.022125438,0.009093295,-0.037259817
0.14054018,-0.09203283,0.095271796,0.020871896,0.09487458,0.021280905,0.07504455,0.032918323,-0.06602329,-0.03357552,0.085714184,0.049430154,-0.094064645,0.0872867,0.006710471,0.06273244,0.06846504,-0.09669854,-0.006208567,0.048580363,-0.0693258,0.041097686,0.09172579,-0.006341987,0.010568655,-0.08803272,0.013359296,-0.030160494,0.09249129,-0.02719534,0.07162244,-0.020682853,0.022747431,-0.11913416,0.013488164,-0.01103464,-0.047499478,0.10201987,0.09268157,0.04104745,-0.03910004,-0.005836606,0.016685134,-0.097073205,-0.031557754,0.087431155,-0.046905577,-0.068912335,-0.036478534,-0.03459734,-0.009554396,-0.0014942624,-0.0080605205,0.10682436,-0.17361085,-0.037804823,-0.046059642,-0.06131501,0.0015759729,-0.09871281,-0.083291315,-0.049614277,-0.039679512,0.05829662,-0.09533657,0.17405437,-0.0038340716,0.008220866,0.01804398,0.009047015,-0.020337319,-0.0209923,0.0026472122,0.00033824582,-0.057723995
-0.11420035,0.0016223192,-0.09127003,-0.021599162,-0.008010721,-0.056367744,-0.15271007,0.12065728,-0.081285864,-0.058997408,0.0018166322,-0.050753098,0.029957712,-0.009173658,-0.03937575,-0.07268828,-0.050369598,-0.0014254227,0.08825074,0.10778692,-0.028098369,0.046089947,-0.05150352,-0.09681582,0.015158,-0.063716486,0.016178358,0.08683182,0.009598181,-0.033801712,0.049792662,0.09769987,0.07118757,-0.113984555,-0.06825985,-0.0010529207,0.0700853,-0.0045272103,-0.11557376,0.025428567,-0.03182541,-0.014865935,-0.0099919485,-0.059966527,-0.10411361,0.04393457,-0.01075414,-0.06552497,-0.014294384,-0.10575467,-0.0034408998,0.011455495,-0.027140947,-0.081218556,0.03018586,1.5512109e-05,-0.044730052,-0.0058417865,-0.043111622,-0.00660675,-0.076790705,0.012325826,-0.030230206,-0.01921655,-0.08635357,0.07459584,-0.011459495,-0.09646731,-0.007127454,0.12591615,0.0468082,-0.0045842165,0.038824137,0.040327057,-0.024417888
0.07231697,-0.2769747,-0.44948047,-0.029057315,-0.05565555,-0.12059442,-0.009473328,-0.0024245908,0.03278589,-0.037499357,0.009877037,0.012996251,-0.15700184,-0.039054923,-0.12781812,-0.0068062907,-0.051021777,-0.041557312,-0.040284194,-0.014495594,-0.04807963,-0.04699699,0.0121262055,0.007400004,-0.012417263,-0.12480112,-0.04284017,-0.01515423,0.09063127,0.06427211,-0.03689019,0.15407468,-0.027369337,-0.08379869,-0.11943519,-0.055701356,-0.068888366,-0.2284507,0.008830025,-0.06924223,-0.045855235,-0.017116515,-0.08768552,-0.023452107,0.022171577,0.049545255,-0.044503428,-0.07878143,-0.056615643,-0.06141644,0.024376536,-0.05760882,-0.073394574,0.0008680234,-0.082574636,-0.103488594,-0.17154251,-0.102649175,-0.02603676,-0.0014911026,-0.061582908,0.071183674,-0.006184686,-0.14594477,-0.08842481,-0.1500001,-0.08395132,-0.105302386,-0.025466284,-0.008433833,0.003677948,-0.010341445,-0.030737419,-0.13588974,0.0006200485
0.18456486,0.09184813,0.18854006,0.08027848,0.061601073,0.13856134,0.08028026,0.19677836,0.09300232,0.13735875,0.21664439,-0.12893239,0.09354158,0.14886335,0.04150803,0.13150892,0.077560276,0.13297006,0.06504486,0.1531423,0.15212208,0.16005854,0.04525314,0.0474597,0.060748108,0.15758197,0.13515499,0.21448395,0.18821028,0.0990419,0.18475364,0.10385895,0.09542973,0.11466338,0.07273026,0.100541666,0.15084594,0.2205576,0.18642466,0.1404675,0.031324476,0.007328903,0.173396,0.1412681,0.13257024,0.14973174,-0.00017445907,0.10347082,0.10437356,0.032320075,0.16057734,0.109094106,0.11025293,0.1351715,0.17806132,0.10164985,0.13766268,0.19241405,0.21273176,0.0915234,0.18390341,0.25917923,0.17322144,0.114662044,0.13629504,0.076550685,0.15991147,0.07592936,0.112820655,0.19058086,0.09164289,0.088796675,-0.013277793,0.112324044,0.021837162
-0.049163517,0.15025085,-0.008435973,-0.035409924,-0.04551804,-0.091982834,-0.06735177,-0.015371727,0.018419798,-0.033494323,0.012483771,-0.09067838,0.052381627,-0.009780503,0.068262346,-0.12642343,-0.01012012,-0.077402115,0.16897291,0.038183883,0.0026958596,0.0860991,0.028271368,-0.041159246,0.026475567,-0.05788424,-0.009103584,0.06432037,-0.18132624,-0.018454734,-0.05376787,-0.12887679,0.055072486,-0.05668083,0.04194593,0.040618353,0.044081293,-0.004465628,0.13168016,0.006337184,-0.06380831,0.016667344,-0.0077716894,-0.16562545,-0.09990213,-0.06025673,-0.053699266,0.05309442,0.017722366,-0.07856546,0.06240904,0.016174817,0.051723618,-0.10611354,-0.051500197,0.008918913,0.088078335,-0.017604461,0.11212675,0.07263332,-0.1325692,0.15396403,0.03109985,0.08302369,0.007566111,-0.108596474,0.06611884,-0.1293753,-0.04916367,0.09462241,0.008140937,0.14981872,-0.0060879053,0.052605443,0.007071212
-0.06998701,0.042522423,-0.044867203,-0.039936714,-0.027587783,0.065039694,-0.07139334,0.0887409,0.08483528,-0.108049035,-0.13960418,0.06765511,0.092438124,0.012398035,0.018708799,0.07694128,0.08117941,-0.043581784,-0.013794275,-0.0069999257,0.025638668,0.022303082,-0.045302417,0.03360161,0.015404833,0.08976717,0.060329556,-0.15308544,-0.00095222605,-0.021418111,-0.004475551,-0.06810694,0.09523399,0.026386578,0.031567484,0.025127023,0.029193867,-0.052588355,-0.017421346,-0.008244181,0.00025685807,-0.01998185,0.026499163,0.102895856,-0.10442283,0.006874716,-0.016271776,0.07811405,0.021296922,0.051434822,-0.11556388,0.056022562,0.043212634,0.058067247,0.012821113,0.0059746876,-0.04583043,-0.04020574,0.17066774,0.016208379,-0.0013975371,-0.06211282,-0.07248417,-0.07659099,-0.046926815,-0.017659113,0.07021682,0.036223453,0.030323226,0.019077646,0.07831565,-0.07576692,0.054316014,0.065077014,0.043431863
0.02180935,-0.157171,0.4749082,-0.00044168532,-0.12598525,0.08555539,0.08361142,-0.06560004,0.022821061,-0.029505206,-0.08069015,0.011868476,0.07838263,-0.10186977,0.028866991,-0.04308676,-0.13553953,-0.012895487,-0.034991283,0.010241615,0.008346334,0.050193664,0.07509925,-0.059836783,0.00014291481,-0.014842189,0.06316823,-0.0035937577,0.09151098,0.07174934,0.10125438,-0.1183831,0.06396505,-0.005374235,0.0308248,0.026272407,0.085639045,-0.0010629868,-0.13452771,0.011148696,-0.038316287,-0.025547963,0.0685749,0.0075649302,0.22613704,-0.13447732,-0.009191959,0.022143444,0.0010245477,-0.08539735,0.18852273,-0.13672026,-0.037341,-0.009172423,-0.013934916,-0.02358792,0.074144214,-0.054486703,-0.023706067,-0.04787042,0.0026834721,0.15707476,0.069289595,-0.09364644,0.07974154,0.116523325,-0.043141447,-0.098176844,0.024400081,0.06633493,-0.011329391,-0.03745531,0.017975712,-0.025908811,-0.017296286
0.006378415,-0.16766274,-0.23616713,-0.10592401,-0.14507452,-0.009806924,-0.015600932,0.014907554,-0.14557967,-0.15705389,-0.14989947,-0.085950546,-0.044310503,-0.07462551,-0.026486093,-0.047138236,-0.14257558,-0.19476223,-0.13640256,0.01851017,-0.053901155,-0.04948324,-0.052382573,0.016962616,-0.101828955,-0.10805778,-0.061860867,-0.13592479,-0.06474259,-0.20279205,-0.0022870288,-0.05914636,-0.21454243,-0.13179879,-0.025385844,-0.012393279,-0.06914873,-0.11581743,-0.12781161,-0.073199295,-0.05341763,-0.16446862,0.042327628,0.097938344,0.114213064,-0.07600677,-0.083907016,-0.220658,-0.019268177,-0.12230283,-0.010654438,0.0241719,0.0028047035,-0.13160127,-0.06611153,-0.112993516,-0.02296865,-0.17320894,0.039893262,-0.04493858,0.06603582,-0.13391948,-0.06360887,-0.011181655,-0.023218954,-0.07788761,-0.049651504,-0.17272347,-0.07787616,-0.105034694,0.025193116,-0.023666069,-0.050262984,0.008670336,-0.017435301
-0.013960916,-0.18031442,-0.10867525,0.018559972,0.040250346,0.19213338,-0.08188954,0.09066164,-0.012415594,-0.038006335,0.0014852708,-0.028887173,-0.015591525,0.057363104,0.0026826726,-0.070763566,0.030325223,-0.08874135,-0.00895342,0.06911026,-0.041700598,0.015260022,-0.0005054077,-0.053835068,0.047971517,-0.081491746,-0.0058943545,-0.061858647,0.01384791,0.009475538,-0.08805852,0.08238371,-0.027381023,0.030357858,0.040247962,0.01844751,-0.21669039,0.012265427,0.012457894,-0.039360274,-0.07709286,0.030943993,-0.02992617,0.03686677,0.16219935,0.0636414,-0.050765246,-0.03692459,0.031535413,-0.004259737,0.06605116,-0.015834201,0.0026838589,0.0030000496,0.072031274,-0.04660709,-0.007831056,0.03312988,0.020443685,0.06623584,0.06738499,-0.025852896,-0.0761385,-0.08778054,-0.03963221,0.101744525,0.031905435,-0.037538145,0.02738855,-0.067885615,0.036079504,-0.018670738,0.005440414,0.03985059,0.015078638
-0.031695537,0.10506201,0.384495,0.029562226,-0.029683933,0.008723775,0.021152137,0.00625413,0.06354022,0.05096575,0.037622705,-0.1296765,0.060046926,0.0028841011,-0.04114021,0.08631773,-0.024515785,0.036197927,-0.03510838,-0.028099872,0.099471755,0.035162743,0.01883055,-0.086021766,-0.08484425,0.0758805,0.005765931,-0.015110801,0.069228664,-0.032906443,0.08598223,0.06869982,0.06806801,-0.13003331,0.018173102,0.038844705,0.027872037,0.066396505,-0.06374502,-0.0062880456,-0.057410218,-0.055660095,0.02164118,0.0168787,0.14036432,0.027576102,-0.08873606,0.12555614,0.023857497,-0.06807238,-0.0588378,0.011955224,0.030957049,0.030683612,0.0103932945,0.06085914,0.021001352,0.04486364,0.085551396,0.040231463,0.033488445,-0.089466475,0.06822656,0.09097388,0.025753666,-0.037016805,0.038335543,0.040722087,0.07845749,0.096574545,0.003401533,0.039537527,-0.029365284,-0.020095428,-0.06709643
-0.056896083,-0.22938485,-0.47869173,-0.04219495,0.022472871,0.009162733,-0.040353887,-0.034311865,0.030328244,-0.1093589,0.08056207,-0.1372245,-0.06138657,-0.084197015,-0.043748222,-0.023319295,-0.088242956,-0.027514033,-0.048265465,0.020624094,-0.06783239,-0.112286985,-0.24152887,-0.0120101385,-0.04339498,-0.022521801,0.034992572,-0.10966627,-0.0019223194,-0.0033646142,-0.02661556,0.11079522,0.13031738,-0.012465566,-0.059609413,-0.04773291,0.08513742,-0.08216562,0.06954908,0.026230851,-0.092612244,-0.010966535,-0.026260216,0.06954507,-0.18326229,-0.009052913,-0.039690632,-0.027659662,-0.006199906,-0.04773395,-0.09192132,-0.038135998,-0.009133943,-0.097746596,-0.21104093,-0.034058213,-0.029352725,0.09993394,-0.014502067,-0.023228025,0.056815222,0.048363894,-0.030963281,0.04518648,0.0074382555,-0.083541594,-0.15145284,-0.098387375,0.0018615527,-0.03945946,0.010297659,0.014689803,-0.028357092,-0.021209233,-0.024734315
0.06377025,0.33423474,0.33581647,0.0026186656,0.067513704,-0.088412486,0.041136727,-0.00624319,-0.03618305,0.06908249,-0.0708306,-0.037528317,0.07756562,0.018820819,0.06654305,-0.008674223,-0.010060756,-0.16773671,-0.10742162,-0.06901164,0.057065986,0.0343026,-0.073995575,0.022881541,0.032114245,0.09465262,-0.037182488,0.0413578,0.12126725,-0.046255328,0.026321217,0.09325418,0.089603394,-0.0035876497,0.008389715,0.045109164,0.037330605,0.04675445,0.048720367,-0.028845584,-0.02879301,-0.033193313,0.021433672,0.028001215,-0.20864615,0.09349561,-0.033576794,-0.07842192,-0.011360541,-0.008285392,-0.031975076,-0.046077088,0.0059760544,-0.059654944,0.0027096872,0.014037454,0.036478005,-0.022762334,0.06443586,-0.06600156,0.055618938,-0.046197258,-0.042513352,-0.040471926,-0.03387529,-0.1179504,0.056500003,0.010197188,-0.023003437,-0.016103411,0.01565033,0.026349055,0.027607327,-0.03359138,0.0183881
-0.13714442,-0.16466585,0.1894902,-0.039652526,0.01181799,-0.043688457,-0.034977954,0.031580724,-0.021295154,0.1288278,0.09732189,-0.22644958,-0.06606236,-0.10332037,-0.020669445,0.040582314,0.097713344,0.065712616,-0.064161,0.025892135,-0.044254076,-0.040112663,-0.046834093,-0.06317838,-0.015667215,-0.023949195,0.037793256,-0.030866638,-0.09134878,-0.0786012,-0.088188745,0.03230281,-0.0040818173,-0.06539214,-0.039629683,0.00982889,-0.20037311,0.061138924,-0.10820986,-0.0026131503,0.012578161,-0.047428496,-0.04260193,0.053587873,0.054343536,-0.062950894,-0.1704318,-0.052808285,0.023397762,-0.0018228665,-0.056435514,-0.023938656,-0.036423363,0.01745019,-0.057200566,-0.0046598595,0.045232613,0.08017257,-0.00770698,0.10566845,0.01350702,0.04701306,0.10521712,-0.013761522,0.014448541,-0.14235857,-0.025105134,0.073166534,0.024731006,-0.07858253,-0.029970344,0.056885883,0.0028382167,-0.02164161,-0.028120184
0.11532318,0.0009975731,-0.044507667,0.0050604925,0.113506384,0.011222326,-0.029253973,0.027314078,-0.038691603,0.04478731,0.12460475,0.0076249866,-0.03442186,-0.1388229,0.045742963,-0.007043354,-0.07099222,0.047163993,-0.10664958,0.040036954,0.071969904,0.17683595,-0.03962311,-0.013195376,-0.010778926,-0.047381528,0.11596829,0.028711965,0.12158106,-0.01599348,0.100737944,0.001542757,0.024338678,-0.2583787,0.03743647,0.019842757,-0.040958945,0.058301114,0.05428901,0.09496033,-0.0403102,-0.029554559,-0.01766845,-0.0016056458,-0.04041496,0.05018711,-0.018776855,0.016988419,0.010995973,-0.0020633833,0.051520478,-0.038856402,0.008747531,-0.1414877,-0.10543007,-0.02416428,0.009862037,-0.056070246,-0.029532028,0.022740578,-0.010770451,0.013940918,0.042827487,-0.04556831,0.07831164,0.097962275,-0.048338443,0.09636448,-0.018279806,-0.1440375,0.0075642876,0.0028904472,0.0068244147,-0.10577364,0.0011490635
-0.08575305,-0.16531429,-0.04136733,-0.009476683,-0.16315722,0.026745412,-0.029453723,-0.00014557433,-0.0129124755,-0.025474593,-0.08456649,-0.043013047,-0.06203255,-0.006479971,0.03410377,-0.12376988,0.01904666,0.0097522605,0.17006136,0.010051598,-0.033081867,0.016297843,0.010279322,-0.052126884,-0.038277145,0.06556159,-0.02762562,-0.108248636,-0.09672728,-0.024078,0.025553701,-0.100423485,0.15551351,-0.18774138,-0.056147084,0.016511846,0.030224523,-0.08765057,0.042124815,-0.051068705,-0.13894916,-0.015813245,-0.03530998,0.05583901,0.046160914,0.18459794,-0.09333334,-0.0461941,-0.012108594,-0.04296866,-0.1189148,-0.06420424,-0.03504865,-0.016085407,-0.050207134,0.0073084394,0.045261394,0.016422614,0.044287007,0.013580493,-0.047868416,-0.15541753,-0.022480424,-0.0414449,-0.002463013,-0.31619787,-0.021687761,-0.011264962,-0.021471627,0.060007744,-0.015715517,-0.09668347,-0.061992437,-0.028697005,-0.09879361
-0.060688294,-0.19366662,-0.036677208,-0.11257096,0.06452601,-0.13604894,0.069710545,0.0034439494,-0.010460795,-0.04773462,-0.08527437,-0.06028549,-0.10484575,-0.084652275,-0.008754374,-0.051475704,-0.09721501,0.1068552,-0.15300198,-0.030549401,-0.10307095,-0.015107382,-0.054228775,-0.01284493,-0.035336964,-0.16880351,-0.05843536,-0.07678006,-0.00719289,-0.034400247,-0.0021881037,0.0111257285,-0.057374127,-0.02211935,-0.05253346,-0.05193057,-0.007347256,-0.08775197,-0.07569816,0.00082924665,0.021907378,-0.0036437847,0.030172972,-0.0016701706,-0.023110509,-0.088315696,-0.057427954,-0.00459384,-0.03609975,-0.007966146,-0.049535677,0.0047401963,-0.09425156,-0.0028896928,-0.021041699,-0.12105969,0.00025071864,-0.07430718,-0.036069617,-0.0023293898,-0.10010767,-0.111100666,-0.0355888,-0.077484705,-0.031449825,0.030295476,-0.16581574,-0.06367676,0.01952082,-0.11891777,-0.096093684,-0.10784141,-0.06750723,-0.05131513,-0.027303286
-0.11465807,-0.0452278,-0.046066105,0.049194485,0.07003064,0.062353253,-0.0315505,-0.083755136,0.04248754,0.051910512,0.13896912,0.014107406,0.0088141095,0.033408824,-0.0043237116,-0.0075542023,0.011063723,0.059171654,-0.10283771,-0.07311165,-0.08264902,-0.04462357,-0.102853,0.02017375,0.016094163,-0.083022654,0.023830347,-0.05697932,-0.009733639,-0.051030643,0.00069436803,-0.045832656,-0.0027360376,-0.08668803,0.022733305,0.003864577,0.12588495,0.008706307,0.0066750334,0.0025621892,0.045157082,-0.046253175,-0.03570031,0.041300714,-0.03681882,-0.10702166,-0.07819269,-0.11484113,-0.012857682,-0.006973645,-0.08518619,-0.002711854,-0.004376459,0.049218204,-0.07424787,0.023445921,0.0063127773,0.092015706,0.094245225,-0.1013478,-0.017669039,-0.0018259734,0.0015139431,-0.032747258,-0.06767636,-0.040536985,-0.08980765,0.02272459,0.03266225,-0.17152335,-0.01714869,-0.0792846,-0.050338577,0.058128458,0.02860604
0.014702588,0.0029343786,0.601269,0.022384165,-0.028141905,-0.013312883,-0.079828784,-0.00044989586,0.057668,0.040621053,-0.13120855,0.070011266,0.116483316,-0.06176803,-0.033363964,-0.13198666,0.037353154,0.17023644,0.084515765,0.021395197,0.011299437,-0.10122683,-0.042808615,0.005018076,0.021403922,0.05493623,-0.007045146,0.118521415,-0.0003284837,-0.02415987,-0.024833396,0.016607609,-0.0056452993,-0.081027955,-0.0058513917,-0.053727146,-0.053236943,0.1274718,-0.037490945,-0.017539566,-0.005753865,-0.0111640915,-0.016940286,-0.07735502,-0.056691565,-0.12828532,-0.0008788258,-0.021562722,0.024930913,0.018606424,-0.09790072,-0.08132485,-0.031156396,0.048187375,-0.030313443,-0.07774719,-0.034872703,0.06103235,-0.03187778,0.114727534,-0.01988365,0.06772651,0.009047324,0.12499491,-0.024775118,0.047433536,0.045887552,-0.0061048553,-0.028748933,0.06944814,-0.06701741,-0.0238753,0.020911975,0.03980796,0.072352976
0.15521756,0.0033209587,0.4654917,0.10312512,0.09018801,-0.008718309,0.0942342,-0.0046359906,0.10340811,0.11457448,0.25426975,-0.047549795,0.111434005,0.05302701,0.02798639,0.14595605,0.0969846,0.041661717,0.0016738772,0.046283346,-0.009608619,0.17085922,0.11301675,-0.007718034,0.016488245,-0.0053684204,0.012644959,0.02045342,0.01384664,0.0033167563,0.089201495,-0.0008817042,0.07379621,0.041910898,-0.034371726,0.0049241143,-0.010405229,-0.08945378,0.02784828,-0.008853241,0.004632105,0.051238686,-0.022534354,0.0019383617,-0.14804205,0.18884073,-0.027870253,0.11934485,0.011044091,0.03656489,-0.020224258,0.03860251,-0.026083145,0.011640176,-0.04008513,0.021442924,0.015568915,0.024064017,-0.15637696,0.22319575,0.058322996,0.00023758411,-0.0231468,-0.056346696,-0.08596911,-0.003762092,0.07683861,0.08094415,0.062261753,-0.116031654,0.0015578903,0.14337286,0.016733194,-0.026575318,-0.008299174
-0.02643099,-0.0841222,0.30340895,0.045548256,0.07099657,-0.024567842,-0.019106418,0.019551417,0.036518842,0.012832068,0.02611499,0.12002078,0.038594197,-0.04047078,0.04515941,0.06850397,0.09273114,-0.07690535,-0.022978028,0.05520168,0.037154425,0.14867242,-0.029420553,-0.009072879,0.010813042,0.06742094,0.04407544,0.022274181,-0.1033397,-0.031760544,0.030851884,0.08043609,0.019138414,0.057508018,0.034677006,0.035268985,0.14623803,-0.01285218,-0.04758128,0.029383007,-0.013424809,0.018194757,0.0195418,0.09424709,0.018283952,0.08486586,0.057267632,0.08796714,0.031732548,-0.015695954,-0.03782384,0.0334305,0.030352568,0.028628632,0.011412123,0.06429269,-0.0130372485,-0.0044414415,-0.05554418,-0.04759006,0.046159685,-0.00856341,0.09745061,0.01972815,-0.014221267,0.03119429,0.033676766,0.027786002,0.0019256882,0.047262765,0.0722264,0.091301695,0.02148566,-0.0037284172,0.01971998
0.01852196,-0.18956533,0.20735307,-0.026530195,-0.003631426,0.0049194857,-0.012971726,0.055644944,-0.008914194,-0.021471139,0.13951412,-0.098438814,-0.05164808,-0.029480178,-0.025815709,0.026652295,0.035362512,0.068201296,0.0065187425,-0.06234701,-0.058805972,0.15641692,-0.08109331,0.019391961,-0.02792712,-0.1452833,-0.00673493,-0.07833757,-0.051803883,0.023426205,0.0033644557,0.173821,-0.1097001,-0.1558623,-0.051822178,-0.015164625,-0.1430185,-0.035617754,-0.0065863915,0.031733003,0.10120924,-0.021081632,0.07791075,-0.020468015,0.057363115,-0.03847769,-0.004955974,0.090506054,-0.03661809,-0.0630537,0.019489871,-0.0039888136,-0.017520223,0.15190575,-0.040512707,-0.04503847,-0.015737055,-0.012344995,0.030698128,-0.037112042,-0.009711551,0.004720728,0.10630544,-0.105143234,-0.001617793,-0.09455051,-0.10611319,-0.040252082,-0.003789315,-0.015296124,-0.017686248,-0.060256433,-0.018283634,0.012698634,0.011890609
-0.12941599,-0.04248876,0.047518566,-0.05780184,0.001195427,-0.023615655,-0.006537268,-0.050132222,-0.023679355,0.010723231,0.03233116,0.119623825,-0.034767844,-0.14024712,-0.07126935,-0.081834264,-0.058852136,0.023758925,-0.06925629,-0.08696283,0.0052972,0.044601113,0.10342091,-0.12254656,-0.050396975,0.029449895,-0.061510164,0.106626675,-0.095299274,-0.010757548,-0.0569531,0.06154632,-0.12393419,0.06965953,-0.055358715,-0.0711411,-0.061181493,0.06544287,-0.092506975,0.0059302063,-0.020712843,-0.015347138,-0.016495425,-0.014796366,0.1572686,-0.024024934,0.00202076,-0.03899654,-0.0069002626,0.0442383,-0.031538915,-0.044529725,-0.030165758,-0.023809146,-0.093065314,-0.05526664,0.018967343,0.06899857,0.06917648,0.039202593,0.098327026,-0.0011161938,0.038362216,0.054380372,-0.0030935789,0.0020077191,0.08640059,-0.026071554,-0.0063131684,-0.050393477,-0.090208605,-0.025391368,-0.015075022,-0.06403912,-0.019552097
-0.14717512,0.028151179,-0.10980917,-0.010126998,0.032605562,0.01784662,-0.08618382,0.012030559,-0.06361075,0.014407385,0.04959967,0.1202085,-0.12168181,0.05685064,-0.016299319,0.040983837,-0.010660632,-0.089219265,-0.077083394,-0.005845757,-0.061994385,0.05335141,0.015923802,-0.03315062,0.050884366,0.0030200563,0.007408831,-0.069358066,0.17752533,0.007712174,-0.017822756,-0.037469335,-0.16092539,0.024460196,-0.02224588,-0.046021104,0.0068709133,-0.07243852,0.005637001,-0.009351424,0.071407154,0.012185588,-0.036604572,0.0071841935,-0.14078903,-0.10283825,-0.0878531,-0.07961297,0.021193264,0.047940195,-0.11264881,0.04499421,0.05230902,-0.012151802,-0.10781871,0.018491868,0.03590199,0.024923548,-0.08100757,-0.067151204,-0.010576943,0.020903181,-0.099274345,-0.10751001,0.015770242,0.024301928,-0.06518404,0.045917645,0.015341643,-0.06294508,0.04278125,-0.05429038,0.0014979065,-0.06594689,0.015357355
-0.016372012,0.08577528,-0.10038576,0.00520716,0.055292513,-0.017933538,-0.07557929,0.08496901,-0.01769358,-0.0024405224,-0.06695297,-0.17622304,0.1256891,0.016904889,-0.017256752,0.06250412,-0.07667511,0.19549233,0.061080195,-0.052665528,-0.033473678,-0.03951574,0.012697225,0.04371795,-0.0015990412,-0.07250834,0.0091188345,-0.088337824,0.073297426,-0.0051737386,-0.06926111,0.14146996,0.07075622,-0.11802408,0.013028797,-0.013288131,-0.042510595,0.07341011,-0.14329714,-0.023719763,0.012838918,0.021399831,-0.054608263,-0.115272775,-0.07983455,0.01066381,-0.09048064,0.069155775,-0.019123249,-0.020844718,-0.013765933,-0.04926121,-0.02364269,-0.05605684,-0.06909885,-0.07630239,-0.017231068,-0.13975118,-0.1528224,0.05995654,-0.124278836,-0.040797867,0.042933606,0.003787847,-0.05793047,0.03439229,-0.06011434,-0.0070183463,-0.029862102,0.070217,-0.029382981,0.0021094088,0.016070126,-0.00485216,0.049570188
0.18637556,0.035728443,0.041810766,-0.043738894,0.015383329,0.058332246,0.04258148,0.011661055,0.04811258,-0.12046684,-0.15203288,0.14781871,0.056553133,0.08407435,0.09263114,-0.014203667,0.08730895,0.12035992,-0.09058036,0.039726663,0.015977584,0.13201484,0.2102171,0.057092085,0.023307353,0.011041407,0.04858234,0.16477913,-0.025646111,0.038910877,0.044403274,0.027277028,0.123649776,0.034160927,0.055919044,0.012870299,-0.0030498952,-0.13494349,-0.011566567,0.061374873,-0.031729903,0.023065113,-0.0344073,0.07394243,-0.043230467,0.033289675,0.024626035,0.08587779,0.0336889,-0.015409131,-0.115819015,0.038495157,0.050472833,0.07107636,0.0004298587,0.09522292,-0.05981741,0.07017925,-0.07727984,0.06915657,0.13378732,-0.041810002,-0.059389703,0.102995254,-0.031283773,0.006791316,0.20574848,-0.005025452,0.022287443,0.041191954,-0.049383007,0.053734895,0.033632565,0.03572353,0.022145586
0.08795439,0.0584779,-0.17757791,0.0021759272,-0.063899,-0.08243097,-0.029197,0.07751914,-0.001953274,-0.06772063,-0.016154734,-0.07084237,0.11939739,0.029896144,0.0029775586,-0.005362404,-0.07919299,-0.030107971,-0.110665664,-0.035966348,-0.06389081,0.00959028,-0.014444111,0.025163658,0.029272636,-0.064075135,-0.04798064,0.00054227316,-0.041800305,0.0585035,0.044333316,-0.0019043386,-0.042206973,0.03617933,-0.011063794,0.024503637,-0.05608913,0.0062950603,-0.007771291,-0.02489288,0.005366239,-0.008535131,-0.017367158,-0.019010767,0.01733921,-0.03935968,0.074761495,0.070543155,-0.032463543,0.0020489618,-0.01758463,0.028528526,0.008045055,-0.05236592,-0.0041643204,0.032121323,-0.0017756273,-0.039261755,0.0011615505,0.056464147,0.025270654,-0.082266286,0.120123744,0.025307532,0.09135083,-0.07437833,-0.0146962255,0.031092726,0.004400188,0.029585663,-0.030493507,-0.07095723,0.00034366734,-0.09776031,0.073624246
0.030893251,0.06495937,0.3879254,-0.059707392,0.088000655,-0.10029437,0.053151555,0.019055478,0.07318817,0.009637913,-0.037075996,0.07994303,0.13827151,-0.018066034,0.051949628,-0.029655587,-0.031853247,0.14819555,-0.009631542,-0.0154989725,-0.008992255,0.035383232,0.013242472,-0.0039322395,0.013915333,-0.08669229,-0.043812573,0.07626654,0.06425369,-0.033915076,-0.090779506,-0.0033061057,0.020083584,-0.21558999,0.06206042,0.008724102,0.007063496,-0.08145891,0.09891768,-0.0062267105,-0.042082407,0.0053847646,-0.000528804,-0.116608344,-0.1966829,0.05574369,0.017096356,0.079980455,0.034538485,0.031314027,0.06769033,0.061563984,-0.011384897,0.21034639,0.06005611,0.0383169,-0.054942954,0.016432261,-0.010983154,-0.06930669,-0.05616824,-0.22746204,0.18121484,0.032152705,0.05792222,0.08460127,0.027127858,-0.06477717,0.026316352,0.078173496,-0.0042775194,0.011447336,0.0038087822,-0.00082693377,0.075476676
0.04039706,0.0060596275,0.39668366,-0.08827666,0.018897587,-0.021879246,-0.066217564,-0.00790279,0.038914703,-0.030210769,0.037980735,-0.102998376,0.057527155,0.018626574,0.03079473,-0.15911257,0.030578388,0.08789107,-0.049555503,0.0073711835,0.010514354,0.11778842,-0.00062991556,-0.016209474,-0.03800817,-0.038823448,0.032011118,-0.009396158,0.011504474,-0.048695426,-0.005417713,0.06419377,0.008704785,-0.10893234,0.046530716,-0.005414088,-0.12098026,-0.08336167,0.048155297,-0.01936473,0.002427417,0.023587298,-0.008733711,-0.05123719,0.023251588,0.06537239,0.005107564,-0.036298722,0.028756194,-0.028020233,-0.048352238,0.08172134,0.05437803,-0.029380359,0.053590953,-0.0014654616,-0.06281649,-0.078815416,-0.06394744,-0.041425467,-0.08049763,0.04231566,0.064228415,-0.022868995,-0.04054452,-0.12155728,-0.00020395096,-0.0130246505,0.011859715,-0.06587847,0.00462807,-0.09358487,-0.016586792,-0.0072107688,-0.02414196
0.19374457,-0.020419184,-0.013279408,-0.10087003,0.095957965,-0.009039818,0.037463326,0.08491054,-0.023464145,-0.0040938854,-0.09495558,0.06643056,0.03170294,0.044547778,-0.004795127,0.12500265,-0.052925862,0.02870565,0.07396209,-0.026655033,0.018723264,-0.13749366,-0.05088682,0.04940726,0.09909,-0.031670332,-0.007719347,0.019528417,-0.036690824,-0.0056364313,-0.015415019,0.046981625,0.020007988,-0.021620346,0.0009325682,0.010825717,0.10645219,-0.00024281691,0.06806757,0.040733613,0.06013608,0.0402999,0.039553177,-0.003428515,0.0661678,0.060784858,0.05087109,0.0013897382,-0.029009387,0.033986032,0.037244998,-0.0285284,-0.0118349735,-0.009578377,-0.05350158,0.013644463,-0.06366474,0.10607337,-0.040030263,0.05382319,0.047431186,0.033508293,0.046939902,0.010053795,-0.003932437,0.012752141,0.008714399,0.01762902,-0.0058557373,0.085249014,0.033344444,-0.02826336,0.021437777,-0.017175555,0.038947478
-0.0017643397,-0.054050144,-0.033182777,-0.062528096,-0.070138805,-0.07638715,-0.2416001,-0.042165995,-0.01657424,-0.116439074,0.046682682,0.021607956,-0.048455443,-0.06968522,-0.05907576,-0.21978824,-0.16398479,0.12532505,0.005116607,-0.030328732,-0.03337117,0.10236697,-0.17377584,-0.012741649,-0.009682114,-0.014118148,0.03364679,0.011151506,0.024554126,-0.08173003,-0.06076029,0.07142161,0.04053408,-0.1417264,-0.019130565,-0.0054115,-0.08982782,-0.23596689,-0.00033209586,0.09814163,0.013247788,0.0066569047,-0.021643206,-0.10420536,0.17358741,0.044042304,-0.013041527,-0.057108145,-0.0232648,-0.07778653,0.09117689,-0.03072624,-0.032926507,-0.009745683,0.013976562,0.041224066,-0.04097813,-0.02721692,-0.14683154,0.013146467,-0.24614118,-0.057791732,0.00432554,0.053815044,0.041102737,-0.049481653,-0.037672434,-0.091168545,-0.033498034,-0.07229969,-0.020304475,-0.11903538,-0.012934021,0.046048477,0.02980232
0.00673441,-0.115248755,-0.18769212,0.062932685,-0.070013836,0.02836269,0.102430016,-0.009062175,-0.0912003,-0.021755619,-0.0092457095,-0.010905003,-0.0787,-0.035413492,-0.077044,0.106865644,0.020946922,0.06971158,0.03318704,0.07889963,0.009691168,-0.016277619,-0.043304585,-0.036559287,0.007590692,0.02496433,0.011377356,-0.043957647,-0.19565193,-0.026383528,0.048642527,0.01061441,0.018789215,-0.076740734,-0.048104726,-0.0017505093,0.1341266,-0.06179514,0.03825457,0.02595833,-0.07146137,-0.06240137,-0.03745789,-0.051472712,-0.12905651,0.086097926,-0.08312232,-0.018716801,-0.014428447,-0.10568145,-0.023417942,-0.0320174,0.023045514,-0.04891353,-0.0994426,-0.050088435,-0.08572551,0.03599184,-0.016131803,0.020461787,-0.047586635,0.109609686,0.015631838,0.038365,-0.031461984,-0.044215955,-0.088464156,-0.0034724977,0.031719644,0.036430907,-0.0017624907,-0.09305286,-0.015580771,0.016916541,0.046767905
0.06443533,-0.07566442,-0.21917398,-0.011327027,-0.08021219,0.06666806,-0.086151615,-0.024486385,0.24882628,0.048996806,-0.023399793,0.014665764,0.024858788,-0.08563449,0.092655174,-0.04354615,-0.054166447,-0.11332484,0.024429923,-0.062345196,-0.0019319337,-0.06814265,0.038705006,-0.0096281,0.04035579,0.120257005,0.025772844,0.0076896017,0.04709294,-0.072197594,0.004338253,-0.083456546,0.05103745,0.17797026,0.072912365,0.089532696,-0.019994399,-0.052742537,0.15313797,0.0026859865,-0.06321925,-0.011132017,0.016311193,0.00926545,-0.2334615,0.18748736,-0.009174855,0.034153882,-0.011204468,0.05442732,-0.062089346,0.023266615,0.083059564,0.12076731,0.09290008,0.1142955,0.074970275,-0.052171554,0.020031638,0.058273356,-0.0051018624,-0.04687702,-0.02323389,-0.09765748,0.011006128,-0.20558044,0.10284513,0.031920545,-0.015081412,0.025109543,0.03853196,-0.0043162815,0.034681644,0.043735765,0.016412811
0.1646756,-0.031352393,0.017940797,0.052513786,0.016253134,-0.031423926,-0.048460856,0.014385426,0.036496833,0.09342362,-0.010063011,-0.022404533,-0.0011152092,-0.00982482,0.04527228,0.014632259,0.038264163,-0.016535465,-0.107769854,0.01780647,0.08589189,-0.007117101,0.060085587,0.061367393,0.04031653,0.026710233,0.02839424,-0.12338716,0.004980666,0.0008030152,-0.101567626,0.13535231,-0.01232309,-0.07527907,0.062440526,0.073589355,0.016007897,0.027137227,0.015118194,0.041705925,0.014154034,-0.058523633,0.07923785,-0.0072022285,0.11707703,0.136394,-0.04424671,-0.0659534,0.0027357321,-0.012327505,0.0721235,-0.059875734,-0.022327272,-0.06195893,-0.026837712,0.055365525,-0.028780226,-0.085220635,-0.10926481,0.030483497,-0.027635546,0.0598897,0.041037325,0.030406058,0.051963326,0.044678133,0.06700393,0.050819885,-0.0023170896,-0.007571251,0.065080404,-0.022056859,-0.026575768,-0.032917213,-0.061326236
-0.15823661,-0.15622371,0.21918,-0.0393111,-0.00535143,0.008461288,0.072981425,-0.0012444705,-0.019590553,-0.056818005,-0.11987811,0.055665493,0.062774345,-0.044861097,0.011835231,-0.045101177,-0.030783836,0.02638556,-0.039828815,-0.0641725,0.024198983,-0.19090971,-0.02409421,-0.070232205,0.0049359314,0.0468554,-0.008572228,-0.19133806,-0.06207631,-0.08091282,-0.05976657,0.0039110556,0.02872642,0.056313835,0.010951452,-0.04223918,-0.024913494,0.068874225,-0.12376695,-0.042241186,-0.055798143,-0.044430654,-0.07286496,-0.056655258,0.069896504,-0.10058849,-0.036803566,-0.011516099,-0.015003684,-0.11093279,-0.19022988,-0.0020778335,-0.002893431,0.03900115,-0.045978293,-0.09108707,0.025691364,-0.024190629,-0.008109409,-0.07837754,-0.093194656,-0.040338617,-0.0049479445,-0.03025641,-0.049514454,-0.021611374,-0.034982394,-0.054375727,-0.03216073,-0.050523527,-0.004340319,0.12137516,-0.03003638,-0.03794735,-0.018890448
-0.05071576,-0.07678342,-0.116200745,0.044796925,-0.032273833,0.031814136,-0.017401326,-0.031413335,-0.056734152,-0.07593211,0.062464803,-0.071540296,0.033747785,0.050150644,0.023975013,0.023421895,-0.06794389,0.111794055,0.014971897,-0.021286793,-0.0023811804,0.014071744,0.21985349,0.047836542,-0.0020703555,0.02755646,-0.016701488,0.11664516,0.13697632,0.10251421,-0.036315065,0.059334368,0.024261571,-0.04854245,-0.01852927,0.010019081,0.012354376,-0.075972736,0.0123777995,0.04090179,0.013554635,0.011356327,0.04471872,0.013803147,0.07840497,-0.023862861,0.04613349,0.07687299,0.0284383,-0.006635434,0.018889371,-0.030950736,-0.019552605,-0.020017307,0.04743404,-0.08275075,-0.024268975,-0.0053711487,-0.20728573,0.04659004,0.03338896,-0.03291348,0.07916564,0.033238932,0.15057752,-0.08460557,0.14180195,0.09840767,-0.032490715,0.038142644,-0.035319142,0.022124983,0.060135365,0.012055232,0.04709316
0.02776701,0.05016597,-0.061068963,0.01645459,-0.06891138,-0.049738277,-0.054652125,0.010768075,0.11327987,-0.012979543,0.071249016,0.0013687375,-0.0068679107,-0.022798186,-0.06605483,-0.054274064,0.0018565953,-0.05040915,0.06832914,-0.039053492,0.04884645,0.03576853,-0.0052932254,-0.015729547,0.015602255,0.029512867,0.008316512,-0.035025645,-0.043170046,-0.010217005,0.075326644,-0.038283464,0.093907624,0.016146485,0.0017899675,-0.010494654,-0.0727001,0.028030803,0.109546006,0.054359745,0.0047993436,-0.023269668,0.002021974,-0.031295136,0.04491544,0.056757092,0.035231914,0.038093314,0.022817511,0.040945113,-0.023494096,0.008007679,0.012762435,0.061365746,0.03170339,0.0044050138,0.0042809607,0.040932883,0.009617424,0.0064985263,-0.028625714,-0.10361364,-0.03555074,-0.011898134,0.034120757,-0.031309523,-0.07043141,0.08398867,-0.049679875,-0.009179607,-0.011622242,0.0073937364,0.011117007,0.013508002,-0.06511506
-0.04258093,0.122088544,0.25311664,0.07752235,0.028448261,0.059336256,-0.042843856,0.049227763,0.09976508,0.042843502,-0.14660224,0.042199295,0.14302778,0.043560676,0.100076534,0.036295913,0.029309977,-0.13100865,-0.070169955,0.0031250804,0.08117753,0.13541481,0.017462505,0.0220043,0.03468069,0.0391215,0.037013162,-0.10217595,0.088408336,-0.008530348,0.057673838,0.06799683,0.055838715,0.1344534,0.10884408,0.041602902,0.115146145,-0.013731542,0.024132064,0.015203399,0.0070572705,0.059279557,-0.018303318,-0.04212627,0.14868528,0.16703531,0.0643227,0.040923864,0.04872006,0.06884528,-0.06570101,-0.044180527,0.028768059,-0.017921995,-0.029933829,0.042168755,-0.08520211,0.07830835,-0.092042945,0.051389873,-0.005449472,-0.06060171,0.04973873,-0.011066456,-0.10617578,0.1318292,0.13592462,-0.009724056,-0.008527003,0.043890253,0.08829861,0.14445546,0.022779766,0.09882277,0.04162884
0.23764524,0.07028042,0.13911667,0.016139021,-0.013805107,0.0065349224,-0.03152229,-0.050902676,-0.067818575,-0.09424056,0.095090896,0.050478928,0.057093203,0.030320344,0.05210631,0.099137515,-0.028531691,0.01878894,-0.029065643,0.045580655,-0.02624679,0.038150046,0.025455207,0.042806856,-0.037929643,-0.043638047,0.041645437,-0.050544143,0.0477035,-0.012317466,-0.037941586,0.039133403,0.0674468,0.02886955,0.06190346,-0.0035419844,-0.08854529,-0.101894915,0.016617758,0.0088295005,-0.022618387,-0.0014394348,0.052088328,-0.017388858,0.06042127,0.011239162,0.00035466813,0.120500214,0.019781243,0.05651452,-0.11545117,0.011655007,-0.0013357154,-0.07069276,0.027403098,0.057547588,0.09392596,0.018692657,0.011534177,-0.047179915,-0.0170775,0.080333635,0.08436401,0.16731827,0.07635217,-0.07900919,0.091646604,0.024090234,-0.028204326,-0.1960598,0.020230485,-0.12433679,0.0214753,0.0326094,-0.04490462
-0.02487821,0.13131991,0.54633415,-0.055434186,0.13580416,-0.03873099,-0.05611855,0.02228196,-0.03958052,-0.034920692,-0.17061326,-0.050964903,0.09670933,0.017544225,0.052986514,0.052915227,-0.037012458,-0.013768813,-0.059707243,0.031912234,0.010852564,0.063011296,0.0113827465,0.035512425,-0.040184855,0.052949708,0.060039937,0.022716716,0.07992658,-0.059791543,-0.030676592,0.03144635,0.15011744,0.0010712905,0.007886117,0.0088533135,0.07343014,-0.008804409,-0.19278036,-0.030677397,0.065398045,-0.020706449,-0.011516705,-0.050743565,0.002622202,-0.08377771,-0.02313845,0.012986686,0.0042642183,0.023356307,0.017924722,0.00995599,0.032964595,0.018753918,0.048771415,-0.008014613,0.03417035,0.004354172,0.1140579,0.062278416,0.065162666,0.14027116,0.0063779075,-0.12939636,-0.10280469,0.06411113,-0.112014554,-0.026706487,0.012168799,0.047662765,-0.016218483,-0.041026447,0.0073718624,0.017822733,-0.058617707
-0.08664015,0.0056007076,-0.20903453,0.04168242,-0.082782455,0.07047588,-0.009318633,0.028020121,0.014962353,0.044620126,-0.07946762,0.1067593,-0.016092163,-0.0075775483,-0.014172516,0.021612208,0.05514387,0.045423325,0.09430018,0.0043175076,0.02909774,0.026768643,-0.060310435,0.050913136,0.0046210964,0.046318483,0.02680236,-0.13151304,0.046391614,-0.050372437,0.04674766,0.022384983,0.0069471668,0.061538324,0.013245817,-0.009975558,-0.004061458,0.02717401,-0.017034443,0.02447033,0.036725756,-0.009517295,-0.008739049,0.08520091,-0.14488238,-0.03153664,-0.0040813093,-0.034570377,0.014251841,0.039251335,-0.098254494,-0.021673284,0.015071038,-0.09488546,-0.07932186,-0.020736944,0.025283188,0.07153529,-0.010823379,0.052502718,-0.08597586,-0.036963474,0.0055562817,-0.037810743,0.02592953,0.0034228018,0.10145669,0.026419692,-0.027640525,0.06820108,-0.019452829,-0.07756656,-0.008329864,-0.006979324,0.05402411
0.14214204,-0.15908793,0.029014798,0.072953805,0.0020652246,0.1070466,0.084376104,0.10691841,0.025587026,0.04946814,0.05734504,0.005772119,0.050972655,0.10440423,0.027278418,0.051098965,0.081122816,0.13294247,-0.02177516,-0.0064812824,0.12736875,0.24342506,0.105929464,0.061682608,0.044925474,0.12685439,0.043165095,0.05988863,0.12278548,0.053932957,0.08266496,-0.04078009,0.0122590475,0.041626856,0.006568644,0.039638747,0.12851268,0.12825063,-0.028900076,0.0019494211,0.037391823,-0.050251763,-0.05736062,0.053151637,0.022465035,0.012458911,0.07511386,0.060829625,0.035938255,0.024021856,0.012264572,0.10309428,0.051992897,0.12321724,0.07235367,0.033451907,0.024490554,0.06544458,0.06889819,0.0146237975,0.10104422,0.08691992,0.11886085,-0.008339302,0.019799389,0.012957692,0.16146931,0.06774612,-0.0045008194,0.044860236,0.03237839,0.04278865,0.020123707,0.011104263,0.07641189
-0.1584201,-0.23726964,-0.038557786,-0.013636604,0.04187754,-0.07747406,0.00054636225,-0.027079895,-0.047431108,0.013956018,-0.1607164,0.004391323,-0.047403913,-0.09537352,-0.049745154,0.058134362,-0.0074138786,-0.06293225,-0.05778182,-0.015353387,-0.042785525,0.022809632,-0.02911608,-0.02005064,-0.06274666,-0.08620584,0.007410546,-0.07052541,-0.030368282,0.069242105,0.02709725,-0.020106202,0.057459243,0.09793453,0.0013640262,-0.024371207,0.26311964,-0.080464095,-0.012766878,-0.04037532,0.050542723,-0.010326367,-0.016691575,0.07762858,0.097568244,0.096016966,0.010048472,0.0081330575,0.013512346,0.090873525,-0.039056174,-0.025669964,-0.043419,0.06170752,-0.07314025,-0.011499017,-0.03679774,0.08330952,0.027697966,0.0885005,0.04568129,0.13651715,0.014271649,0.057653967,0.016745608,0.08660139,0.033666,-0.08516147,-0.042070404,-0.08119132,-0.057335496,0.022929896,-0.02022528,-0.0646714,0.009894108
-0.007652319,0.087846875,0.08788938,0.013825412,0.051985033,0.081214465,-0.02862202,-0.036942497,0.100806996,0.05706711,0.030356288,0.065452114,-0.056562744,0.04454297,0.0064130398,0.04659159,0.118119866,0.07345717,0.10464932,-0.005935951,0.014351774,0.121794835,-0.12515035,-0.019336935,0.03470114,-0.033417642,0.05680124,0.085656874,0.036060892,0.0891784,-0.015905986,0.06256383,0.08803573,0.006632697,0.022374382,0.0015118348,0.055071108,0.078870736,0.0295849,0.008169203,0.08723331,0.0020415648,0.052314486,-0.026974,0.033901796,0.02566984,0.07800864,0.067854404,-0.015667794,0.014616228,0.036485102,-0.039327554,0.019441752,0.029977899,0.09679375,0.016448056,-0.03338144,-0.018794037,0.06474087,0.061380316,-0.030352939,0.02718791,0.08204017,-0.028106408,-0.031077262,-0.08425456,-0.0013592306,-0.019799223,0.057011135,0.07880832,-0.021606764,0.06974446,0.028278977,0.07383178,0.05179284
-0.091518715,-0.1228771,-0.40962988,-0.0038533881,0.07229233,0.005876541,0.07413463,-0.047898103,-0.016895566,-0.06692566,0.014708306,-0.12808901,-0.024052978,-0.072173506,0.006798424,-0.08691023,-0.03887405,-0.13796711,-0.08977314,0.08178651,-0.053929552,-0.091216564,-0.023244232,0.03213554,-0.010654153,-0.14512968,0.0011924632,-0.11660265,0.01629123,0.011597887,-0.00093034096,0.042316213,-0.04893894,-0.078004315,0.04914742,-0.030903038,-0.14470157,-0.1042209,0.009770537,0.0032662076,0.013777897,-0.021584822,-0.023338355,-0.04241553,0.029511318,-0.05920001,-0.0028190683,0.051902093,-0.013370621,-0.053111367,0.0025041546,0.055410884,-0.029963601,-0.044618636,-0.04527129,0.013814669,0.02911141,-0.08720785,-0.056557357,-0.09917062,-0.0051705837,-0.05454181,-0.004048571,-0.061391793,0.07275668,0.05533968,-0.09955045,0.01744211,-0.0053183585,-0.08647947,-0.012230778,-0.078884915,-0.009926411,-0.07298508,0.03798701
-0.07104726,-0.0056000357,-0.063127495,0.05673292,-0.074328505,0.048156418,0.00490381,-0.14609697,-0.07632417,-0.039219074,-0.16482359,-0.091441505,-0.011528037,0.005082906,0.017500672,-0.046911445,-0.01747315,-0.16659041,-0.039351612,-0.056434214,-0.04951479,-0.09114164,-0.14553455,0.030357663,-0.06914876,0.07204144,-0.050668575,-0.046803594,-0.11906388,0.024386607,0.014168873,-0.14653948,-0.0624862,0.025816016,0.042177938,-0.0001581966,-0.0569643,-0.09959066,-0.05732149,-0.11710433,0.04841971,0.019199274,0.015895234,-0.002706848,-0.02475157,-0.02368927,0.06256406,-0.034638498,0.00863162,0.0071442416,-0.046777375,-0.002985397,-0.025375187,-0.16864723,-0.012571739,0.06450079,-0.079934455,0.09049982,-0.038931746,-0.092612125,0.024058983,0.04895669,-0.14875643,-0.021691889,-0.19630796,-0.027248008,0.08583885,-0.115485646,-0.043471172,-0.06408871,-0.066527866,-0.0461282,-0.03835053,0.045600273,-0.10914051
-0.38305494,-0.52804023,-1.4038552,-0.15877545,-0.31091398,-0.24702898,-0.28416237,-0.25711766,-0.2559325,-0.38808542,-0.2984191,-0.25419527,-0.35210747,-0.29292074,-0.24246363,-0.27187952,-0.28026974,-0.33801568,-0.19982643,-0.21965301,-0.27757233,-0.23931077,-0.2838077,-0.15953839,-0.16041411,-0.41744947,-0.16960469,-0.34792048,-0.2657866,-0.15350881,-0.22322097,-0.30255136,-0.24417105,-0.37678933,-0.21122253,-0.24992137,-0.28567162,-0.3642858,-0.26020592,-0.0792718,-0.17330822,-0.111858904,-0.21825828,-0.2033805,-0.3804353,-0.39603373,-0.20094289,-0.29641205,-0.22624205,-0.22911394,-0.22651027,-0.2249499,-0.23327178,-0.287484,-0.37658373,-0.26773638,-0.21873663,-0.20700355,-0.43363816,-0.22417419,-0.25893754,-0.40299487,-0.27823713,-0.22689581,-0.26333144,-0.24356693,-0.30151382,-0.23766743,-0.091033906,-0.28582272,-0.27316087,-0.35754693,-0.1329674,-0.21943852,-0.11172524
-0.01832388,-0.003842827,0.09594084,0.09550758,-0.038251474,0.102020144,-0.082927205,0.035762426,-0.08446069,0.087046586,0.06052897,0.08994501,-0.11101864,0.11263497,-0.004123371,0.07502106,-0.0018444359,0.15658012,0.010550583,0.008821152,0.0267088,-0.13665931,-0.039569683,-0.0085173845,0.04203931,0.18682516,-0.028246498,0.18853025,-0.021754181,-0.057532884,-0.11136494,-0.0041798926,0.028561488,0.06852946,0.039747946,-0.0033826062,-0.031112734,0.10001394,0.021747012,0.08057459,-0.054979563,0.027191704,0.0718852,0.015441671,0.037534546,-0.084297106,-0.00832958,0.16866352,-0.010353625,0.039154578,-0.02425184,0.033246752,-0.045111682,0.025811829,-0.06630701,0.038328692,0.015550903,-0.018808061,-0.12085437,0.011506289,-0.010525413,-0.06767795,0.025301103,0.019390102,0.06580454,-0.07088264,-0.08741221,0.1394259,-0.018840924,0.17426197,-0.084243305,-0.14487134,-0.021913825,0.037070848,0.022596773
-0.035356607,-0.097186275,0.017107226,0.05619513,-0.029602893,0.043935277,-0.0049955966,0.14004815,0.024857044,0.02125153,0.11822361,0.24995515,-0.05759413,-0.062182397,0.0033572817,0.05605718,0.030431535,0.13046747,0.0005443187,-0.007916056,-0.034642015,0.119037434,0.12835394,0.12862717,0.053851333,-0.09100051,0.014284208,0.13781916,0.018929314,0.059100773,0.02437684,0.023338035,0.13575473,0.080781244,-0.00054391474,-0.0422665,0.12812363,0.039086115,0.039289623,0.044430837,0.09693598,0.08084391,0.0045314627,0.0047444757,0.15879422,0.06554707,0.064582765,0.037111767,-0.0033290861,-0.013365434,-0.05689628,0.02422363,0.038123313,0.05597077,0.108896054,0.043056853,0.043895528,0.031004144,0.047980875,0.11134461,-0.013137799,0.043546945,0.14607102,0.058313075,0.03215516,0.09045766,0.08316033,0.02687722,-0.0009988956,0.058569126,-0.008129382,-0.026959313,0.05727906,0.02734041,0.097127855
-0.30698738,-0.49795106,-0.9885506,-0.11565781,-0.26104903,-0.19495547,-0.26027238,-0.22713822,-0.25298503,-0.32839596,-0.3444192,-0.27169594,-0.30322683,-0.21780019,-0.24802558,-0.16900639,-0.19984052,-0.18400335,-0.17403316,-0.1881012,-0.22240444,-0.064142175,-0.23910227,-0.21097627,-0.14898755,-0.30721587,-0.13245712,-0.320387,-0.2625493,-0.10473737,-0.15201496,-0.14233612,-0.18309945,-0.32069033,-0.2090609,-0.22611602,-0.24382626,-0.2734686,-0.28190342,-0.090278,-0.16539279,-0.19438803,-0.22005951,-0.10686453,-0.3215863,-0.2689025,-0.17330706,-0.26772884,-0.21735764,-0.18609115,-0.25200322,-0.29489765,-0.17083418,-0.32434767,-0.32654172,-0.15013726,-0.22317667,-0.099264435,-0.38363886,-0.14616357,-0.16541612,-0.297334,-0.23959237,-0.18455514,-0.2610068,-0.07289928,-0.33075985,-0.20165467,-0.06790408,-0.27801704,-0.23953009,-0.27483886,-0.1682556,-0.2593791,-0.24790797
-0.06825931,0.17649582,0.24250607,0.0435145,0.003180758,0.03437863,-0.00048433617,0.0114342645,0.099309355,-0.011724308,0.093467295,0.1130697,0.08394042,0.036168292,0.07025575,0.12373458,0.028736833,-0.057440206,0.13910116,-0.021403452,-0.025850682,-0.014125693,0.07456353,0.09472749,0.009242803,0.013801246,0.027491665,0.01956298,0.16451773,-0.06736356,-0.027534092,0.011673914,0.08712894,0.065712616,0.0076006018,0.009074711,0.17443347,-0.0012480989,-0.021813968,0.021138845,-0.039408352,0.0066131256,-0.0033758879,0.010671437,-0.07293991,0.11005403,0.017281387,0.004670006,0.03569179,-0.022469286,-0.01801997,0.061155863,0.029484706,-1.4060488e-05,0.04702553,-0.018277805,-0.007854508,0.039921775,0.014359276,0.058425605,0.0045453864,-0.021934822,-0.0062804925,0.066840924,-0.014597467,-0.009787338,0.08007402,0.01760351,0.022259695,0.07964158,0.050079904,0.025593137,0.020799335,0.02078106,0.013637927
0.02782209,0.0014263,0.008146591,-0.033036355,-0.09740691,-0.022563187,-0.0036073122,0.007459761,0.07398415,0.022460205,-0.11217903,-0.17856646,-0.016426867,-0.18711014,0.04748152,0.01567772,-0.0469667,-0.13665007,-0.08832514,-0.12862875,-0.0051486418,-0.17528804,-0.056628596,-0.0036627427,-0.054387547,0.007584757,-0.012111149,-0.13611363,-0.25369552,-0.1428934,-0.108737186,-0.19290939,-0.037203107,0.01417731,0.0023022601,-0.02954683,-0.014226645,-0.03880052,-0.13815945,-0.07921102,-0.089299865,-0.13787192,-0.027657272,-0.059432648,-0.15042001,-0.12604974,-0.11209181,-0.022410816,-0.014602718,-0.055071577,-0.08349763,-0.03353649,-0.017516833,-0.0776631,-0.016859317,-0.07441092,-0.010307544,-0.029345935,-0.08117564,-0.17507343,-0.048876274,0.0639233,-0.006476883,-0.11978032,-0.08032737,-0.2067743,0.04180958,-0.021885373,-0.06227982,-0.077637106,-0.0647949,0.006861374,-0.025136841,-0.034461312,-0.0066528018
0.06453195,-0.18731955,-0.14847475,-0.04226954,0.015512802,-0.030105023,0.05422123,0.038801327,-0.017481694,-0.03734354,-0.02817042,0.055637218,-0.09520435,0.054671526,-0.07723579,-0.06135747,-0.035776928,-0.090021245,-0.057937365,-0.056578115,-0.04802919,-0.11299658,-0.041021727,-0.070475705,-0.09692557,-0.09491396,-0.086504005,-0.011636019,-0.07742296,0.013973941,0.106798194,-0.037365504,-0.01414235,0.010476719,-0.050887994,0.013818141,-0.04897923,0.14041291,0.015196278,0.032045383,-0.07075801,-0.053187244,0.012752708,0.04740352,-0.04494003,-0.089846775,-0.00013495889,-0.12280552,-0.0564097,-0.046990756,0.011941047,-0.13104492,-0.041337952,-0.025245428,-0.07976514,-0.07646613,0.08504915,-0.047416493,0.11699524,-0.13864617,-0.004004947,-0.080917306,-0.03465509,-0.021350771,-0.02763563,0.049037814,-0.07250388,-0.002931605,-0.03782981,-0.03852489,0.0061001,-0.0340011,-0.043740172,-0.09786947,-0.010148751
-0.06356672,0.120035775,0.08989956,-0.017217733,-0.0005639782,0.0045240265,0.04022492,0.084293604,-0.06696489,0.030062057,-0.043775737,-0.13815203,-0.051975146,-0.07200796,-0.008023038,0.07542822,-0.016073897,-0.12068367,0.05205192,-0.095706746,-0.03936799,-0.010189692,-0.11349706,-0.017824769,-0.045882963,-0.08285015,-0.03937577,-0.10259151,0.031045634,-0.030945472,-0.0074555427,0.05173029,-0.014364892,-0.07676942,0.022285212,-0.05550281,0.13372156,-0.03993339,-0.18427289,-0.012399163,-0.06735472,0.022074949,0.021865025,-0.029477533,-0.08221478,-0.20942983,-0.12675595,-0.116352364,0.020012118,0.0092204,-0.1796845,0.000849504,-0.010641229,-0.007348354,0.07505335,-0.064321816,0.011245346,0.008736856,0.06825328,0.0071311146,0.0038400507,-0.056649707,-0.055052266,-0.013529821,0.05420044,0.08481912,-0.01081123,-0.105776615,-0.033893388,-0.006458377,-0.0034602624,-0.02145956,-0.046075713,-0.08891407,-0.08330238
-0.06300984,-0.13995416,-0.16635677,-0.027991742,0.054395054,-0.02023041,0.011292279,-0.041930024,-0.09393688,-0.119175546,-0.07979866,-0.19683409,-0.024220414,0.017723665,-0.024833445,-0.061682694,0.016584363,-0.049950935,-0.023332806,0.026083201,-0.05808973,-0.13731515,0.03086756,-0.00017159618,-0.034257844,-0.16058187,-0.059414428,0.06393777,0.10776194,0.06380107,0.0011289057,-0.07534455,-0.095941,-0.16364747,0.006560742,-0.025628414,0.014486218,0.15627447,-0.051990356,-0.027996903,0.12143816,0.054032095,-0.034393623,-0.041054692,-0.20079868,-0.07987641,-0.034676857,-0.10886324,0.012762905,-0.05122745,-0.042895757,-0.059708577,-0.04923881,0.14781052,0.04506649,-0.05134249,0.07436414,-0.021396434,0.06682539,-0.07571202,-0.041133918,-0.009816797,-0.13252927,-0.07316885,-0.070571534,0.027262239,-0.0042224578,-0.078330934,-0.0030545203,0.08076615,-0.04591212,0.052614033,-0.039805584,-0.047400296,0.030411104
-0.096969746,0.030643556,-0.13519503,-0.006270449,-0.121047124,-0.024304975,-0.06121312,-0.011928739,-0.09479552,0.06599398,0.058842637,0.029062055,0.02679335,-0.054723524,-0.00880267,-0.0057192547,-0.022475317,0.05965224,0.021931157,-0.006957779,-0.033317555,0.068316326,0.025547385,0.05224967,0.045156963,-0.038872927,-0.050877776,-0.1845262,-0.21931235,0.067731686,0.0196803,-0.056408823,-0.15585852,-0.010888711,-0.027233845,-0.02480581,-0.05331634,-0.12734184,0.020945463,0.024382634,0.04654207,-0.033420466,-0.0048880465,0.06122178,-0.26268122,0.021346223,-0.110163376,-0.058541834,-0.021071997,-0.0152767515,-0.04330986,0.05953444,-0.04393514,0.014056271,-0.05959909,0.017022455,-0.018745635,-0.07123666,-0.059655517,0.08314538,-0.16840921,0.10164531,-0.08552165,0.03662613,-0.054491386,-0.017577868,0.119923376,0.06803828,-0.02129032,0.063877776,-0.010787398,0.021982504,-0.008593901,-0.10055119,-0.02036014
0.06307754,0.15926525,0.33101484,-0.053618964,-0.054067913,-0.09233592,0.033247784,-0.06241206,-0.026868265,0.00010310362,0.10647924,-0.12647367,-0.010272659,0.04954945,-0.003149619,0.16188572,-0.08145359,0.121108286,0.09178684,0.12152143,-0.05710765,0.10203501,0.16086844,-0.024317833,-0.06027921,0.11635213,-0.0033238144,0.13927494,0.14598505,0.0040872246,0.025977423,-0.06853546,0.042548805,-0.04469248,-0.0701175,0.022952035,0.01737557,-0.039115,0.22346453,0.021165477,-0.0031932362,0.036935747,0.06540665,-0.06712869,0.29011828,0.023659859,-0.024233345,-0.050824657,-0.01986688,-0.029721662,0.105591804,0.07732144,0.02796574,0.014126829,0.13805245,-0.008094553,-0.009538001,-0.026070802,0.06440288,0.0127664795,0.111422494,-0.092002034,-0.06111858,-0.031099819,0.12583245,0.19064513,0.07593487,0.04515889,-0.034852237,-0.14029805,-0.05623863,0.0002765453,-0.04890288,-0.015050972,-0.02666188
-0.043086827,0.06667591,0.022575023,0.03052947,0.08785049,-0.047207355,0.05617366,0.045492977,0.11323217,0.0648717,0.085354924,0.017209109,0.08612412,-0.007824872,0.012144347,-0.016488079,0.059793357,-0.08916651,-0.1011797,-0.012884932,-0.011892663,-0.01110435,0.07741657,0.050983235,0.018240457,0.0214857,-0.05811562,0.1509794,0.2638159,0.016936122,-0.05086583,0.038147166,0.06364888,-0.026799306,0.06769694,0.021861475,-0.07077776,-0.047375277,-0.018792829,-0.00990268,0.019458398,-0.012980809,0.03713736,-0.0014706724,0.045703143,0.12665379,-0.004462057,-0.16454461,0.035378247,0.0277907,0.13276598,0.009937096,0.041745227,0.0009880941,0.11021604,-0.0675451,0.012985158,0.012073013,0.08615744,0.0005313337,0.09873525,-0.17999153,0.007016616,0.052234642,0.017207736,-0.20210163,-0.014987788,0.014903862,0.012993207,-0.047021877,0.04049308,-0.009878764,0.023078725,0.046048433,-0.028980793
0.083059505,-0.0701592,0.11109056,-0.013597441,0.037458327,0.05771319,0.078010425,0.0023338576,0.052964054,0.14669782,0.08256181,-0.08058277,0.008141903,-0.040885102,0.017384257,-0.028438415,0.024444062,0.06410307,-0.06083338,0.08954453,0.09273528,0.09820981,-0.03427441,-0.005373158,0.02386417,0.098128304,0.0026652098,0.12846912,-0.025816265,0.08648508,-0.060652014,-0.05908896,7.775426e-05,-0.03910506,0.08071819,0.05763987,-0.027933817,0.12202613,-0.077770725,0.050800342,0.10341381,-0.025354689,-0.007656774,0.022410756,0.23953027,-0.003991907,0.056265634,0.047582597,-0.0047899084,-0.02928774,0.033288978,0.06348047,-0.0012831818,0.15302451,0.13854863,0.078844815,-0.07768816,0.040608685,0.14785999,0.0060641873,-0.02017376,0.047542177,-0.012663505,-0.03904018,0.054752942,0.037243318,0.11731815,0.17133453,0.036212135,-0.037481293,-0.077030376,0.055557054,0.018166207,-0.044427358,-0.01159916
0.067893304,0.093904294,0.09217788,0.0011590673,0.012354676,0.08527897,0.07484206,0.042690884,0.043822404,0.07635075,0.08873597,0.035385624,0.026614126,0.03909687,-0.05084708,-0.056268316,0.013342433,0.08819626,-0.032989874,-0.060705252,0.0059601013,0.08699055,0.08927055,-0.0063256035,0.04855397,0.00081016123,0.03592484,0.0036982931,0.08737713,0.059708916,0.013019117,0.041592043,0.025940627,-0.0028523952,-0.012488568,-0.015219659,0.14814264,0.08434605,0.0050804163,0.058132518,0.010022919,0.008339753,-0.07008651,0.011750935,0.004793007,0.023354463,-0.00632421,0.053081088,0.033919107,-0.051508922,0.010738064,-0.0008004932,-0.024889007,0.02344355,0.0015937597,-0.04103857,0.06026137,0.01190599,0.007820537,0.08473741,0.071182474,0.008505374,-0.014186436,0.01792306,0.031235438,0.0496646,-0.0044367886,0.05815075,0.05882784,-0.001609778,0.027940845,-0.043764733,0.018075457,0.004168024,-0.06686203
-0.102434635,0.033778585,0.27825972,-0.0407892,-0.021751557,0.007277316,0.05783976,0.003990717,0.0019956008,0.07140251,-0.07596226,0.022542711,-0.0038579754,-0.05061707,-0.024801983,-0.087993845,-0.022648036,-0.03664028,0.0026446767,0.10172206,-0.016456453,-0.087514386,0.020680344,0.008262619,0.0017066747,0.0155774085,0.019754449,0.044938117,0.021697273,0.018063476,0.052739926,0.19177014,-0.01945033,-0.056167215,-0.038448565,0.03878574,-0.08775759,-0.06817662,-0.024665711,-0.0059366426,-0.06519684,-0.07317354,0.0027381536,0.0014271326,-0.081652366,0.0020155832,0.043462,-0.041723933,0.03598506,-0.03669141,0.0044225864,0.06938791,0.05735685,-0.007981899,0.015900863,0.0045544636,-0.02997133,0.075518705,0.07378514,-0.014368135,0.046596784,0.0042646257,-0.06682719,-0.04841443,-0.04142418,-0.049479544,0.1140581,-0.042990945,-3.726408e-05,-0.059646737,0.043661572,0.07145623,-0.020391963,0.087325394,-0.00413939
-0.03363086,0.021369312,0.00409731,-0.083096154,-0.10788032,0.06662562,-0.09362815,0.058595475,-0.05835346,-0.121841446,-0.009228298,-0.09211546,-0.012827711,-0.016182583,-0.053393837,-0.072202034,-0.12828246,-0.018242866,0.038667362,-0.007849591,-0.02996336,-0.1770212,-0.022704234,0.022597251,-0.08195207,-0.101635024,0.00487583,0.0406081,-0.020926964,0.0637435,-0.05555862,-0.11032228,-0.09836775,-0.077899516,-0.06998525,-0.015675254,0.054930612,-0.06980531,0.045318145,0.0149945915,-0.010096365,0.015164793,-0.031359732,0.0031652218,-0.28150427,-0.08854197,0.020786714,-0.14528477,0.013079694,-0.04217346,0.0031971429,-0.06378758,-0.02446524,-0.057312634,0.0064329337,-0.00136027,-0.013254131,-0.1306676,-0.15288302,-0.051638205,0.00017322227,-0.11675398,0.006072445,-0.0025604232,-0.101546615,-0.07714292,-0.0047328877,-0.048421092,-0.0479472,-0.051287483,-0.02461513,0.031620923,-0.056488346,0.040044043,-0.01923595
-0.13721776,-0.21361817,-0.19647145,-0.09548875,0.08314576,-0.04742303,-0.105824865,-0.047245245,0.086839095,0.058551878,-0.045680232,-0.033186514,-0.0520685,-0.034100555,0.054716367,-0.06808837,0.12555096,-0.1471042,0.1304451,-0.04951765,0.07738029,-0.0046211965,0.006437896,0.008649416,0.072446525,0.041333508,0.019730609,-0.0008133551,0.06804673,-0.034536004,0.043140452,0.019014113,0.03324537,0.036251515,0.079968125,0.00878896,-0.1363992,0.11034681,0.010561946,-0.011462502,0.048885047,0.04617759,0.031986833,0.004469271,0.038375825,0.07306703,0.02553958,0.01957197,0.02265865,-0.08178646,-0.008426468,0.03330229,0.0048989244,0.10266962,0.029580338,0.025946643,0.075440265,-0.0001836367,0.026039293,-0.00028150977,-0.09558202,0.043056965,-0.070798725,0.12103929,0.032683846,-0.01647126,0.12505314,0.0050138882,0.012013744,0.051498827,0.023436988,-0.0041861827,0.0059567047,0.07966221,0.014540827
0.004682104,0.09707659,-0.14696467,0.026176041,-0.046000764,0.1182425,-0.025890768,-0.028547067,0.036569633,-0.007996373,0.11941379,0.06924741,0.0070335073,-0.02584204,0.015514793,0.19547802,-0.06945264,0.062432937,0.10423652,0.08646317,-0.104196675,0.26097152,0.029504828,0.038704067,0.04508796,-0.11320826,0.0116713485,0.093294255,0.0014310654,0.1343721,0.019253938,0.0006816859,0.06731607,0.121185794,-0.01536791,-0.025854358,0.28774434,0.027895946,0.03145467,0.06800437,0.004696544,0.01628924,0.084537424,0.13214824,-0.024421308,-0.013014342,-0.027426237,0.02694875,-0.00238341,-0.03040074,0.029222094,0.064630784,0.017858334,0.074118115,-0.0034305528,-0.031130875,0.021709166,0.07203819,0.12271987,0.06293544,0.12380095,0.03344218,0.13522854,0.014939999,0.092401974,0.19569397,0.068349384,0.00210666,0.11007074,0.11341823,-0.020282194,0.09153203,0.01359219,-0.033388115,0.027027596
0.04166133,-3.7498772e-05,0.3686409,0.07763774,0.04288709,0.06779065,-0.07682355,-0.0018383898,0.0065646656,0.13397385,-0.08076071,-0.13577712,0.022366554,0.04296678,0.06661777,0.1547594,0.024499033,0.061632983,0.10769573,0.010795072,0.02630987,0.10795061,-0.09665869,-0.004604865,0.044398285,-0.056365393,0.0040564444,0.0733275,0.06995933,-0.025879975,0.08935146,-0.013811445,0.044119008,0.07179812,0.06817808,0.027860664,0.015470336,-0.02742908,0.025485728,-0.0827554,0.0585894,-0.022566542,0.041490924,0.0883406,-0.16913113,-0.18296236,-0.0006557656,0.09470237,0.024397047,0.11060807,-0.018917903,0.036076922,0.0103037525,0.08097692,0.08896037,0.076502636,0.0069937445,0.04333734,0.048881035,0.01767317,-0.04444857,-0.075598195,0.11504846,0.16970931,0.13328066,0.004620931,0.002075402,0.08192788,0.028935805,-0.08207614,-0.014537487,-0.023523085,0.03814987,0.12187236,-0.035165936
-0.14166972,-0.2921816,0.41037065,-0.0018025286,0.043330655,0.0083257295,-0.10146813,0.07495379,-0.093578294,0.05123371,-0.08345928,0.0711758,-0.1404979,-0.075113215,0.029835809,0.03588104,0.10040141,-0.057343133,-0.12421526,0.03374205,-0.0337223,0.03211676,-0.09444868,-0.048509438,-0.0044086208,-0.010240275,0.029429456,-0.0037407726,0.0153302625,0.01627018,-0.03227414,0.036963806,0.19054057,-0.018597241,-0.011456994,-0.045940384,-0.118227124,-0.028689763,0.003328789,-0.052731205,0.010873622,0.030799797,-0.048067596,0.07809825,0.1447345,0.1036598,0.07544938,0.042163722,-0.013757108,-0.024580253,-0.022622546,0.027526978,-0.009185616,0.070896536,0.0131879505,-0.02607882,-0.005321563,0.061641555,0.029765038,0.07283931,-0.13244662,0.051477604,-0.029215463,0.08500262,-0.03444092,0.22089776,0.07314733,-0.031411234,-0.021898972,-0.0765508,-0.025230056,-0.0827869,-0.023810685,-0.052158665,0.041551787
0.0121782385,-0.0052319653,-0.0611866,0.06726079,-0.077172644,0.028820187,0.049269635,0.0010172143,0.022296088,0.0410981,0.105419084,0.10947757,0.0687657,-0.030870998,-0.05125807,0.07523092,0.054249924,-0.018191487,-0.04651564,0.01208125,0.08342979,-0.03572274,0.10633764,0.0035559982,0.031456724,0.13345787,-0.032068368,0.022259174,0.16509733,0.027807198,-0.04829168,0.06365685,0.0121816285,0.020664964,-0.034298036,-0.01269118,0.09800571,0.087979615,0.11526235,-0.013741895,-0.014477007,0.035591703,0.016439784,0.102620885,-0.20734577,0.18988168,0.058756087,0.027650002,-0.014208806,0.03290137,0.075619206,0.050879963,0.007102756,-0.013062658,-0.07819764,-0.003605388,-0.06917705,-0.08959221,0.01669839,-0.08218013,0.041715886,-0.024501756,-0.038720533,-0.09562287,-0.087392956,0.09812443,0.1517857,-0.1036033,-0.049536802,0.18826698,0.08411431,-0.0054191016,-0.025204247,-0.067968875,-0.028173093
-0.07168552,-0.024074692,-0.022724101,0.0115636885,-0.015932446,0.007846259,0.037327997,0.09808394,-0.01647759,0.06001399,0.15179257,0.020042043,-0.023706406,0.0011002654,-0.019132739,0.119480245,-0.034921795,0.09518175,0.035613,-0.0012631193,-0.1182656,-0.084434256,0.098634206,-0.052689902,0.006533111,-0.10412131,-0.012355136,-0.05706049,0.019466918,-0.0040873103,-0.13179506,0.16443598,0.021501359,0.0052388534,-0.0189773,0.012249082,0.038546707,0.013436119,0.004739762,0.0024539114,0.058254153,-0.03558844,0.06283757,0.024161465,0.0035116225,0.06711072,0.023308868,0.07621733,0.009525902,0.005008223,-0.025752923,0.006934326,-0.0019976196,-0.062028687,-0.0013985932,-0.0002793055,-0.05638517,-0.06449543,-0.08541399,0.05943128,0.08894075,-0.07968308,0.044568144,0.049310423,-0.021726439,0.07473996,-0.031558316,0.063291356,-0.013688194,0.0013033878,-0.035317577,0.059741907,-0.008773217,-0.026558515,0.010161864
0.053847462,8.774898e-05,0.07055601,0.054604758,-0.04895291,-0.022930313,0.09836155,0.040424306,0.07192295,-0.04420022,0.11289799,-0.25783065,0.059225198,0.056075558,0.027081488,0.012467433,0.018311445,-0.017910995,-0.08932633,0.009380267,0.09764454,-0.0012608818,-0.09471263,0.012581437,0.0690108,0.08085103,0.05327909,-0.032996275,0.02449106,0.05353956,0.0520746,-0.017211607,0.008040158,0.08278774,0.009979958,0.0034560626,-0.09266394,0.08621161,-0.033130277,0.076816514,-0.031041635,-0.0033854402,0.011735568,-0.024427144,-0.047364525,-0.120942526,0.047975563,-0.057246372,-0.0010714363,-0.05767855,0.05248674,0.045865316,0.02405516,-0.049851146,-0.013692142,0.03957429,0.049797323,0.050969254,0.20370899,-0.064140625,0.08957,0.19970983,0.014226146,-0.08083982,-0.032579128,0.0071654087,0.0012507098,0.007679552,0.008494313,-0.09002175,0.024460945,-0.043048814,-0.007313037,-0.007051344,0.035020377
-0.28973582,0.08514695,0.10479989,-0.050141215,0.007353021,-0.0041560726,0.1370496,-0.04153276,0.025340067,-0.07601201,0.12537242,-0.03913061,0.008471902,-0.031327352,-0.1022348,-0.01833646,-0.025247976,0.043433525,-0.046371132,-0.05859702,-0.013925851,0.02882859,0.1310857,-0.010064803,-0.045950577,0.010043557,0.010779045,-0.016082168,-0.009890604,-0.058056466,-0.0067710876,-0.103772834,-0.03262469,-0.20613609,-0.066201136,-0.007354155,-0.11496346,-0.05451937,-0.031889595,-0.0042582834,0.012353099,0.00094339997,-0.052681267,-0.0033968855,0.03356297,0.022934608,-0.022242926,-0.05260814,0.0015225882,-0.17829613,-0.037316915,0.04536155,0.008574564,0.0013335807,-0.068226814,-0.057572827,0.019213215,0.13337843,-0.025875788,-0.05778851,-0.06524275,0.11072575,0.0014081404,0.040134456,0.028631296,-0.12743193,-0.035174057,-0.043617826,0.02505856,-0.05922951,-0.03995923,-0.020515647,0.012272231,-0.098227054,-0.012164934
-0.08989464,0.056749735,0.12669985,-0.037762523,-0.06226787,-0.017438842,-0.06503711,0.025572909,0.007244772,0.003443431,-0.07341953,-0.11720936,-0.03766147,0.018884212,-0.037660442,-0.031460635,-0.1042048,-0.08202656,0.06015495,-0.14597404,0.05260008,0.1370576,-0.010845921,-0.08460151,0.032269206,-0.017365068,0.019450357,0.02883558,-0.025912618,-0.01202374,-0.032899555,-0.10255624,-0.0071309684,0.034857977,0.021750629,-0.0034470344,0.01909556,0.042792242,-0.04506266,0.029698525,0.04450525,-0.025871476,-0.011448847,-0.14085723,-0.27436975,-0.10687395,-0.029727522,-0.07823154,0.023626192,-0.017364439,-0.09027881,0.016883373,0.031756278,0.04801564,0.010116564,0.028906412,-0.0780003,-0.12241041,-0.114366345,-0.13191156,-0.088189416,-0.12143471,-0.09524206,-0.06339777,-0.06116342,-0.10811505,-0.20877445,-0.061345223,0.0021624994,0.028347118,0.013148202,-0.078165054,-0.004356152,-0.031917192,-0.029384537
-0.060988545,0.07874008,0.15993343,-0.06769454,0.07036214,0.07354679,-0.05907773,-0.049608026,0.07882039,0.14308554,-0.06613041,0.018825099,0.03630185,-0.06220752,-0.009977131,-0.043526888,-0.0067456234,-0.02660945,0.011877434,-0.011954393,-0.00040900242,-0.05635494,0.01541801,0.03195871,0.011580424,0.024298623,0.009955465,0.04739012,-0.11966931,-0.0039192196,0.07888084,0.030031089,-0.021404136,0.13658693,0.012822533,-0.036141794,-0.23152268,-0.0003919378,-0.08570745,-0.04196938,0.10048693,-0.08762583,0.008047413,0.07356407,0.04936184,-0.015956096,0.009312553,-0.087938815,0.0035137506,0.0007986652,-0.014872175,-0.06821547,-0.016975898,-0.03418608,-0.022111047,-0.045630284,-0.030009279,-0.048720974,-0.09284313,0.001273007,0.033246152,0.10686432,0.048604533,0.10588572,-0.09599469,0.02289833,-0.01704649,0.00019896589,0.015107171,0.05971229,0.048969127,-0.044973824,-0.0062615164,-0.012137956,0.021563383
-0.16945241,-0.1994882,-0.1817823,-0.098397575,-0.086928554,-0.09065867,-0.05412844,-0.013072609,-0.058435827,-0.13088834,0.009435887,-0.052656885,-0.100408606,-0.13498454,-0.03953042,-0.0113792345,-0.037124567,-0.06718166,-0.018080102,-0.12615423,-0.08332058,-0.08096559,-0.013633,-0.07657577,-0.08891999,-0.13461861,-0.07407403,-0.09071436,0.00083234103,-0.12524113,-0.014250499,-0.033716943,-0.09508675,-0.06950897,-0.06318615,-0.037503745,-0.1742512,-0.11229511,-0.11015431,-0.04308176,-0.029656274,0.020759983,-0.064006776,-0.06842648,-0.07158538,-0.12803058,-0.052998707,-0.026811168,-0.004337428,-0.006680823,-0.09736395,-0.018704431,-0.07289376,-0.08398253,0.021722004,-0.13718781,-0.012573403,-0.023422098,-0.059633102,-0.0007287219,0.02584001,-0.11430475,-0.12522143,-0.08402688,-0.085014924,-0.10774605,-0.08612268,-0.046575654,-0.02818713,-0.027927425,-0.0632367,0.017499419,-0.036347,0.004074201,-0.08364406
-0.12864643,0.049310848,-0.1601505,-0.023802696,-0.1212033,0.07262578,-0.052480552,-0.04187082,-0.093362726,0.0019473385,-0.042908676,-0.024242189,0.027372306,-0.12081738,-0.017563928,-0.06287913,0.07030376,-0.07334911,0.11509974,-0.041344,0.04179181,0.05353689,-0.026277125,-0.0022158609,-0.01891818,0.013916401,0.01144337,-0.1168051,-0.017715199,-0.024832737,-0.008316944,-0.051633935,-0.07507113,0.021535879,-0.03875788,-0.029203258,-0.033296384,-0.04989236,0.112709664,-0.036816012,0.06185616,-0.0068774186,-0.04577588,0.029493434,0.058671482,-0.08053772,-0.029172532,-0.09612733,0.00944313,-0.04867126,-0.103661954,-0.051251978,0.026299862,0.01645831,0.07438142,-0.061564673,-0.07167151,0.009762054,0.03594485,0.024020454,-0.0442165,-0.06943473,0.03739198,0.015730489,-0.052796688,-0.027160225,-0.0057263738,-0.03475378,-0.008428806,-0.07346664,-0.07973392,0.0050742365,0.004743586,-0.038417503,-0.058287594
-0.14088848,-0.09514139,-0.19139895,-0.001680696,-0.051652007,-0.0027537034,0.13976383,-0.07454411,-0.023738079,-0.024268445,-0.11726509,0.013055391,-0.038706202,0.11166562,-0.0023503609,-0.06838602,-0.021785522,-0.028445758,0.075760245,0.0060119703,0.040619627,0.056405127,0.038190126,-0.086183414,0.040033355,0.07846692,0.03577678,-0.03553526,-0.1449435,0.06926894,0.035353705,-0.1263321,0.027223116,0.091736905,0.10623182,0.0016079895,-0.008679547,0.05590084,-0.04717445,-0.021619549,-0.117149726,-0.0014063779,0.0011385093,-0.030777503,0.09098787,0.0051171854,0.086156964,0.009993225,0.0033809545,-0.096563,-0.074075095,-0.027165052,0.010263832,0.053352825,0.031513453,0.054826397,-0.054178644,-0.053621363,-0.029019307,-0.120045684,-0.005967604,-0.06346585,-0.16480087,-0.0075148786,-0.051063754,-0.023777734,-0.068026885,-0.0918811,0.044933893,-0.037382513,0.0014195571,0.0372817,-0.011330604,0.04122268,-0.06242546
-0.031717382,0.029332258,0.29748785,0.046034332,0.0817849,-0.009316186,-0.08260109,0.04592221,-0.07763647,-0.044767223,-0.02727051,-0.027192619,-0.0043634875,-0.084665954,0.022796534,-0.1937354,-0.0903441,-0.17193876,-0.03635181,-0.07575271,-0.035052173,-0.00908726,-0.012283864,-0.1058116,-0.059119653,-0.0025250807,-0.023668075,0.065879226,-0.069445655,0.028474005,0.044437077,0.041692596,-0.10233377,0.011013813,-0.042555243,-0.018308457,-0.06577145,-0.07829483,-0.02096828,0.0064602033,-0.101164654,-0.030050423,-0.038071096,-0.057046685,-0.025401264,0.013499251,-0.030677423,-0.02403133,0.012703551,-0.038217433,-0.052432723,-0.018434785,-0.0051868977,-0.15425722,-0.118492156,0.024496712,-0.057477713,0.07752954,-0.15573554,-0.112553075,-0.030899758,-0.0067541115,-0.039877947,-0.043116257,-0.07642251,-0.014635026,0.0022286947,-0.047821112,-0.04139901,-0.068824135,-0.018316796,-0.13886513,-0.020170676,-0.05318016,-0.047388002
0.08138627,-0.18280715,0.108670324,-0.044872254,-0.05714408,-0.0731213,0.057303574,0.02476599,0.014767267,-0.056715693,0.10028031,0.01416713,-0.038929746,-0.1022116,-0.056260712,-0.023006257,-0.0041684406,-0.0036492664,0.055222258,0.015864007,-0.064503126,-0.0147207705,0.08723744,-0.054984637,0.009751054,-0.09748408,5.3992495e-05,0.018872982,-0.10277648,0.0348856,0.044448897,0.18335333,0.13270879,-0.029452553,-0.03454072,0.022401195,0.019359883,-0.13007364,0.016951175,0.070275806,-0.0469532,-0.0208291,0.022482298,0.04549627,0.09999995,0.00028001642,-0.013345624,0.025431646,-0.060432255,-0.03704367,-0.040074237,0.0017778691,0.026844196,-0.1548881,-0.010916933,-0.024246007,-0.07350158,0.11146536,0.03492784,-0.016264953,-0.03464297,0.076818615,0.04947381,0.0860596,0.09019465,0.0015288852,0.016165236,0.05154337,-0.027888238,0.035592444,-0.0039171255,0.090282835,-0.0005881876,0.029789783,-0.010133597
-0.018701466,0.030883834,-0.270197,0.090228826,-0.09653916,0.10318345,0.004967008,0.018412555,-0.04564009,-0.014999202,0.037283137,0.0049699447,0.0031081378,-0.084391974,-0.049915433,-0.038727015,-0.03229884,0.04406197,-0.042272396,0.035409432,0.11271818,-0.0943021,-0.13496462,-0.051578775,0.01096129,0.09659104,-0.026442343,0.22117585,-0.022759756,-0.013686541,-0.10508946,-0.049694665,-0.121354334,-0.23628345,-0.045575373,0.00023824116,-0.0741815,-0.12933013,0.011900297,0.0672467,-0.07755637,0.0005024026,-0.014833864,0.11080052,-0.03166603,-0.017730761,-0.0028859768,0.13012582,-0.06486858,0.107433975,0.037977584,0.029981855,-0.02871819,0.043221127,-0.025869232,-0.10566326,-0.082571656,0.1497489,0.026522528,0.065014355,0.07150924,-0.024582848,0.021021368,0.06798304,0.011820391,-0.075798415,-0.11459324,-0.00484972,-0.016524713,0.073394224,0.030397598,-0.061635565,0.005212357,-0.07269281,-0.009150654
-0.05125335,0.011175567,-0.42328832,-0.08637273,0.0103533575,0.051550645,-0.0050647096,0.00012598373,-0.10604854,0.07610804,-0.14120366,-0.11391424,0.018027006,0.0024556797,-0.07468134,0.12394713,-0.055308376,-0.0978529,-0.16154811,-0.061659623,0.067801274,0.05842626,0.03346597,-0.08054768,-0.03438502,0.038000558,-0.027067525,-0.028871125,-0.02806392,-0.01183809,-0.04237922,-0.06762787,-0.114760965,0.029187735,0.04974296,-0.00848089,-0.009846313,-0.05154761,-0.022145536,0.014971897,-0.035764117,-0.01936935,0.0075313966,0.04921716,0.0040786504,-0.1521456,0.023608364,0.13361591,0.017674027,-0.04741575,-0.07819504,-0.029952018,-0.021088561,0.0013500515,-0.020127252,-0.04982025,0.05576834,0.030810595,-0.09384938,-0.027034307,0.12792532,-0.050007433,-0.072203465,0.080672905,-0.024466522,0.012136541,-0.0214146,-0.037113395,0.023907542,0.06553374,-0.022514967,0.010364506,0.005869394,-0.00043549607,0.04073595
0.0030719142,0.17963172,0.045786623,-0.035346624,0.021217283,0.00760929,0.066383034,0.04741815,0.094988026,0.016022312,0.0038161303,-0.047030464,-0.00014758608,-0.055344556,0.024514068,0.072547674,0.03681315,0.04178072,0.03810762,-0.035815068,-0.02319033,0.04181405,0.083690524,0.03073617,0.027186457,-0.053573158,0.04078743,0.061101746,0.08885668,0.030655704,0.017433284,0.015806131,0.227049,0.031472865,0.011287538,0.024645537,-0.011489573,0.07830559,0.11613094,-0.01661834,0.062388342,0.0033850577,0.021807984,0.029143546,0.18220657,0.070646875,0.053801887,0.008754516,-0.007943733,-0.0136555135,0.050364275,0.036274124,0.010276535,0.05421877,0.06685761,-0.016146658,-0.091149956,0.066338144,0.01859345,0.09257876,-0.04546613,0.013427561,0.011637896,0.013962395,0.10868464,0.13606387,-0.041063745,0.12829582,0.05782153,0.08846356,0.032643955,-0.006975647,-0.034864563,0.007175572,-0.027472826
0.12297081,0.09098354,0.114286676,-0.04098311,0.04476977,0.054408778,0.051658418,0.096311435,0.118428744,0.0001825802,0.029279593,0.10114299,-0.061030995,-0.070443034,0.021940684,0.092472754,0.09205681,0.11682936,0.05728721,0.05376333,-0.13095677,-0.011871196,-0.009216803,0.1375368,0.007725811,-0.06721647,0.06880336,0.056818273,0.12888959,0.0006869277,0.049625862,-0.06320285,0.12004671,-0.080426484,-0.044789873,0.071560815,0.072161786,-0.08479078,-0.087753884,0.017728692,-0.023117578,-0.015904892,0.052574743,-0.08317219,0.196621,-0.046639085,0.16664658,0.14816326,0.0019967535,0.04299321,0.02829282,0.05740667,0.08540104,0.04875971,0.09716546,0.061381254,0.079893075,0.02759777,0.17791295,0.022422733,-0.034408256,0.044363912,0.084479935,0.003228752,-0.0033385493,0.01302557,0.12559043,0.005765856,-0.013676485,0.10383063,0.01719203,0.139013,0.044508904,-0.009890577,0.07738776
-0.08718157,0.03982966,0.030092422,0.04206338,0.010971711,0.0005341649,0.17849475,0.11488608,-0.009794973,0.063809045,0.028986735,-0.037930787,-0.026051654,-0.012105921,-0.054455962,0.08294475,0.07356661,0.05207344,0.0020467555,0.01243501,0.021765385,0.046390932,0.17770937,0.021558939,0.07267624,0.014252683,0.03726036,0.16209345,0.14974126,0.02132513,0.21102317,0.07871431,0.08548994,0.1383646,-0.032975942,-0.030544277,0.11503437,0.13845812,-0.08598421,0.026460214,0.15478328,0.024534225,-0.07671265,0.006731041,0.11768632,0.098838374,0.05611186,0.13030174,0.021127244,0.022699535,0.09966425,-0.03171607,0.036282197,0.063559026,0.047905937,-0.008281115,0.09617164,0.092066176,0.22054541,0.08338476,0.021988885,0.030177452,0.02369271,0.07679328,-0.022134982,0.10182541,-0.031894833,0.022800233,0.056198686,0.053725734,0.027463272,0.031646356,0.04662895,-0.047968894,0.056696624
0.072717234,0.004590366,0.16979851,-0.021993574,0.039136603,0.091751345,-0.00469062,0.10418218,-0.059379622,0.047166556,0.088275954,0.11334374,0.07448502,0.01989967,0.035233643,0.036756556,0.06687708,-0.02169536,0.018389268,0.021228457,-0.0506516,-0.10266924,0.02307463,-0.0010734042,-0.012479522,-0.004410835,-0.0089751175,0.002141275,0.08451893,0.014734145,0.005576465,-0.023273816,-0.027414285,0.22976753,0.0011089835,0.005423775,-0.03809282,0.06351155,-0.051275432,0.05899393,-0.05050552,0.0036666347,-0.053009853,-0.018530361,0.10517958,0.0036759179,-0.004818091,0.05834888,-0.03135492,0.089777194,0.05055133,0.08694084,-0.017913021,-0.08554082,-0.045150608,0.07359394,0.030887252,0.026806194,-0.19232097,0.07736611,0.09571915,0.006745383,-0.03953635,-0.03381216,-0.092296064,-0.07981461,-0.117895715,-0.13890806,-0.0053636413,0.010100154,0.030874077,0.071586594,0.015330705,0.0039938926,0.037324157
0.05344963,-0.06395125,0.26847944,0.05994172,0.08444248,0.011341411,-0.011246251,-0.0007516388,-0.04996818,0.02524919,0.15240683,-0.10015103,-0.007159417,0.11079908,-0.008066903,0.061293222,-0.15155518,0.16802482,0.047954716,-0.015404195,0.14065146,-0.13817656,-0.035490155,0.048701532,0.036922958,-0.014807412,0.012345231,-0.07803474,-0.01611019,0.017970916,-0.1000023,0.1486364,0.094042554,0.032353185,0.02166188,-0.0028089583,0.04501678,-0.1363815,0.0014567421,0.07000686,0.03959618,0.036069557,-0.0038132234,0.041734442,-0.016677335,0.029115347,0.06118511,0.11632316,0.019064032,0.013537736,0.032746326,-0.011874998,-0.035331473,0.110256836,0.03195855,0.02897117,0.10781904,0.06088339,0.07104016,-0.092279725,-0.12622859,-0.04951506,0.035315573,0.04466576,0.099168226,-0.031874906,-0.12150374,0.123201996,-0.023762345,-0.07097809,-0.036541406,-0.03395495,0.036559343,-0.027422681,0.024121815
-0.03676241,0.06660511,0.042402424,0.047831733,0.0986029,-0.0307171,0.026346806,0.04546481,0.0045634983,0.12893668,0.106095016,0.031962674,0.06920621,0.13225307,0.085122906,-0.049978804,-0.040136643,0.08816244,0.014913661,-0.010061765,0.05267235,-0.14561027,0.09115871,0.03388919,0.034022816,0.103852175,0.0017540202,0.14331928,0.011985443,0.029799044,-0.0153939305,0.01012897,0.06400305,0.18722145,0.11021209,0.0019469106,0.0077649094,0.06128326,-0.02246087,0.026120845,0.047198456,0.01852467,0.057057295,0.06615563,0.20549157,0.0576958,0.115538,0.017250743,-0.009271677,0.11673115,0.07257375,0.015829317,-0.0128132915,0.026071247,0.08745898,0.07264415,0.023050368,0.0023915016,-0.007025597,0.026490068,0.024573496,0.060953494,0.100457005,0.10328719,0.05510568,0.022429084,0.0012703532,0.05780885,-0.03975728,0.0103736315,-0.0064028604,0.02739616,0.03841765,0.11002919,0.035500124
0.13463166,-0.02529016,-0.48361543,-0.011134909,-0.00028585084,0.041548785,-0.06304509,-0.088561445,-0.023135066,0.0067614913,0.11853364,-0.00038105002,0.03620761,-0.003268551,-0.006924788,0.0833389,0.1300399,0.032682437,-0.04014662,0.047798555,-0.044915486,-0.17401694,0.021431625,0.0016027438,-0.046684545,-0.052848455,0.0031594813,-0.0051363236,-0.05846327,0.0380284,-0.07667684,-0.05657093,0.067245185,-0.18568961,-0.052241422,0.008940238,-0.10575765,-0.028788408,-0.020240625,0.025278358,0.016479393,0.02577958,0.04959276,-0.05711722,-0.4118186,0.054602325,-0.056510706,0.039541356,-0.03195829,0.044744436,-0.09953119,-0.092264496,-0.018167848,-0.047075808,-0.07987151,0.032193977,0.0017668143,0.028367123,0.02679795,-0.03694687,-0.005005667,-0.08895331,0.03644298,-0.048671868,-0.047599055,0.03959627,-0.013354741,0.021228805,-0.018860605,0.02832212,-0.023838345,-0.083876744,0.0069936262,0.011745068,0.049788065
0.053322904,0.011469804,0.02912933,-0.019556215,0.03176524,-0.0633373,0.023858989,-0.0024085473,0.048164856,0.076644674,-0.03385312,-0.069294274,0.0446636,0.034205753,0.046353545,-0.084781155,0.010386774,0.039205268,-0.028028527,0.06270462,-0.026428232,-0.0037952666,-0.04028065,-0.059673972,-0.013755317,-0.019739337,-0.0052031553,-0.014088484,0.024330199,0.0430718,0.017448677,-0.031342067,0.013970746,0.12977022,-0.024844859,0.03459098,0.13105068,0.016839933,-0.075455286,-0.006718284,0.05676354,-0.03254155,-0.053789534,-0.008404773,-0.07353886,0.018574094,0.022979667,-0.0484808,-0.019527134,0.029484952,0.044650618,-0.037580043,0.02542973,-0.079440564,0.03706943,-0.012929127,0.0053145713,-0.029083297,-0.031667806,-0.028036136,-0.02341754,0.030847423,0.051783085,0.038753755,-0.041532815,0.02293173,-0.009071829,0.01121733,0.050320677,-0.013014741,0.021407435,-0.047507077,-0.0067832316,-0.01454692,-0.010384332
-0.052354954,0.1742434,0.15750861,-0.06494107,-0.053774707,-0.04266153,0.19597499,0.15735714,-0.04638806,0.08383106,0.14976223,0.04537391,0.057402544,-0.002701128,0.032941107,0.03608079,0.11917728,-0.043144327,-0.05810926,0.026376659,-0.105245985,0.10798009,0.069107056,-0.016766433,0.019942863,-0.019024748,-0.0027857095,0.0057271644,-0.023164395,0.029867634,-0.014240349,0.06193938,0.007719808,-0.08948799,-0.03294371,0.033520162,-0.054701157,-0.109291,0.017949635,0.026544178,-0.014230928,-0.002406036,-0.01425148,-0.10857332,-0.0034717098,-0.0057973373,0.014216511,-0.015855923,0.0036116773,0.06464193,0.06490745,0.0035364013,0.05644872,5.4499757e-05,0.16070683,-0.024364986,0.013235189,0.04216893,0.15627101,0.020102372,-0.07601413,0.056882076,-0.03752596,0.01992467,0.0006083818,-0.13396738,0.08149199,0.05772519,0.004192775,0.06338446,0.0061218636,-0.047912166,-0.01631376,-0.036851175,-0.037489332
0.1313204,0.07652604,0.33975786,0.011954559,0.047343332,-0.006778975,0.018679269,0.058756106,0.049771212,0.08687665,0.006974691,0.14515401,0.11914771,0.08255074,0.07814671,-0.024457341,0.13306718,0.08292167,0.084467456,-0.017473398,0.061879933,-0.015513511,0.1118487,0.0687055,0.11030211,0.06867491,0.035588227,0.044911467,-0.06425041,0.14891644,-0.03126929,0.057668746,0.06754339,0.20434088,0.094220996,0.031321198,0.12119317,0.19723545,0.041422118,0.033136304,0.07530369,0.17174041,-0.009497801,-0.0027496037,0.04155851,0.19331627,0.15266223,0.03672284,0.061000902,0.14372832,0.023234908,0.0031224787,0.04933322,0.0954045,0.097328246,0.049911104,0.08024018,-0.008299119,0.124974355,0.03094672,-0.00034185685,0.046719953,0.06592291,0.116980016,0.031253632,-0.0369498,0.06863366,0.05412404,0.02396987,0.111245245,0.09069402,0.0024718624,0.07711441,0.13865739,0.12015039
0.08345218,-0.1727593,0.3767314,-0.079017445,0.076104544,0.06763595,0.09023464,0.017131899,-0.03642535,-0.022782376,-0.0052122786,0.08653863,-0.107959926,0.025086015,0.058718473,0.14214388,0.094259344,-0.026924102,0.036492858,0.11814653,-0.017782139,0.13906805,-0.011912927,-0.06455893,-0.021616077,0.07504858,-0.015031017,-0.029840505,0.17885596,-0.004608332,0.10180398,0.022744996,-0.01432871,0.057531383,0.078565285,-0.037826046,-0.017591912,-0.11977747,-0.082422204,0.06759454,0.0008722606,0.051272985,0.05341407,0.023387428,0.12467659,-0.0075563877,0.0040763402,0.014362195,-0.01878392,0.033492047,-0.12660284,0.044390485,0.03147687,-0.03842481,0.11228967,0.10332063,0.024659712,0.10802277,-0.01827254,0.099235356,0.054846816,-0.11005726,0.0032010004,0.060594127,-0.1404189,0.14306822,0.081541106,-0.08194792,0.041904032,0.07395987,-0.02762762,0.11305447,0.025272802,-0.06418581,-0.01121551
0.06566911,0.066061795,0.041373894,-0.033031758,0.025592454,-0.042522058,0.028776322,0.047439154,-0.054070495,-0.07098679,0.007534287,0.015786808,-0.009259788,-0.018983522,-0.026799534,-0.1297839,-0.00126603,0.10268655,-0.04448141,-0.076618895,-0.055095423,-0.07214712,-0.009650976,-0.07122132,0.013037764,-0.022347812,0.01787248,0.008993827,-0.16668883,-0.17482486,0.04435236,-0.005027761,-0.13063279,-0.10999315,-0.02554604,0.00014097296,-0.09219172,-0.1394936,0.06447872,-0.026911965,-0.051782664,0.00803047,-0.010239621,0.01673449,-0.15084746,-0.03797692,-0.0248864,0.022635253,-0.025586054,-0.0076617473,-0.035361975,-0.05133299,-0.0021032342,-0.06971641,-0.032603264,0.023900019,-0.053665448,-0.060291898,-0.020835824,0.08773162,-0.11373013,0.1019892,-0.05365381,-0.15761974,-0.039337147,0.17130677,-0.03556251,-0.09820126,-0.00081227906,0.05797264,-0.011292061,-0.029366933,0.0031894722,0.077108815,-0.01787666
0.022559624,-0.01906044,-0.32566202,0.053114187,0.007511602,0.010002116,-0.090039134,-0.01502269,0.034226205,-0.017737288,0.049154766,0.05365038,-0.032747675,-0.08949674,-0.02262004,-0.042887032,-0.044778842,-0.024566418,0.12356699,-0.04316513,0.04153399,0.013276581,-0.022375291,0.038123347,0.065365545,0.10848149,0.01305431,0.1555039,0.040355783,-0.018133996,-0.01892568,-0.042131722,-0.01205294,0.00826042,0.027212428,0.035740476,0.29029512,0.0638801,0.0318248,0.0048774066,0.0147301005,0.038355235,0.048130862,0.010854927,0.11687958,0.04131009,-0.09583605,0.016432619,0.015182361,0.15543966,-0.015623327,0.024022087,0.051589612,0.076464504,0.02150491,0.025420759,0.043934204,0.06046314,0.07585279,-0.049042113,-0.0077735353,-0.06433194,0.015775483,0.00221755,0.11817789,-0.0035483236,-0.068334185,0.07281055,-0.005217511,0.032231,0.07594173,0.113387465,0.03244689,0.05793657,0.015800461
-0.058042347,0.045479055,0.15727639,0.017178586,0.044497818,0.10462456,0.042646836,0.021294001,-0.042762905,0.109720096,0.04478949,-0.119777225,-0.043779165,-0.040720563,0.027978271,0.062018335,-0.03381378,0.13173571,0.038214657,0.0076528676,0.009178147,-0.10590875,0.04813581,-0.023552556,0.026211817,0.041201547,-0.0089151515,-0.08454059,0.098001316,-0.00893696,0.06362009,-0.042411774,0.119594306,-0.031517345,-0.009477109,0.029489042,0.121589065,-0.0055802213,-0.13185684,-0.023844842,-0.006354482,0.043165963,0.015727682,0.103926,0.062371217,0.031839307,-0.005379201,-0.030969728,-0.022780456,-0.052859113,-0.06491129,-0.010746669,0.020187039,0.055070028,0.039128438,0.092033915,-0.057273682,0.1079661,0.1198937,0.049527336,-0.009088784,0.08413758,0.011485348,0.07668774,0.027041495,0.0061137257,0.060742132,0.012574948,0.08753978,0.029515693,0.02704653,0.024000976,0.0722728,-0.033322074,0.060738347
0.03915494,-0.21684314,-0.07640258,-0.044963647,-0.09396138,0.037638567,-0.0058888393,-0.07164868,-0.0046602627,-0.0061481176,-0.030152632,-0.0593844,-0.06372082,-0.022373552,-0.022271523,-0.03633476,0.020771183,-0.05527867,-0.011046369,0.04558844,0.008605832,0.067661196,-0.12492351,-0.030060733,-0.06609462,0.047850594,-0.03711751,-0.089223474,0.06553581,-0.001089011,-0.0316434,-0.07923791,-0.117371365,0.082670525,-0.011030039,-0.04589653,-0.019428644,0.111391515,0.09572019,0.013383756,-0.04552662,-0.03093647,-0.03310082,0.011928911,-0.095273696,-0.059129477,-0.0863446,-0.012978396,-0.036060896,-0.03692482,-0.1654724,-0.093518294,-0.027060727,0.036461618,-0.08190193,-0.09561591,-0.029344747,0.06844743,-0.1665653,-0.04563896,-0.0024568168,-0.09782406,-0.0017459411,0.004501352,-0.13128056,0.02871946,-0.12508784,-0.18406864,-0.03297305,0.027367124,-0.070939384,0.017243482,-0.045391567,0.005026547,-0.010689037
-0.06589876,-0.07448006,0.33109066,0.10089594,0.023068812,0.0901371,0.13585262,0.11121269,0.08142454,0.14473763,0.13010329,0.07940822,0.11092534,0.10727892,0.028674727,0.13058707,0.21202946,0.02593277,0.12147169,-0.001910229,0.11184073,-0.0635137,0.1949594,0.054734416,0.07158967,0.13570476,0.013317349,0.06950364,0.15744884,0.13868167,0.07260379,0.015941512,0.14800552,0.15414451,0.050067674,0.011357511,0.14868893,0.24826518,-0.045572337,0.06777608,0.048806895,0.06814383,0.056466762,0.060161494,-0.071424134,0.12255943,0.05119823,-0.024191266,0.0743563,0.062767744,-0.03402522,0.04127653,0.009095742,0.1044628,0.064459234,0.050841346,0.03454413,0.065297715,0.038192257,0.06514249,0.10016295,0.106986426,0.014041087,0.08278152,-0.0043679033,0.03453938,0.079759754,0.07943466,0.020442229,0.037759807,0.03475771,0.045180805,0.033334237,0.04825212,0.062391404
-0.042865,-0.15249717,-0.09610726,-0.06597473,-0.07107318,-0.087607734,-0.10960588,-0.09966084,0.0072672567,0.010923247,-0.1680767,-0.026671946,-0.09327869,-0.0439051,-0.029330606,-0.032312565,-0.044756215,-0.050297737,0.056326017,0.00043432787,-0.06538029,-0.051308338,-0.06613377,0.0064644087,-0.035302296,0.024502536,-0.031096322,-0.12554921,-0.14357182,-0.014144994,-0.09416957,-0.08558952,-0.03340152,-0.04742884,-0.063699216,0.0031128423,0.013260803,-0.054116234,-0.0071957023,-0.0118783815,-0.091753505,-0.041976936,-0.011490513,-0.050527625,-0.13422586,-0.098841995,-0.052036542,0.006725667,-0.022279896,-0.07750658,-0.051415715,-0.047899857,-0.025746182,-0.039544027,-0.1322262,-0.087016515,-0.10003259,0.052470583,0.039001,-0.052675236,-0.08121584,-0.06335549,-0.032108516,-0.059226435,-0.14088294,-0.017097158,-0.07821325,-0.1549461,-0.007069884,-0.04152634,-0.0819537,-0.03348691,-0.029657274,0.0020257048,0.0031850971
0.04690429,0.13625696,0.17557655,0.051261257,-0.0035202252,-0.12388752,0.13638434,-0.002342482,0.11171835,0.06589945,-0.04202719,0.094842106,0.0686751,-0.013022806,0.026062805,-0.021702465,0.08659022,-0.1036578,-0.0020270348,0.011685519,-0.04040801,0.019064365,0.003287493,0.06985056,0.034780186,0.041659534,0.027626028,0.090447605,-0.080307454,-0.029278085,0.07772145,0.057575043,-0.0016988639,-0.0066371458,0.036817584,-0.006841341,0.012145679,0.18447362,-0.03510719,-0.043635864,-0.0061043142,0.042085554,-0.060141563,0.059720237,-0.040817417,0.07018374,0.07364815,0.05615201,0.034871146,0.066267364,0.027304228,0.043665957,0.00978799,0.012133452,-0.004667845,0.08277821,0.022626225,0.0135304695,0.038088866,-0.06684504,0.055990998,0.07731258,0.055401113,0.026214872,-0.019564645,-0.04534469,0.15379234,-0.042852473,0.021638926,0.047862183,0.027673682,0.022347357,0.044466313,-0.0051710494,0.037845343
0.17822632,0.09455961,0.18211558,-0.0068850205,0.023319663,0.0022174583,0.08027767,0.020071384,0.062416807,0.12399781,-0.05995506,0.13154551,0.07528522,0.11436528,-0.037016895,-0.03764828,0.047882386,0.051730797,-0.12885974,0.030238707,-0.029752571,0.22671708,0.005549138,0.0021334449,0.018813437,0.00878759,-0.01761203,-0.0545732,-0.08674779,0.05067784,-0.026544651,-0.048936725,-0.051587854,0.024399176,0.008159934,0.056407265,-0.009313539,0.017807148,0.012391924,-0.013074673,0.13482521,-0.02353495,0.026043715,0.02106179,0.13939627,0.12878518,0.0006918581,0.10960472,0.059220064,-0.021538686,0.1514321,0.026969358,0.065820135,-0.0014500221,0.046228647,-0.004847138,-0.021593759,-0.023802219,0.19591567,0.042855788,0.052436378,0.009350955,-0.0018033951,0.041170638,0.07356482,-0.2606666,0.16558088,-0.0028945357,0.0029434767,-0.0042758826,0.033560466,0.14858666,0.030817559,-0.012484669,0.04693595
0.0007357672,-0.15585716,-0.13191839,0.12575592,-0.013419044,-0.074782446,-0.036916416,-0.112080865,-0.009715856,-0.15473104,0.112656735,0.16391414,-0.15628725,-0.010367312,-0.055048537,-0.0012394029,-0.027037878,-0.06962424,-0.04940113,0.014328918,-0.03471303,0.047491908,0.041291226,-0.11029464,-0.04264019,-0.110371225,0.051491063,-0.1538648,-0.0076828315,-0.012202149,0.11738648,0.005905365,-0.00075443834,-0.09437179,-0.07591188,-0.0064623486,0.0027374427,0.010822175,-0.110851444,-0.016939456,-0.064399496,0.014572717,-0.049738,-0.0014661765,-0.03286688,-0.08216946,-0.016577428,-0.12957731,-0.032014895,-0.06428218,-0.12474367,-0.030030029,0.030817855,-0.023099918,-0.12092854,-0.05286771,0.16010617,0.018568646,0.10426313,-0.08530762,-0.04706376,0.061850987,-0.11353489,0.006544263,-0.0059673158,0.050192982,-0.07477636,-0.024064194,-0.02739311,-0.1454841,0.0070323143,-0.16175027,-0.012201568,-0.034415238,-0.04722396
-0.17868274,0.19475807,-0.2914543,-0.019082649,0.07186685,-0.052844334,0.0007983985,-0.13245378,0.01977197,-0.021214265,-0.07445416,-0.011863701,0.02909117,-0.0068560163,0.021516051,-0.01710242,-0.051181532,-0.11102331,-0.039272122,-0.071498334,-0.10983177,-0.0059451303,-0.07530343,0.05960314,0.0011402592,-0.11514082,-0.027158437,-0.016524753,0.020269519,-0.043929245,0.028079225,0.02213471,-0.0101628,0.02342121,-0.0077872155,-0.024857925,0.012541024,0.18734452,0.108484685,-0.046952836,0.0053293006,0.034828357,-0.08009395,0.07760351,-0.039868686,-0.0839262,-0.06861833,0.050216004,-0.015688652,0.11079435,0.004428846,0.019114885,0.013948126,-0.081101134,-0.04897549,0.022860225,-0.011234875,0.09045287,-0.011041593,-0.05475073,0.099030875,-0.074313834,0.01241249,0.071045816,-0.10871373,0.015424786,0.033434667,-0.009072794,-0.0005858559,0.10465269,0.024363348,0.17346846,0.0033227392,0.06886724,-0.0794148
0.081933856,-0.00972354,0.017071087,0.05848473,-0.051672485,-0.04745249,-0.024141982,0.006332714,-0.022908505,0.012883755,0.22278583,-0.0961365,-0.07835588,-0.060789194,-0.005476738,-0.08699092,-0.004003853,0.038861886,-0.019670673,-0.034893617,0.012712015,0.096971944,0.036376223,-0.029500116,-0.03252284,0.03534792,-0.020579612,-0.015462044,-0.03676616,-0.0572919,0.027994791,-0.17373201,0.028903065,0.085214406,-0.018150631,0.033503752,0.02444519,0.017832488,0.0604828,0.07489726,0.09154908,0.022934563,0.043717515,0.056438718,-0.04340338,0.15797774,-0.01604866,-0.025870318,-0.004301656,-0.098930314,-0.031848505,-0.048325602,-0.025591563,-0.04738752,0.0417331,0.06669576,0.06482678,-0.009829183,-0.012628752,-0.023110732,-0.0070245126,-0.03645446,0.09683718,-0.028330654,0.027495092,0.12318688,0.03228852,0.024974165,-0.014704619,0.0013750987,-0.027506778,0.018405423,0.013173997,-4.4992194e-06,0.05552787
-0.015488587,-0.14671823,0.2384172,0.008680934,0.065067895,0.032706637,-0.09118518,-0.024059165,-0.06318979,-0.051740915,-0.16429506,0.027887557,-0.056106955,0.058384083,0.0424442,0.117300086,-0.095711984,-0.055149063,0.13018806,0.13480824,-0.085754074,-0.020647995,-0.05001996,-0.04700543,-0.03216907,-0.062973976,0.013811215,-0.19876847,-0.12148595,-0.013225859,0.0017183748,-0.15095647,-0.013068376,-0.07798233,0.0020045023,-0.046850465,0.041078664,-0.009274548,-0.02551544,-0.023192462,0.1282067,0.023420643,-0.08285028,-0.04051185,0.05444051,0.008808101,-0.007999346,0.022107838,-0.035596848,0.075013675,-0.044682495,-0.06827034,-0.08830612,0.038279526,-0.09344725,0.0118221035,-0.066670224,0.07628828,-0.09642344,0.05733658,0.048480727,0.051662095,-0.027431644,-0.08144228,-0.0417265,-0.13326067,0.02524383,-0.12559631,-0.01663319,-0.025073681,-0.077581,0.07610057,-0.004371999,0.047737658,-0.052181084
-0.13947952,0.01607415,-0.27094588,-0.03703681,-0.087124094,-0.0591578,-0.04024168,-0.048260998,0.048513066,-0.16682124,-0.10421216,-0.04289577,0.11713346,0.08965472,-0.043333795,-0.07373773,0.020198654,-0.05795926,-0.040064916,0.009286566,0.02686193,0.10820492,-0.07526947,-0.00984332,0.0088952435,-0.058386594,0.018838298,-0.018140126,0.040279508,0.024058308,0.07306369,-0.017223924,-0.005963366,-0.03307607,-0.05138754,0.00069086265,-0.08094614,0.026964977,-0.08824117,-0.04222106,-0.16305847,-0.0012992596,0.010973677,0.0436334,-0.16294567,0.1292899,0.035994697,-0.10806973,-0.027193291,-0.052051898,-0.08339502,-0.07002099,0.016422667,0.037877597,-0.08824807,-0.042645164,-0.04036523,-0.009347299,0.06698304,0.020614471,0.012357371,-0.041933082,-0.08756645,0.018950645,-0.105648786,0.07190377,-0.015592687,-0.16634941,-0.015052235,0.036652874,-0.040776506,-0.153432,-0.049746875,-0.010744227,-0.10715382
-0.03436947,-0.084050015,-0.0098562725,-0.04889266,-0.06369921,0.066422544,0.083617374,0.014256134,-0.044928465,-0.011812171,-0.015875777,-0.029405957,-0.06484409,-0.07378485,0.022881687,-0.030313892,-0.025614642,-0.08844047,0.05907673,0.00012023002,-0.050500013,0.007862674,-0.010898858,-0.010439077,-0.0009954826,-0.06294377,0.032157276,-0.06841599,-0.021033335,-0.020898536,0.038377244,-0.038826313,-0.059598677,-0.065078706,0.02109797,0.0015791557,0.037806895,-0.014288585,-0.0053758817,-0.026034037,-0.004137929,-0.0039296737,-0.057406712,-0.033935323,-0.03900707,-0.066857174,-0.018879982,-0.06887217,-0.0021948908,0.03472253,-0.009877566,-0.04404833,-0.0068520308,-0.012232868,-0.094206,-0.01447915,-0.029257318,-0.003592219,0.03520467,-0.057202883,-0.01313305,0.03772819,-0.04579443,0.03985005,-0.08478224,-0.103413224,-0.114120215,-0.06682497,0.006170055,-0.03669908,0.020918787,-0.023155937,-0.03571604,0.04135973,0.0048760623
0.117094874,-0.23141593,0.15281726,0.0061269323,-0.025811179,-0.036699794,-0.020140208,-0.012314571,-0.07026194,-0.13295525,0.067292444,-0.008449389,-0.08456999,0.034026425,0.017601406,-0.056066766,-0.11632471,-0.048178703,-0.049211368,-0.006501981,-0.06009592,0.067899615,0.15230623,0.035863303,-0.004925585,-0.16136533,0.013300954,0.06842125,0.15346959,0.050249316,-0.049321126,-0.022035167,0.079009,0.10683039,-0.010575645,0.016258286,0.14425395,-0.03790311,0.054231167,0.008041305,-0.009263562,0.0012842219,0.037727635,-0.07152863,0.13539578,0.07523052,-0.08609593,-0.062055565,0.02263264,0.0025569294,0.05409368,0.08970086,0.021784868,0.011136735,-0.0257181,-0.086158454,0.043539077,-0.011199116,0.17446016,0.03339283,0.0032885023,0.022497436,-0.025690477,0.06627688,0.004272774,0.10054665,-0.086616054,-0.010101879,-0.010628264,0.03600972,0.05607822,-0.029650027,0.0058210865,0.023284264,0.003458024
0.060918845,-0.008238092,0.03061521,0.023610314,-0.007678751,0.10610988,0.07868202,0.04133868,0.07281299,0.007770218,0.03661021,0.013189621,0.023924839,0.09793713,0.006724508,0.1397048,-0.07079545,0.11663908,0.0005742302,0.01048227,-0.002385132,-0.018610671,0.044866614,-0.026344461,0.048773002,0.07482546,0.025740897,0.11046218,0.15640861,0.044866975,0.043809783,0.13454883,0.099435166,0.012199422,0.07751675,0.019134998,0.1455349,0.068305105,0.02391216,0.09914983,0.012328574,0.019374168,0.01898902,0.13116887,0.1176401,0.07078021,-0.034819823,0.13101122,0.060201455,0.0057857875,0.11203724,0.050981216,0.019940177,0.07330677,0.0314311,0.0237312,0.03745995,0.11786646,0.10918485,0.029316384,0.068557695,0.023528978,0.2109229,0.14698215,0.027706286,0.10307716,0.10704076,-0.00054591335,0.052001633,0.038238723,0.0828079,0.08571009,0.03239848,0.010163531,0.03258732
0.04407066,-0.109792575,0.016556295,0.044365507,0.04225696,0.10180559,0.022892557,0.13909368,0.0537387,0.2444075,0.13938464,0.0930798,0.08406143,0.0020329123,0.0540034,-0.012521229,0.02845914,0.055202574,-0.120343275,0.07304045,0.11601318,-0.07527858,0.041807275,0.07186346,0.1109911,0.18393634,-0.04376605,-0.10636237,0.16551487,0.04791572,0.07689884,0.14721766,-0.027604746,0.29566473,0.05006326,0.028992422,0.037880257,0.0090931235,0.107335284,0.033042647,0.12071996,0.0876024,0.011872846,0.050697196,-0.026819631,0.10345401,0.013559476,0.03679121,0.06172222,0.085603125,0.03996691,-0.031776484,0.022619996,0.031598892,0.012700186,0.0053702,0.029905459,-0.013910592,0.02164352,0.050965406,0.100347996,-0.078154884,0.110267304,-0.051608488,0.110852376,0.044888236,0.11194043,0.15559629,-0.021207634,0.14328462,0.028666865,0.03263428,0.016233552,0.017158609,0.0452308
-0.29665142,-0.48158392,-0.9388948,-0.1406481,-0.19266936,-0.11949372,-0.107855216,-0.11437441,-0.2695646,-0.23519431,-0.21846381,-0.12541278,-0.3258027,-0.2176913,-0.1389137,-0.20734188,-0.23316811,-0.2082128,-0.12881753,-0.0984676,-0.2215584,-0.15251501,-0.20481174,-0.10632429,-0.08182012,-0.26325816,-0.10225008,-0.28259137,-0.16621682,-0.23466058,-0.18711053,-0.23497331,-0.16743653,-0.15419762,-0.08264904,-0.17028663,-0.19365576,-0.27185112,-0.16225067,-0.064580254,-0.14590977,-0.07936318,-0.17144206,-0.24974622,-0.28917974,-0.3726549,-0.22168793,-0.17430711,-0.108463034,-0.18659502,-0.23595254,-0.1403605,-0.14411262,-0.22105181,-0.19921519,-0.17742157,-0.18702765,-0.13959305,-0.1631067,-0.116502516,-0.115787216,-0.32726115,-0.19208995,-0.086672425,-0.1382485,-0.12221667,-0.23102832,-0.17618693,-0.06072838,-0.20732519,-0.17644349,-0.2098769,-0.083518334,-0.20711318,-0.04967741
0.05050301,-0.09173669,0.1932157,-0.030854344,0.13069262,0.05332389,-0.008298153,0.11180147,0.07168929,0.10101845,0.039696265,0.019769613,0.034858774,-0.009655924,0.013092506,0.07347719,-0.015641723,0.08556466,-0.05777417,0.017674614,0.11348516,0.07957405,-0.038832165,0.077727295,-0.0051307743,-0.039090693,0.005260558,0.06479609,-0.07136141,0.0661591,-0.053277243,-0.067210875,0.0670739,0.038298633,0.0034867264,0.052908313,0.006100908,-0.056929868,-0.07440286,0.04263639,-0.05502074,0.018364528,0.0065706177,-0.028784283,0.11161241,0.057039917,0.043987952,-0.04309457,0.011414744,0.029847804,0.059729353,0.09880454,0.088578135,0.07499843,-0.009354159,0.013000082,-0.013060453,-0.024599321,0.035231933,0.009581221,-0.0081749,-0.0042253835,-0.07443155,-0.017664421,0.002808713,-0.059054844,0.04749783,0.01616285,0.0020306818,0.042099137,0.050959453,0.06040404,0.010113786,0.067683086,0.045609925
-0.09012799,-0.107843,-0.04498606,-0.08338405,-0.064077795,0.0044536325,-0.0690026,-0.0037436078,0.026607152,-0.01971974,-0.059852492,0.055544984,0.05277897,-0.06986285,0.00912801,-0.0693098,-0.11882985,-0.027721323,0.009286106,0.0057874713,-0.04077063,0.0029863901,-0.009353313,0.07971878,-0.059084147,0.001256302,0.0008918818,-0.0137228,-0.041332856,0.058493968,-0.0029008493,-0.16619614,0.06867663,-0.010545823,0.010741409,-0.015354845,0.124490105,-0.06429565,0.033241786,0.052217137,-0.016428122,0.048211336,0.008605346,0.04598277,-0.015982233,-0.014789398,-0.07467087,-0.06852224,-0.0022237888,-0.036491625,-0.060067534,0.03226424,0.021794572,-0.064172655,-0.08105484,-0.006570381,-0.10594815,0.0755791,0.00028881183,-0.051778387,-0.029490408,0.01700097,-0.041535456,0.075787984,0.017015992,-0.122691475,0.06488228,-0.095226206,-0.05623316,-0.022919074,0.0134442365,-0.012100186,-0.016067402,-0.0616218,-0.07641853
-0.25485903,-0.18887581,-0.22583248,-0.18142189,-0.16946101,-0.16754006,-0.13081446,-0.12551273,-0.14311592,-0.20725626,-0.20366663,-0.22023754,-0.14084284,-0.20567071,-0.068945,-0.24872828,-0.1893706,-0.20890507,-0.34847456,-0.16115923,-0.17113347,-0.03694756,-0.28668606,-0.17866245,-0.061154235,-0.23963743,-0.15744229,-0.39676854,-0.16146377,-0.26973355,-0.14936315,-0.14685789,-0.18370003,-0.16006598,-0.13410884,-0.073839776,-0.29161236,-0.32484326,-0.13036714,-0.16190526,-0.17014569,-0.10374495,-0.10795141,-0.22397998,-0.14289664,-0.17724514,-0.19348139,-0.23901004,-0.042724602,-0.18716805,-0.17385015,-0.10362614,-0.04343266,-0.20938711,-0.19817157,-0.18817103,-0.16958208,-0.12928003,-0.24428025,-0.19875172,-0.22301418,-0.3024063,-0.27484527,-0.32248056,-0.09965636,-0.32457638,-0.19223788,-0.1662406,-0.106138006,-0.20353949,-0.057450913,-0.13376586,-0.070926026,-0.22121388,-0.0684361
0.07294692,-0.27804625,0.21423142,0.10748692,-0.011421924,0.015674567,-0.022533903,-0.087003596,-0.118820846,0.05822672,-0.13605766,-0.02188727,-0.098235875,-0.054580323,-0.040608335,-0.06766254,0.016944546,-0.10967982,-0.044025354,-0.030347306,-0.026704852,0.075114414,-0.30286628,-0.11587413,-0.020608637,-0.040784623,-0.04930918,-0.3194697,0.010236982,-0.027382346,-0.13018578,0.046917796,-0.050665054,0.09079107,-0.03350052,-0.062108103,0.047177654,-0.09660908,-0.14543422,-0.044188205,-0.045737453,-0.0075706607,-0.10436391,-0.007643101,-0.115529954,0.014407246,-0.03239077,-0.04728646,0.029246593,-0.06738512,-0.15540859,-0.09777525,-0.012817701,0.042860504,-0.049431536,-0.10520564,-0.08410837,-0.04342773,-0.20477939,-0.0055547096,-0.0036661043,0.04483446,-0.17205854,-0.17798682,-0.023511441,-0.073045425,0.031065565,-0.10519141,0.0031187925,-0.032902747,0.0026594352,-0.12435977,-0.03807355,0.01730455,-0.039399575
-0.12929186,-0.13553768,-0.22497413,-0.14805411,-0.010662578,-0.19929895,-0.2761883,-0.18169369,-0.14116319,-0.14731781,-0.13130465,-0.11241621,0.008631043,-0.074256,-0.089015,-0.29650933,-0.17219153,-0.16371468,-0.15448909,-0.18359654,-0.08925782,-0.26680565,-0.0043964786,-0.15179946,-0.08265179,-0.18147966,-0.1055847,-0.15663666,-0.19755182,-0.06780437,-0.17644763,-0.095456116,-0.09433845,-0.014608561,-0.06416454,-0.08911559,-0.19389012,-0.2498173,-0.15738218,-0.14346209,-0.08048443,-0.18260925,-0.114066936,-0.16953005,-0.3427022,-0.09803569,-0.10621005,-0.17093033,-0.044463135,-0.032052353,-0.18469474,-0.06830067,-0.103282556,-0.16870879,-0.102070555,-0.18978779,-0.15421183,-0.14153938,-0.19129789,-0.1849048,-0.24875636,-0.17027293,-0.14742914,-0.034533765,-0.07830302,-0.14405985,-0.16956626,-0.08952741,-0.05644112,-0.2293801,-0.079982474,-0.073479064,-0.09397792,-0.047980275,-0.088116854
-0.05602812,-0.08447276,0.05631475,0.030511284,0.0112179415,0.057110276,-0.04196749,-0.18118592,-0.0663762,-0.06401067,-0.10179366,0.07406589,-0.0072132684,-0.095025085,0.017958168,-0.06857247,-0.036567986,0.13202475,0.032295354,-0.057072163,-0.010337379,0.06416556,-0.1389601,-0.057745077,-0.047198772,0.017964218,-0.06977499,-0.072323576,-0.1109083,-0.07490677,-0.023599248,0.05309367,-0.024800655,0.035379913,-0.026745405,-0.057800785,0.04413567,0.01632136,-0.043050926,-0.04146287,-0.025804592,-0.054804992,-0.03284339,-0.046542965,-0.059830137,-0.036536828,-0.07442401,-0.04816367,-0.039883032,-0.056220073,-0.19994372,-0.048467305,-0.03543986,0.012329895,-0.050278652,0.04450408,0.002971378,0.025665909,-0.2820766,-0.053319205,-0.090835705,-0.20316693,-0.008067757,-0.057732753,-0.09398267,-0.07553142,-0.051937178,0.019896667,-0.029668104,-0.09818276,-0.037621338,-0.045934763,-0.06283032,-0.019779734,-0.012306551
-0.0022619567,-0.09299867,0.03991432,0.056078233,0.11069503,-0.00818858,-0.14823495,0.002191076,-0.045034874,0.15502486,-0.030334016,0.050164536,0.0113949925,0.028200928,0.0554384,-0.08166581,0.070546895,0.016953662,0.07963432,0.09145989,-0.070500396,-0.1738066,-0.043637298,-0.021528633,-0.026884196,-0.13301195,0.011419934,-0.07984238,0.008532181,0.043121412,-0.048749406,-0.0044072894,0.12719506,0.119426265,0.03464076,0.0038369056,0.13484257,0.11890243,-0.009342885,-0.042247824,-0.037446048,0.012386566,0.020759387,-0.059537373,0.13985127,-0.046411853,-0.0071557574,-0.19220324,0.05305766,0.024314085,0.069371164,0.059255358,0.009763177,0.0049283,0.116953075,-0.007647654,-0.037385263,0.0671689,-0.06921303,-0.03896901,-0.075895056,0.018473454,0.02876342,-0.022625158,0.020005185,0.12682469,-0.015130221,0.024097012,-0.027547546,0.06323898,-0.04152777,-0.09201319,0.029627034,0.022333696,0.019825874
0.04232356,0.10496398,0.24101101,0.038099114,-0.020200456,0.04241685,-0.051438,-0.0037548207,-0.046738423,-0.00823023,0.012100669,-0.11581585,-0.07965417,0.034731027,0.0048211687,0.08932373,0.06748002,0.006906609,0.13131866,0.028595962,-0.08367661,0.09778326,-0.002890294,-0.0069883335,-0.03655281,-0.06429582,0.035401583,-0.04821531,-0.07114574,0.040983208,0.029894752,0.031257555,0.026224436,0.099881075,-0.038420912,-0.00081353285,0.010064766,-0.14799601,-0.01677087,0.031057421,0.10741563,0.008039024,0.021874942,0.121450305,-0.10534398,0.10399732,-0.00021522958,0.039598666,-0.015101079,0.004872186,-0.05936173,0.070175,-0.017836742,-0.004848253,0.015435913,0.027731761,0.01070875,0.009083166,-0.023951944,-0.01923721,0.057530418,0.07700293,0.036352284,0.16609645,0.047127888,0.023221686,-0.0034489434,-0.004508027,-0.0015437156,-0.045013107,-0.058453068,-0.02270922,0.016013462,0.057097863,-0.033560574
0.052668747,-0.1012092,-0.20182353,0.04561053,0.16003461,-0.0034759224,0.11784062,0.06649639,0.041803747,0.059358574,0.09744271,-0.09286424,-0.07703769,0.020183109,0.043856014,0.0414192,0.06338351,-0.062130235,-0.036289863,-0.015682563,-0.06168604,-0.0028845547,-0.01417747,0.116385974,0.01730054,-0.11244674,0.027964829,-0.104301095,0.074961305,0.100897655,-0.021866146,0.10336759,0.08983643,0.03161811,0.086181924,0.004868313,0.037046872,-0.13780674,0.049417254,0.02877282,0.023640243,-0.006651911,-0.007904336,0.03054772,0.029815845,0.11395639,0.1104196,0.021760436,0.06571948,0.12913918,0.06343081,-0.031851824,-0.013624179,0.13536082,0.056900214,-0.052251324,0.053502936,0.1097031,-0.008065693,-0.028153032,-0.030048147,0.019741442,-0.041955393,0.011606279,0.06288828,-0.010167379,-0.06827904,0.08473846,0.008712523,0.09004074,0.03082532,-0.02201951,0.02755942,0.052884214,0.036230806
-0.12100828,-0.063494295,-0.24806291,0.0076922933,0.11723123,-0.111061096,0.03304475,-0.04981863,-0.041743264,-0.010386692,-0.10235676,0.031073917,-0.027085138,0.027897988,-0.04514199,0.07854241,-0.0068915063,0.050599825,-0.0097961305,-0.014306229,0.082473084,0.1109011,-0.16791281,-0.0068163313,0.00618044,-0.027412292,0.039848935,0.016398583,-0.13548535,-0.095459685,-0.079829104,-0.0034444607,-0.040283322,-0.02468453,-0.008809485,-0.038560178,-0.035546415,-0.043919574,0.047664538,-0.020634478,-0.070405275,0.0033946796,-0.06317204,-0.034091692,0.16841617,0.045794036,-0.011179302,0.016160022,0.004173033,-0.017241236,-0.030960795,0.0010986784,-0.019908983,0.08098721,-0.06923534,-0.048422977,-0.086548954,0.040911987,-0.19495498,0.046985175,0.02888523,-0.08505195,0.08490303,-0.011898093,-0.07960149,-0.0074987016,-0.05053569,-0.0077442536,-0.0428152,-0.023192747,0.0059914785,-0.04236278,-5.2115323e-05,-0.00048461184,-0.017892195
-0.012700893,0.05647038,0.21060197,-0.09741465,0.12869303,0.059167136,0.067141816,0.011569652,0.105129,0.11314877,0.019069158,0.020852298,-0.032136727,-0.021336883,0.005131913,-0.0055922186,0.005285461,0.15922943,0.039443918,0.13665405,0.025312403,-0.052394126,0.058509342,0.03824696,-0.06790805,-0.07715884,0.03961384,0.088456005,0.0068103387,-0.005108228,0.09271718,-0.073120385,0.021828616,0.04491992,0.03407473,0.053352885,-0.06542533,0.025850665,0.015310283,-0.007413143,0.04318756,0.04864038,0.0866868,0.10076699,0.020906288,0.21859995,0.017504442,0.1324964,0.020224212,-0.02545451,0.03610527,0.057035808,0.0159908,-0.0612722,0.07975467,0.08870543,0.058015402,0.059224486,0.2303448,0.07855016,0.22519945,0.005353793,0.067619696,-0.028737897,0.078804605,0.07079676,0.029298112,0.051454358,0.023986861,0.1456866,-0.0090866815,0.15537384,0.01579102,-0.06177668,0.05683871
0.03348532,0.23197775,0.40567088,0.15095246,0.09074567,0.104937755,0.059563007,0.1304676,0.08708194,0.13329461,0.2636306,0.2161045,0.124664865,0.16034853,0.093099035,0.20835942,0.031338487,0.11699348,0.17504416,0.11776665,0.1605236,0.12224067,0.23944096,0.12845053,0.072440125,0.20425366,0.18697524,0.16493624,0.23915361,0.21838798,-0.00044341834,0.15462954,0.110450506,0.20964895,0.1090287,0.0846813,0.15050438,0.14012963,0.1175402,0.11143555,0.100625776,-0.045775115,0.116436064,0.13198614,0.2479424,0.12472001,0.21405575,-0.0014182776,0.038428538,0.16636091,0.027819317,0.09646505,0.13986394,0.24044105,0.08823816,0.10589003,0.16436103,0.14930917,0.13914572,0.0032443316,0.09438114,0.20536423,0.10827379,0.11775622,0.05289788,0.15051001,0.15420224,0.11890877,0.056194633,0.10950353,0.1427165,0.08984319,0.06580829,0.17601538,0.14398736
0.07956005,0.08201747,0.118706144,-0.0899937,-0.026140913,0.112606026,0.0796529,0.05921788,-0.0810384,0.115098014,-0.16544744,0.099546276,0.01782297,-0.037145287,-0.020616196,-0.12810811,0.08950673,0.05902506,0.014916619,0.011976212,-0.043526158,0.014598367,-0.011199996,0.07913557,-0.04037561,-0.118180506,-0.02930752,-0.026641894,0.06860036,0.0096487785,-0.016344944,-0.097191826,-0.0017992202,0.0082304105,0.09302253,0.0029522753,0.044154417,0.12248995,0.009160198,0.025152577,0.035859253,-0.027752265,-0.011259756,-0.014007907,0.13481863,0.07403383,-0.026470684,-0.080441125,0.032888357,0.017159509,0.018189523,0.034126233,0.040271103,0.013574159,0.030149663,0.10844291,0.02722325,-0.13154507,0.16246817,0.10086837,-0.0073151845,-0.13687348,0.0101737445,-0.043867253,-0.04719036,0.11853117,0.17999738,-0.04205029,-0.002429599,0.0099973455,0.0120423185,0.014517295,-0.021596717,0.011824133,0.031835757
0.013358946,-0.056449693,-0.17397681,-0.13868268,0.014346115,-0.14640684,-0.17571202,-0.034305472,0.043345787,-0.07562807,0.16557223,-0.22536169,0.043949842,-0.13093528,-0.14994298,-0.2525035,-0.13125187,0.009662425,-0.14432639,-0.035982676,-0.11075431,-0.10951922,-0.08929646,-0.1531393,-0.032178596,-0.23847227,-0.071671925,-0.13920823,0.025189482,-0.0535407,-0.1512066,-0.03174343,-0.04540675,-0.35147148,-0.18342651,-0.031246684,-0.12115976,-0.04297712,-0.0044227177,0.08959376,-0.07069641,-0.06850473,-0.07958745,-0.16644348,-0.10767888,-0.12230577,-0.19484633,-0.102239534,-0.05832686,-0.19045837,0.0054681953,-0.09374101,-0.08697474,-0.16341953,-0.045758545,-0.10561898,-0.0071596415,-0.2057548,-0.07789515,0.00921643,0.09131564,-0.0284887,-0.105025396,-0.100741625,0.03672491,-0.111718476,-0.06495549,-0.003149426,-0.035796054,-0.11694121,-0.046719044,-0.05052504,-0.06930114,-0.11688878,-0.0995431
0.10143685,-0.2165347,0.29172677,0.03974817,-0.0437613,-0.07606562,-0.02483984,-0.018465735,-0.040678408,-0.01964819,0.15078585,0.072676495,-0.07668593,0.13762826,-0.064294726,-0.07863478,-0.05228007,-0.047241144,-0.19920395,-0.074077904,0.07703162,-0.03141047,0.096274704,0.008799233,-0.028223965,-0.022494312,-0.05575473,-0.07634733,-0.007896921,-0.0037749596,-0.04904384,-0.05253023,0.013149238,0.12523445,-0.024852898,-0.010639305,-0.13641483,-0.052697223,0.044777613,-0.011755782,-0.0079678325,0.023315638,0.011613587,0.059571236,0.014231589,-0.041393667,-0.069544524,-0.078647375,-0.042586595,-0.06858196,-0.020295411,-0.014066519,-0.011825336,-0.022075698,-0.015371259,-0.005839333,0.023315284,-0.028041331,0.07421136,0.060174685,0.059661385,0.007265871,-0.036326144,0.06555218,-0.047404442,-0.1134702,-0.056913055,-0.03686656,-0.03667447,-0.036617186,0.0030483378,-0.10089142,0.032128002,-0.0386962,0.030713119
0.10268217,0.06357953,-0.6494959,0.08892825,0.067561604,-0.007735519,0.016442113,0.1319461,0.15060128,-0.013627051,0.07508815,0.005446618,0.14592245,0.02052464,0.0073177083,0.09939329,0.18323636,-0.11359217,0.0963045,0.10984727,0.039698567,0.026894068,-0.12669909,0.10095938,0.0016199172,0.12510201,0.056857254,-0.09019077,-0.080667526,0.06199547,0.10762961,0.08565137,-0.016141376,0.13501868,0.08543487,0.0011677295,0.09899958,0.11973217,-0.020661334,0.06258222,-0.050468862,0.059876814,-0.029477514,0.073503,-0.08250502,0.19888404,-0.023371886,-0.02866654,0.07974276,-0.04281699,0.003726069,-0.091823064,-0.01723692,-0.15922113,0.09645902,0.045504376,0.06160548,-0.04325356,0.053068902,0.06424417,-0.021362094,0.19041282,-0.06727113,0.120968625,-0.05154454,0.28927416,0.015914854,-0.040510982,-0.003637314,0.05098118,0.0495033,0.044858385,0.05729572,0.08946213,-0.0025477707
0.085224085,0.1753327,0.14005464,0.12075005,0.06852685,0.024534693,0.015468085,0.022190074,0.1253029,0.09373077,0.17619845,0.0332615,0.0638597,0.08663194,-0.0035487718,0.039406106,0.09802364,0.09298237,0.019561611,0.07466465,0.04586177,0.08550237,0.05660255,0.14874785,0.099214435,0.09302366,0.06943525,0.10612905,0.13526362,-0.12998025,0.020948179,0.27221784,-0.17572996,0.06943422,0.025686372,0.07521878,-0.15401813,0.1392865,0.011954846,0.11282583,0.05895653,0.014730802,0.11559962,0.14376426,0.17156744,0.09237343,-0.03435163,0.08500373,0.070018746,0.10047975,0.11016269,0.086217925,0.029032849,0.07555431,0.094725505,0.029835457,0.113642775,0.0781966,0.117364995,0.07104355,0.109221235,0.13667549,0.072868615,0.03247209,0.06812849,0.10532512,0.085926674,0.112894446,0.10055147,0.055700917,0.063794434,0.15972506,0.102355435,-0.038034618,0.11061808
-0.04246843,-0.21478117,-0.11904089,-0.06022319,-0.06602745,0.054489125,-0.116490796,0.055410247,-0.082032226,0.039584443,-0.0721564,-0.070329,0.003735484,-0.029938163,-0.016982762,-0.031700343,-0.023466505,-0.093943045,-0.033655968,0.0047432287,-0.07302694,0.0661244,-0.06488918,-0.032875374,-0.027673764,-0.011656652,-0.010549686,-0.17271462,-0.13531005,-0.054776292,-0.0024719422,-0.25790393,-0.04939955,0.022071846,-0.0104975095,0.0063325474,-0.019733537,-0.002179157,-0.051843632,-0.062326767,-0.036802966,-0.020057334,-0.040713094,-0.054456785,-0.22405973,-0.0032456084,0.011258174,-0.044069007,-0.013084132,0.010802539,-0.058548592,-0.019276652,-0.011917735,-0.035184268,-0.024858054,-0.030844823,-0.018751064,-0.007968324,-0.034724124,-0.07692362,-0.075210564,-0.13166374,0.03375391,-0.09462034,-0.036874074,-0.025801508,-0.0790793,0.0027292576,-0.1004291,-0.049202498,0.001176157,-0.07392375,0.008364807,0.023852697,0.021945082
-0.012035949,0.00062301755,0.2263581,-0.08432769,-0.052696534,0.06323022,-0.07260134,-0.15542436,-0.039568283,-0.063440695,-0.004423326,-0.036693826,-0.109796725,-0.055352047,-0.01882125,0.010386664,-0.070599735,0.037523106,-0.007370773,-0.018900985,0.0031727853,-0.11171286,0.031336583,-0.040784277,-0.005128497,0.076665185,-0.013375151,0.12087269,-0.024200022,0.02464406,0.02384395,-0.10589391,-0.026870959,-0.0044908924,-0.06220887,0.010193367,-0.06303258,-0.008782832,0.023651674,-0.017531225,-0.039147913,-0.019655015,0.016113492,-0.095816866,0.13163051,-0.00917125,0.08445716,-0.001496654,-0.010592588,0.0027299905,0.025359813,-0.014455237,-0.047255106,-0.035555728,0.05669073,-0.08450581,-0.041923694,-0.027463654,-0.1404838,-0.117699854,-0.048922304,-0.13768649,-0.059176046,-0.104930945,-0.017799761,-0.039430376,-0.101824336,0.011109581,0.01512588,0.09063836,-0.011493004,-0.10041849,0.017833,-0.035436273,0.040953353
-0.051461823,-0.018242203,-0.19993484,0.04575907,-0.19029838,-0.05582233,0.04777658,0.03298399,0.03652882,0.032836705,0.03552466,-0.047226325,0.023364931,-0.028736409,-0.0102119595,0.05871155,-0.042977836,0.117705,-0.029312382,-0.03419981,-0.11746733,0.014752469,0.017621133,-0.038558252,-0.008603573,-0.16914442,-0.05501041,-0.0015947882,0.08910212,0.0067828614,0.03564479,0.036422044,0.03998847,-0.21307723,0.033349805,0.02452249,0.024329936,-0.07622032,-0.056351967,0.003954932,-0.08367135,0.027476534,0.047223475,0.03253575,0.021478206,0.13184384,0.008665399,-0.04589904,0.032051,0.0046116216,0.049469743,-0.087044254,-0.0071987407,0.07213566,-0.029696848,0.006570223,-0.0001462415,0.09256314,-0.03628072,0.010481434,-0.061714977,-0.08977648,-0.023236735,0.081005484,0.06422845,0.12436288,0.03536359,0.032272395,0.009137997,0.015506457,0.009555394,-0.074074045,-0.026954476,-0.027495552,-0.03542979
-0.11347576,-0.14210324,0.18101089,-0.06552463,-0.055048034,-0.073481016,-0.19030812,-0.07162774,-0.05545334,-0.13944799,-0.07429451,0.0033614372,-0.09352641,-0.035838764,-0.05718557,-0.1379144,-0.068510085,-0.23359987,-0.10820367,-0.09274384,-0.08311683,0.003644901,0.026465049,-0.039849818,-0.03302813,-0.034567963,-0.049991187,-0.11802589,-0.18687487,-0.22115129,-0.0022527173,-0.19755185,-0.11372869,-0.0012495015,-0.053252846,-0.050137293,-0.23510346,-0.18005566,-0.070527405,-0.07165382,-0.02256369,0.016316846,-0.06384631,-0.18748933,-0.16362315,-0.094146326,-0.16118754,-0.037245043,-0.029621355,-0.026120095,-0.092275046,-0.058827512,-0.048698347,-0.044403493,-0.021329679,-0.0969104,-0.068826936,-0.050758608,-0.025205344,-0.038211036,-0.036509003,-0.060486376,-0.11215754,-0.08273144,-0.022099879,-0.076182425,-0.1489171,-0.0426812,0.070973836,-0.09034196,-0.066915356,-0.08610425,0.0037103742,0.013512872,-0.0270981
0.0170768,0.15324618,-0.03528522,0.069699705,0.069492936,-0.013716823,0.058056384,0.16496967,-0.07586363,0.0652349,0.017523225,0.15792808,-0.0037863986,0.006417443,-0.012944648,0.03904082,0.019218044,0.044662885,-0.05870334,-0.006857561,-0.019647628,0.022513438,0.047998205,0.14546433,-0.06913537,0.030662825,-0.07004899,0.113448665,-0.067793936,0.02617043,0.0013766334,-0.056300458,0.09812334,-0.021294614,0.024221692,0.035955675,-0.04145206,0.05002266,0.018114693,-0.05776019,0.057505894,-0.019296862,-0.012034483,-0.022341106,-0.044804774,-0.059891652,0.035219587,0.049891673,-0.0017645233,0.008642422,-0.038128838,0.04361835,0.023133472,-0.0016554687,-0.016203657,0.05217194,0.09019553,0.087795824,-0.14479119,0.06389149,0.04575198,0.011578079,0.1635889,0.090161696,0.05140868,-0.090360284,0.06584222,0.039315224,0.032665983,0.12984881,-0.07667911,0.17134912,0.056117434,0.015935218,0.09611263
0.18287031,0.17600374,-0.38972563,0.050325524,0.14946213,0.008080369,0.050245285,-0.033825364,0.061336435,0.056379065,0.056004055,0.061731488,0.032566827,0.060036715,0.026707023,-0.009879683,-0.064708486,8.575867e-05,0.015958568,-0.027678192,0.12199814,0.16497657,0.11651951,0.05040129,0.03794068,0.0678741,0.0068000825,0.15349057,0.00015273443,0.07224224,0.040333066,0.042395394,0.03792058,0.08695602,0.0332432,0.039658193,-0.11914751,0.12879574,-0.061666995,0.09838977,0.042534918,0.044153027,0.08389735,0.06994844,-0.017443538,0.19449262,0.026565442,0.08468608,0.041577525,0.0018469049,-0.083929986,0.07022289,0.06749946,0.02507866,0.0029774336,0.111945294,0.14666931,0.06422075,-0.06041199,0.018115431,0.13256049,-0.11287256,0.08080031,0.04291939,0.069970235,0.024752913,0.04168896,0.069874726,0.05913254,0.06507347,0.005082761,0.011779464,0.0401389,0.02213373,0.02470253
0.024660662,0.06115666,-0.27131128,-0.06315582,-0.017395062,0.004867529,0.028332682,-0.045767818,0.02503258,0.040783007,0.018941758,-0.049657434,0.05357016,0.008239903,-0.042007565,-0.007971065,0.01844155,0.060256988,-0.10421006,0.039553933,0.020069249,0.052304562,-0.13954191,0.030445049,0.026642507,-0.032261007,-0.004739456,-0.26433083,-0.0145829655,-0.073749386,-0.07128248,0.017871317,0.08797977,-0.014229777,0.00732903,-0.059121057,0.034116056,-0.0423176,-0.004929779,-0.014798011,0.0060664257,0.031962715,-0.104580574,-0.033023585,-0.1376687,-0.12155595,-0.07403117,0.07772043,-0.042541467,-0.009641316,-0.043058384,0.00332343,-0.011503742,0.05414617,-0.14934893,-0.018634511,-0.13325593,0.013975236,-0.13674867,-0.018126268,0.040638555,-0.009833614,0.037791956,-0.026378235,0.027357876,-0.078839056,0.08920202,0.004162062,-0.0059111696,0.027769793,0.00010145735,-0.041913953,-0.045109708,0.033050068,-0.038662948
0.07500676,-0.013101386,-0.25687075,-0.004743309,-0.030265525,-0.061663337,0.11331656,0.012130105,0.051905952,-0.03393378,-0.0669768,0.054864787,0.017376712,-0.038235173,0.049009126,-0.038685776,0.019896476,-0.061490785,0.03383855,-0.058532678,-0.013098946,-0.041603737,0.10109097,0.0019385181,0.11454903,-0.018821884,0.036001377,-0.046257406,0.020642448,-0.07544361,-0.028486311,-0.017290827,-0.050052024,-0.12016195,-0.06071826,0.067707,-0.022963254,-0.07419273,-0.08127738,0.014463452,0.028480386,-0.009035366,0.09866768,0.15173063,-0.06420467,-0.14491747,-0.118774295,0.015256737,-0.00064795464,-0.009797692,-0.039713036,0.09636194,0.03417509,-0.13877094,0.025599997,0.040514074,-0.015866702,-0.017295226,0.002353394,-0.025221614,-0.07094327,-0.021218933,0.012463011,0.016917339,0.122583,0.041398585,-0.008156223,-0.013643368,0.018018477,0.07493504,0.023723148,0.02215338,0.0079689,0.011389425,-0.047168266
0.07816164,0.07950732,-0.015069525,-0.031343054,-0.091202155,0.0066870996,0.15502869,-0.15158834,0.00653342,-0.038800444,0.028897371,-0.0071464246,-0.105402604,-0.008884976,-0.039766647,0.016803015,-0.040415853,-0.0064019514,-0.09409451,-0.007985661,0.006179876,-0.023024164,0.017408859,0.040818624,-0.060060587,-0.10797536,-0.02516304,0.026496883,-0.01355958,0.008477637,0.02707321,0.109529346,0.040057704,0.042841088,0.04061909,-0.02393483,-0.19713622,-0.10020429,0.021440176,-0.025372624,-0.054921217,0.007314547,0.021997673,-0.04134415,-0.12883508,-0.010557043,-0.035015382,0.029070687,0.043562427,0.006197396,-0.048234448,-0.06359534,-0.037245832,-0.032251503,0.11291012,0.032393057,0.15169246,-0.014809295,0.0007636063,-0.06393794,0.0148952715,0.043963324,-0.101485826,0.015188358,0.058848143,-0.047601245,-0.10128131,-0.02593482,0.019195946,-0.067551464,0.043200728,-0.038476475,-0.053235967,-0.03426754,-0.012583839
-0.17441174,0.044833537,-0.12577859,0.02107956,-0.08241558,-0.02108398,0.028406454,-0.15025294,-3.9527193e-05,-0.006738033,-0.026649773,-0.10852842,-0.08323722,-0.050179876,0.013671723,-0.056845233,0.020717602,0.04344825,0.07448625,-0.06415224,-0.0043168487,-0.07876057,-0.066752434,-0.08622724,0.007955785,-0.15463746,0.01279622,0.08140024,-0.04612398,0.041734964,0.022157976,-0.022347257,-0.07525706,-0.14620705,-0.052564096,-0.030597467,-0.039257288,-0.04660624,-0.050461598,-0.058715172,-0.04999147,-0.0031413182,-0.01942334,0.10447745,-0.14817563,-0.08877024,-0.022340016,-0.005149654,-0.07819518,-0.006065269,-0.12337151,-0.10007269,-0.020339366,-0.038482778,-0.043382287,-0.0048742015,0.034109216,0.093937635,0.082512334,-0.15958075,0.18078446,0.13519475,0.026144765,0.1463641,-0.00043056905,0.027683524,-0.16600338,-0.066726886,-0.020836234,-0.12806505,-0.0038417354,-0.11316069,-0.023887433,-0.07562942,-0.0441941
-0.026777424,-0.06375541,0.23579167,0.07308283,-0.00926733,0.08648756,0.022737268,0.068324834,0.061968844,0.029017787,-0.07915576,0.057808436,0.03342947,-0.04466069,0.04719091,0.044261735,-0.006330384,0.11613467,0.080931604,-0.021508243,-0.05771765,0.081607915,0.011323353,0.08423658,-0.03237574,-0.03457302,0.018986234,0.06522517,0.12880027,0.04280236,0.03028264,0.03009214,-0.02665951,0.014057064,0.04861045,0.043682523,0.0057094125,-0.10625923,-0.0038397193,-0.012983359,0.08876286,-0.060748737,-0.014057238,0.12971449,0.06726896,0.011358172,-0.05074025,0.037400603,0.0053614695,-0.04437481,0.020220432,0.0044075474,0.019975014,-0.16159765,0.02533032,-0.028272841,-0.015240542,0.07607354,-0.090787545,-0.021468597,0.025771974,0.0984668,0.0373291,-0.079916835,-0.03593797,0.22743899,0.055452775,0.033769142,-0.0014466755,0.08985514,0.038547594,0.055461384,0.03135659,0.024870746,0.021821942
-0.027443457,0.10506506,0.23250355,-0.08693056,0.07791308,-0.08504541,-0.05464207,-0.11825439,-0.103052095,-0.13692841,-0.07969548,0.07055864,0.041816518,0.04020531,0.022607306,-0.007134074,-0.19871405,-0.20330644,-0.08662348,-0.05441691,-0.017251031,-0.09590099,-0.022403859,-0.0013079466,-0.015823113,-0.04768502,0.008655851,-0.1610863,-0.20684843,0.031421557,-0.037860986,-0.12454349,-0.039792378,0.114181094,-0.016816389,-0.09124037,-0.0031065047,0.19233656,-0.029026276,-0.02223834,0.054288477,0.029206058,-0.08388301,-0.070701145,-0.12984596,-0.03643822,0.058092244,-0.17182003,0.018211547,0.033656143,-0.029502856,-0.1421462,-0.053722575,-0.05870479,-0.00043172948,-0.0978502,-0.042124886,-0.02980933,-0.023085147,-0.11609074,0.10715711,-0.055958144,-0.08266786,-0.039049692,-0.038676523,-0.054883882,-0.09574056,0.03446743,-0.017702805,-0.09797396,-0.07143112,-0.18830954,-0.043698438,-0.00424453,0.02338577
-0.08357971,-0.022739813,-0.091314316,0.027225463,0.068776146,0.0022437822,-0.04435728,0.038516026,-0.08772949,0.03128315,0.0064433008,0.12830822,0.022614425,0.027970245,0.022276262,0.058922023,0.0725496,-0.01615994,0.04466869,0.116002396,0.08653539,-0.114828214,-0.114631936,-0.06257753,-0.021646759,0.14403707,-0.074218795,-0.047482304,0.075770736,-0.012276974,-0.0672627,0.08660984,-0.016081672,0.006014847,0.004491508,-0.025997823,-0.04997539,-0.037146043,0.061397243,-0.06085403,-0.030592615,0.010259369,-0.034181237,-0.0033303052,-0.051232204,-0.028844222,0.0037753135,0.05110319,0.014635351,-0.02350538,-0.05414369,0.044560548,-0.022437533,0.13237086,0.01063318,0.019555282,-0.027380392,0.119020574,-0.04548141,-0.019786317,0.020940155,0.06362436,0.009929797,0.08566079,0.035459682,0.037143327,0.055611454,0.044973332,0.010073736,0.01964988,0.0022326163,-0.027680619,-0.037350625,0.017156519,0.06749137
-0.2124002,-0.025063414,0.048518144,0.0055115195,-0.03167312,0.034411084,-0.022523304,-0.03093273,-0.08107097,0.037519112,0.06471737,0.11701184,-0.0076709627,0.0034991805,-0.03439927,0.10425743,0.020476984,-0.0130404085,-0.07346216,-0.008354658,-0.031846184,0.06205266,0.036163922,0.008603285,0.03224796,-0.053026445,-0.0020992511,0.06988627,0.031070469,-0.08372207,-0.03314409,-0.052417785,-0.026934944,0.06596445,-0.033151563,-0.015153373,-0.020644996,-0.026873354,-0.010022144,0.029936517,0.047159832,0.049914777,-0.03621673,0.052398432,-0.14600588,-0.032872062,-0.069152474,-0.021914989,0.00864211,-0.03875563,-0.0978289,0.10171576,0.006583521,0.012983309,0.0031739413,-0.0009863172,0.061088443,-0.024232704,-0.06528228,0.062241085,-0.020512648,0.032595925,-0.088375606,0.037721436,-0.0021851594,0.009457758,0.020709738,-0.017229099,0.04188818,0.06380617,-0.017050035,-0.00079422165,0.003634487,-0.026459357,0.068748675
0.003720343,-0.033284556,-0.24906312,0.05681168,-0.008179462,-0.035708003,0.128323,-0.09277377,0.12686267,-0.02388142,-0.034182917,0.021534575,0.09735572,-0.03437554,0.016472494,0.08519119,0.11671442,0.07965143,-0.026838692,0.012852933,0.1795027,0.05016271,-0.01716201,0.03359314,-0.0061187674,0.12832847,0.0041036434,0.15560216,0.037907265,0.021317601,-0.011180461,0.012356438,0.1294865,-0.0754343,0.024984216,-0.015706582,-0.049908694,-0.089920804,-0.0042685615,-0.030101491,-0.021086698,0.016156051,0.09797268,0.04632551,0.08077632,-0.124231204,0.012594215,0.1683284,-0.008552437,0.0071694274,-0.053345677,-0.11349447,-0.0028889691,-0.039044317,-0.063467786,0.005127445,0.046710297,0.04473512,-0.006110029,-0.036399107,0.03382731,0.078864306,0.08577932,-0.02466782,0.032618977,-0.1333265,0.07298826,-0.041794512,0.012548035,0.06357519,0.017505094,0.05818279,0.008552676,-0.0087633,-0.04139234
-0.12863299,-0.071667016,-0.30555472,-0.08987921,0.12446355,0.044688083,0.05376048,0.05591236,-0.04834564,-0.10311189,-0.10931912,-0.010201909,-0.09976118,-0.070192814,-0.08727837,0.12580186,-0.017630206,-0.044779517,0.0439884,-0.0023964196,-0.102239504,0.061193597,0.07965131,-0.08054818,-0.04519803,-0.016885445,-0.03879968,-0.038648956,-0.096197955,-0.014160043,0.056108404,0.12855905,0.029464174,-0.10710803,-0.029078264,0.0030902296,0.07985386,-0.113782756,-0.0066221557,-0.015726263,-0.03972687,0.05953855,-0.039413847,-0.0070339595,-0.19066155,0.031492073,0.02297052,-0.012146955,-0.0057198764,-0.124890506,-0.054750957,-0.034814294,0.020687426,0.026358686,-0.088385224,0.0067477245,0.019582745,0.047928732,-0.046909183,-0.0054254755,0.025683673,-0.13137189,-0.037949864,-0.1142293,-0.083318606,-0.07017198,0.16813895,-0.052230913,-0.029354043,0.015035457,0.002738947,-0.045087427,-0.009971688,-0.054529797,-0.00040643848
0.03116562,-0.09377018,-0.0064742714,0.017546339,0.006418611,-0.013035503,0.0002659522,-0.020854523,0.11141026,0.05523756,0.042775106,0.12577063,0.041772004,0.048913732,-0.01648814,0.039618615,0.005905361,0.05667194,0.04367782,-0.008966618,0.11468632,0.15557171,-0.023507094,-0.065575674,-0.027451856,0.0903492,0.045983315,0.061031368,-0.008773409,0.07388703,0.05100277,-0.008067884,0.09361397,0.022393566,0.04275244,0.011698837,0.097356275,-0.06891932,0.017790774,0.042128917,-0.05406483,-0.0030860235,0.029856397,0.038236737,-0.11452456,0.06897743,0.07102094,0.050262958,0.019490572,0.009152206,-0.006319268,-0.042624462,0.042859145,0.057159096,-0.0019491352,0.02487738,-0.031409975,0.0380023,0.064753845,-0.016883006,0.0035573766,-0.021677013,0.04233358,0.061741844,0.023103602,0.08261272,0.0054786047,-0.059475716,0.053938016,0.11705688,0.048974123,0.0882218,0.021330265,0.04102806,-0.025140626
-0.13341129,-0.018724203,0.23525287,-0.023541627,-0.06680355,0.037276592,-0.09933169,-0.08483228,0.01227846,-0.048514746,-0.12355423,0.0033590845,0.06428029,-0.0040149437,0.03144117,-0.10925605,-0.025321424,-0.053170174,0.0002081357,-0.04422329,0.008749185,-0.06958003,-0.10800764,0.023757385,0.023532769,-0.048886873,0.015146836,-0.017298657,0.016166667,0.031930424,-0.073520854,-0.0807422,-0.0013600904,0.004798851,-0.025360087,-0.077128686,0.105709724,0.011518814,-0.11609285,-0.004945955,0.04652921,-0.00064806023,-0.079125315,0.03832517,0.06323144,-0.07339889,0.02333533,-0.10459344,-0.02136667,0.042786717,0.0012311788,-0.04790745,-0.01977943,0.006554598,-0.108104125,-0.0406659,-0.06961694,-0.05260348,-0.051273525,-0.04872852,-0.03038479,-0.006731663,-0.07931363,-0.03201094,-0.05566173,0.15372685,0.01794078,-0.061306503,-0.008908306,0.073257305,0.019570667,-0.026281394,-0.020983404,0.015031727,0.012018012
-0.076741375,-0.23761459,0.21317269,-0.01692968,-0.06266505,0.043414123,0.017228873,-0.043931056,0.049465317,-0.06622669,0.03398136,-0.07586019,-0.0062624626,0.078550704,0.014996444,-0.007204312,0.03312159,-0.16199401,0.031684548,-0.0060118265,-0.1033625,0.014134223,0.02459352,-0.06164924,0.061207343,0.07955754,0.053322084,0.096602485,0.23014413,-0.01705404,0.09271202,0.0893222,0.2198925,0.09544145,-0.017317321,-0.011364201,0.114550024,0.05826039,-0.131133,-0.0025397849,0.028262237,-0.036224492,0.0026864787,-0.0036948323,0.12049264,-0.062205672,-0.025663868,-0.055731844,-0.0001576906,0.044446494,-0.014348802,-0.012653992,0.0038140714,-0.019585907,0.05695607,0.04294146,0.018134642,0.06899303,0.046256628,0.038268674,-0.0650518,0.08404042,-0.14735588,0.19618289,-0.0773026,0.06671393,-0.017748028,0.060904097,0.074602805,-0.018965447,-0.0497555,0.0068166056,0.018095583,0.05480574,-0.030878428
0.025056813,-0.12144867,-0.0063196123,-0.003906414,0.038493525,-0.09662195,0.04005541,-0.020336103,-0.057481997,0.06833969,-0.09031912,0.06586294,-0.024365436,0.010375528,0.028908908,0.07306636,-0.006671341,-0.13068214,0.05890866,-0.04367478,-0.049548224,-0.09711906,0.04842221,-0.035812505,0.04278752,-0.055133626,-0.040147718,-0.017389813,0.029328322,-0.054117683,0.019835997,0.160587,0.077461585,-0.0062065697,-0.034063872,-0.02797409,0.22467637,-0.055060532,-0.18095778,0.023133835,0.0022676452,-0.02606941,-0.027132535,-0.08565843,-0.01172189,-0.011531854,0.006261817,-0.059140794,-0.006331694,-0.044621166,-0.11729537,0.043368217,0.0035674416,0.004755342,0.023423895,-0.043859653,-0.032594133,0.07842266,-0.09207599,-0.06952607,0.05354082,-0.06842372,-0.024317676,0.006054183,-0.065959424,-0.31464788,0.0008292761,-0.057579987,-0.013327481,-0.009274699,-0.037553042,0.0076322276,0.005815138,0.014277059,0.013192949
-0.069718346,0.05628044,-0.12450479,-0.0070778774,0.108160526,0.008295993,0.10598943,0.051949453,-0.01464398,0.051653303,0.17623696,0.11780818,0.06535733,0.047820374,0.0038561278,-0.06433402,0.035564706,0.03191076,0.022012055,0.08071152,0.13043335,0.1702717,-0.02977882,0.037991747,-0.006644369,0.11282971,0.02108629,0.020304132,0.065353476,0.06528348,0.027724622,0.036003016,0.006114318,0.112236604,0.05069697,0.008173406,0.16402814,0.048583724,0.068151064,0.052136224,0.01643434,0.025869241,0.026526438,0.053915653,0.003783442,0.039283857,0.07942149,-0.05574769,0.03908774,0.08121759,-0.07485991,0.18214051,0.053370044,0.046392422,0.12848043,0.12322512,0.086784996,-0.019890426,-0.00063917786,-0.08385945,-0.015379036,0.029530406,-0.096717246,0.0883403,0.007042969,0.17565298,0.053417005,0.07753254,0.01643069,-0.0071830014,0.03761364,0.021576088,0.019246846,0.111511886,0.006866282
0.09919544,0.062545836,-0.103342935,-0.034851827,0.0190816,-0.0935409,0.04897765,-0.024371143,-0.02350702,0.08262083,0.076011,0.16516924,-0.018813636,-0.03269361,0.049120106,-0.019631088,0.033148944,0.07377689,0.023674801,0.0062446743,-0.10703753,0.07238996,0.07467467,0.012055595,0.014622773,-0.07334279,-0.029249027,-0.09666473,0.15086016,0.00353539,0.02820667,0.0128284525,0.15144308,0.0016036078,-0.0038660225,0.011120158,0.048173018,0.077608794,0.08729669,0.042687055,-0.00025970564,-0.020475535,-0.021854166,1.4262274e-05,0.20264928,0.20659354,0.04788283,-0.051957168,0.023551418,0.11702029,0.12600891,-0.03281891,-0.017020423,-0.16161543,0.0013526389,-0.04789093,0.05344962,0.0011328843,0.050689623,-0.06836628,-0.012981716,-0.012169305,0.03719,0.046654504,-0.08072459,0.05914583,0.062195152,0.04173149,-0.016653283,0.038286917,0.0980989,-0.004847958,-0.024921967,0.06727649,0.036463313
-0.17558095,0.016378812,0.07141261,0.022881335,-0.03983307,0.053007364,0.016751392,-0.028011315,-0.101993784,0.091026664,0.03172739,0.038105235,-0.02164128,0.08140143,0.0140222,0.07580486,-0.041960105,-0.11482324,-0.045895368,0.034234278,0.14119627,0.07758694,0.060408615,-0.067194894,-0.021885414,-0.026412062,-0.032057367,0.043025028,0.024750825,-0.010116121,0.02914077,0.04823473,0.020161435,-0.009435049,0.018594462,-0.01805595,-0.03033011,0.00052764267,-0.13084064,0.034398936,-0.022156566,-0.031016124,-0.052731812,-0.060939338,-0.068435445,-0.08216023,0.006178532,0.05024218,-0.0020711953,0.047034435,-0.084521204,0.025140999,0.004082677,-0.06871794,-0.084652916,0.041552097,0.0009665072,0.030212676,0.06681281,-0.02089448,0.02402053,0.072851524,-0.045274362,-0.14930314,-0.0016688374,-0.17059207,-0.0989303,0.04603567,0.009981094,0.027138382,0.052116316,-0.11272582,0.014320609,0.023324488,0.030534744
-0.07776158,0.061348468,-0.0072995396,0.02590838,0.11661482,0.03932265,0.14137971,-0.00421525,-0.086603925,-0.08874111,-0.001011635,0.050533652,-0.0122474935,0.053706676,0.02674906,-0.052713424,0.007995619,0.23966032,-0.08356415,0.04303183,-0.029655596,-0.022825979,0.032485537,0.02433919,-0.027540851,-0.09063235,0.008375286,0.08416945,0.07664388,0.03596708,0.04424883,-0.069162756,0.013359417,0.0948728,-0.0035294164,-0.011661069,0.016031442,0.04910494,0.06435838,0.038929045,0.00410433,0.021137191,-0.01608732,0.069403775,0.05569833,0.022622285,-0.05624462,0.006615343,0.036065787,-0.009036863,0.0258524,0.06104984,-0.0010932416,-0.06286894,-0.010459421,-0.13619114,-0.060825367,-0.07246455,0.18699461,0.04170121,0.00058399886,-0.05368952,0.10037522,0.023637062,0.08027948,0.016517658,0.050488766,-0.04490527,0.026408046,0.059104342,0.00058172573,0.10002909,0.026169632,-0.11147848,-0.055757195
